﻿{
  "StartingLocation": {
    "X": 143,
    "Y": 68
  },
  "AirShipLocation": {
    "X": 99,
    "Y": 104
  },
  "BridgeLocation": {
    "X": 164,
    "Y": 66
  },
  "CanalLocation": {
    "X": 110,
    "Y": 210
  },
  "ShipLocations": [
    {
      "TeleporterIndex": 255,
      "X": 163,
      "Y": 73
    }
  ],
  "TeleporterFixups": [
    {
      "Type": 1,
      "Index": 0,
      "From": null,
      "To": {
        "Map": 255,
        "X": 113,
        "Y": 82
      }
    },
    {
      "Type": 1,
      "Index": 1,
      "From": null,
      "To": {
        "Map": 255,
        "X": 60,
        "Y": 208
      }
    },
    {
      "Type": 1,
      "Index": 2,
      "From": null,
      "To": {
        "Map": 255,
        "X": 91,
        "Y": 126
      }
    },
    {
      "Type": 1,
      "Index": 3,
      "From": null,
      "To": {
        "Map": 255,
        "X": 102,
        "Y": 144
      }
    },
    {
      "Type": 1,
      "Index": 4,
      "From": null,
      "To": {
        "Map": 255,
        "X": 143,
        "Y": 66
      }
    },
    {
      "Type": 1,
      "Index": 5,
      "From": null,
      "To": {
        "Map": 255,
        "X": 70,
        "Y": 144
      }
    },
    {
      "Type": 1,
      "Index": 6,
      "From": null,
      "To": {
        "Map": 255,
        "X": 64,
        "Y": 167
      }
    },
    {
      "Type": 1,
      "Index": 7,
      "From": null,
      "To": {
        "Map": 255,
        "X": 52,
        "Y": 108
      }
    },
    {
      "Type": 1,
      "Index": 8,
      "From": null,
      "To": {
        "Map": 255,
        "X": 74,
        "Y": 230
      }
    }
  ],
  "DomainFixups": [],
  "DomainUpdates": [
    {
      "From": 0,
      "To": 0
    },
    {
      "From": 10,
      "To": 1
    },
    {
      "From": 0,
      "To": 2
    },
    {
      "From": 43,
      "To": 3
    },
    {
      "From": 0,
      "To": 4
    },
    {
      "From": 59,
      "To": 5
    },
    {
      "From": 59,
      "To": 6
    },
    {
      "From": 59,
      "To": 7
    },
    {
      "From": 10,
      "To": 8
    },
    {
      "From": 0,
      "To": 9
    },
    {
      "From": 29,
      "To": 10
    },
    {
      "From": 43,
      "To": 11
    },
    {
      "From": 52,
      "To": 12
    },
    {
      "From": 54,
      "To": 13
    },
    {
      "From": 54,
      "To": 14
    },
    {
      "From": 42,
      "To": 15
    },
    {
      "From": 0,
      "To": 16
    },
    {
      "From": 0,
      "To": 17
    },
    {
      "From": 0,
      "To": 18
    },
    {
      "From": 40,
      "To": 19
    },
    {
      "From": 28,
      "To": 20
    },
    {
      "From": 36,
      "To": 21
    },
    {
      "From": 42,
      "To": 22
    },
    {
      "From": 42,
      "To": 23
    },
    {
      "From": 0,
      "To": 24
    },
    {
      "From": 9,
      "To": 25
    },
    {
      "From": 9,
      "To": 26
    },
    {
      "From": 12,
      "To": 27
    },
    {
      "From": 28,
      "To": 28
    },
    {
      "From": 0,
      "To": 29
    },
    {
      "From": 0,
      "To": 30
    },
    {
      "From": 0,
      "To": 31
    },
    {
      "From": 42,
      "To": 32
    },
    {
      "From": 42,
      "To": 33
    },
    {
      "From": 42,
      "To": 34
    },
    {
      "From": 12,
      "To": 35
    },
    {
      "From": 0,
      "To": 36
    },
    {
      "From": 0,
      "To": 37
    },
    {
      "From": 0,
      "To": 38
    },
    {
      "From": 0,
      "To": 39
    },
    {
      "From": 35,
      "To": 40
    },
    {
      "From": 54,
      "To": 41
    },
    {
      "From": 54,
      "To": 42
    },
    {
      "From": 12,
      "To": 43
    },
    {
      "From": 0,
      "To": 44
    },
    {
      "From": 0,
      "To": 45
    },
    {
      "From": 0,
      "To": 46
    },
    {
      "From": 0,
      "To": 47
    },
    {
      "From": 35,
      "To": 48
    },
    {
      "From": 1,
      "To": 49
    },
    {
      "From": 14,
      "To": 50
    },
    {
      "From": 14,
      "To": 51
    },
    {
      "From": 0,
      "To": 52
    },
    {
      "From": 0,
      "To": 53
    },
    {
      "From": 0,
      "To": 54
    },
    {
      "From": 11,
      "To": 55
    },
    {
      "From": 10,
      "To": 56
    },
    {
      "From": 14,
      "To": 57
    },
    {
      "From": 14,
      "To": 58
    },
    {
      "From": 11,
      "To": 59
    },
    {
      "From": 0,
      "To": 60
    },
    {
      "From": 0,
      "To": 61
    },
    {
      "From": 0,
      "To": 62
    },
    {
      "From": 0,
      "To": 63
    }
  ],
  "OverworldCoordinates": {
    "Coneria": {
      "X": 142,
      "Y": 67
    },
    "ConeriaCastle1": {
      "X": 143,
      "Y": 66
    },
    "TempleOfFiends1": {
      "X": 131,
      "Y": 82
    },
    "Pravoka": {
      "X": 164,
      "Y": 69
    },
    "Gaia": {
      "X": 60,
      "Y": 212
    },
    "CastleOrdeals1": {
      "X": 102,
      "Y": 144
    },
    "TitansTunnelWest": {
      "X": 60,
      "Y": 208
    },
    "SardasCave": {
      "X": 62,
      "Y": 208
    },
    "EarthCave1": {
      "X": 70,
      "Y": 144
    },
    "MirageTower1": {
      "X": 74,
      "Y": 230
    },
    "Onrac": {
      "X": 52,
      "Y": 108
    },
    "TitansTunnelEast": {
      "X": 113,
      "Y": 82
    },
    "MatoyasCave": {
      "X": 109,
      "Y": 60
    },
    "DwarfCave": {
      "X": 33,
      "Y": 185
    },
    "Elfland": {
      "X": 131,
      "Y": 48
    },
    "ElflandCastle": {
      "X": 132,
      "Y": 47
    },
    "MarshCave1": {
      "X": 222,
      "Y": 19
    },
    "NorthwestCastle": {
      "X": 115,
      "Y": 35
    },
    "Melmond": {
      "X": 224,
      "Y": 58
    },
    "CrescentLake": {
      "X": 224,
      "Y": 38
    },
    "Lefein": {
      "X": 232,
      "Y": 71
    },
    "BahamutCave1": {
      "X": 235,
      "Y": 208
    },
    "Cardia1": {
      "X": 34,
      "Y": 13
    },
    "Cardia2": {
      "X": 32,
      "Y": 240
    },
    "Cardia4": {
      "X": 18,
      "Y": 47
    },
    "Cardia5": {
      "X": 241,
      "Y": 42
    },
    "Cardia6": {
      "X": 115,
      "Y": 238
    },
    "Waterfall": {
      "X": 50,
      "Y": 202
    },
    "IceCave1": {
      "X": 91,
      "Y": 126
    },
    "GurguVolcano1": {
      "X": 64,
      "Y": 167
    }
  }
}