﻿{
  "StartingLocation": {
    "X": 65,
    "Y": 74
  },
  "AirShipLocation": {
    "X": 194,
    "Y": 130
  },
  "BridgeLocation": {
    "X": 85,
    "Y": 79
  },
  "CanalLocation": {
    "X": 232,
    "Y": 34
  },
  "ShipLocations": [
    {
      "TeleporterIndex": 1,
      "X": 84,
      "Y": 86
    },
    {
      "TeleporterIndex": 9,
      "X": 84,
      "Y": 86
    },
    {
      "TeleporterIndex": 255,
      "X": 84,
      "Y": 86
    },
    {
      "TeleporterIndex": 13,
      "X": 84,
      "Y": 86
    },
    {
      "TeleporterIndex": 2,
      "X": 84,
      "Y": 86
    },
    {
      "TeleporterIndex": 24,
      "X": 134,
      "Y": 222
    },
    {
      "TeleporterIndex": 3,
      "X": 63,
      "Y": 155
    },
    {
      "TeleporterIndex": 10,
      "X": 63,
      "Y": 155
    },
    {
      "TeleporterIndex": 23,
      "X": 48,
      "Y": 19
    },
    {
      "TeleporterIndex": 11,
      "X": 26,
      "Y": 217
    },
    {
      "TeleporterIndex": 4,
      "X": 134,
      "Y": 222
    },
    {
      "TeleporterIndex": 5,
      "X": 183,
      "Y": 170
    },
    {
      "TeleporterIndex": 8,
      "X": 134,
      "Y": 222
    },
    {
      "TeleporterIndex": 29,
      "X": 48,
      "Y": 19
    }
  ],
  "TeleporterFixups": [
    {
      "Type": 1,
      "Index": 0,
      "From": null,
      "To": {
        "Map": 255,
        "X": 73,
        "Y": 195
      }
    },
    {
      "Type": 1,
      "Index": 1,
      "From": null,
      "To": {
        "Map": 255,
        "X": 203,
        "Y": 41
      }
    },
    {
      "Type": 1,
      "Index": 2,
      "From": null,
      "To": {
        "Map": 255,
        "X": 114,
        "Y": 185
      }
    },
    {
      "Type": 1,
      "Index": 3,
      "From": null,
      "To": {
        "Map": 255,
        "X": 104,
        "Y": 165
      }
    },
    {
      "Type": 1,
      "Index": 4,
      "From": null,
      "To": {
        "Map": 255,
        "X": 65,
        "Y": 72
      }
    },
    {
      "Type": 1,
      "Index": 5,
      "From": null,
      "To": {
        "Map": 255,
        "X": 205,
        "Y": 41
      }
    },
    {
      "Type": 1,
      "Index": 6,
      "From": null,
      "To": {
        "Map": 255,
        "X": 170,
        "Y": 140
      }
    },
    {
      "Type": 1,
      "Index": 7,
      "From": null,
      "To": {
        "Map": 255,
        "X": 195,
        "Y": 234
      }
    },
    {
      "Type": 1,
      "Index": 8,
      "From": null,
      "To": {
        "Map": 255,
        "X": 96,
        "Y": 215
      }
    }
  ],
  "DomainFixups": [],
  "DomainUpdates": [
    {
      "From": 59,
      "To": 0
    },
    {
      "From": 59,
      "To": 1
    },
    {
      "From": 11,
      "To": 2
    },
    {
      "From": 0,
      "To": 3
    },
    {
      "From": 0,
      "To": 4
    },
    {
      "From": 10,
      "To": 5
    },
    {
      "From": 10,
      "To": 6
    },
    {
      "From": 10,
      "To": 7
    },
    {
      "From": 29,
      "To": 8
    },
    {
      "From": 59,
      "To": 9
    },
    {
      "From": 11,
      "To": 10
    },
    {
      "From": 0,
      "To": 11
    },
    {
      "From": 0,
      "To": 12
    },
    {
      "From": 40,
      "To": 13
    },
    {
      "From": 40,
      "To": 14
    },
    {
      "From": 10,
      "To": 15
    },
    {
      "From": 29,
      "To": 16
    },
    {
      "From": 28,
      "To": 17
    },
    {
      "From": 36,
      "To": 18
    },
    {
      "From": 36,
      "To": 19
    },
    {
      "From": 0,
      "To": 20
    },
    {
      "From": 0,
      "To": 21
    },
    {
      "From": 0,
      "To": 22
    },
    {
      "From": 0,
      "To": 23
    },
    {
      "From": 28,
      "To": 24
    },
    {
      "From": 28,
      "To": 25
    },
    {
      "From": 36,
      "To": 26
    },
    {
      "From": 36,
      "To": 27
    },
    {
      "From": 11,
      "To": 28
    },
    {
      "From": 11,
      "To": 29
    },
    {
      "From": 54,
      "To": 30
    },
    {
      "From": 0,
      "To": 31
    },
    {
      "From": 0,
      "To": 32
    },
    {
      "From": 35,
      "To": 33
    },
    {
      "From": 12,
      "To": 34
    },
    {
      "From": 11,
      "To": 35
    },
    {
      "From": 11,
      "To": 36
    },
    {
      "From": 54,
      "To": 37
    },
    {
      "From": 54,
      "To": 38
    },
    {
      "From": 11,
      "To": 39
    },
    {
      "From": 43,
      "To": 40
    },
    {
      "From": 35,
      "To": 41
    },
    {
      "From": 12,
      "To": 42
    },
    {
      "From": 12,
      "To": 43
    },
    {
      "From": 54,
      "To": 44
    },
    {
      "From": 54,
      "To": 45
    },
    {
      "From": 11,
      "To": 46
    },
    {
      "From": 11,
      "To": 47
    },
    {
      "From": 43,
      "To": 48
    },
    {
      "From": 35,
      "To": 49
    },
    {
      "From": 52,
      "To": 50
    },
    {
      "From": 42,
      "To": 51
    },
    {
      "From": 42,
      "To": 52
    },
    {
      "From": 0,
      "To": 53
    },
    {
      "From": 6,
      "To": 54
    },
    {
      "From": 0,
      "To": 55
    },
    {
      "From": 0,
      "To": 56
    },
    {
      "From": 0,
      "To": 57
    },
    {
      "From": 0,
      "To": 58
    },
    {
      "From": 42,
      "To": 59
    },
    {
      "From": 42,
      "To": 60
    },
    {
      "From": 9,
      "To": 61
    },
    {
      "From": 9,
      "To": 62
    },
    {
      "From": 0,
      "To": 63
    }
  ],
  "OverworldCoordinates": {
    "Coneria": {
      "X": 64,
      "Y": 73
    },
    "ConeriaCastle1": {
      "X": 65,
      "Y": 72
    },
    "TempleOfFiends1": {
      "X": 34,
      "Y": 86
    },
    "Pravoka": {
      "X": 85,
      "Y": 82
    },
    "Gaia": {
      "X": 219,
      "Y": 215
    },
    "CastleOrdeals1": {
      "X": 104,
      "Y": 165
    },
    "TitansTunnelWest": {
      "X": 203,
      "Y": 41
    },
    "SardasCave": {
      "X": 210,
      "Y": 39
    },
    "EarthCave1": {
      "X": 205,
      "Y": 41
    },
    "MirageTower1": {
      "X": 96,
      "Y": 215
    },
    "Onrac": {
      "X": 195,
      "Y": 234
    },
    "TitansTunnelEast": {
      "X": 73,
      "Y": 195
    },
    "MatoyasCave": {
      "X": 29,
      "Y": 81
    },
    "DwarfCave": {
      "X": 37,
      "Y": 186
    },
    "Elfland": {
      "X": 87,
      "Y": 198
    },
    "ElflandCastle": {
      "X": 88,
      "Y": 197
    },
    "MarshCave1": {
      "X": 39,
      "Y": 38
    },
    "NorthwestCastle": {
      "X": 19,
      "Y": 189
    },
    "Melmond": {
      "X": 110,
      "Y": 221
    },
    "CrescentLake": {
      "X": 157,
      "Y": 179
    },
    "Lefein": {
      "X": 147,
      "Y": 191
    },
    "BahamutCave1": {
      "X": 230,
      "Y": 164
    },
    "Cardia1": {
      "X": 18,
      "Y": 18
    },
    "Cardia2": {
      "X": 189,
      "Y": 29
    },
    "Cardia4": {
      "X": 224,
      "Y": 49
    },
    "Cardia5": {
      "X": 143,
      "Y": 136
    },
    "Cardia6": {
      "X": 71,
      "Y": 42
    },
    "Waterfall": {
      "X": 155,
      "Y": 150
    },
    "IceCave1": {
      "X": 114,
      "Y": 185
    },
    "GurguVolcano1": {
      "X": 170,
      "Y": 140
    }
  }
}