﻿{
  "StartingLocation": {
    "X": 204,
    "Y": 157
  },
  "AirShipLocation": {
    "X": 221,
    "Y": 74
  },
  "BridgeLocation": {
    "X": 193,
    "Y": 133
  },
  "CanalLocation": {
    "X": 192,
    "Y": 104
  },
  "ShipLocations": [
    {
      "TeleporterIndex": 255,
      "X": 192,
      "Y": 140
    }
  ],
  "TeleporterFixups": [
    {
      "Type": 1,
      "Index": 0,
      "From": null,
      "To": {
        "Map": 255,
        "X": 216,
        "Y": 102
      }
    },
    {
      "Type": 1,
      "Index": 1,
      "From": null,
      "To": {
        "Map": 255,
        "X": 46,
        "Y": 188
      }
    },
    {
      "Type": 1,
      "Index": 2,
      "From": null,
      "To": {
        "Map": 255,
        "X": 148,
        "Y": 195
      }
    },
    {
      "Type": 1,
      "Index": 3,
      "From": null,
      "To": {
        "Map": 255,
        "X": 154,
        "Y": 89
      }
    },
    {
      "Type": 1,
      "Index": 4,
      "From": null,
      "To": {
        "Map": 255,
        "X": 204,
        "Y": 155
      }
    },
    {
      "Type": 1,
      "Index": 5,
      "From": null,
      "To": {
        "Map": 255,
        "X": 200,
        "Y": 99
      }
    },
    {
      "Type": 1,
      "Index": 6,
      "From": null,
      "To": {
        "Map": 255,
        "X": 161,
        "Y": 68
      }
    },
    {
      "Type": 1,
      "Index": 7,
      "From": null,
      "To": {
        "Map": 255,
        "X": 179,
        "Y": 179
      }
    },
    {
      "Type": 1,
      "Index": 8,
      "From": null,
      "To": {
        "Map": 255,
        "X": 160,
        "Y": 120
      }
    }
  ],
  "DomainFixups": [],
  "DomainUpdates": [
    {
      "From": 0,
      "To": 0
    },
    {
      "From": 0,
      "To": 1
    },
    {
      "From": 0,
      "To": 2
    },
    {
      "From": 0,
      "To": 3
    },
    {
      "From": 0,
      "To": 4
    },
    {
      "From": 0,
      "To": 5
    },
    {
      "From": 0,
      "To": 6
    },
    {
      "From": 0,
      "To": 7
    },
    {
      "From": 0,
      "To": 8
    },
    {
      "From": 0,
      "To": 9
    },
    {
      "From": 11,
      "To": 10
    },
    {
      "From": 11,
      "To": 11
    },
    {
      "From": 54,
      "To": 12
    },
    {
      "From": 54,
      "To": 13
    },
    {
      "From": 42,
      "To": 14
    },
    {
      "From": 0,
      "To": 15
    },
    {
      "From": 0,
      "To": 16
    },
    {
      "From": 35,
      "To": 17
    },
    {
      "From": 11,
      "To": 18
    },
    {
      "From": 11,
      "To": 19
    },
    {
      "From": 54,
      "To": 20
    },
    {
      "From": 54,
      "To": 21
    },
    {
      "From": 42,
      "To": 22
    },
    {
      "From": 40,
      "To": 23
    },
    {
      "From": 0,
      "To": 24
    },
    {
      "From": 35,
      "To": 25
    },
    {
      "From": 35,
      "To": 26
    },
    {
      "From": 28,
      "To": 27
    },
    {
      "From": 14,
      "To": 28
    },
    {
      "From": 42,
      "To": 29
    },
    {
      "From": 29,
      "To": 30
    },
    {
      "From": 29,
      "To": 31
    },
    {
      "From": 0,
      "To": 32
    },
    {
      "From": 43,
      "To": 33
    },
    {
      "From": 35,
      "To": 34
    },
    {
      "From": 28,
      "To": 35
    },
    {
      "From": 59,
      "To": 36
    },
    {
      "From": 29,
      "To": 37
    },
    {
      "From": 29,
      "To": 38
    },
    {
      "From": 29,
      "To": 39
    },
    {
      "From": 0,
      "To": 40
    },
    {
      "From": 40,
      "To": 41
    },
    {
      "From": 43,
      "To": 42
    },
    {
      "From": 43,
      "To": 43
    },
    {
      "From": 59,
      "To": 44
    },
    {
      "From": 9,
      "To": 45
    },
    {
      "From": 36,
      "To": 46
    },
    {
      "From": 0,
      "To": 47
    },
    {
      "From": 0,
      "To": 48
    },
    {
      "From": 40,
      "To": 49
    },
    {
      "From": 52,
      "To": 50
    },
    {
      "From": 43,
      "To": 51
    },
    {
      "From": 1,
      "To": 52
    },
    {
      "From": 10,
      "To": 53
    },
    {
      "From": 10,
      "To": 54
    },
    {
      "From": 10,
      "To": 55
    },
    {
      "From": 0,
      "To": 56
    },
    {
      "From": 0,
      "To": 57
    },
    {
      "From": 0,
      "To": 58
    },
    {
      "From": 43,
      "To": 59
    },
    {
      "From": 0,
      "To": 60
    },
    {
      "From": 0,
      "To": 61
    },
    {
      "From": 10,
      "To": 62
    },
    {
      "From": 6,
      "To": 63
    }
  ],
  "OverworldCoordinates": {
    "Coneria": {
      "X": 203,
      "Y": 156
    },
    "ConeriaCastle1": {
      "X": 204,
      "Y": 155
    },
    "TempleOfFiends1": {
      "X": 99,
      "Y": 152
    },
    "Pravoka": {
      "X": 193,
      "Y": 136
    },
    "Gaia": {
      "X": 230,
      "Y": 234
    },
    "CastleOrdeals1": {
      "X": 154,
      "Y": 89
    },
    "TitansTunnelWest": {
      "X": 46,
      "Y": 188
    },
    "SardasCave": {
      "X": 41,
      "Y": 191
    },
    "EarthCave1": {
      "X": 200,
      "Y": 99
    },
    "MirageTower1": {
      "X": 160,
      "Y": 120
    },
    "Onrac": {
      "X": 179,
      "Y": 179
    },
    "TitansTunnelEast": {
      "X": 216,
      "Y": 102
    },
    "MatoyasCave": {
      "X": 200,
      "Y": 145
    },
    "DwarfCave": {
      "X": 74,
      "Y": 135
    },
    "Elfland": {
      "X": 94,
      "Y": 218
    },
    "ElflandCastle": {
      "X": 95,
      "Y": 217
    },
    "MarshCave1": {
      "X": 141,
      "Y": 167
    },
    "NorthwestCastle": {
      "X": 111,
      "Y": 198
    },
    "Melmond": {
      "X": 176,
      "Y": 116
    },
    "CrescentLake": {
      "X": 141,
      "Y": 69
    },
    "Lefein": {
      "X": 203,
      "Y": 53
    },
    "BahamutCave1": {
      "X": 96,
      "Y": 53
    },
    "Cardia1": {
      "X": 41,
      "Y": 217
    },
    "Cardia2": {
      "X": 230,
      "Y": 199
    },
    "Cardia4": {
      "X": 166,
      "Y": 199
    },
    "Cardia5": {
      "X": 87,
      "Y": 68
    },
    "Cardia6": {
      "X": 165,
      "Y": 101
    },
    "Waterfall": {
      "X": 132,
      "Y": 186
    },
    "IceCave1": {
      "X": 148,
      "Y": 195
    },
    "GurguVolcano1": {
      "X": 161,
      "Y": 68
    }
  }
}