﻿{
  "StartingLocation": {
    "X": 166,
    "Y": 214
  },
  "AirShipLocation": {
    "X": 90,
    "Y": 32
  },
  "BridgeLocation": {
    "X": 199,
    "Y": 229
  },
  "CanalLocation": {
    "X": 18,
    "Y": 124
  },
  "ShipLocations": [
    {
      "TeleporterIndex": 255,
      "X": 198,
      "Y": 236
    }
  ],
  "TeleporterFixups": [
    {
      "Type": 1,
      "Index": 0,
      "From": null,
      "To": {
        "Map": 255,
        "X": 57,
        "Y": 69
      }
    },
    {
      "Type": 1,
      "Index": 1,
      "From": null,
      "To": {
        "Map": 255,
        "X": 196,
        "Y": 34
      }
    },
    {
      "Type": 1,
      "Index": 2,
      "From": null,
      "To": {
        "Map": 255,
        "X": 69,
        "Y": 135
      }
    },
    {
      "Type": 1,
      "Index": 3,
      "From": null,
      "To": {
        "Map": 255,
        "X": 78,
        "Y": 116
      }
    },
    {
      "Type": 1,
      "Index": 4,
      "From": null,
      "To": {
        "Map": 255,
        "X": 166,
        "Y": 212
      }
    },
    {
      "Type": 1,
      "Index": 5,
      "From": null,
      "To": {
        "Map": 255,
        "X": 54,
        "Y": 174
      }
    },
    {
      "Type": 1,
      "Index": 6,
      "From": null,
      "To": {
        "Map": 255,
        "X": 48,
        "Y": 102
      }
    },
    {
      "Type": 1,
      "Index": 7,
      "From": null,
      "To": {
        "Map": 255,
        "X": 37,
        "Y": 87
      }
    },
    {
      "Type": 1,
      "Index": 8,
      "From": null,
      "To": {
        "Map": 255,
        "X": 31,
        "Y": 115
      }
    }
  ],
  "DomainFixups": [],
  "DomainUpdates": [
    {
      "From": 0,
      "To": 0
    },
    {
      "From": 52,
      "To": 1
    },
    {
      "From": 52,
      "To": 2
    },
    {
      "From": 43,
      "To": 3
    },
    {
      "From": 0,
      "To": 4
    },
    {
      "From": 40,
      "To": 5
    },
    {
      "From": 40,
      "To": 6
    },
    {
      "From": 11,
      "To": 7
    },
    {
      "From": 0,
      "To": 8
    },
    {
      "From": 52,
      "To": 9
    },
    {
      "From": 52,
      "To": 10
    },
    {
      "From": 43,
      "To": 11
    },
    {
      "From": 0,
      "To": 12
    },
    {
      "From": 40,
      "To": 13
    },
    {
      "From": 11,
      "To": 14
    },
    {
      "From": 10,
      "To": 15
    },
    {
      "From": 9,
      "To": 16
    },
    {
      "From": 40,
      "To": 17
    },
    {
      "From": 1,
      "To": 18
    },
    {
      "From": 0,
      "To": 19
    },
    {
      "From": 10,
      "To": 20
    },
    {
      "From": 40,
      "To": 21
    },
    {
      "From": 0,
      "To": 22
    },
    {
      "From": 0,
      "To": 23
    },
    {
      "From": 14,
      "To": 24
    },
    {
      "From": 54,
      "To": 25
    },
    {
      "From": 12,
      "To": 26
    },
    {
      "From": 0,
      "To": 27
    },
    {
      "From": 10,
      "To": 28
    },
    {
      "From": 0,
      "To": 29
    },
    {
      "From": 54,
      "To": 30
    },
    {
      "From": 6,
      "To": 31
    },
    {
      "From": 14,
      "To": 32
    },
    {
      "From": 54,
      "To": 33
    },
    {
      "From": 10,
      "To": 34
    },
    {
      "From": 10,
      "To": 35
    },
    {
      "From": 59,
      "To": 36
    },
    {
      "From": 59,
      "To": 37
    },
    {
      "From": 54,
      "To": 38
    },
    {
      "From": 0,
      "To": 39
    },
    {
      "From": 42,
      "To": 40
    },
    {
      "From": 42,
      "To": 41
    },
    {
      "From": 10,
      "To": 42
    },
    {
      "From": 11,
      "To": 43
    },
    {
      "From": 59,
      "To": 44
    },
    {
      "From": 29,
      "To": 45
    },
    {
      "From": 0,
      "To": 46
    },
    {
      "From": 0,
      "To": 47
    },
    {
      "From": 0,
      "To": 48
    },
    {
      "From": 42,
      "To": 49
    },
    {
      "From": 11,
      "To": 50
    },
    {
      "From": 11,
      "To": 51
    },
    {
      "From": 0,
      "To": 52
    },
    {
      "From": 36,
      "To": 53
    },
    {
      "From": 29,
      "To": 54
    },
    {
      "From": 0,
      "To": 55
    },
    {
      "From": 0,
      "To": 56
    },
    {
      "From": 42,
      "To": 57
    },
    {
      "From": 0,
      "To": 58
    },
    {
      "From": 0,
      "To": 59
    },
    {
      "From": 0,
      "To": 60
    },
    {
      "From": 28,
      "To": 61
    },
    {
      "From": 29,
      "To": 62
    },
    {
      "From": 0,
      "To": 63
    }
  ],
  "OverworldCoordinates": {
    "Coneria": {
      "X": 165,
      "Y": 213
    },
    "ConeriaCastle1": {
      "X": 166,
      "Y": 212
    },
    "TempleOfFiends1": {
      "X": 180,
      "Y": 221
    },
    "Pravoka": {
      "X": 199,
      "Y": 232
    },
    "Gaia": {
      "X": 227,
      "Y": 107
    },
    "CastleOrdeals1": {
      "X": 78,
      "Y": 116
    },
    "TitansTunnelWest": {
      "X": 196,
      "Y": 34
    },
    "SardasCave": {
      "X": 174,
      "Y": 30
    },
    "EarthCave1": {
      "X": 54,
      "Y": 174
    },
    "MirageTower1": {
      "X": 31,
      "Y": 115
    },
    "Onrac": {
      "X": 37,
      "Y": 87
    },
    "TitansTunnelEast": {
      "X": 57,
      "Y": 69
    },
    "MatoyasCave": {
      "X": 194,
      "Y": 218
    },
    "DwarfCave": {
      "X": 187,
      "Y": 219
    },
    "Elfland": {
      "X": 63,
      "Y": 37
    },
    "ElflandCastle": {
      "X": 64,
      "Y": 36
    },
    "MarshCave1": {
      "X": 153,
      "Y": 154
    },
    "NorthwestCastle": {
      "X": 101,
      "Y": 45
    },
    "Melmond": {
      "X": 44,
      "Y": 222
    },
    "CrescentLake": {
      "X": 215,
      "Y": 123
    },
    "Lefein": {
      "X": 111,
      "Y": 190
    },
    "BahamutCave1": {
      "X": 97,
      "Y": 16
    },
    "Cardia1": {
      "X": 149,
      "Y": 97
    },
    "Cardia2": {
      "X": 237,
      "Y": 44
    },
    "Cardia4": {
      "X": 78,
      "Y": 164
    },
    "Cardia5": {
      "X": 208,
      "Y": 47
    },
    "Cardia6": {
      "X": 87,
      "Y": 196
    },
    "Waterfall": {
      "X": 80,
      "Y": 93
    },
    "IceCave1": {
      "X": 69,
      "Y": 135
    },
    "GurguVolcano1": {
      "X": 48,
      "Y": 102
    }
  }
}