﻿{
  "StartingLocation": {
    "X": 82,
    "Y": 141
  },
  "AirShipLocation": {
    "X": 91,
    "Y": 107
  },
  "BridgeLocation": {
    "X": 18,
    "Y": 156
  },
  "CanalLocation": {
    "X": 149,
    "Y": 160
  },
  "ShipLocations": [
    {
      "TeleporterIndex": 1,
      "X": 110,
      "Y": 110
    },
    {
      "TeleporterIndex": 9,
      "X": 110,
      "Y": 110
    },
    {
      "TeleporterIndex": 255,
      "X": 110,
      "Y": 110
    },
    {
      "TeleporterIndex": 13,
      "X": 17,
      "Y": 163
    },
    {
      "TeleporterIndex": 2,
      "X": 17,
      "Y": 163
    },
    {
      "TeleporterIndex": 24,
      "X": 242,
      "Y": 81
    },
    {
      "TeleporterIndex": 7,
      "X": 156,
      "Y": 38
    },
    {
      "TeleporterIndex": 3,
      "X": 235,
      "Y": 154
    },
    {
      "TeleporterIndex": 10,
      "X": 235,
      "Y": 154
    },
    {
      "TeleporterIndex": 23,
      "X": 215,
      "Y": 196
    },
    {
      "TeleporterIndex": 11,
      "X": 110,
      "Y": 110
    },
    {
      "TeleporterIndex": 4,
      "X": 164,
      "Y": 106
    },
    {
      "TeleporterIndex": 5,
      "X": 171,
      "Y": 79
    }
  ],
  "TeleporterFixups": [
    {
      "Type": 1,
      "Index": 0,
      "From": null,
      "To": {
        "Map": 255,
        "X": 205,
        "Y": 106
      }
    },
    {
      "Type": 1,
      "Index": 1,
      "From": null,
      "To": {
        "Map": 255,
        "X": 42,
        "Y": 30
      }
    },
    {
      "Type": 1,
      "Index": 2,
      "From": null,
      "To": {
        "Map": 255,
        "X": 61,
        "Y": 107
      }
    },
    {
      "Type": 1,
      "Index": 3,
      "From": null,
      "To": {
        "Map": 255,
        "X": 150,
        "Y": 143
      }
    },
    {
      "Type": 1,
      "Index": 4,
      "From": null,
      "To": {
        "Map": 255,
        "X": 82,
        "Y": 139
      }
    },
    {
      "Type": 1,
      "Index": 5,
      "From": null,
      "To": {
        "Map": 255,
        "X": 167,
        "Y": 173
      }
    },
    {
      "Type": 1,
      "Index": 6,
      "From": null,
      "To": {
        "Map": 255,
        "X": 168,
        "Y": 135
      }
    },
    {
      "Type": 1,
      "Index": 7,
      "From": null,
      "To": {
        "Map": 255,
        "X": 100,
        "Y": 24
      }
    },
    {
      "Type": 1,
      "Index": 8,
      "From": null,
      "To": {
        "Map": 255,
        "X": 209,
        "Y": 64
      }
    }
  ],
  "DomainFixups": [],
  "DomainUpdates": [
    {
      "From": 6,
      "To": 0
    },
    {
      "From": 11,
      "To": 1
    },
    {
      "From": 9,
      "To": 2
    },
    {
      "From": 9,
      "To": 3
    },
    {
      "From": 9,
      "To": 4
    },
    {
      "From": 9,
      "To": 5
    },
    {
      "From": 0,
      "To": 6
    },
    {
      "From": 0,
      "To": 7
    },
    {
      "From": 40,
      "To": 8
    },
    {
      "From": 40,
      "To": 9
    },
    {
      "From": 9,
      "To": 10
    },
    {
      "From": 9,
      "To": 11
    },
    {
      "From": 14,
      "To": 12
    },
    {
      "From": 14,
      "To": 13
    },
    {
      "From": 14,
      "To": 14
    },
    {
      "From": 14,
      "To": 15
    },
    {
      "From": 0,
      "To": 16
    },
    {
      "From": 0,
      "To": 17
    },
    {
      "From": 43,
      "To": 18
    },
    {
      "From": 36,
      "To": 19
    },
    {
      "From": 0,
      "To": 20
    },
    {
      "From": 54,
      "To": 21
    },
    {
      "From": 54,
      "To": 22
    },
    {
      "From": 14,
      "To": 23
    },
    {
      "From": 0,
      "To": 24
    },
    {
      "From": 54,
      "To": 25
    },
    {
      "From": 36,
      "To": 26
    },
    {
      "From": 36,
      "To": 27
    },
    {
      "From": 42,
      "To": 28
    },
    {
      "From": 42,
      "To": 29
    },
    {
      "From": 40,
      "To": 30
    },
    {
      "From": 29,
      "To": 31
    },
    {
      "From": 28,
      "To": 32
    },
    {
      "From": 35,
      "To": 33
    },
    {
      "From": 36,
      "To": 34
    },
    {
      "From": 36,
      "To": 35
    },
    {
      "From": 12,
      "To": 36
    },
    {
      "From": 54,
      "To": 37
    },
    {
      "From": 52,
      "To": 38
    },
    {
      "From": 52,
      "To": 39
    },
    {
      "From": 28,
      "To": 40
    },
    {
      "From": 28,
      "To": 41
    },
    {
      "From": 0,
      "To": 42
    },
    {
      "From": 0,
      "To": 43
    },
    {
      "From": 42,
      "To": 44
    },
    {
      "From": 59,
      "To": 45
    },
    {
      "From": 52,
      "To": 46
    },
    {
      "From": 52,
      "To": 47
    },
    {
      "From": 0,
      "To": 48
    },
    {
      "From": 0,
      "To": 49
    },
    {
      "From": 10,
      "To": 50
    },
    {
      "From": 10,
      "To": 51
    },
    {
      "From": 0,
      "To": 52
    },
    {
      "From": 59,
      "To": 53
    },
    {
      "From": 59,
      "To": 54
    },
    {
      "From": 10,
      "To": 55
    },
    {
      "From": 0,
      "To": 56
    },
    {
      "From": 0,
      "To": 57
    },
    {
      "From": 10,
      "To": 58
    },
    {
      "From": 0,
      "To": 59
    },
    {
      "From": 0,
      "To": 60
    },
    {
      "From": 0,
      "To": 61
    },
    {
      "From": 0,
      "To": 62
    },
    {
      "From": 0,
      "To": 63
    }
  ],
  "OverworldCoordinates": {
    "Coneria": {
      "X": 81,
      "Y": 140
    },
    "ConeriaCastle1": {
      "X": 82,
      "Y": 139
    },
    "TempleOfFiends1": {
      "X": 34,
      "Y": 144
    },
    "Pravoka": {
      "X": 18,
      "Y": 159
    },
    "Gaia": {
      "X": 19,
      "Y": 30
    },
    "CastleOrdeals1": {
      "X": 150,
      "Y": 143
    },
    "TitansTunnelWest": {
      "X": 42,
      "Y": 30
    },
    "SardasCave": {
      "X": 31,
      "Y": 37
    },
    "EarthCave1": {
      "X": 167,
      "Y": 173
    },
    "MirageTower1": {
      "X": 209,
      "Y": 64
    },
    "Onrac": {
      "X": 100,
      "Y": 24
    },
    "TitansTunnelEast": {
      "X": 205,
      "Y": 106
    },
    "MatoyasCave": {
      "X": 222,
      "Y": 80
    },
    "DwarfCave": {
      "X": 43,
      "Y": 148
    },
    "Elfland": {
      "X": 209,
      "Y": 155
    },
    "ElflandCastle": {
      "X": 210,
      "Y": 154
    },
    "MarshCave1": {
      "X": 183,
      "Y": 186
    },
    "NorthwestCastle": {
      "X": 71,
      "Y": 92
    },
    "Melmond": {
      "X": 177,
      "Y": 122
    },
    "CrescentLake": {
      "X": 204,
      "Y": 79
    },
    "Lefein": {
      "X": 151,
      "Y": 122
    },
    "BahamutCave1": {
      "X": 94,
      "Y": 155
    },
    "Cardia1": {
      "X": 94,
      "Y": 219
    },
    "Cardia2": {
      "X": 111,
      "Y": 48
    },
    "Cardia4": {
      "X": 236,
      "Y": 200
    },
    "Cardia5": {
      "X": 41,
      "Y": 52
    },
    "Cardia6": {
      "X": 55,
      "Y": 18
    },
    "Waterfall": {
      "X": 181,
      "Y": 171
    },
    "IceCave1": {
      "X": 61,
      "Y": 107
    },
    "GurguVolcano1": {
      "X": 168,
      "Y": 135
    }
  }
}