﻿{
  "StartingLocation": {
    "X": 214,
    "Y": 170
  },
  "AirShipLocation": {
    "X": 64,
    "Y": 156
  },
  "BridgeLocation": {
    "X": 218,
    "Y": 116
  },
  "CanalLocation": {
    "X": 20,
    "Y": 99
  },
  "ShipLocations": [
    {
      "TeleporterIndex": 1,
      "X": 223,
      "Y": 154
    },
    {
      "TeleporterIndex": 9,
      "X": 223,
      "Y": 154
    },
    {
      "TeleporterIndex": 255,
      "X": 223,
      "Y": 154
    },
    {
      "TeleporterIndex": 13,
      "X": 184,
      "Y": 176
    },
    {
      "TeleporterIndex": 2,
      "X": 217,
      "Y": 123
    },
    {
      "TeleporterIndex": 24,
      "X": 162,
      "Y": 175
    },
    {
      "TeleporterIndex": 3,
      "X": 162,
      "Y": 175
    },
    {
      "TeleporterIndex": 10,
      "X": 162,
      "Y": 175
    },
    {
      "TeleporterIndex": 23,
      "X": 110,
      "Y": 83
    },
    {
      "TeleporterIndex": 11,
      "X": 217,
      "Y": 123
    },
    {
      "TeleporterIndex": 4,
      "X": 110,
      "Y": 83
    },
    {
      "TeleporterIndex": 5,
      "X": 61,
      "Y": 20
    }
  ],
  "TeleporterFixups": [
    {
      "Type": 1,
      "Index": 0,
      "From": null,
      "To": {
        "Map": 255,
        "X": 227,
        "Y": 173
      }
    },
    {
      "Type": 1,
      "Index": 1,
      "From": null,
      "To": {
        "Map": 255,
        "X": 125,
        "Y": 204
      }
    },
    {
      "Type": 1,
      "Index": 2,
      "From": null,
      "To": {
        "Map": 255,
        "X": 130,
        "Y": 175
      }
    },
    {
      "Type": 1,
      "Index": 3,
      "From": null,
      "To": {
        "Map": 255,
        "X": 106,
        "Y": 133
      }
    },
    {
      "Type": 1,
      "Index": 4,
      "From": null,
      "To": {
        "Map": 255,
        "X": 214,
        "Y": 168
      }
    },
    {
      "Type": 1,
      "Index": 5,
      "From": null,
      "To": {
        "Map": 255,
        "X": 29,
        "Y": 154
      }
    },
    {
      "Type": 1,
      "Index": 6,
      "From": null,
      "To": {
        "Map": 255,
        "X": 96,
        "Y": 97
      }
    },
    {
      "Type": 1,
      "Index": 7,
      "From": null,
      "To": {
        "Map": 255,
        "X": 36,
        "Y": 227
      }
    },
    {
      "Type": 1,
      "Index": 8,
      "From": null,
      "To": {
        "Map": 255,
        "X": 154,
        "Y": 145
      }
    }
  ],
  "DomainFixups": [],
  "DomainUpdates": [
    {
      "From": 0,
      "To": 0
    },
    {
      "From": 54,
      "To": 1
    },
    {
      "From": 54,
      "To": 2
    },
    {
      "From": 6,
      "To": 3
    },
    {
      "From": 6,
      "To": 4
    },
    {
      "From": 0,
      "To": 5
    },
    {
      "From": 0,
      "To": 6
    },
    {
      "From": 0,
      "To": 7
    },
    {
      "From": 0,
      "To": 8
    },
    {
      "From": 10,
      "To": 9
    },
    {
      "From": 54,
      "To": 10
    },
    {
      "From": 42,
      "To": 11
    },
    {
      "From": 42,
      "To": 12
    },
    {
      "From": 0,
      "To": 13
    },
    {
      "From": 11,
      "To": 14
    },
    {
      "From": 11,
      "To": 15
    },
    {
      "From": 10,
      "To": 16
    },
    {
      "From": 10,
      "To": 17
    },
    {
      "From": 54,
      "To": 18
    },
    {
      "From": 59,
      "To": 19
    },
    {
      "From": 59,
      "To": 20
    },
    {
      "From": 0,
      "To": 21
    },
    {
      "From": 11,
      "To": 22
    },
    {
      "From": 11,
      "To": 23
    },
    {
      "From": 10,
      "To": 24
    },
    {
      "From": 10,
      "To": 25
    },
    {
      "From": 10,
      "To": 26
    },
    {
      "From": 54,
      "To": 27
    },
    {
      "From": 14,
      "To": 28
    },
    {
      "From": 0,
      "To": 29
    },
    {
      "From": 43,
      "To": 30
    },
    {
      "From": 43,
      "To": 31
    },
    {
      "From": 42,
      "To": 32
    },
    {
      "From": 11,
      "To": 33
    },
    {
      "From": 11,
      "To": 34
    },
    {
      "From": 12,
      "To": 35
    },
    {
      "From": 14,
      "To": 36
    },
    {
      "From": 52,
      "To": 37
    },
    {
      "From": 29,
      "To": 38
    },
    {
      "From": 29,
      "To": 39
    },
    {
      "From": 42,
      "To": 40
    },
    {
      "From": 10,
      "To": 41
    },
    {
      "From": 10,
      "To": 42
    },
    {
      "From": 54,
      "To": 43
    },
    {
      "From": 35,
      "To": 44
    },
    {
      "From": 29,
      "To": 45
    },
    {
      "From": 29,
      "To": 46
    },
    {
      "From": 40,
      "To": 47
    },
    {
      "From": 0,
      "To": 48
    },
    {
      "From": 0,
      "To": 49
    },
    {
      "From": 0,
      "To": 50
    },
    {
      "From": 54,
      "To": 51
    },
    {
      "From": 40,
      "To": 52
    },
    {
      "From": 0,
      "To": 53
    },
    {
      "From": 28,
      "To": 54
    },
    {
      "From": 28,
      "To": 55
    },
    {
      "From": 0,
      "To": 56
    },
    {
      "From": 9,
      "To": 57
    },
    {
      "From": 0,
      "To": 58
    },
    {
      "From": 0,
      "To": 59
    },
    {
      "From": 0,
      "To": 60
    },
    {
      "From": 0,
      "To": 61
    },
    {
      "From": 0,
      "To": 62
    },
    {
      "From": 0,
      "To": 63
    }
  ],
  "OverworldCoordinates": {
    "Coneria": {
      "X": 213,
      "Y": 169
    },
    "ConeriaCastle1": {
      "X": 214,
      "Y": 168
    },
    "TempleOfFiends1": {
      "X": 215,
      "Y": 202
    },
    "Pravoka": {
      "X": 218,
      "Y": 119
    },
    "Gaia": {
      "X": 124,
      "Y": 23
    },
    "CastleOrdeals1": {
      "X": 106,
      "Y": 133
    },
    "TitansTunnelWest": {
      "X": 125,
      "Y": 204
    },
    "SardasCave": {
      "X": 127,
      "Y": 205
    },
    "EarthCave1": {
      "X": 29,
      "Y": 154
    },
    "MirageTower1": {
      "X": 154,
      "Y": 145
    },
    "Onrac": {
      "X": 36,
      "Y": 227
    },
    "TitansTunnelEast": {
      "X": 227,
      "Y": 173
    },
    "MatoyasCave": {
      "X": 199,
      "Y": 158
    },
    "DwarfCave": {
      "X": 147,
      "Y": 158
    },
    "Elfland": {
      "X": 169,
      "Y": 152
    },
    "ElflandCastle": {
      "X": 170,
      "Y": 151
    },
    "MarshCave1": {
      "X": 130,
      "Y": 79
    },
    "NorthwestCastle": {
      "X": 235,
      "Y": 119
    },
    "Melmond": {
      "X": 134,
      "Y": 60
    },
    "CrescentLake": {
      "X": 63,
      "Y": 42
    },
    "Lefein": {
      "X": 46,
      "Y": 167
    },
    "BahamutCave1": {
      "X": 213,
      "Y": 69
    },
    "Cardia1": {
      "X": 108,
      "Y": 217
    },
    "Cardia2": {
      "X": 56,
      "Y": 115
    },
    "Cardia4": {
      "X": 65,
      "Y": 176
    },
    "Cardia5": {
      "X": 97,
      "Y": 156
    },
    "Cardia6": {
      "X": 49,
      "Y": 136
    },
    "Waterfall": {
      "X": 92,
      "Y": 122
    },
    "IceCave1": {
      "X": 130,
      "Y": 175
    },
    "GurguVolcano1": {
      "X": 96,
      "Y": 97
    }
  }
}