﻿{
  "StartingLocation": {
    "X": 179,
    "Y": 213
  },
  "AirShipLocation": {
    "X": 23,
    "Y": 63
  },
  "BridgeLocation": {
    "X": 193,
    "Y": 200
  },
  "CanalLocation": {
    "X": 161,
    "Y": 239
  },
  "ShipLocations": [
    {
      "TeleporterIndex": 1,
      "X": 192,
      "Y": 207
    },
    {
      "TeleporterIndex": 9,
      "X": 192,
      "Y": 207
    },
    {
      "TeleporterIndex": 255,
      "X": 192,
      "Y": 207
    },
    {
      "TeleporterIndex": 13,
      "X": 192,
      "Y": 207
    },
    {
      "TeleporterIndex": 2,
      "X": 192,
      "Y": 207
    },
    {
      "TeleporterIndex": 24,
      "X": 192,
      "Y": 207
    },
    {
      "TeleporterIndex": 3,
      "X": 105,
      "Y": 24
    },
    {
      "TeleporterIndex": 10,
      "X": 105,
      "Y": 24
    },
    {
      "TeleporterIndex": 23,
      "X": 188,
      "Y": 67
    },
    {
      "TeleporterIndex": 11,
      "X": 188,
      "Y": 67
    },
    {
      "TeleporterIndex": 4,
      "X": 188,
      "Y": 67
    },
    {
      "TeleporterIndex": 5,
      "X": 192,
      "Y": 207
    }
  ],
  "TeleporterFixups": [
    {
      "Type": 1,
      "Index": 0,
      "From": null,
      "To": {
        "Map": 255,
        "X": 227,
        "Y": 53
      }
    },
    {
      "Type": 1,
      "Index": 1,
      "From": null,
      "To": {
        "Map": 255,
        "X": 195,
        "Y": 160
      }
    },
    {
      "Type": 1,
      "Index": 2,
      "From": null,
      "To": {
        "Map": 255,
        "X": 58,
        "Y": 204
      }
    },
    {
      "Type": 1,
      "Index": 3,
      "From": null,
      "To": {
        "Map": 255,
        "X": 78,
        "Y": 176
      }
    },
    {
      "Type": 1,
      "Index": 4,
      "From": null,
      "To": {
        "Map": 255,
        "X": 179,
        "Y": 211
      }
    },
    {
      "Type": 1,
      "Index": 5,
      "From": null,
      "To": {
        "Map": 255,
        "X": 164,
        "Y": 235
      }
    },
    {
      "Type": 1,
      "Index": 6,
      "From": null,
      "To": {
        "Map": 255,
        "X": 79,
        "Y": 191
      }
    },
    {
      "Type": 1,
      "Index": 7,
      "From": null,
      "To": {
        "Map": 255,
        "X": 71,
        "Y": 158
      }
    },
    {
      "Type": 1,
      "Index": 8,
      "From": null,
      "To": {
        "Map": 255,
        "X": 198,
        "Y": 230
      }
    }
  ],
  "DomainFixups": [],
  "DomainUpdates": [
    {
      "From": 0,
      "To": 0
    },
    {
      "From": 52,
      "To": 1
    },
    {
      "From": 52,
      "To": 2
    },
    {
      "From": 52,
      "To": 3
    },
    {
      "From": 0,
      "To": 4
    },
    {
      "From": 0,
      "To": 5
    },
    {
      "From": 0,
      "To": 6
    },
    {
      "From": 10,
      "To": 7
    },
    {
      "From": 29,
      "To": 8
    },
    {
      "From": 29,
      "To": 9
    },
    {
      "From": 52,
      "To": 10
    },
    {
      "From": 52,
      "To": 11
    },
    {
      "From": 0,
      "To": 12
    },
    {
      "From": 40,
      "To": 13
    },
    {
      "From": 40,
      "To": 14
    },
    {
      "From": 40,
      "To": 15
    },
    {
      "From": 29,
      "To": 16
    },
    {
      "From": 29,
      "To": 17
    },
    {
      "From": 0,
      "To": 18
    },
    {
      "From": 0,
      "To": 19
    },
    {
      "From": 0,
      "To": 20
    },
    {
      "From": 35,
      "To": 21
    },
    {
      "From": 43,
      "To": 22
    },
    {
      "From": 59,
      "To": 23
    },
    {
      "From": 0,
      "To": 24
    },
    {
      "From": 0,
      "To": 25
    },
    {
      "From": 0,
      "To": 26
    },
    {
      "From": 10,
      "To": 27
    },
    {
      "From": 6,
      "To": 28
    },
    {
      "From": 35,
      "To": 29
    },
    {
      "From": 35,
      "To": 30
    },
    {
      "From": 11,
      "To": 31
    },
    {
      "From": 10,
      "To": 32
    },
    {
      "From": 9,
      "To": 33
    },
    {
      "From": 9,
      "To": 34
    },
    {
      "From": 10,
      "To": 35
    },
    {
      "From": 40,
      "To": 36
    },
    {
      "From": 40,
      "To": 37
    },
    {
      "From": 40,
      "To": 38
    },
    {
      "From": 0,
      "To": 39
    },
    {
      "From": 0,
      "To": 40
    },
    {
      "From": 54,
      "To": 41
    },
    {
      "From": 12,
      "To": 42
    },
    {
      "From": 0,
      "To": 43
    },
    {
      "From": 40,
      "To": 44
    },
    {
      "From": 40,
      "To": 45
    },
    {
      "From": 40,
      "To": 46
    },
    {
      "From": 0,
      "To": 47
    },
    {
      "From": 54,
      "To": 48
    },
    {
      "From": 54,
      "To": 49
    },
    {
      "From": 54,
      "To": 50
    },
    {
      "From": 0,
      "To": 51
    },
    {
      "From": 54,
      "To": 52
    },
    {
      "From": 36,
      "To": 53
    },
    {
      "From": 28,
      "To": 54
    },
    {
      "From": 0,
      "To": 55
    },
    {
      "From": 54,
      "To": 56
    },
    {
      "From": 54,
      "To": 57
    },
    {
      "From": 1,
      "To": 58
    },
    {
      "From": 0,
      "To": 59
    },
    {
      "From": 42,
      "To": 60
    },
    {
      "From": 42,
      "To": 61
    },
    {
      "From": 14,
      "To": 62
    },
    {
      "From": 11,
      "To": 63
    }
  ],
  "OverworldCoordinates": {
    "Coneria": {
      "X": 178,
      "Y": 212
    },
    "ConeriaCastle1": {
      "X": 179,
      "Y": 211
    },
    "TempleOfFiends1": {
      "X": 184,
      "Y": 193
    },
    "Pravoka": {
      "X": 193,
      "Y": 203
    },
    "Gaia": {
      "X": 128,
      "Y": 113
    },
    "CastleOrdeals1": {
      "X": 78,
      "Y": 176
    },
    "TitansTunnelWest": {
      "X": 195,
      "Y": 160
    },
    "SardasCave": {
      "X": 174,
      "Y": 161
    },
    "EarthCave1": {
      "X": 164,
      "Y": 235
    },
    "MirageTower1": {
      "X": 198,
      "Y": 230
    },
    "Onrac": {
      "X": 71,
      "Y": 158
    },
    "TitansTunnelEast": {
      "X": 227,
      "Y": 53
    },
    "MatoyasCave": {
      "X": 36,
      "Y": 69
    },
    "DwarfCave": {
      "X": 203,
      "Y": 106
    },
    "Elfland": {
      "X": 66,
      "Y": 16
    },
    "ElflandCastle": {
      "X": 67,
      "Y": 15
    },
    "MarshCave1": {
      "X": 244,
      "Y": 75
    },
    "NorthwestCastle": {
      "X": 219,
      "Y": 90
    },
    "Melmond": {
      "X": 224,
      "Y": 73
    },
    "CrescentLake": {
      "X": 156,
      "Y": 198
    },
    "Lefein": {
      "X": 220,
      "Y": 119
    },
    "BahamutCave1": {
      "X": 242,
      "Y": 96
    },
    "Cardia1": {
      "X": 109,
      "Y": 128
    },
    "Cardia2": {
      "X": 235,
      "Y": 29
    },
    "Cardia4": {
      "X": 21,
      "Y": 150
    },
    "Cardia5": {
      "X": 244,
      "Y": 240
    },
    "Cardia6": {
      "X": 145,
      "Y": 175
    },
    "Waterfall": {
      "X": 74,
      "Y": 222
    },
    "IceCave1": {
      "X": 58,
      "Y": 204
    },
    "GurguVolcano1": {
      "X": 79,
      "Y": 191
    }
  }
}