﻿{
  "StartingLocation": {
    "X": 117,
    "Y": 186
  },
  "AirShipLocation": {
    "X": 176,
    "Y": 183
  },
  "BridgeLocation": {
    "X": 154,
    "Y": 164
  },
  "CanalLocation": {
    "X": 129,
    "Y": 59
  },
  "ShipLocations": [
    {
      "TeleporterIndex": 255,
      "X": 153,
      "Y": 171
    }
  ],
  "TeleporterFixups": [
    {
      "Type": 1,
      "Index": 0,
      "From": null,
      "To": {
        "Map": 255,
        "X": 193,
        "Y": 158
      }
    },
    {
      "Type": 1,
      "Index": 1,
      "From": null,
      "To": {
        "Map": 255,
        "X": 93,
        "Y": 104
      }
    },
    {
      "Type": 1,
      "Index": 2,
      "From": null,
      "To": {
        "Map": 255,
        "X": 105,
        "Y": 67
      }
    },
    {
      "Type": 1,
      "Index": 3,
      "From": null,
      "To": {
        "Map": 255,
        "X": 108,
        "Y": 111
      }
    },
    {
      "Type": 1,
      "Index": 4,
      "From": null,
      "To": {
        "Map": 255,
        "X": 117,
        "Y": 184
      }
    },
    {
      "Type": 1,
      "Index": 5,
      "From": null,
      "To": {
        "Map": 255,
        "X": 130,
        "Y": 92
      }
    },
    {
      "Type": 1,
      "Index": 6,
      "From": null,
      "To": {
        "Map": 255,
        "X": 79,
        "Y": 115
      }
    },
    {
      "Type": 1,
      "Index": 7,
      "From": null,
      "To": {
        "Map": 255,
        "X": 83,
        "Y": 168
      }
    },
    {
      "Type": 1,
      "Index": 8,
      "From": null,
      "To": {
        "Map": 255,
        "X": 151,
        "Y": 94
      }
    }
  ],
  "DomainFixups": [],
  "DomainUpdates": [
    {
      "From": 43,
      "To": 0
    },
    {
      "From": 43,
      "To": 1
    },
    {
      "From": 11,
      "To": 2
    },
    {
      "From": 11,
      "To": 3
    },
    {
      "From": 0,
      "To": 4
    },
    {
      "From": 0,
      "To": 5
    },
    {
      "From": 0,
      "To": 6
    },
    {
      "From": 0,
      "To": 7
    },
    {
      "From": 43,
      "To": 8
    },
    {
      "From": 43,
      "To": 9
    },
    {
      "From": 1,
      "To": 10
    },
    {
      "From": 54,
      "To": 11
    },
    {
      "From": 54,
      "To": 12
    },
    {
      "From": 0,
      "To": 13
    },
    {
      "From": 0,
      "To": 14
    },
    {
      "From": 0,
      "To": 15
    },
    {
      "From": 0,
      "To": 16
    },
    {
      "From": 10,
      "To": 17
    },
    {
      "From": 10,
      "To": 18
    },
    {
      "From": 54,
      "To": 19
    },
    {
      "From": 42,
      "To": 20
    },
    {
      "From": 14,
      "To": 21
    },
    {
      "From": 0,
      "To": 22
    },
    {
      "From": 0,
      "To": 23
    },
    {
      "From": 0,
      "To": 24
    },
    {
      "From": 10,
      "To": 25
    },
    {
      "From": 10,
      "To": 26
    },
    {
      "From": 12,
      "To": 27
    },
    {
      "From": 59,
      "To": 28
    },
    {
      "From": 10,
      "To": 29
    },
    {
      "From": 28,
      "To": 30
    },
    {
      "From": 28,
      "To": 31
    },
    {
      "From": 0,
      "To": 32
    },
    {
      "From": 10,
      "To": 33
    },
    {
      "From": 54,
      "To": 34
    },
    {
      "From": 54,
      "To": 35
    },
    {
      "From": 52,
      "To": 36
    },
    {
      "From": 52,
      "To": 37
    },
    {
      "From": 28,
      "To": 38
    },
    {
      "From": 28,
      "To": 39
    },
    {
      "From": 11,
      "To": 40
    },
    {
      "From": 11,
      "To": 41
    },
    {
      "From": 9,
      "To": 42
    },
    {
      "From": 36,
      "To": 43
    },
    {
      "From": 10,
      "To": 44
    },
    {
      "From": 52,
      "To": 45
    },
    {
      "From": 11,
      "To": 46
    },
    {
      "From": 0,
      "To": 47
    },
    {
      "From": 0,
      "To": 48
    },
    {
      "From": 0,
      "To": 49
    },
    {
      "From": 0,
      "To": 50
    },
    {
      "From": 36,
      "To": 51
    },
    {
      "From": 10,
      "To": 52
    },
    {
      "From": 42,
      "To": 53
    },
    {
      "From": 42,
      "To": 54
    },
    {
      "From": 0,
      "To": 55
    },
    {
      "From": 0,
      "To": 56
    },
    {
      "From": 0,
      "To": 57
    },
    {
      "From": 0,
      "To": 58
    },
    {
      "From": 0,
      "To": 59
    },
    {
      "From": 0,
      "To": 60
    },
    {
      "From": 42,
      "To": 61
    },
    {
      "From": 42,
      "To": 62
    },
    {
      "From": 0,
      "To": 63
    }
  ],
  "OverworldCoordinates": {
    "Coneria": {
      "X": 116,
      "Y": 185
    },
    "ConeriaCastle1": {
      "X": 117,
      "Y": 184
    },
    "TempleOfFiends1": {
      "X": 196,
      "Y": 131
    },
    "Pravoka": {
      "X": 154,
      "Y": 167
    },
    "Gaia": {
      "X": 50,
      "Y": 155
    },
    "CastleOrdeals1": {
      "X": 108,
      "Y": 111
    },
    "TitansTunnelWest": {
      "X": 93,
      "Y": 104
    },
    "SardasCave": {
      "X": 96,
      "Y": 101
    },
    "EarthCave1": {
      "X": 130,
      "Y": 92
    },
    "MirageTower1": {
      "X": 151,
      "Y": 94
    },
    "Onrac": {
      "X": 83,
      "Y": 168
    },
    "TitansTunnelEast": {
      "X": 193,
      "Y": 158
    },
    "MatoyasCave": {
      "X": 190,
      "Y": 182
    },
    "DwarfCave": {
      "X": 187,
      "Y": 186
    },
    "Elfland": {
      "X": 164,
      "Y": 163
    },
    "ElflandCastle": {
      "X": 165,
      "Y": 162
    },
    "MarshCave1": {
      "X": 146,
      "Y": 117
    },
    "NorthwestCastle": {
      "X": 28,
      "Y": 31
    },
    "Melmond": {
      "X": 197,
      "Y": 203
    },
    "CrescentLake": {
      "X": 98,
      "Y": 132
    },
    "Lefein": {
      "X": 169,
      "Y": 102
    },
    "BahamutCave1": {
      "X": 30,
      "Y": 189
    },
    "Cardia1": {
      "X": 55,
      "Y": 127
    },
    "Cardia2": {
      "X": 177,
      "Y": 114
    },
    "Cardia4": {
      "X": 130,
      "Y": 182
    },
    "Cardia5": {
      "X": 80,
      "Y": 33
    },
    "Cardia6": {
      "X": 206,
      "Y": 173
    },
    "Waterfall": {
      "X": 78,
      "Y": 40
    },
    "IceCave1": {
      "X": 105,
      "Y": 67
    },
    "GurguVolcano1": {
      "X": 79,
      "Y": 115
    }
  }
}