﻿{
  "StartingLocation": {
    "X": 109,
    "Y": 145
  },
  "AirShipLocation": {
    "X": 233,
    "Y": 200
  },
  "BridgeLocation": {
    "X": 148,
    "Y": 134
  },
  "CanalLocation": {
    "X": 167,
    "Y": 48
  },
  "ShipLocations": [
    {
      "TeleporterIndex": 255,
      "X": 147,
      "Y": 141
    }
  ],
  "TeleporterFixups": [
    {
      "Type": 1,
      "Index": 0,
      "From": null,
      "To": {
        "Map": 255,
        "X": 39,
        "Y": 190
      }
    },
    {
      "Type": 1,
      "Index": 1,
      "From": null,
      "To": {
        "Map": 255,
        "X": 55,
        "Y": 101
      }
    },
    {
      "Type": 1,
      "Index": 2,
      "From": null,
      "To": {
        "Map": 255,
        "X": 117,
        "Y": 88
      }
    },
    {
      "Type": 1,
      "Index": 3,
      "From": null,
      "To": {
        "Map": 255,
        "X": 127,
        "Y": 110
      }
    },
    {
      "Type": 1,
      "Index": 4,
      "From": null,
      "To": {
        "Map": 255,
        "X": 109,
        "Y": 143
      }
    },
    {
      "Type": 1,
      "Index": 5,
      "From": null,
      "To": {
        "Map": 255,
        "X": 155,
        "Y": 43
      }
    },
    {
      "Type": 1,
      "Index": 6,
      "From": null,
      "To": {
        "Map": 255,
        "X": 133,
        "Y": 82
      }
    },
    {
      "Type": 1,
      "Index": 7,
      "From": null,
      "To": {
        "Map": 255,
        "X": 59,
        "Y": 205
      }
    },
    {
      "Type": 1,
      "Index": 8,
      "From": null,
      "To": {
        "Map": 255,
        "X": 154,
        "Y": 64
      }
    }
  ],
  "DomainFixups": [],
  "DomainUpdates": [
    {
      "From": 6,
      "To": 0
    },
    {
      "From": 6,
      "To": 1
    },
    {
      "From": 1,
      "To": 2
    },
    {
      "From": 1,
      "To": 3
    },
    {
      "From": 1,
      "To": 4
    },
    {
      "From": 42,
      "To": 5
    },
    {
      "From": 0,
      "To": 6
    },
    {
      "From": 0,
      "To": 7
    },
    {
      "From": 0,
      "To": 8
    },
    {
      "From": 6,
      "To": 9
    },
    {
      "From": 1,
      "To": 10
    },
    {
      "From": 1,
      "To": 11
    },
    {
      "From": 1,
      "To": 12
    },
    {
      "From": 42,
      "To": 13
    },
    {
      "From": 0,
      "To": 14
    },
    {
      "From": 0,
      "To": 15
    },
    {
      "From": 40,
      "To": 16
    },
    {
      "From": 40,
      "To": 17
    },
    {
      "From": 11,
      "To": 18
    },
    {
      "From": 54,
      "To": 19
    },
    {
      "From": 54,
      "To": 20
    },
    {
      "From": 0,
      "To": 21
    },
    {
      "From": 0,
      "To": 22
    },
    {
      "From": 31,
      "To": 23
    },
    {
      "From": 40,
      "To": 24
    },
    {
      "From": 40,
      "To": 25
    },
    {
      "From": 11,
      "To": 26
    },
    {
      "From": 12,
      "To": 27
    },
    {
      "From": 12,
      "To": 28
    },
    {
      "From": 59,
      "To": 29
    },
    {
      "From": 0,
      "To": 30
    },
    {
      "From": 0,
      "To": 31
    },
    {
      "From": 0,
      "To": 32
    },
    {
      "From": 0,
      "To": 33
    },
    {
      "From": 54,
      "To": 34
    },
    {
      "From": 36,
      "To": 35
    },
    {
      "From": 52,
      "To": 36
    },
    {
      "From": 59,
      "To": 37
    },
    {
      "From": 42,
      "To": 38
    },
    {
      "From": 0,
      "To": 39
    },
    {
      "From": 40,
      "To": 40
    },
    {
      "From": 28,
      "To": 41
    },
    {
      "From": 28,
      "To": 42
    },
    {
      "From": 29,
      "To": 43
    },
    {
      "From": 52,
      "To": 44
    },
    {
      "From": 0,
      "To": 45
    },
    {
      "From": 42,
      "To": 46
    },
    {
      "From": 42,
      "To": 47
    },
    {
      "From": 40,
      "To": 48
    },
    {
      "From": 9,
      "To": 49
    },
    {
      "From": 35,
      "To": 50
    },
    {
      "From": 43,
      "To": 51
    },
    {
      "From": 0,
      "To": 52
    },
    {
      "From": 10,
      "To": 53
    },
    {
      "From": 42,
      "To": 54
    },
    {
      "From": 42,
      "To": 55
    },
    {
      "From": 0,
      "To": 56
    },
    {
      "From": 0,
      "To": 57
    },
    {
      "From": 43,
      "To": 58
    },
    {
      "From": 43,
      "To": 59
    },
    {
      "From": 0,
      "To": 60
    },
    {
      "From": 0,
      "To": 61
    },
    {
      "From": 0,
      "To": 62
    },
    {
      "From": 0,
      "To": 63
    }
  ],
  "OverworldCoordinates": {
    "Coneria": {
      "X": 108,
      "Y": 144
    },
    "ConeriaCastle1": {
      "X": 109,
      "Y": 143
    },
    "TempleOfFiends1": {
      "X": 75,
      "Y": 168
    },
    "Pravoka": {
      "X": 148,
      "Y": 137
    },
    "Gaia": {
      "X": 38,
      "Y": 33
    },
    "CastleOrdeals1": {
      "X": 127,
      "Y": 110
    },
    "TitansTunnelWest": {
      "X": 55,
      "Y": 101
    },
    "SardasCave": {
      "X": 29,
      "Y": 95
    },
    "EarthCave1": {
      "X": 155,
      "Y": 43
    },
    "MirageTower1": {
      "X": 154,
      "Y": 64
    },
    "Onrac": {
      "X": 59,
      "Y": 205
    },
    "TitansTunnelEast": {
      "X": 39,
      "Y": 190
    },
    "MatoyasCave": {
      "X": 113,
      "Y": 156
    },
    "DwarfCave": {
      "X": 70,
      "Y": 192
    },
    "Elfland": {
      "X": 137,
      "Y": 155
    },
    "ElflandCastle": {
      "X": 138,
      "Y": 154
    },
    "MarshCave1": {
      "X": 161,
      "Y": 125
    },
    "NorthwestCastle": {
      "X": 107,
      "Y": 205
    },
    "Melmond": {
      "X": 207,
      "Y": 196
    },
    "CrescentLake": {
      "X": 94,
      "Y": 165
    },
    "Lefein": {
      "X": 227,
      "Y": 78
    },
    "BahamutCave1": {
      "X": 241,
      "Y": 161
    },
    "Cardia1": {
      "X": 173,
      "Y": 214
    },
    "Cardia2": {
      "X": 70,
      "Y": 131
    },
    "Cardia4": {
      "X": 178,
      "Y": 18
    },
    "Cardia5": {
      "X": 74,
      "Y": 96
    },
    "Cardia6": {
      "X": 147,
      "Y": 100
    },
    "Waterfall": {
      "X": 131,
      "Y": 39
    },
    "IceCave1": {
      "X": 117,
      "Y": 88
    },
    "GurguVolcano1": {
      "X": 133,
      "Y": 82
    }
  }
}