﻿{
  "StartingLocation": {
    "X": 208,
    "Y": 144
  },
  "AirShipLocation": {
    "X": 48,
    "Y": 223
  },
  "BridgeLocation": {
    "X": 190,
    "Y": 102
  },
  "CanalLocation": {
    "X": 44,
    "Y": 102
  },
  "ShipLocations": [
    {
      "TeleporterIndex": 1,
      "X": 231,
      "Y": 113
    },
    {
      "TeleporterIndex": 9,
      "X": 231,
      "Y": 113
    },
    {
      "TeleporterIndex": 255,
      "X": 231,
      "Y": 113
    },
    {
      "TeleporterIndex": 13,
      "X": 168,
      "Y": 152
    },
    {
      "TeleporterIndex": 2,
      "X": 189,
      "Y": 109
    },
    {
      "TeleporterIndex": 24,
      "X": 216,
      "Y": 99
    },
    {
      "TeleporterIndex": 3,
      "X": 168,
      "Y": 152
    },
    {
      "TeleporterIndex": 10,
      "X": 168,
      "Y": 152
    },
    {
      "TeleporterIndex": 23,
      "X": 93,
      "Y": 232
    },
    {
      "TeleporterIndex": 11,
      "X": 230,
      "Y": 86
    },
    {
      "TeleporterIndex": 4,
      "X": 77,
      "Y": 234
    },
    {
      "TeleporterIndex": 5,
      "X": 121,
      "Y": 168
    },
    {
      "TeleporterIndex": 8,
      "X": 77,
      "Y": 234
    }
  ],
  "TeleporterFixups": [
    {
      "Type": 1,
      "Index": 0,
      "From": null,
      "To": {
        "Map": 255,
        "X": 152,
        "Y": 218
      }
    },
    {
      "Type": 1,
      "Index": 1,
      "From": null,
      "To": {
        "Map": 255,
        "X": 38,
        "Y": 76
      }
    },
    {
      "Type": 1,
      "Index": 2,
      "From": null,
      "To": {
        "Map": 255,
        "X": 93,
        "Y": 143
      }
    },
    {
      "Type": 1,
      "Index": 3,
      "From": null,
      "To": {
        "Map": 255,
        "X": 50,
        "Y": 164
      }
    },
    {
      "Type": 1,
      "Index": 4,
      "From": null,
      "To": {
        "Map": 255,
        "X": 208,
        "Y": 142
      }
    },
    {
      "Type": 1,
      "Index": 5,
      "From": null,
      "To": {
        "Map": 255,
        "X": 55,
        "Y": 131
      }
    },
    {
      "Type": 1,
      "Index": 6,
      "From": null,
      "To": {
        "Map": 255,
        "X": 82,
        "Y": 211
      }
    },
    {
      "Type": 1,
      "Index": 7,
      "From": null,
      "To": {
        "Map": 255,
        "X": 87,
        "Y": 73
      }
    },
    {
      "Type": 1,
      "Index": 8,
      "From": null,
      "To": {
        "Map": 255,
        "X": 207,
        "Y": 116
      }
    }
  ],
  "DomainFixups": [],
  "DomainUpdates": [
    {
      "From": 0,
      "To": 0
    },
    {
      "From": 0,
      "To": 1
    },
    {
      "From": 0,
      "To": 2
    },
    {
      "From": 11,
      "To": 3
    },
    {
      "From": 11,
      "To": 4
    },
    {
      "From": 0,
      "To": 5
    },
    {
      "From": 0,
      "To": 6
    },
    {
      "From": 0,
      "To": 7
    },
    {
      "From": 40,
      "To": 8
    },
    {
      "From": 40,
      "To": 9
    },
    {
      "From": 11,
      "To": 10
    },
    {
      "From": 0,
      "To": 11
    },
    {
      "From": 6,
      "To": 12
    },
    {
      "From": 10,
      "To": 13
    },
    {
      "From": 11,
      "To": 14
    },
    {
      "From": 11,
      "To": 15
    },
    {
      "From": 40,
      "To": 16
    },
    {
      "From": 40,
      "To": 17
    },
    {
      "From": 9,
      "To": 18
    },
    {
      "From": 0,
      "To": 19
    },
    {
      "From": 6,
      "To": 20
    },
    {
      "From": 28,
      "To": 21
    },
    {
      "From": 43,
      "To": 22
    },
    {
      "From": 43,
      "To": 23
    },
    {
      "From": 42,
      "To": 24
    },
    {
      "From": 42,
      "To": 25
    },
    {
      "From": 1,
      "To": 26
    },
    {
      "From": 54,
      "To": 27
    },
    {
      "From": 52,
      "To": 28
    },
    {
      "From": 28,
      "To": 29
    },
    {
      "From": 14,
      "To": 30
    },
    {
      "From": 43,
      "To": 31
    },
    {
      "From": 0,
      "To": 32
    },
    {
      "From": 12,
      "To": 33
    },
    {
      "From": 54,
      "To": 34
    },
    {
      "From": 54,
      "To": 35
    },
    {
      "From": 52,
      "To": 36
    },
    {
      "From": 28,
      "To": 37
    },
    {
      "From": 29,
      "To": 38
    },
    {
      "From": 10,
      "To": 39
    },
    {
      "From": 0,
      "To": 40
    },
    {
      "From": 12,
      "To": 41
    },
    {
      "From": 54,
      "To": 42
    },
    {
      "From": 54,
      "To": 43
    },
    {
      "From": 40,
      "To": 44
    },
    {
      "From": 40,
      "To": 45
    },
    {
      "From": 10,
      "To": 46
    },
    {
      "From": 10,
      "To": 47
    },
    {
      "From": 42,
      "To": 48
    },
    {
      "From": 42,
      "To": 49
    },
    {
      "From": 54,
      "To": 50
    },
    {
      "From": 59,
      "To": 51
    },
    {
      "From": 40,
      "To": 52
    },
    {
      "From": 40,
      "To": 53
    },
    {
      "From": 0,
      "To": 54
    },
    {
      "From": 0,
      "To": 55
    },
    {
      "From": 42,
      "To": 56
    },
    {
      "From": 42,
      "To": 57
    },
    {
      "From": 54,
      "To": 58
    },
    {
      "From": 59,
      "To": 59
    },
    {
      "From": 40,
      "To": 60
    },
    {
      "From": 40,
      "To": 61
    },
    {
      "From": 0,
      "To": 62
    },
    {
      "From": 0,
      "To": 63
    }
  ],
  "OverworldCoordinates": {
    "Coneria": {
      "X": 207,
      "Y": 143
    },
    "ConeriaCastle1": {
      "X": 208,
      "Y": 142
    },
    "TempleOfFiends1": {
      "X": 177,
      "Y": 132
    },
    "Pravoka": {
      "X": 190,
      "Y": 105
    },
    "Gaia": {
      "X": 146,
      "Y": 60
    },
    "CastleOrdeals1": {
      "X": 50,
      "Y": 164
    },
    "TitansTunnelWest": {
      "X": 38,
      "Y": 76
    },
    "SardasCave": {
      "X": 33,
      "Y": 72
    },
    "EarthCave1": {
      "X": 55,
      "Y": 131
    },
    "MirageTower1": {
      "X": 207,
      "Y": 116
    },
    "Onrac": {
      "X": 87,
      "Y": 73
    },
    "TitansTunnelEast": {
      "X": 152,
      "Y": 218
    },
    "MatoyasCave": {
      "X": 202,
      "Y": 136
    },
    "DwarfCave": {
      "X": 161,
      "Y": 134
    },
    "Elfland": {
      "X": 138,
      "Y": 136
    },
    "ElflandCastle": {
      "X": 139,
      "Y": 135
    },
    "MarshCave1": {
      "X": 107,
      "Y": 214
    },
    "NorthwestCastle": {
      "X": 237,
      "Y": 94
    },
    "Melmond": {
      "X": 49,
      "Y": 197
    },
    "CrescentLake": {
      "X": 120,
      "Y": 185
    },
    "Lefein": {
      "X": 30,
      "Y": 209
    },
    "BahamutCave1": {
      "X": 224,
      "Y": 62
    },
    "Cardia1": {
      "X": 188,
      "Y": 75
    },
    "Cardia2": {
      "X": 176,
      "Y": 51
    },
    "Cardia4": {
      "X": 226,
      "Y": 159
    },
    "Cardia5": {
      "X": 123,
      "Y": 21
    },
    "Cardia6": {
      "X": 73,
      "Y": 57
    },
    "Waterfall": {
      "X": 65,
      "Y": 136
    },
    "IceCave1": {
      "X": 93,
      "Y": 143
    },
    "GurguVolcano1": {
      "X": 82,
      "Y": 211
    }
  }
}