﻿{
  "StartingLocation": {
    "X": 225,
    "Y": 53
  },
  "AirShipLocation": {
    "X": 192,
    "Y": 39
  },
  "BridgeLocation": {
    "X": 180,
    "Y": 20
  },
  "CanalLocation": {
    "X": 123,
    "Y": 134
  },
  "ShipLocations": [
    {
      "TeleporterIndex": 255,
      "X": 179,
      "Y": 27
    }
  ],
  "TeleporterFixups": [
    {
      "Type": 1,
      "Index": 0,
      "From": null,
      "To": {
        "Map": 255,
        "X": 209,
        "Y": 188
      }
    },
    {
      "Type": 1,
      "Index": 1,
      "From": null,
      "To": {
        "Map": 255,
        "X": 33,
        "Y": 53
      }
    },
    {
      "Type": 1,
      "Index": 2,
      "From": null,
      "To": {
        "Map": 255,
        "X": 133,
        "Y": 202
      }
    },
    {
      "Type": 1,
      "Index": 3,
      "From": null,
      "To": {
        "Map": 255,
        "X": 114,
        "Y": 204
      }
    },
    {
      "Type": 1,
      "Index": 4,
      "From": null,
      "To": {
        "Map": 255,
        "X": 225,
        "Y": 51
      }
    },
    {
      "Type": 1,
      "Index": 5,
      "From": null,
      "To": {
        "Map": 255,
        "X": 121,
        "Y": 176
      }
    },
    {
      "Type": 1,
      "Index": 6,
      "From": null,
      "To": {
        "Map": 255,
        "X": 149,
        "Y": 196
      }
    },
    {
      "Type": 1,
      "Index": 7,
      "From": null,
      "To": {
        "Map": 255,
        "X": 42,
        "Y": 204
      }
    },
    {
      "Type": 1,
      "Index": 8,
      "From": null,
      "To": {
        "Map": 255,
        "X": 211,
        "Y": 20
      }
    }
  ],
  "DomainFixups": [],
  "DomainUpdates": [
    {
      "From": 40,
      "To": 0
    },
    {
      "From": 40,
      "To": 1
    },
    {
      "From": 0,
      "To": 2
    },
    {
      "From": 6,
      "To": 3
    },
    {
      "From": 0,
      "To": 4
    },
    {
      "From": 14,
      "To": 5
    },
    {
      "From": 14,
      "To": 6
    },
    {
      "From": 14,
      "To": 7
    },
    {
      "From": 40,
      "To": 8
    },
    {
      "From": 40,
      "To": 9
    },
    {
      "From": 0,
      "To": 10
    },
    {
      "From": 0,
      "To": 11
    },
    {
      "From": 0,
      "To": 12
    },
    {
      "From": 14,
      "To": 13
    },
    {
      "From": 14,
      "To": 14
    },
    {
      "From": 28,
      "To": 15
    },
    {
      "From": 40,
      "To": 16
    },
    {
      "From": 40,
      "To": 17
    },
    {
      "From": 0,
      "To": 18
    },
    {
      "From": 0,
      "To": 19
    },
    {
      "From": 0,
      "To": 20
    },
    {
      "From": 0,
      "To": 21
    },
    {
      "From": 11,
      "To": 22
    },
    {
      "From": 28,
      "To": 23
    },
    {
      "From": 10,
      "To": 24
    },
    {
      "From": 0,
      "To": 25
    },
    {
      "From": 0,
      "To": 26
    },
    {
      "From": 0,
      "To": 27
    },
    {
      "From": 1,
      "To": 28
    },
    {
      "From": 1,
      "To": 29
    },
    {
      "From": 0,
      "To": 30
    },
    {
      "From": 0,
      "To": 31
    },
    {
      "From": 10,
      "To": 32
    },
    {
      "From": 42,
      "To": 33
    },
    {
      "From": 42,
      "To": 34
    },
    {
      "From": 42,
      "To": 35
    },
    {
      "From": 1,
      "To": 36
    },
    {
      "From": 1,
      "To": 37
    },
    {
      "From": 0,
      "To": 38
    },
    {
      "From": 10,
      "To": 39
    },
    {
      "From": 9,
      "To": 40
    },
    {
      "From": 29,
      "To": 41
    },
    {
      "From": 54,
      "To": 42
    },
    {
      "From": 42,
      "To": 43
    },
    {
      "From": 1,
      "To": 44
    },
    {
      "From": 59,
      "To": 45
    },
    {
      "From": 40,
      "To": 46
    },
    {
      "From": 40,
      "To": 47
    },
    {
      "From": 9,
      "To": 48
    },
    {
      "From": 9,
      "To": 49
    },
    {
      "From": 43,
      "To": 50
    },
    {
      "From": 12,
      "To": 51
    },
    {
      "From": 54,
      "To": 52
    },
    {
      "From": 35,
      "To": 53
    },
    {
      "From": 40,
      "To": 54
    },
    {
      "From": 40,
      "To": 55
    },
    {
      "From": 0,
      "To": 56
    },
    {
      "From": 0,
      "To": 57
    },
    {
      "From": 43,
      "To": 58
    },
    {
      "From": 43,
      "To": 59
    },
    {
      "From": 35,
      "To": 60
    },
    {
      "From": 35,
      "To": 61
    },
    {
      "From": 0,
      "To": 62
    },
    {
      "From": 0,
      "To": 63
    }
  ],
  "OverworldCoordinates": {
    "Coneria": {
      "X": 224,
      "Y": 52
    },
    "ConeriaCastle1": {
      "X": 225,
      "Y": 51
    },
    "TempleOfFiends1": {
      "X": 238,
      "Y": 48
    },
    "Pravoka": {
      "X": 180,
      "Y": 23
    },
    "Gaia": {
      "X": 115,
      "Y": 12
    },
    "CastleOrdeals1": {
      "X": 114,
      "Y": 204
    },
    "TitansTunnelWest": {
      "X": 33,
      "Y": 53
    },
    "SardasCave": {
      "X": 25,
      "Y": 69
    },
    "EarthCave1": {
      "X": 121,
      "Y": 176
    },
    "MirageTower1": {
      "X": 211,
      "Y": 20
    },
    "Onrac": {
      "X": 42,
      "Y": 204
    },
    "TitansTunnelEast": {
      "X": 209,
      "Y": 188
    },
    "MatoyasCave": {
      "X": 52,
      "Y": 168
    },
    "DwarfCave": {
      "X": 148,
      "Y": 217
    },
    "Elfland": {
      "X": 128,
      "Y": 236
    },
    "ElflandCastle": {
      "X": 129,
      "Y": 235
    },
    "MarshCave1": {
      "X": 173,
      "Y": 182
    },
    "NorthwestCastle": {
      "X": 104,
      "Y": 232
    },
    "Melmond": {
      "X": 54,
      "Y": 149
    },
    "CrescentLake": {
      "X": 71,
      "Y": 183
    },
    "Lefein": {
      "X": 192,
      "Y": 51
    },
    "BahamutCave1": {
      "X": 210,
      "Y": 72
    },
    "Cardia1": {
      "X": 240,
      "Y": 137
    },
    "Cardia2": {
      "X": 13,
      "Y": 102
    },
    "Cardia4": {
      "X": 22,
      "Y": 138
    },
    "Cardia5": {
      "X": 61,
      "Y": 80
    },
    "Cardia6": {
      "X": 177,
      "Y": 241
    },
    "Waterfall": {
      "X": 146,
      "Y": 175
    },
    "IceCave1": {
      "X": 133,
      "Y": 202
    },
    "GurguVolcano1": {
      "X": 149,
      "Y": 196
    }
  }
}