﻿{
  "StartingLocation": {
    "X": 23,
    "Y": 108
  },
  "AirShipLocation": {
    "X": 20,
    "Y": 60
  },
  "BridgeLocation": {
    "X": 120,
    "Y": 53
  },
  "CanalLocation": {
    "X": 32,
    "Y": 228
  },
  "ShipLocations": [
    {
      "TeleporterIndex": 255,
      "X": 119,
      "Y": 60
    }
  ],
  "TeleporterFixups": [
    {
      "Type": 1,
      "Index": 0,
      "From": null,
      "To": {
        "Map": 255,
        "X": 67,
        "Y": 163
      }
    },
    {
      "Type": 1,
      "Index": 1,
      "From": null,
      "To": {
        "Map": 255,
        "X": 59,
        "Y": 56
      }
    },
    {
      "Type": 1,
      "Index": 2,
      "From": null,
      "To": {
        "Map": 255,
        "X": 52,
        "Y": 212
      }
    },
    {
      "Type": 1,
      "Index": 3,
      "From": null,
      "To": {
        "Map": 255,
        "X": 33,
        "Y": 209
      }
    },
    {
      "Type": 1,
      "Index": 4,
      "From": null,
      "To": {
        "Map": 255,
        "X": 23,
        "Y": 106
      }
    },
    {
      "Type": 1,
      "Index": 5,
      "From": null,
      "To": {
        "Map": 255,
        "X": 49,
        "Y": 234
      }
    },
    {
      "Type": 1,
      "Index": 6,
      "From": null,
      "To": {
        "Map": 255,
        "X": 92,
        "Y": 37
      }
    },
    {
      "Type": 1,
      "Index": 7,
      "From": null,
      "To": {
        "Map": 255,
        "X": 196,
        "Y": 13
      }
    },
    {
      "Type": 1,
      "Index": 8,
      "From": null,
      "To": {
        "Map": 255,
        "X": 165,
        "Y": 158
      }
    }
  ],
  "DomainFixups": [],
  "DomainUpdates": [
    {
      "From": 11,
      "To": 0
    },
    {
      "From": 11,
      "To": 1
    },
    {
      "From": 11,
      "To": 2
    },
    {
      "From": 54,
      "To": 3
    },
    {
      "From": 54,
      "To": 4
    },
    {
      "From": 54,
      "To": 5
    },
    {
      "From": 9,
      "To": 6
    },
    {
      "From": 10,
      "To": 7
    },
    {
      "From": 1,
      "To": 8
    },
    {
      "From": 1,
      "To": 9
    },
    {
      "From": 54,
      "To": 10
    },
    {
      "From": 54,
      "To": 11
    },
    {
      "From": 54,
      "To": 12
    },
    {
      "From": 54,
      "To": 13
    },
    {
      "From": 0,
      "To": 14
    },
    {
      "From": 10,
      "To": 15
    },
    {
      "From": 36,
      "To": 16
    },
    {
      "From": 42,
      "To": 17
    },
    {
      "From": 52,
      "To": 18
    },
    {
      "From": 59,
      "To": 19
    },
    {
      "From": 59,
      "To": 20
    },
    {
      "From": 0,
      "To": 21
    },
    {
      "From": 0,
      "To": 22
    },
    {
      "From": 0,
      "To": 23
    },
    {
      "From": 36,
      "To": 24
    },
    {
      "From": 28,
      "To": 25
    },
    {
      "From": 0,
      "To": 26
    },
    {
      "From": 59,
      "To": 27
    },
    {
      "From": 59,
      "To": 28
    },
    {
      "From": 59,
      "To": 29
    },
    {
      "From": 0,
      "To": 30
    },
    {
      "From": 11,
      "To": 31
    },
    {
      "From": 43,
      "To": 32
    },
    {
      "From": 43,
      "To": 33
    },
    {
      "From": 40,
      "To": 34
    },
    {
      "From": 40,
      "To": 35
    },
    {
      "From": 59,
      "To": 36
    },
    {
      "From": 14,
      "To": 37
    },
    {
      "From": 0,
      "To": 38
    },
    {
      "From": 0,
      "To": 39
    },
    {
      "From": 29,
      "To": 40
    },
    {
      "From": 43,
      "To": 41
    },
    {
      "From": 11,
      "To": 42
    },
    {
      "From": 0,
      "To": 43
    },
    {
      "From": 14,
      "To": 44
    },
    {
      "From": 14,
      "To": 45
    },
    {
      "From": 0,
      "To": 46
    },
    {
      "From": 0,
      "To": 47
    },
    {
      "From": 12,
      "To": 48
    },
    {
      "From": 12,
      "To": 49
    },
    {
      "From": 11,
      "To": 50
    },
    {
      "From": 10,
      "To": 51
    },
    {
      "From": 10,
      "To": 52
    },
    {
      "From": 0,
      "To": 53
    },
    {
      "From": 0,
      "To": 54
    },
    {
      "From": 0,
      "To": 55
    },
    {
      "From": 42,
      "To": 56
    },
    {
      "From": 42,
      "To": 57
    },
    {
      "From": 42,
      "To": 58
    },
    {
      "From": 10,
      "To": 59
    },
    {
      "From": 10,
      "To": 60
    },
    {
      "From": 0,
      "To": 61
    },
    {
      "From": 0,
      "To": 62
    },
    {
      "From": 0,
      "To": 63
    }
  ],
  "OverworldCoordinates": {
    "Coneria": {
      "X": 22,
      "Y": 107
    },
    "ConeriaCastle1": {
      "X": 23,
      "Y": 106
    },
    "TempleOfFiends1": {
      "X": 35,
      "Y": 109
    },
    "Pravoka": {
      "X": 120,
      "Y": 56
    },
    "Gaia": {
      "X": 188,
      "Y": 164
    },
    "CastleOrdeals1": {
      "X": 33,
      "Y": 209
    },
    "TitansTunnelWest": {
      "X": 59,
      "Y": 56
    },
    "SardasCave": {
      "X": 61,
      "Y": 56
    },
    "EarthCave1": {
      "X": 49,
      "Y": 234
    },
    "MirageTower1": {
      "X": 165,
      "Y": 158
    },
    "Onrac": {
      "X": 196,
      "Y": 13
    },
    "TitansTunnelEast": {
      "X": 67,
      "Y": 163
    },
    "MatoyasCave": {
      "X": 41,
      "Y": 184
    },
    "DwarfCave": {
      "X": 50,
      "Y": 181
    },
    "Elfland": {
      "X": 67,
      "Y": 77
    },
    "ElflandCastle": {
      "X": 68,
      "Y": 76
    },
    "MarshCave1": {
      "X": 151,
      "Y": 108
    },
    "NorthwestCastle": {
      "X": 44,
      "Y": 162
    },
    "Melmond": {
      "X": 50,
      "Y": 83
    },
    "CrescentLake": {
      "X": 169,
      "Y": 31
    },
    "Lefein": {
      "X": 149,
      "Y": 134
    },
    "BahamutCave1": {
      "X": 236,
      "Y": 113
    },
    "Cardia1": {
      "X": 145,
      "Y": 214
    },
    "Cardia2": {
      "X": 238,
      "Y": 34
    },
    "Cardia4": {
      "X": 93,
      "Y": 225
    },
    "Cardia5": {
      "X": 64,
      "Y": 17
    },
    "Cardia6": {
      "X": 81,
      "Y": 187
    },
    "Waterfall": {
      "X": 62,
      "Y": 36
    },
    "IceCave1": {
      "X": 52,
      "Y": 212
    },
    "GurguVolcano1": {
      "X": 92,
      "Y": 37
    }
  }
}