﻿{
  "StartingLocation": {
    "X": 132,
    "Y": 187
  },
  "AirShipLocation": {
    "X": 173,
    "Y": 199
  },
  "BridgeLocation": {
    "X": 130,
    "Y": 219
  },
  "CanalLocation": {
    "X": 210,
    "Y": 143
  },
  "ShipLocations": [
    {
      "TeleporterIndex": 1,
      "X": 101,
      "Y": 160
    },
    {
      "TeleporterIndex": 9,
      "X": 101,
      "Y": 160
    },
    {
      "TeleporterIndex": 255,
      "X": 101,
      "Y": 160
    },
    {
      "TeleporterIndex": 13,
      "X": 101,
      "Y": 160
    },
    {
      "TeleporterIndex": 2,
      "X": 129,
      "Y": 226
    },
    {
      "TeleporterIndex": 3,
      "X": 167,
      "Y": 171
    },
    {
      "TeleporterIndex": 10,
      "X": 167,
      "Y": 171
    },
    {
      "TeleporterIndex": 23,
      "X": 101,
      "Y": 160
    },
    {
      "TeleporterIndex": 11,
      "X": 21,
      "Y": 52
    },
    {
      "TeleporterIndex": 4,
      "X": 101,
      "Y": 160
    },
    {
      "TeleporterIndex": 5,
      "X": 245,
      "Y": 34
    }
  ],
  "TeleporterFixups": [
    {
      "Type": 1,
      "Index": 0,
      "From": null,
      "To": {
        "Map": 255,
        "X": 138,
        "Y": 193
      }
    },
    {
      "Type": 1,
      "Index": 1,
      "From": null,
      "To": {
        "Map": 255,
        "X": 109,
        "Y": 218
      }
    },
    {
      "Type": 1,
      "Index": 2,
      "From": null,
      "To": {
        "Map": 255,
        "X": 213,
        "Y": 190
      }
    },
    {
      "Type": 1,
      "Index": 3,
      "From": null,
      "To": {
        "Map": 255,
        "X": 96,
        "Y": 221
      }
    },
    {
      "Type": 1,
      "Index": 4,
      "From": null,
      "To": {
        "Map": 255,
        "X": 132,
        "Y": 185
      }
    },
    {
      "Type": 1,
      "Index": 5,
      "From": null,
      "To": {
        "Map": 255,
        "X": 209,
        "Y": 139
      }
    },
    {
      "Type": 1,
      "Index": 6,
      "From": null,
      "To": {
        "Map": 255,
        "X": 177,
        "Y": 128
      }
    },
    {
      "Type": 1,
      "Index": 7,
      "From": null,
      "To": {
        "Map": 255,
        "X": 166,
        "Y": 112
      }
    },
    {
      "Type": 1,
      "Index": 8,
      "From": null,
      "To": {
        "Map": 255,
        "X": 136,
        "Y": 24
      }
    }
  ],
  "DomainFixups": [],
  "DomainUpdates": [
    {
      "From": 0,
      "To": 0
    },
    {
      "From": 0,
      "To": 1
    },
    {
      "From": 0,
      "To": 2
    },
    {
      "From": 14,
      "To": 3
    },
    {
      "From": 14,
      "To": 4
    },
    {
      "From": 14,
      "To": 5
    },
    {
      "From": 0,
      "To": 6
    },
    {
      "From": 54,
      "To": 7
    },
    {
      "From": 43,
      "To": 8
    },
    {
      "From": 0,
      "To": 9
    },
    {
      "From": 0,
      "To": 10
    },
    {
      "From": 0,
      "To": 11
    },
    {
      "From": 14,
      "To": 12
    },
    {
      "From": 0,
      "To": 13
    },
    {
      "From": 54,
      "To": 14
    },
    {
      "From": 54,
      "To": 15
    },
    {
      "From": 43,
      "To": 16
    },
    {
      "From": 35,
      "To": 17
    },
    {
      "From": 0,
      "To": 18
    },
    {
      "From": 0,
      "To": 19
    },
    {
      "From": 0,
      "To": 20
    },
    {
      "From": 9,
      "To": 21
    },
    {
      "From": 54,
      "To": 22
    },
    {
      "From": 54,
      "To": 23
    },
    {
      "From": 35,
      "To": 24
    },
    {
      "From": 35,
      "To": 25
    },
    {
      "From": 0,
      "To": 26
    },
    {
      "From": 0,
      "To": 27
    },
    {
      "From": 9,
      "To": 28
    },
    {
      "From": 9,
      "To": 29
    },
    {
      "From": 42,
      "To": 30
    },
    {
      "From": 0,
      "To": 31
    },
    {
      "From": 0,
      "To": 32
    },
    {
      "From": 0,
      "To": 33
    },
    {
      "From": 28,
      "To": 34
    },
    {
      "From": 28,
      "To": 35
    },
    {
      "From": 1,
      "To": 36
    },
    {
      "From": 54,
      "To": 37
    },
    {
      "From": 42,
      "To": 38
    },
    {
      "From": 52,
      "To": 39
    },
    {
      "From": 0,
      "To": 40
    },
    {
      "From": 0,
      "To": 41
    },
    {
      "From": 28,
      "To": 42
    },
    {
      "From": 28,
      "To": 43
    },
    {
      "From": 42,
      "To": 44
    },
    {
      "From": 52,
      "To": 45
    },
    {
      "From": 52,
      "To": 46
    },
    {
      "From": 52,
      "To": 47
    },
    {
      "From": 11,
      "To": 48
    },
    {
      "From": 11,
      "To": 49
    },
    {
      "From": 12,
      "To": 50
    },
    {
      "From": 12,
      "To": 51
    },
    {
      "From": 40,
      "To": 52
    },
    {
      "From": 29,
      "To": 53
    },
    {
      "From": 54,
      "To": 54
    },
    {
      "From": 54,
      "To": 55
    },
    {
      "From": 11,
      "To": 56
    },
    {
      "From": 11,
      "To": 57
    },
    {
      "From": 12,
      "To": 58
    },
    {
      "From": 40,
      "To": 59
    },
    {
      "From": 40,
      "To": 60
    },
    {
      "From": 29,
      "To": 61
    },
    {
      "From": 10,
      "To": 62
    },
    {
      "From": 10,
      "To": 63
    }
  ],
  "OverworldCoordinates": {
    "Coneria": {
      "X": 131,
      "Y": 186
    },
    "ConeriaCastle1": {
      "X": 132,
      "Y": 185
    },
    "TempleOfFiends1": {
      "X": 103,
      "Y": 182
    },
    "Pravoka": {
      "X": 130,
      "Y": 222
    },
    "Gaia": {
      "X": 16,
      "Y": 114
    },
    "CastleOrdeals1": {
      "X": 96,
      "Y": 221
    },
    "TitansTunnelWest": {
      "X": 109,
      "Y": 218
    },
    "SardasCave": {
      "X": 111,
      "Y": 218
    },
    "EarthCave1": {
      "X": 209,
      "Y": 139
    },
    "MirageTower1": {
      "X": 136,
      "Y": 24
    },
    "Onrac": {
      "X": 166,
      "Y": 112
    },
    "TitansTunnelEast": {
      "X": 138,
      "Y": 193
    },
    "MatoyasCave": {
      "X": 189,
      "Y": 189
    },
    "DwarfCave": {
      "X": 20,
      "Y": 94
    },
    "Elfland": {
      "X": 187,
      "Y": 157
    },
    "ElflandCastle": {
      "X": 188,
      "Y": 156
    },
    "MarshCave1": {
      "X": 134,
      "Y": 160
    },
    "NorthwestCastle": {
      "X": 20,
      "Y": 75
    },
    "Melmond": {
      "X": 145,
      "Y": 177
    },
    "CrescentLake": {
      "X": 218,
      "Y": 57
    },
    "Lefein": {
      "X": 188,
      "Y": 19
    },
    "BahamutCave1": {
      "X": 16,
      "Y": 213
    },
    "Cardia1": {
      "X": 215,
      "Y": 239
    },
    "Cardia2": {
      "X": 244,
      "Y": 61
    },
    "Cardia4": {
      "X": 240,
      "Y": 209
    },
    "Cardia5": {
      "X": 233,
      "Y": 140
    },
    "Cardia6": {
      "X": 25,
      "Y": 242
    },
    "Waterfall": {
      "X": 154,
      "Y": 124
    },
    "IceCave1": {
      "X": 213,
      "Y": 190
    },
    "GurguVolcano1": {
      "X": 177,
      "Y": 128
    }
  }
}