﻿{
  "StartingLocation": {
    "X": 56,
    "Y": 208
  },
  "AirShipLocation": {
    "X": 209,
    "Y": 43
  },
  "BridgeLocation": {
    "X": 76,
    "Y": 213
  },
  "CanalLocation": {
    "X": 229,
    "Y": 187
  },
  "ShipLocations": [
    {
      "TeleporterIndex": 255,
      "X": 75,
      "Y": 220
    }
  ],
  "TeleporterFixups": [
    {
      "Type": 1,
      "Index": 0,
      "From": null,
      "To": {
        "Map": 255,
        "X": 137,
        "Y": 136
      }
    },
    {
      "Type": 1,
      "Index": 1,
      "From": null,
      "To": {
        "Map": 255,
        "X": 187,
        "Y": 169
      }
    },
    {
      "Type": 1,
      "Index": 2,
      "From": null,
      "To": {
        "Map": 255,
        "X": 207,
        "Y": 157
      }
    },
    {
      "Type": 1,
      "Index": 3,
      "From": null,
      "To": {
        "Map": 255,
        "X": 194,
        "Y": 138
      }
    },
    {
      "Type": 1,
      "Index": 4,
      "From": null,
      "To": {
        "Map": 255,
        "X": 56,
        "Y": 206
      }
    },
    {
      "Type": 1,
      "Index": 5,
      "From": null,
      "To": {
        "Map": 255,
        "X": 216,
        "Y": 192
      }
    },
    {
      "Type": 1,
      "Index": 6,
      "From": null,
      "To": {
        "Map": 255,
        "X": 207,
        "Y": 172
      }
    },
    {
      "Type": 1,
      "Index": 7,
      "From": null,
      "To": {
        "Map": 255,
        "X": 230,
        "Y": 152
      }
    },
    {
      "Type": 1,
      "Index": 8,
      "From": null,
      "To": {
        "Map": 255,
        "X": 189,
        "Y": 19
      }
    }
  ],
  "DomainFixups": [],
  "DomainUpdates": [
    {
      "From": 10,
      "To": 0
    },
    {
      "From": 11,
      "To": 1
    },
    {
      "From": 0,
      "To": 2
    },
    {
      "From": 0,
      "To": 3
    },
    {
      "From": 0,
      "To": 4
    },
    {
      "From": 14,
      "To": 5
    },
    {
      "From": 14,
      "To": 6
    },
    {
      "From": 0,
      "To": 7
    },
    {
      "From": 10,
      "To": 8
    },
    {
      "From": 11,
      "To": 9
    },
    {
      "From": 0,
      "To": 10
    },
    {
      "From": 0,
      "To": 11
    },
    {
      "From": 0,
      "To": 12
    },
    {
      "From": 14,
      "To": 13
    },
    {
      "From": 14,
      "To": 14
    },
    {
      "From": 14,
      "To": 15
    },
    {
      "From": 10,
      "To": 16
    },
    {
      "From": 10,
      "To": 17
    },
    {
      "From": 0,
      "To": 18
    },
    {
      "From": 11,
      "To": 19
    },
    {
      "From": 42,
      "To": 20
    },
    {
      "From": 54,
      "To": 21
    },
    {
      "From": 35,
      "To": 22
    },
    {
      "From": 29,
      "To": 23
    },
    {
      "From": 10,
      "To": 24
    },
    {
      "From": 10,
      "To": 25
    },
    {
      "From": 10,
      "To": 26
    },
    {
      "From": 10,
      "To": 27
    },
    {
      "From": 42,
      "To": 28
    },
    {
      "From": 42,
      "To": 29
    },
    {
      "From": 29,
      "To": 30
    },
    {
      "From": 29,
      "To": 31
    },
    {
      "From": 52,
      "To": 32
    },
    {
      "From": 52,
      "To": 33
    },
    {
      "From": 0,
      "To": 34
    },
    {
      "From": 0,
      "To": 35
    },
    {
      "From": 40,
      "To": 36
    },
    {
      "From": 40,
      "To": 37
    },
    {
      "From": 12,
      "To": 38
    },
    {
      "From": 9,
      "To": 39
    },
    {
      "From": 52,
      "To": 40
    },
    {
      "From": 52,
      "To": 41
    },
    {
      "From": 59,
      "To": 42
    },
    {
      "From": 0,
      "To": 43
    },
    {
      "From": 40,
      "To": 44
    },
    {
      "From": 43,
      "To": 45
    },
    {
      "From": 54,
      "To": 46
    },
    {
      "From": 42,
      "To": 47
    },
    {
      "From": 52,
      "To": 48
    },
    {
      "From": 36,
      "To": 49
    },
    {
      "From": 59,
      "To": 50
    },
    {
      "From": 0,
      "To": 51
    },
    {
      "From": 0,
      "To": 52
    },
    {
      "From": 43,
      "To": 53
    },
    {
      "From": 42,
      "To": 54
    },
    {
      "From": 42,
      "To": 55
    },
    {
      "From": 0,
      "To": 56
    },
    {
      "From": 36,
      "To": 57
    },
    {
      "From": 28,
      "To": 58
    },
    {
      "From": 0,
      "To": 59
    },
    {
      "From": 0,
      "To": 60
    },
    {
      "From": 0,
      "To": 61
    },
    {
      "From": 0,
      "To": 62
    },
    {
      "From": 0,
      "To": 63
    }
  ],
  "OverworldCoordinates": {
    "Coneria": {
      "X": 55,
      "Y": 207
    },
    "ConeriaCastle1": {
      "X": 56,
      "Y": 206
    },
    "TempleOfFiends1": {
      "X": 84,
      "Y": 238
    },
    "Pravoka": {
      "X": 76,
      "Y": 216
    },
    "Gaia": {
      "X": 62,
      "Y": 238
    },
    "CastleOrdeals1": {
      "X": 194,
      "Y": 138
    },
    "TitansTunnelWest": {
      "X": 187,
      "Y": 169
    },
    "SardasCave": {
      "X": 185,
      "Y": 169
    },
    "EarthCave1": {
      "X": 216,
      "Y": 192
    },
    "MirageTower1": {
      "X": 189,
      "Y": 19
    },
    "Onrac": {
      "X": 230,
      "Y": 152
    },
    "TitansTunnelEast": {
      "X": 137,
      "Y": 136
    },
    "MatoyasCave": {
      "X": 216,
      "Y": 88
    },
    "DwarfCave": {
      "X": 213,
      "Y": 84
    },
    "Elfland": {
      "X": 32,
      "Y": 185
    },
    "ElflandCastle": {
      "X": 33,
      "Y": 184
    },
    "MarshCave1": {
      "X": 78,
      "Y": 194
    },
    "NorthwestCastle": {
      "X": 182,
      "Y": 195
    },
    "Melmond": {
      "X": 164,
      "Y": 111
    },
    "CrescentLake": {
      "X": 172,
      "Y": 85
    },
    "Lefein": {
      "X": 204,
      "Y": 208
    },
    "BahamutCave1": {
      "X": 51,
      "Y": 34
    },
    "Cardia1": {
      "X": 29,
      "Y": 82
    },
    "Cardia2": {
      "X": 99,
      "Y": 98
    },
    "Cardia4": {
      "X": 18,
      "Y": 26
    },
    "Cardia5": {
      "X": 239,
      "Y": 105
    },
    "Cardia6": {
      "X": 113,
      "Y": 81
    },
    "Waterfall": {
      "X": 190,
      "Y": 135
    },
    "IceCave1": {
      "X": 207,
      "Y": 157
    },
    "GurguVolcano1": {
      "X": 207,
      "Y": 172
    }
  }
}