﻿{
  "StartingLocation": {
    "X": 179,
    "Y": 117
  },
  "AirShipLocation": {
    "X": 176,
    "Y": 135
  },
  "BridgeLocation": {
    "X": 216,
    "Y": 149
  },
  "CanalLocation": {
    "X": 177,
    "Y": 28
  },
  "ShipLocations": [
    {
      "TeleporterIndex": 255,
      "X": 215,
      "Y": 156
    }
  ],
  "TeleporterFixups": [
    {
      "Type": 1,
      "Index": 0,
      "From": null,
      "To": {
        "Map": 255,
        "X": 129,
        "Y": 35
      }
    },
    {
      "Type": 1,
      "Index": 1,
      "From": null,
      "To": {
        "Map": 255,
        "X": 111,
        "Y": 228
      }
    },
    {
      "Type": 1,
      "Index": 2,
      "From": null,
      "To": {
        "Map": 255,
        "X": 220,
        "Y": 85
      }
    },
    {
      "Type": 1,
      "Index": 3,
      "From": null,
      "To": {
        "Map": 255,
        "X": 241,
        "Y": 75
      }
    },
    {
      "Type": 1,
      "Index": 4,
      "From": null,
      "To": {
        "Map": 255,
        "X": 179,
        "Y": 115
      }
    },
    {
      "Type": 1,
      "Index": 5,
      "From": null,
      "To": {
        "Map": 255,
        "X": 221,
        "Y": 28
      }
    },
    {
      "Type": 1,
      "Index": 6,
      "From": null,
      "To": {
        "Map": 255,
        "X": 206,
        "Y": 64
      }
    },
    {
      "Type": 1,
      "Index": 7,
      "From": null,
      "To": {
        "Map": 255,
        "X": 239,
        "Y": 180
      }
    },
    {
      "Type": 1,
      "Index": 8,
      "From": null,
      "To": {
        "Map": 255,
        "X": 112,
        "Y": 174
      }
    }
  ],
  "DomainFixups": [],
  "DomainUpdates": [
    {
      "From": 0,
      "To": 0
    },
    {
      "From": 0,
      "To": 1
    },
    {
      "From": 52,
      "To": 2
    },
    {
      "From": 40,
      "To": 3
    },
    {
      "From": 40,
      "To": 4
    },
    {
      "From": 35,
      "To": 5
    },
    {
      "From": 35,
      "To": 6
    },
    {
      "From": 42,
      "To": 7
    },
    {
      "From": 0,
      "To": 8
    },
    {
      "From": 0,
      "To": 9
    },
    {
      "From": 52,
      "To": 10
    },
    {
      "From": 40,
      "To": 11
    },
    {
      "From": 40,
      "To": 12
    },
    {
      "From": 35,
      "To": 13
    },
    {
      "From": 42,
      "To": 14
    },
    {
      "From": 12,
      "To": 15
    },
    {
      "From": 0,
      "To": 16
    },
    {
      "From": 0,
      "To": 17
    },
    {
      "From": 0,
      "To": 18
    },
    {
      "From": 10,
      "To": 19
    },
    {
      "From": 0,
      "To": 20
    },
    {
      "From": 35,
      "To": 21
    },
    {
      "From": 35,
      "To": 22
    },
    {
      "From": 12,
      "To": 23
    },
    {
      "From": 0,
      "To": 24
    },
    {
      "From": 0,
      "To": 25
    },
    {
      "From": 0,
      "To": 26
    },
    {
      "From": 10,
      "To": 27
    },
    {
      "From": 10,
      "To": 28
    },
    {
      "From": 36,
      "To": 29
    },
    {
      "From": 54,
      "To": 30
    },
    {
      "From": 54,
      "To": 31
    },
    {
      "From": 0,
      "To": 32
    },
    {
      "From": 0,
      "To": 33
    },
    {
      "From": 0,
      "To": 34
    },
    {
      "From": 14,
      "To": 35
    },
    {
      "From": 0,
      "To": 36
    },
    {
      "From": 43,
      "To": 37
    },
    {
      "From": 54,
      "To": 38
    },
    {
      "From": 54,
      "To": 39
    },
    {
      "From": 0,
      "To": 40
    },
    {
      "From": 0,
      "To": 41
    },
    {
      "From": 14,
      "To": 42
    },
    {
      "From": 14,
      "To": 43
    },
    {
      "From": 42,
      "To": 44
    },
    {
      "From": 43,
      "To": 45
    },
    {
      "From": 43,
      "To": 46
    },
    {
      "From": 9,
      "To": 47
    },
    {
      "From": 0,
      "To": 48
    },
    {
      "From": 59,
      "To": 49
    },
    {
      "From": 59,
      "To": 50
    },
    {
      "From": 42,
      "To": 51
    },
    {
      "From": 42,
      "To": 52
    },
    {
      "From": 0,
      "To": 53
    },
    {
      "From": 0,
      "To": 54
    },
    {
      "From": 0,
      "To": 55
    },
    {
      "From": 0,
      "To": 56
    },
    {
      "From": 0,
      "To": 57
    },
    {
      "From": 1,
      "To": 58
    },
    {
      "From": 1,
      "To": 59
    },
    {
      "From": 42,
      "To": 60
    },
    {
      "From": 11,
      "To": 61
    },
    {
      "From": 0,
      "To": 62
    },
    {
      "From": 10,
      "To": 63
    }
  ],
  "OverworldCoordinates": {
    "Coneria": {
      "X": 178,
      "Y": 116
    },
    "ConeriaCastle1": {
      "X": 179,
      "Y": 115
    },
    "TempleOfFiends1": {
      "X": 197,
      "Y": 132
    },
    "Pravoka": {
      "X": 216,
      "Y": 152
    },
    "Gaia": {
      "X": 236,
      "Y": 49
    },
    "CastleOrdeals1": {
      "X": 241,
      "Y": 75
    },
    "TitansTunnelWest": {
      "X": 111,
      "Y": 228
    },
    "SardasCave": {
      "X": 109,
      "Y": 233
    },
    "EarthCave1": {
      "X": 221,
      "Y": 28
    },
    "MirageTower1": {
      "X": 112,
      "Y": 174
    },
    "Onrac": {
      "X": 239,
      "Y": 180
    },
    "TitansTunnelEast": {
      "X": 129,
      "Y": 35
    },
    "MatoyasCave": {
      "X": 186,
      "Y": 130
    },
    "DwarfCave": {
      "X": 186,
      "Y": 58
    },
    "Elfland": {
      "X": 82,
      "Y": 21
    },
    "ElflandCastle": {
      "X": 83,
      "Y": 20
    },
    "MarshCave1": {
      "X": 54,
      "Y": 211
    },
    "NorthwestCastle": {
      "X": 166,
      "Y": 148
    },
    "Melmond": {
      "X": 134,
      "Y": 202
    },
    "CrescentLake": {
      "X": 211,
      "Y": 127
    },
    "Lefein": {
      "X": 107,
      "Y": 189
    },
    "BahamutCave1": {
      "X": 169,
      "Y": 232
    },
    "Cardia1": {
      "X": 121,
      "Y": 69
    },
    "Cardia2": {
      "X": 243,
      "Y": 240
    },
    "Cardia4": {
      "X": 125,
      "Y": 119
    },
    "Cardia5": {
      "X": 244,
      "Y": 155
    },
    "Cardia6": {
      "X": 122,
      "Y": 244
    },
    "Waterfall": {
      "X": 100,
      "Y": 232
    },
    "IceCave1": {
      "X": 220,
      "Y": 85
    },
    "GurguVolcano1": {
      "X": 206,
      "Y": 64
    }
  }
}