﻿{
  "StartingLocation": {
    "X": 209,
    "Y": 128
  },
  "AirShipLocation": {
    "X": 62,
    "Y": 189
  },
  "BridgeLocation": {
    "X": 223,
    "Y": 98
  },
  "CanalLocation": {
    "X": 172,
    "Y": 82
  },
  "ShipLocations": [
    {
      "TeleporterIndex": 255,
      "X": 222,
      "Y": 105
    }
  ],
  "TeleporterFixups": [
    {
      "Type": 1,
      "Index": 0,
      "From": null,
      "To": {
        "Map": 255,
        "X": 133,
        "Y": 204
      }
    },
    {
      "Type": 1,
      "Index": 1,
      "From": null,
      "To": {
        "Map": 255,
        "X": 54,
        "Y": 233
      }
    },
    {
      "Type": 1,
      "Index": 2,
      "From": null,
      "To": {
        "Map": 255,
        "X": 123,
        "Y": 86
      }
    },
    {
      "Type": 1,
      "Index": 3,
      "From": null,
      "To": {
        "Map": 255,
        "X": 89,
        "Y": 74
      }
    },
    {
      "Type": 1,
      "Index": 4,
      "From": null,
      "To": {
        "Map": 255,
        "X": 209,
        "Y": 126
      }
    },
    {
      "Type": 1,
      "Index": 5,
      "From": null,
      "To": {
        "Map": 255,
        "X": 132,
        "Y": 102
      }
    },
    {
      "Type": 1,
      "Index": 6,
      "From": null,
      "To": {
        "Map": 255,
        "X": 102,
        "Y": 200
      }
    },
    {
      "Type": 1,
      "Index": 7,
      "From": null,
      "To": {
        "Map": 255,
        "X": 120,
        "Y": 52
      }
    },
    {
      "Type": 1,
      "Index": 8,
      "From": null,
      "To": {
        "Map": 255,
        "X": 81,
        "Y": 137
      }
    }
  ],
  "DomainFixups": [],
  "DomainUpdates": [
    {
      "From": 0,
      "To": 0
    },
    {
      "From": 0,
      "To": 1
    },
    {
      "From": 29,
      "To": 2
    },
    {
      "From": 0,
      "To": 3
    },
    {
      "From": 0,
      "To": 4
    },
    {
      "From": 0,
      "To": 5
    },
    {
      "From": 0,
      "To": 6
    },
    {
      "From": 0,
      "To": 7
    },
    {
      "From": 0,
      "To": 8
    },
    {
      "From": 0,
      "To": 9
    },
    {
      "From": 12,
      "To": 10
    },
    {
      "From": 29,
      "To": 11
    },
    {
      "From": 9,
      "To": 12
    },
    {
      "From": 10,
      "To": 13
    },
    {
      "From": 0,
      "To": 14
    },
    {
      "From": 11,
      "To": 15
    },
    {
      "From": 0,
      "To": 16
    },
    {
      "From": 0,
      "To": 17
    },
    {
      "From": 12,
      "To": 18
    },
    {
      "From": 12,
      "To": 19
    },
    {
      "From": 10,
      "To": 20
    },
    {
      "From": 10,
      "To": 21
    },
    {
      "From": 59,
      "To": 22
    },
    {
      "From": 11,
      "To": 23
    },
    {
      "From": 0,
      "To": 24
    },
    {
      "From": 35,
      "To": 25
    },
    {
      "From": 35,
      "To": 26
    },
    {
      "From": 42,
      "To": 27
    },
    {
      "From": 10,
      "To": 28
    },
    {
      "From": 10,
      "To": 29
    },
    {
      "From": 36,
      "To": 30
    },
    {
      "From": 59,
      "To": 31
    },
    {
      "From": 35,
      "To": 32
    },
    {
      "From": 35,
      "To": 33
    },
    {
      "From": 42,
      "To": 34
    },
    {
      "From": 42,
      "To": 35
    },
    {
      "From": 0,
      "To": 36
    },
    {
      "From": 36,
      "To": 37
    },
    {
      "From": 28,
      "To": 38
    },
    {
      "From": 43,
      "To": 39
    },
    {
      "From": 10,
      "To": 40
    },
    {
      "From": 10,
      "To": 41
    },
    {
      "From": 10,
      "To": 42
    },
    {
      "From": 42,
      "To": 43
    },
    {
      "From": 54,
      "To": 44
    },
    {
      "From": 0,
      "To": 45
    },
    {
      "From": 28,
      "To": 46
    },
    {
      "From": 43,
      "To": 47
    },
    {
      "From": 6,
      "To": 48
    },
    {
      "From": 11,
      "To": 49
    },
    {
      "From": 10,
      "To": 50
    },
    {
      "From": 54,
      "To": 51
    },
    {
      "From": 52,
      "To": 52
    },
    {
      "From": 0,
      "To": 53
    },
    {
      "From": 0,
      "To": 54
    },
    {
      "From": 0,
      "To": 55
    },
    {
      "From": 6,
      "To": 56
    },
    {
      "From": 40,
      "To": 57
    },
    {
      "From": 0,
      "To": 58
    },
    {
      "From": 1,
      "To": 59
    },
    {
      "From": 1,
      "To": 60
    },
    {
      "From": 0,
      "To": 61
    },
    {
      "From": 0,
      "To": 62
    },
    {
      "From": 0,
      "To": 63
    }
  ],
  "OverworldCoordinates": {
    "Coneria": {
      "X": 208,
      "Y": 127
    },
    "ConeriaCastle1": {
      "X": 209,
      "Y": 126
    },
    "TempleOfFiends1": {
      "X": 215,
      "Y": 147
    },
    "Pravoka": {
      "X": 223,
      "Y": 101
    },
    "Gaia": {
      "X": 28,
      "Y": 216
    },
    "CastleOrdeals1": {
      "X": 89,
      "Y": 74
    },
    "TitansTunnelWest": {
      "X": 54,
      "Y": 233
    },
    "SardasCave": {
      "X": 30,
      "Y": 204
    },
    "EarthCave1": {
      "X": 132,
      "Y": 102
    },
    "MirageTower1": {
      "X": 81,
      "Y": 137
    },
    "Onrac": {
      "X": 120,
      "Y": 52
    },
    "TitansTunnelEast": {
      "X": 133,
      "Y": 204
    },
    "MatoyasCave": {
      "X": 100,
      "Y": 45
    },
    "DwarfCave": {
      "X": 68,
      "Y": 128
    },
    "Elfland": {
      "X": 147,
      "Y": 209
    },
    "ElflandCastle": {
      "X": 148,
      "Y": 208
    },
    "MarshCave1": {
      "X": 234,
      "Y": 98
    },
    "NorthwestCastle": {
      "X": 228,
      "Y": 150
    },
    "Melmond": {
      "X": 97,
      "Y": 161
    },
    "CrescentLake": {
      "X": 118,
      "Y": 188
    },
    "Lefein": {
      "X": 31,
      "Y": 168
    },
    "BahamutCave1": {
      "X": 238,
      "Y": 65
    },
    "Cardia1": {
      "X": 201,
      "Y": 86
    },
    "Cardia2": {
      "X": 82,
      "Y": 189
    },
    "Cardia4": {
      "X": 167,
      "Y": 114
    },
    "Cardia5": {
      "X": 100,
      "Y": 226
    },
    "Cardia6": {
      "X": 43,
      "Y": 219
    },
    "Waterfall": {
      "X": 116,
      "Y": 224
    },
    "IceCave1": {
      "X": 123,
      "Y": 86
    },
    "GurguVolcano1": {
      "X": 102,
      "Y": 200
    }
  }
}