﻿{
  "StartingLocation": {
    "X": 34,
    "Y": 102
  },
  "AirShipLocation": {
    "X": 61,
    "Y": 23
  },
  "BridgeLocation": {
    "X": 44,
    "Y": 131
  },
  "CanalLocation": {
    "X": 233,
    "Y": 18
  },
  "ShipLocations": [
    {
      "TeleporterIndex": 255,
      "X": 43,
      "Y": 138
    }
  ],
  "TeleporterFixups": [
    {
      "Type": 1,
      "Index": 0,
      "From": null,
      "To": {
        "Map": 255,
        "X": 186,
        "Y": 97
      }
    },
    {
      "Type": 1,
      "Index": 1,
      "From": null,
      "To": {
        "Map": 255,
        "X": 121,
        "Y": 70
      }
    },
    {
      "Type": 1,
      "Index": 2,
      "From": null,
      "To": {
        "Map": 255,
        "X": 191,
        "Y": 38
      }
    },
    {
      "Type": 1,
      "Index": 3,
      "From": null,
      "To": {
        "Map": 255,
        "X": 146,
        "Y": 53
      }
    },
    {
      "Type": 1,
      "Index": 4,
      "From": null,
      "To": {
        "Map": 255,
        "X": 34,
        "Y": 100
      }
    },
    {
      "Type": 1,
      "Index": 5,
      "From": null,
      "To": {
        "Map": 255,
        "X": 217,
        "Y": 40
      }
    },
    {
      "Type": 1,
      "Index": 6,
      "From": null,
      "To": {
        "Map": 255,
        "X": 175,
        "Y": 48
      }
    },
    {
      "Type": 1,
      "Index": 7,
      "From": null,
      "To": {
        "Map": 255,
        "X": 234,
        "Y": 32
      }
    },
    {
      "Type": 1,
      "Index": 8,
      "From": null,
      "To": {
        "Map": 255,
        "X": 65,
        "Y": 61
      }
    }
  ],
  "DomainFixups": [],
  "DomainUpdates": [
    {
      "From": 0,
      "To": 0
    },
    {
      "From": 14,
      "To": 1
    },
    {
      "From": 54,
      "To": 2
    },
    {
      "From": 54,
      "To": 3
    },
    {
      "From": 52,
      "To": 4
    },
    {
      "From": 54,
      "To": 5
    },
    {
      "From": 42,
      "To": 6
    },
    {
      "From": 9,
      "To": 7
    },
    {
      "From": 28,
      "To": 8
    },
    {
      "From": 14,
      "To": 9
    },
    {
      "From": 14,
      "To": 10
    },
    {
      "From": 54,
      "To": 11
    },
    {
      "From": 12,
      "To": 12
    },
    {
      "From": 54,
      "To": 13
    },
    {
      "From": 42,
      "To": 14
    },
    {
      "From": 9,
      "To": 15
    },
    {
      "From": 36,
      "To": 16
    },
    {
      "From": 59,
      "To": 17
    },
    {
      "From": 10,
      "To": 18
    },
    {
      "From": 11,
      "To": 19
    },
    {
      "From": 11,
      "To": 20
    },
    {
      "From": 11,
      "To": 21
    },
    {
      "From": 40,
      "To": 22
    },
    {
      "From": 6,
      "To": 23
    },
    {
      "From": 36,
      "To": 24
    },
    {
      "From": 59,
      "To": 25
    },
    {
      "From": 59,
      "To": 26
    },
    {
      "From": 11,
      "To": 27
    },
    {
      "From": 43,
      "To": 28
    },
    {
      "From": 40,
      "To": 29
    },
    {
      "From": 6,
      "To": 30
    },
    {
      "From": 6,
      "To": 31
    },
    {
      "From": 36,
      "To": 32
    },
    {
      "From": 29,
      "To": 33
    },
    {
      "From": 29,
      "To": 34
    },
    {
      "From": 29,
      "To": 35
    },
    {
      "From": 0,
      "To": 36
    },
    {
      "From": 0,
      "To": 37
    },
    {
      "From": 11,
      "To": 38
    },
    {
      "From": 6,
      "To": 39
    },
    {
      "From": 0,
      "To": 40
    },
    {
      "From": 0,
      "To": 41
    },
    {
      "From": 0,
      "To": 42
    },
    {
      "From": 0,
      "To": 43
    },
    {
      "From": 0,
      "To": 44
    },
    {
      "From": 0,
      "To": 45
    },
    {
      "From": 0,
      "To": 46
    },
    {
      "From": 0,
      "To": 47
    },
    {
      "From": 0,
      "To": 48
    },
    {
      "From": 0,
      "To": 49
    },
    {
      "From": 0,
      "To": 50
    },
    {
      "From": 0,
      "To": 51
    },
    {
      "From": 0,
      "To": 52
    },
    {
      "From": 0,
      "To": 53
    },
    {
      "From": 0,
      "To": 54
    },
    {
      "From": 0,
      "To": 55
    },
    {
      "From": 0,
      "To": 56
    },
    {
      "From": 10,
      "To": 57
    },
    {
      "From": 0,
      "To": 58
    },
    {
      "From": 0,
      "To": 59
    },
    {
      "From": 0,
      "To": 60
    },
    {
      "From": 0,
      "To": 61
    },
    {
      "From": 0,
      "To": 62
    },
    {
      "From": 0,
      "To": 63
    }
  ],
  "OverworldCoordinates": {
    "Coneria": {
      "X": 33,
      "Y": 101
    },
    "ConeriaCastle1": {
      "X": 34,
      "Y": 100
    },
    "TempleOfFiends1": {
      "X": 51,
      "Y": 61
    },
    "Pravoka": {
      "X": 44,
      "Y": 134
    },
    "Gaia": {
      "X": 219,
      "Y": 99
    },
    "CastleOrdeals1": {
      "X": 146,
      "Y": 53
    },
    "TitansTunnelWest": {
      "X": 121,
      "Y": 70
    },
    "SardasCave": {
      "X": 119,
      "Y": 70
    },
    "EarthCave1": {
      "X": 217,
      "Y": 40
    },
    "MirageTower1": {
      "X": 65,
      "Y": 61
    },
    "Onrac": {
      "X": 234,
      "Y": 32
    },
    "TitansTunnelEast": {
      "X": 186,
      "Y": 97
    },
    "MatoyasCave": {
      "X": 81,
      "Y": 128
    },
    "DwarfCave": {
      "X": 178,
      "Y": 87
    },
    "Elfland": {
      "X": 137,
      "Y": 26
    },
    "ElflandCastle": {
      "X": 138,
      "Y": 25
    },
    "MarshCave1": {
      "X": 48,
      "Y": 91
    },
    "NorthwestCastle": {
      "X": 138,
      "Y": 91
    },
    "Melmond": {
      "X": 60,
      "Y": 75
    },
    "CrescentLake": {
      "X": 103,
      "Y": 39
    },
    "Lefein": {
      "X": 54,
      "Y": 112
    },
    "BahamutCave1": {
      "X": 221,
      "Y": 140
    },
    "Cardia1": {
      "X": 40,
      "Y": 235
    },
    "Cardia2": {
      "X": 102,
      "Y": 70
    },
    "Cardia4": {
      "X": 208,
      "Y": 60
    },
    "Cardia5": {
      "X": 110,
      "Y": 86
    },
    "Cardia6": {
      "X": 161,
      "Y": 84
    },
    "Waterfall": {
      "X": 174,
      "Y": 80
    },
    "IceCave1": {
      "X": 191,
      "Y": 38
    },
    "GurguVolcano1": {
      "X": 175,
      "Y": 48
    }
  }
}