﻿{
  "StartingLocation": {
    "X": 64,
    "Y": 121
  },
  "AirShipLocation": {
    "X": 95,
    "Y": 220
  },
  "BridgeLocation": {
    "X": 81,
    "Y": 123
  },
  "CanalLocation": {
    "X": 205,
    "Y": 126
  },
  "ShipLocations": [
    {
      "TeleporterIndex": 255,
      "X": 80,
      "Y": 130
    }
  ],
  "TeleporterFixups": [
    {
      "Type": 1,
      "Index": 0,
      "From": null,
      "To": {
        "Map": 255,
        "X": 63,
        "Y": 227
      }
    },
    {
      "Type": 1,
      "Index": 1,
      "From": null,
      "To": {
        "Map": 255,
        "X": 103,
        "Y": 178
      }
    },
    {
      "Type": 1,
      "Index": 2,
      "From": null,
      "To": {
        "Map": 255,
        "X": 183,
        "Y": 109
      }
    },
    {
      "Type": 1,
      "Index": 3,
      "From": null,
      "To": {
        "Map": 255,
        "X": 188,
        "Y": 136
      }
    },
    {
      "Type": 1,
      "Index": 4,
      "From": null,
      "To": {
        "Map": 255,
        "X": 64,
        "Y": 119
      }
    },
    {
      "Type": 1,
      "Index": 5,
      "From": null,
      "To": {
        "Map": 255,
        "X": 199,
        "Y": 124
      }
    },
    {
      "Type": 1,
      "Index": 6,
      "From": null,
      "To": {
        "Map": 255,
        "X": 77,
        "Y": 187
      }
    },
    {
      "Type": 1,
      "Index": 7,
      "From": null,
      "To": {
        "Map": 255,
        "X": 106,
        "Y": 82
      }
    },
    {
      "Type": 1,
      "Index": 8,
      "From": null,
      "To": {
        "Map": 255,
        "X": 29,
        "Y": 162
      }
    }
  ],
  "DomainFixups": [],
  "DomainUpdates": [
    {
      "From": 0,
      "To": 0
    },
    {
      "From": 0,
      "To": 1
    },
    {
      "From": 10,
      "To": 2
    },
    {
      "From": 10,
      "To": 3
    },
    {
      "From": 0,
      "To": 4
    },
    {
      "From": 0,
      "To": 5
    },
    {
      "From": 0,
      "To": 6
    },
    {
      "From": 0,
      "To": 7
    },
    {
      "From": 0,
      "To": 8
    },
    {
      "From": 10,
      "To": 9
    },
    {
      "From": 10,
      "To": 10
    },
    {
      "From": 10,
      "To": 11
    },
    {
      "From": 0,
      "To": 12
    },
    {
      "From": 10,
      "To": 13
    },
    {
      "From": 6,
      "To": 14
    },
    {
      "From": 0,
      "To": 15
    },
    {
      "From": 11,
      "To": 16
    },
    {
      "From": 10,
      "To": 17
    },
    {
      "From": 29,
      "To": 18
    },
    {
      "From": 9,
      "To": 19
    },
    {
      "From": 9,
      "To": 20
    },
    {
      "From": 10,
      "To": 21
    },
    {
      "From": 1,
      "To": 22
    },
    {
      "From": 1,
      "To": 23
    },
    {
      "From": 11,
      "To": 24
    },
    {
      "From": 11,
      "To": 25
    },
    {
      "From": 36,
      "To": 26
    },
    {
      "From": 11,
      "To": 27
    },
    {
      "From": 9,
      "To": 28
    },
    {
      "From": 59,
      "To": 29
    },
    {
      "From": 1,
      "To": 30
    },
    {
      "From": 1,
      "To": 31
    },
    {
      "From": 14,
      "To": 32
    },
    {
      "From": 43,
      "To": 33
    },
    {
      "From": 28,
      "To": 34
    },
    {
      "From": 11,
      "To": 35
    },
    {
      "From": 35,
      "To": 36
    },
    {
      "From": 12,
      "To": 37
    },
    {
      "From": 12,
      "To": 38
    },
    {
      "From": 12,
      "To": 39
    },
    {
      "From": 14,
      "To": 40
    },
    {
      "From": 14,
      "To": 41
    },
    {
      "From": 52,
      "To": 42
    },
    {
      "From": 35,
      "To": 43
    },
    {
      "From": 35,
      "To": 44
    },
    {
      "From": 35,
      "To": 45
    },
    {
      "From": 12,
      "To": 46
    },
    {
      "From": 12,
      "To": 47
    },
    {
      "From": 0,
      "To": 48
    },
    {
      "From": 42,
      "To": 49
    },
    {
      "From": 40,
      "To": 50
    },
    {
      "From": 54,
      "To": 51
    },
    {
      "From": 54,
      "To": 52
    },
    {
      "From": 0,
      "To": 53
    },
    {
      "From": 0,
      "To": 54
    },
    {
      "From": 0,
      "To": 55
    },
    {
      "From": 0,
      "To": 56
    },
    {
      "From": 40,
      "To": 57
    },
    {
      "From": 40,
      "To": 58
    },
    {
      "From": 54,
      "To": 59
    },
    {
      "From": 54,
      "To": 60
    },
    {
      "From": 0,
      "To": 61
    },
    {
      "From": 0,
      "To": 62
    },
    {
      "From": 0,
      "To": 63
    }
  ],
  "OverworldCoordinates": {
    "Coneria": {
      "X": 63,
      "Y": 120
    },
    "ConeriaCastle1": {
      "X": 64,
      "Y": 119
    },
    "TempleOfFiends1": {
      "X": 60,
      "Y": 135
    },
    "Pravoka": {
      "X": 81,
      "Y": 126
    },
    "Gaia": {
      "X": 193,
      "Y": 66
    },
    "CastleOrdeals1": {
      "X": 188,
      "Y": 136
    },
    "TitansTunnelWest": {
      "X": 103,
      "Y": 178
    },
    "SardasCave": {
      "X": 99,
      "Y": 180
    },
    "EarthCave1": {
      "X": 199,
      "Y": 124
    },
    "MirageTower1": {
      "X": 29,
      "Y": 162
    },
    "Onrac": {
      "X": 106,
      "Y": 82
    },
    "TitansTunnelEast": {
      "X": 63,
      "Y": 227
    },
    "MatoyasCave": {
      "X": 78,
      "Y": 83
    },
    "DwarfCave": {
      "X": 121,
      "Y": 158
    },
    "Elfland": {
      "X": 83,
      "Y": 165
    },
    "ElflandCastle": {
      "X": 84,
      "Y": 164
    },
    "MarshCave1": {
      "X": 161,
      "Y": 128
    },
    "NorthwestCastle": {
      "X": 43,
      "Y": 149
    },
    "Melmond": {
      "X": 51,
      "Y": 214
    },
    "CrescentLake": {
      "X": 134,
      "Y": 227
    },
    "Lefein": {
      "X": 208,
      "Y": 93
    },
    "BahamutCave1": {
      "X": 41,
      "Y": 96
    },
    "Cardia1": {
      "X": 115,
      "Y": 46
    },
    "Cardia2": {
      "X": 70,
      "Y": 56
    },
    "Cardia4": {
      "X": 161,
      "Y": 65
    },
    "Cardia5": {
      "X": 92,
      "Y": 98
    },
    "Cardia6": {
      "X": 107,
      "Y": 148
    },
    "Waterfall": {
      "X": 199,
      "Y": 101
    },
    "IceCave1": {
      "X": 183,
      "Y": 109
    },
    "GurguVolcano1": {
      "X": 77,
      "Y": 187
    }
  }
}