﻿{
  "StartingLocation": {
    "X": 134,
    "Y": 203
  },
  "AirShipLocation": {
    "X": 101,
    "Y": 154
  },
  "BridgeLocation": {
    "X": 139,
    "Y": 229
  },
  "CanalLocation": {
    "X": 163,
    "Y": 122
  },
  "ShipLocations": [
    {
      "TeleporterIndex": 255,
      "X": 138,
      "Y": 236
    }
  ],
  "TeleporterFixups": [
    {
      "Type": 1,
      "Index": 0,
      "From": null,
      "To": {
        "Map": 255,
        "X": 152,
        "Y": 159
      }
    },
    {
      "Type": 1,
      "Index": 1,
      "From": null,
      "To": {
        "Map": 255,
        "X": 204,
        "Y": 119
      }
    },
    {
      "Type": 1,
      "Index": 2,
      "From": null,
      "To": {
        "Map": 255,
        "X": 192,
        "Y": 99
      }
    },
    {
      "Type": 1,
      "Index": 3,
      "From": null,
      "To": {
        "Map": 255,
        "X": 142,
        "Y": 79
      }
    },
    {
      "Type": 1,
      "Index": 4,
      "From": null,
      "To": {
        "Map": 255,
        "X": 134,
        "Y": 201
      }
    },
    {
      "Type": 1,
      "Index": 5,
      "From": null,
      "To": {
        "Map": 255,
        "X": 168,
        "Y": 107
      }
    },
    {
      "Type": 1,
      "Index": 6,
      "From": null,
      "To": {
        "Map": 255,
        "X": 119,
        "Y": 84
      }
    },
    {
      "Type": 1,
      "Index": 7,
      "From": null,
      "To": {
        "Map": 255,
        "X": 212,
        "Y": 44
      }
    },
    {
      "Type": 1,
      "Index": 8,
      "From": null,
      "To": {
        "Map": 255,
        "X": 147,
        "Y": 170
      }
    }
  ],
  "DomainFixups": [],
  "DomainUpdates": [
    {
      "From": 0,
      "To": 0
    },
    {
      "From": 10,
      "To": 1
    },
    {
      "From": 0,
      "To": 2
    },
    {
      "From": 0,
      "To": 3
    },
    {
      "From": 0,
      "To": 4
    },
    {
      "From": 0,
      "To": 5
    },
    {
      "From": 0,
      "To": 6
    },
    {
      "From": 0,
      "To": 7
    },
    {
      "From": 10,
      "To": 8
    },
    {
      "From": 10,
      "To": 9
    },
    {
      "From": 29,
      "To": 10
    },
    {
      "From": 29,
      "To": 11
    },
    {
      "From": 29,
      "To": 12
    },
    {
      "From": 0,
      "To": 13
    },
    {
      "From": 9,
      "To": 14
    },
    {
      "From": 11,
      "To": 15
    },
    {
      "From": 54,
      "To": 16
    },
    {
      "From": 54,
      "To": 17
    },
    {
      "From": 54,
      "To": 18
    },
    {
      "From": 54,
      "To": 19
    },
    {
      "From": 12,
      "To": 20
    },
    {
      "From": 12,
      "To": 21
    },
    {
      "From": 42,
      "To": 22
    },
    {
      "From": 42,
      "To": 23
    },
    {
      "From": 6,
      "To": 24
    },
    {
      "From": 54,
      "To": 25
    },
    {
      "From": 54,
      "To": 26
    },
    {
      "From": 1,
      "To": 27
    },
    {
      "From": 42,
      "To": 28
    },
    {
      "From": 42,
      "To": 29
    },
    {
      "From": 42,
      "To": 30
    },
    {
      "From": 42,
      "To": 31
    },
    {
      "From": 0,
      "To": 32
    },
    {
      "From": 0,
      "To": 33
    },
    {
      "From": 52,
      "To": 34
    },
    {
      "From": 52,
      "To": 35
    },
    {
      "From": 40,
      "To": 36
    },
    {
      "From": 40,
      "To": 37
    },
    {
      "From": 59,
      "To": 38
    },
    {
      "From": 59,
      "To": 39
    },
    {
      "From": 0,
      "To": 40
    },
    {
      "From": 0,
      "To": 41
    },
    {
      "From": 43,
      "To": 42
    },
    {
      "From": 43,
      "To": 43
    },
    {
      "From": 14,
      "To": 44
    },
    {
      "From": 40,
      "To": 45
    },
    {
      "From": 59,
      "To": 46
    },
    {
      "From": 0,
      "To": 47
    },
    {
      "From": 0,
      "To": 48
    },
    {
      "From": 0,
      "To": 49
    },
    {
      "From": 0,
      "To": 50
    },
    {
      "From": 36,
      "To": 51
    },
    {
      "From": 36,
      "To": 52
    },
    {
      "From": 54,
      "To": 53
    },
    {
      "From": 11,
      "To": 54
    },
    {
      "From": 11,
      "To": 55
    },
    {
      "From": 0,
      "To": 56
    },
    {
      "From": 0,
      "To": 57
    },
    {
      "From": 0,
      "To": 58
    },
    {
      "From": 0,
      "To": 59
    },
    {
      "From": 54,
      "To": 60
    },
    {
      "From": 0,
      "To": 61
    },
    {
      "From": 11,
      "To": 62
    },
    {
      "From": 11,
      "To": 63
    }
  ],
  "OverworldCoordinates": {
    "Coneria": {
      "X": 133,
      "Y": 202
    },
    "ConeriaCastle1": {
      "X": 134,
      "Y": 201
    },
    "TempleOfFiends1": {
      "X": 137,
      "Y": 216
    },
    "Pravoka": {
      "X": 139,
      "Y": 232
    },
    "Gaia": {
      "X": 29,
      "Y": 98
    },
    "CastleOrdeals1": {
      "X": 142,
      "Y": 79
    },
    "TitansTunnelWest": {
      "X": 204,
      "Y": 119
    },
    "SardasCave": {
      "X": 206,
      "Y": 119
    },
    "EarthCave1": {
      "X": 168,
      "Y": 107
    },
    "MirageTower1": {
      "X": 147,
      "Y": 170
    },
    "Onrac": {
      "X": 212,
      "Y": 44
    },
    "TitansTunnelEast": {
      "X": 152,
      "Y": 159
    },
    "MatoyasCave": {
      "X": 130,
      "Y": 63
    },
    "DwarfCave": {
      "X": 129,
      "Y": 162
    },
    "Elfland": {
      "X": 112,
      "Y": 154
    },
    "ElflandCastle": {
      "X": 113,
      "Y": 153
    },
    "MarshCave1": {
      "X": 226,
      "Y": 145
    },
    "NorthwestCastle": {
      "X": 115,
      "Y": 173
    },
    "Melmond": {
      "X": 222,
      "Y": 109
    },
    "CrescentLake": {
      "X": 151,
      "Y": 224
    },
    "Lefein": {
      "X": 94,
      "Y": 66
    },
    "BahamutCave1": {
      "X": 226,
      "Y": 218
    },
    "Cardia1": {
      "X": 86,
      "Y": 119
    },
    "Cardia2": {
      "X": 30,
      "Y": 48
    },
    "Cardia4": {
      "X": 45,
      "Y": 32
    },
    "Cardia5": {
      "X": 233,
      "Y": 33
    },
    "Cardia6": {
      "X": 60,
      "Y": 70
    },
    "Waterfall": {
      "X": 139,
      "Y": 102
    },
    "IceCave1": {
      "X": 192,
      "Y": 99
    },
    "GurguVolcano1": {
      "X": 119,
      "Y": 84
    }
  }
}