﻿{
  "StartingLocation": {
    "X": 177,
    "Y": 33
  },
  "AirShipLocation": {
    "X": 46,
    "Y": 133
  },
  "BridgeLocation": {
    "X": 185,
    "Y": 39
  },
  "CanalLocation": {
    "X": 232,
    "Y": 164
  },
  "ShipLocations": [
    {
      "TeleporterIndex": 255,
      "X": 184,
      "Y": 46
    }
  ],
  "TeleporterFixups": [
    {
      "Type": 1,
      "Index": 0,
      "From": null,
      "To": {
        "Map": 255,
        "X": 144,
        "Y": 49
      }
    },
    {
      "Type": 1,
      "Index": 1,
      "From": null,
      "To": {
        "Map": 255,
        "X": 183,
        "Y": 199
      }
    },
    {
      "Type": 1,
      "Index": 2,
      "From": null,
      "To": {
        "Map": 255,
        "X": 78,
        "Y": 69
      }
    },
    {
      "Type": 1,
      "Index": 3,
      "From": null,
      "To": {
        "Map": 255,
        "X": 118,
        "Y": 65
      }
    },
    {
      "Type": 1,
      "Index": 4,
      "From": null,
      "To": {
        "Map": 255,
        "X": 177,
        "Y": 31
      }
    },
    {
      "Type": 1,
      "Index": 5,
      "From": null,
      "To": {
        "Map": 255,
        "X": 221,
        "Y": 173
      }
    },
    {
      "Type": 1,
      "Index": 6,
      "From": null,
      "To": {
        "Map": 255,
        "X": 101,
        "Y": 82
      }
    },
    {
      "Type": 1,
      "Index": 7,
      "From": null,
      "To": {
        "Map": 255,
        "X": 82,
        "Y": 176
      }
    },
    {
      "Type": 1,
      "Index": 8,
      "From": null,
      "To": {
        "Map": 255,
        "X": 75,
        "Y": 123
      }
    }
  ],
  "DomainFixups": [],
  "DomainUpdates": [
    {
      "From": 52,
      "To": 0
    },
    {
      "From": 10,
      "To": 1
    },
    {
      "From": 10,
      "To": 2
    },
    {
      "From": 11,
      "To": 3
    },
    {
      "From": 59,
      "To": 4
    },
    {
      "From": 59,
      "To": 5
    },
    {
      "From": 43,
      "To": 6
    },
    {
      "From": 43,
      "To": 7
    },
    {
      "From": 52,
      "To": 8
    },
    {
      "From": 54,
      "To": 9
    },
    {
      "From": 54,
      "To": 10
    },
    {
      "From": 54,
      "To": 11
    },
    {
      "From": 40,
      "To": 12
    },
    {
      "From": 36,
      "To": 13
    },
    {
      "From": 43,
      "To": 14
    },
    {
      "From": 0,
      "To": 15
    },
    {
      "From": 54,
      "To": 16
    },
    {
      "From": 54,
      "To": 17
    },
    {
      "From": 54,
      "To": 18
    },
    {
      "From": 54,
      "To": 19
    },
    {
      "From": 28,
      "To": 20
    },
    {
      "From": 28,
      "To": 21
    },
    {
      "From": 0,
      "To": 22
    },
    {
      "From": 0,
      "To": 23
    },
    {
      "From": 54,
      "To": 24
    },
    {
      "From": 14,
      "To": 25
    },
    {
      "From": 14,
      "To": 26
    },
    {
      "From": 1,
      "To": 27
    },
    {
      "From": 0,
      "To": 28
    },
    {
      "From": 0,
      "To": 29
    },
    {
      "From": 0,
      "To": 30
    },
    {
      "From": 0,
      "To": 31
    },
    {
      "From": 11,
      "To": 32
    },
    {
      "From": 14,
      "To": 33
    },
    {
      "From": 14,
      "To": 34
    },
    {
      "From": 0,
      "To": 35
    },
    {
      "From": 0,
      "To": 36
    },
    {
      "From": 0,
      "To": 37
    },
    {
      "From": 11,
      "To": 38
    },
    {
      "From": 42,
      "To": 39
    },
    {
      "From": 9,
      "To": 40
    },
    {
      "From": 9,
      "To": 41
    },
    {
      "From": 9,
      "To": 42
    },
    {
      "From": 0,
      "To": 43
    },
    {
      "From": 0,
      "To": 44
    },
    {
      "From": 40,
      "To": 45
    },
    {
      "From": 40,
      "To": 46
    },
    {
      "From": 42,
      "To": 47
    },
    {
      "From": 9,
      "To": 48
    },
    {
      "From": 9,
      "To": 49
    },
    {
      "From": 9,
      "To": 50
    },
    {
      "From": 0,
      "To": 51
    },
    {
      "From": 42,
      "To": 52
    },
    {
      "From": 40,
      "To": 53
    },
    {
      "From": 40,
      "To": 54
    },
    {
      "From": 6,
      "To": 55
    },
    {
      "From": 0,
      "To": 56
    },
    {
      "From": 0,
      "To": 57
    },
    {
      "From": 0,
      "To": 58
    },
    {
      "From": 0,
      "To": 59
    },
    {
      "From": 42,
      "To": 60
    },
    {
      "From": 42,
      "To": 61
    },
    {
      "From": 0,
      "To": 62
    },
    {
      "From": 10,
      "To": 63
    }
  ],
  "OverworldCoordinates": {
    "Coneria": {
      "X": 176,
      "Y": 32
    },
    "ConeriaCastle1": {
      "X": 177,
      "Y": 31
    },
    "TempleOfFiends1": {
      "X": 167,
      "Y": 79
    },
    "Pravoka": {
      "X": 185,
      "Y": 42
    },
    "Gaia": {
      "X": 232,
      "Y": 200
    },
    "CastleOrdeals1": {
      "X": 118,
      "Y": 65
    },
    "TitansTunnelWest": {
      "X": 183,
      "Y": 199
    },
    "SardasCave": {
      "X": 186,
      "Y": 197
    },
    "EarthCave1": {
      "X": 221,
      "Y": 173
    },
    "MirageTower1": {
      "X": 75,
      "Y": 123
    },
    "Onrac": {
      "X": 82,
      "Y": 176
    },
    "TitansTunnelEast": {
      "X": 144,
      "Y": 49
    },
    "MatoyasCave": {
      "X": 80,
      "Y": 103
    },
    "DwarfCave": {
      "X": 141,
      "Y": 49
    },
    "Elfland": {
      "X": 22,
      "Y": 47
    },
    "ElflandCastle": {
      "X": 23,
      "Y": 46
    },
    "MarshCave1": {
      "X": 163,
      "Y": 15
    },
    "NorthwestCastle": {
      "X": 199,
      "Y": 43
    },
    "Melmond": {
      "X": 153,
      "Y": 222
    },
    "CrescentLake": {
      "X": 46,
      "Y": 61
    },
    "Lefein": {
      "X": 73,
      "Y": 150
    },
    "BahamutCave1": {
      "X": 217,
      "Y": 140
    },
    "Cardia1": {
      "X": 44,
      "Y": 201
    },
    "Cardia2": {
      "X": 72,
      "Y": 19
    },
    "Cardia4": {
      "X": 229,
      "Y": 238
    },
    "Cardia5": {
      "X": 13,
      "Y": 160
    },
    "Cardia6": {
      "X": 105,
      "Y": 25
    },
    "Waterfall": {
      "X": 90,
      "Y": 97
    },
    "IceCave1": {
      "X": 78,
      "Y": 69
    },
    "GurguVolcano1": {
      "X": 101,
      "Y": 82
    }
  }
}