﻿{
  "StartingLocation": {
    "X": 177,
    "Y": 160
  },
  "AirShipLocation": {
    "X": 222,
    "Y": 114
  },
  "BridgeLocation": {
    "X": 203,
    "Y": 113
  },
  "CanalLocation": {
    "X": 131,
    "Y": 161
  },
  "ShipLocations": [
    {
      "TeleporterIndex": 1,
      "X": 206,
      "Y": 164
    },
    {
      "TeleporterIndex": 9,
      "X": 206,
      "Y": 164
    },
    {
      "TeleporterIndex": 255,
      "X": 206,
      "Y": 164
    },
    {
      "TeleporterIndex": 13,
      "X": 206,
      "Y": 164
    },
    {
      "TeleporterIndex": 2,
      "X": 202,
      "Y": 120
    },
    {
      "TeleporterIndex": 24,
      "X": 178,
      "Y": 125
    },
    {
      "TeleporterIndex": 3,
      "X": 239,
      "Y": 72
    },
    {
      "TeleporterIndex": 10,
      "X": 239,
      "Y": 72
    },
    {
      "TeleporterIndex": 23,
      "X": 96,
      "Y": 237
    },
    {
      "TeleporterIndex": 11,
      "X": 61,
      "Y": 236
    },
    {
      "TeleporterIndex": 4,
      "X": 202,
      "Y": 120
    },
    {
      "TeleporterIndex": 5,
      "X": 96,
      "Y": 237
    }
  ],
  "TeleporterFixups": [
    {
      "Type": 1,
      "Index": 0,
      "From": null,
      "To": {
        "Map": 255,
        "X": 72,
        "Y": 98
      }
    },
    {
      "Type": 1,
      "Index": 1,
      "From": null,
      "To": {
        "Map": 255,
        "X": 59,
        "Y": 62
      }
    },
    {
      "Type": 1,
      "Index": 2,
      "From": null,
      "To": {
        "Map": 255,
        "X": 85,
        "Y": 79
      }
    },
    {
      "Type": 1,
      "Index": 3,
      "From": null,
      "To": {
        "Map": 255,
        "X": 49,
        "Y": 176
      }
    },
    {
      "Type": 1,
      "Index": 4,
      "From": null,
      "To": {
        "Map": 255,
        "X": 177,
        "Y": 158
      }
    },
    {
      "Type": 1,
      "Index": 5,
      "From": null,
      "To": {
        "Map": 255,
        "X": 77,
        "Y": 165
      }
    },
    {
      "Type": 1,
      "Index": 6,
      "From": null,
      "To": {
        "Map": 255,
        "X": 60,
        "Y": 155
      }
    },
    {
      "Type": 1,
      "Index": 7,
      "From": null,
      "To": {
        "Map": 255,
        "X": 19,
        "Y": 69
      }
    },
    {
      "Type": 1,
      "Index": 8,
      "From": null,
      "To": {
        "Map": 255,
        "X": 146,
        "Y": 148
      }
    }
  ],
  "DomainFixups": [],
  "DomainUpdates": [
    {
      "From": 10,
      "To": 0
    },
    {
      "From": 9,
      "To": 1
    },
    {
      "From": 54,
      "To": 2
    },
    {
      "From": 0,
      "To": 3
    },
    {
      "From": 0,
      "To": 4
    },
    {
      "From": 11,
      "To": 5
    },
    {
      "From": 11,
      "To": 6
    },
    {
      "From": 0,
      "To": 7
    },
    {
      "From": 9,
      "To": 8
    },
    {
      "From": 9,
      "To": 9
    },
    {
      "From": 54,
      "To": 10
    },
    {
      "From": 54,
      "To": 11
    },
    {
      "From": 0,
      "To": 12
    },
    {
      "From": 0,
      "To": 13
    },
    {
      "From": 52,
      "To": 14
    },
    {
      "From": 52,
      "To": 15
    },
    {
      "From": 9,
      "To": 16
    },
    {
      "From": 1,
      "To": 17
    },
    {
      "From": 40,
      "To": 18
    },
    {
      "From": 54,
      "To": 19
    },
    {
      "From": 0,
      "To": 20
    },
    {
      "From": 0,
      "To": 21
    },
    {
      "From": 52,
      "To": 22
    },
    {
      "From": 52,
      "To": 23
    },
    {
      "From": 1,
      "To": 24
    },
    {
      "From": 1,
      "To": 25
    },
    {
      "From": 40,
      "To": 26
    },
    {
      "From": 40,
      "To": 27
    },
    {
      "From": 0,
      "To": 28
    },
    {
      "From": 29,
      "To": 29
    },
    {
      "From": 42,
      "To": 30
    },
    {
      "From": 42,
      "To": 31
    },
    {
      "From": 0,
      "To": 32
    },
    {
      "From": 54,
      "To": 33
    },
    {
      "From": 54,
      "To": 34
    },
    {
      "From": 14,
      "To": 35
    },
    {
      "From": 14,
      "To": 36
    },
    {
      "From": 29,
      "To": 37
    },
    {
      "From": 29,
      "To": 38
    },
    {
      "From": 42,
      "To": 39
    },
    {
      "From": 12,
      "To": 40
    },
    {
      "From": 12,
      "To": 41
    },
    {
      "From": 42,
      "To": 42
    },
    {
      "From": 14,
      "To": 43
    },
    {
      "From": 14,
      "To": 44
    },
    {
      "From": 36,
      "To": 45
    },
    {
      "From": 36,
      "To": 46
    },
    {
      "From": 0,
      "To": 47
    },
    {
      "From": 10,
      "To": 48
    },
    {
      "From": 43,
      "To": 49
    },
    {
      "From": 59,
      "To": 50
    },
    {
      "From": 54,
      "To": 51
    },
    {
      "From": 0,
      "To": 52
    },
    {
      "From": 0,
      "To": 53
    },
    {
      "From": 0,
      "To": 54
    },
    {
      "From": 0,
      "To": 55
    },
    {
      "From": 6,
      "To": 56
    },
    {
      "From": 43,
      "To": 57
    },
    {
      "From": 59,
      "To": 58
    },
    {
      "From": 54,
      "To": 59
    },
    {
      "From": 0,
      "To": 60
    },
    {
      "From": 31,
      "To": 61
    },
    {
      "From": 0,
      "To": 62
    },
    {
      "From": 11,
      "To": 63
    }
  ],
  "OverworldCoordinates": {
    "Coneria": {
      "X": 176,
      "Y": 159
    },
    "ConeriaCastle1": {
      "X": 177,
      "Y": 158
    },
    "TempleOfFiends1": {
      "X": 176,
      "Y": 172
    },
    "Pravoka": {
      "X": 203,
      "Y": 116
    },
    "Gaia": {
      "X": 20,
      "Y": 223
    },
    "CastleOrdeals1": {
      "X": 49,
      "Y": 176
    },
    "TitansTunnelWest": {
      "X": 59,
      "Y": 62
    },
    "SardasCave": {
      "X": 57,
      "Y": 62
    },
    "EarthCave1": {
      "X": 77,
      "Y": 165
    },
    "MirageTower1": {
      "X": 146,
      "Y": 148
    },
    "Onrac": {
      "X": 19,
      "Y": 69
    },
    "TitansTunnelEast": {
      "X": 72,
      "Y": 98
    },
    "MatoyasCave": {
      "X": 182,
      "Y": 143
    },
    "DwarfCave": {
      "X": 70,
      "Y": 98
    },
    "Elfland": {
      "X": 224,
      "Y": 64
    },
    "ElflandCastle": {
      "X": 225,
      "Y": 63
    },
    "MarshCave1": {
      "X": 90,
      "Y": 212
    },
    "NorthwestCastle": {
      "X": 41,
      "Y": 228
    },
    "Melmond": {
      "X": 241,
      "Y": 113
    },
    "CrescentLake": {
      "X": 104,
      "Y": 214
    },
    "Lefein": {
      "X": 174,
      "Y": 231
    },
    "BahamutCave1": {
      "X": 230,
      "Y": 237
    },
    "Cardia1": {
      "X": 15,
      "Y": 204
    },
    "Cardia2": {
      "X": 13,
      "Y": 32
    },
    "Cardia4": {
      "X": 33,
      "Y": 209
    },
    "Cardia5": {
      "X": 80,
      "Y": 12
    },
    "Cardia6": {
      "X": 198,
      "Y": 14
    },
    "Waterfall": {
      "X": 40,
      "Y": 75
    },
    "IceCave1": {
      "X": 85,
      "Y": 79
    },
    "GurguVolcano1": {
      "X": 60,
      "Y": 155
    }
  }
}