﻿{
  "StartingLocation": {
    "X": 176,
    "Y": 216
  },
  "AirShipLocation": {
    "X": 217,
    "Y": 217
  },
  "BridgeLocation": {
    "X": 175,
    "Y": 232
  },
  "CanalLocation": {
    "X": 176,
    "Y": 25
  },
  "ShipLocations": [
    {
      "TeleporterIndex": 255,
      "X": 174,
      "Y": 239
    }
  ],
  "TeleporterFixups": [
    {
      "Type": 1,
      "Index": 0,
      "From": null,
      "To": {
        "Map": 255,
        "X": 128,
        "Y": 73
      }
    },
    {
      "Type": 1,
      "Index": 1,
      "From": null,
      "To": {
        "Map": 255,
        "X": 17,
        "Y": 155
      }
    },
    {
      "Type": 1,
      "Index": 2,
      "From": null,
      "To": {
        "Map": 255,
        "X": 169,
        "Y": 156
      }
    },
    {
      "Type": 1,
      "Index": 3,
      "From": null,
      "To": {
        "Map": 255,
        "X": 174,
        "Y": 141
      }
    },
    {
      "Type": 1,
      "Index": 4,
      "From": null,
      "To": {
        "Map": 255,
        "X": 176,
        "Y": 214
      }
    },
    {
      "Type": 1,
      "Index": 5,
      "From": null,
      "To": {
        "Map": 255,
        "X": 166,
        "Y": 35
      }
    },
    {
      "Type": 1,
      "Index": 6,
      "From": null,
      "To": {
        "Map": 255,
        "X": 189,
        "Y": 164
      }
    },
    {
      "Type": 1,
      "Index": 7,
      "From": null,
      "To": {
        "Map": 255,
        "X": 67,
        "Y": 194
      }
    },
    {
      "Type": 1,
      "Index": 8,
      "From": null,
      "To": {
        "Map": 255,
        "X": 197,
        "Y": 142
      }
    }
  ],
  "DomainFixups": [],
  "DomainUpdates": [
    {
      "From": 0,
      "To": 0
    },
    {
      "From": 0,
      "To": 1
    },
    {
      "From": 0,
      "To": 2
    },
    {
      "From": 42,
      "To": 3
    },
    {
      "From": 42,
      "To": 4
    },
    {
      "From": 42,
      "To": 5
    },
    {
      "From": 10,
      "To": 6
    },
    {
      "From": 0,
      "To": 7
    },
    {
      "From": 59,
      "To": 8
    },
    {
      "From": 59,
      "To": 9
    },
    {
      "From": 0,
      "To": 10
    },
    {
      "From": 42,
      "To": 11
    },
    {
      "From": 42,
      "To": 12
    },
    {
      "From": 42,
      "To": 13
    },
    {
      "From": 0,
      "To": 14
    },
    {
      "From": 0,
      "To": 15
    },
    {
      "From": 59,
      "To": 16
    },
    {
      "From": 59,
      "To": 17
    },
    {
      "From": 0,
      "To": 18
    },
    {
      "From": 40,
      "To": 19
    },
    {
      "From": 40,
      "To": 20
    },
    {
      "From": 40,
      "To": 21
    },
    {
      "From": 0,
      "To": 22
    },
    {
      "From": 0,
      "To": 23
    },
    {
      "From": 43,
      "To": 24
    },
    {
      "From": 43,
      "To": 25
    },
    {
      "From": 0,
      "To": 26
    },
    {
      "From": 0,
      "To": 27
    },
    {
      "From": 0,
      "To": 28
    },
    {
      "From": 0,
      "To": 29
    },
    {
      "From": 14,
      "To": 30
    },
    {
      "From": 14,
      "To": 31
    },
    {
      "From": 40,
      "To": 32
    },
    {
      "From": 43,
      "To": 33
    },
    {
      "From": 52,
      "To": 34
    },
    {
      "From": 6,
      "To": 35
    },
    {
      "From": 54,
      "To": 36
    },
    {
      "From": 54,
      "To": 37
    },
    {
      "From": 14,
      "To": 38
    },
    {
      "From": 14,
      "To": 39
    },
    {
      "From": 40,
      "To": 40
    },
    {
      "From": 9,
      "To": 41
    },
    {
      "From": 52,
      "To": 42
    },
    {
      "From": 54,
      "To": 43
    },
    {
      "From": 29,
      "To": 44
    },
    {
      "From": 29,
      "To": 45
    },
    {
      "From": 54,
      "To": 46
    },
    {
      "From": 0,
      "To": 47
    },
    {
      "From": 0,
      "To": 48
    },
    {
      "From": 9,
      "To": 49
    },
    {
      "From": 11,
      "To": 50
    },
    {
      "From": 11,
      "To": 51
    },
    {
      "From": 28,
      "To": 52
    },
    {
      "From": 36,
      "To": 53
    },
    {
      "From": 36,
      "To": 54
    },
    {
      "From": 11,
      "To": 55
    },
    {
      "From": 0,
      "To": 56
    },
    {
      "From": 0,
      "To": 57
    },
    {
      "From": 11,
      "To": 58
    },
    {
      "From": 11,
      "To": 59
    },
    {
      "From": 28,
      "To": 60
    },
    {
      "From": 36,
      "To": 61
    },
    {
      "From": 36,
      "To": 62
    },
    {
      "From": 36,
      "To": 63
    }
  ],
  "OverworldCoordinates": {
    "Coneria": {
      "X": 175,
      "Y": 215
    },
    "ConeriaCastle1": {
      "X": 176,
      "Y": 214
    },
    "TempleOfFiends1": {
      "X": 151,
      "Y": 211
    },
    "Pravoka": {
      "X": 175,
      "Y": 235
    },
    "Gaia": {
      "X": 99,
      "Y": 139
    },
    "CastleOrdeals1": {
      "X": 174,
      "Y": 141
    },
    "TitansTunnelWest": {
      "X": 17,
      "Y": 155
    },
    "SardasCave": {
      "X": 12,
      "Y": 156
    },
    "EarthCave1": {
      "X": 166,
      "Y": 35
    },
    "MirageTower1": {
      "X": 197,
      "Y": 142
    },
    "Onrac": {
      "X": 67,
      "Y": 194
    },
    "TitansTunnelEast": {
      "X": 128,
      "Y": 73
    },
    "MatoyasCave": {
      "X": 169,
      "Y": 178
    },
    "DwarfCave": {
      "X": 122,
      "Y": 193
    },
    "Elfland": {
      "X": 88,
      "Y": 190
    },
    "ElflandCastle": {
      "X": 89,
      "Y": 189
    },
    "MarshCave1": {
      "X": 28,
      "Y": 75
    },
    "NorthwestCastle": {
      "X": 31,
      "Y": 126
    },
    "Melmond": {
      "X": 130,
      "Y": 43
    },
    "CrescentLake": {
      "X": 130,
      "Y": 179
    },
    "Lefein": {
      "X": 227,
      "Y": 122
    },
    "BahamutCave1": {
      "X": 240,
      "Y": 207
    },
    "Cardia1": {
      "X": 141,
      "Y": 138
    },
    "Cardia2": {
      "X": 199,
      "Y": 16
    },
    "Cardia4": {
      "X": 198,
      "Y": 243
    },
    "Cardia5": {
      "X": 221,
      "Y": 199
    },
    "Cardia6": {
      "X": 97,
      "Y": 215
    },
    "Waterfall": {
      "X": 186,
      "Y": 147
    },
    "IceCave1": {
      "X": 169,
      "Y": 156
    },
    "GurguVolcano1": {
      "X": 189,
      "Y": 164
    }
  }
}