﻿{
  "StartingLocation": {
    "X": 132,
    "Y": 84
  },
  "AirShipLocation": {
    "X": 51,
    "Y": 147
  },
  "BridgeLocation": {
    "X": 29,
    "Y": 82
  },
  "CanalLocation": {
    "X": 83,
    "Y": 143
  },
  "ShipLocations": [
    {
      "TeleporterIndex": 1,
      "X": 101,
      "Y": 90
    },
    {
      "TeleporterIndex": 9,
      "X": 101,
      "Y": 90
    },
    {
      "TeleporterIndex": 255,
      "X": 101,
      "Y": 90
    },
    {
      "TeleporterIndex": 13,
      "X": 54,
      "Y": 88
    },
    {
      "TeleporterIndex": 2,
      "X": 28,
      "Y": 89
    },
    {
      "TeleporterIndex": 24,
      "X": 28,
      "Y": 89
    },
    {
      "TeleporterIndex": 3,
      "X": 154,
      "Y": 126
    },
    {
      "TeleporterIndex": 10,
      "X": 154,
      "Y": 126
    },
    {
      "TeleporterIndex": 23,
      "X": 120,
      "Y": 130
    },
    {
      "TeleporterIndex": 11,
      "X": 101,
      "Y": 90
    },
    {
      "TeleporterIndex": 4,
      "X": 184,
      "Y": 157
    },
    {
      "TeleporterIndex": 5,
      "X": 154,
      "Y": 126
    }
  ],
  "TeleporterFixups": [
    {
      "Type": 1,
      "Index": 0,
      "From": null,
      "To": {
        "Map": 255,
        "X": 153,
        "Y": 82
      }
    },
    {
      "Type": 1,
      "Index": 1,
      "From": null,
      "To": {
        "Map": 255,
        "X": 93,
        "Y": 233
      }
    },
    {
      "Type": 1,
      "Index": 2,
      "From": null,
      "To": {
        "Map": 255,
        "X": 92,
        "Y": 155
      }
    },
    {
      "Type": 1,
      "Index": 3,
      "From": null,
      "To": {
        "Map": 255,
        "X": 68,
        "Y": 107
      }
    },
    {
      "Type": 1,
      "Index": 4,
      "From": null,
      "To": {
        "Map": 255,
        "X": 132,
        "Y": 82
      }
    },
    {
      "Type": 1,
      "Index": 5,
      "From": null,
      "To": {
        "Map": 255,
        "X": 62,
        "Y": 167
      }
    },
    {
      "Type": 1,
      "Index": 6,
      "From": null,
      "To": {
        "Map": 255,
        "X": 156,
        "Y": 145
      }
    },
    {
      "Type": 1,
      "Index": 7,
      "From": null,
      "To": {
        "Map": 255,
        "X": 111,
        "Y": 219
      }
    },
    {
      "Type": 1,
      "Index": 8,
      "From": null,
      "To": {
        "Map": 255,
        "X": 38,
        "Y": 104
      }
    }
  ],
  "DomainFixups": [],
  "DomainUpdates": [
    {
      "From": 0,
      "To": 0
    },
    {
      "From": 0,
      "To": 1
    },
    {
      "From": 0,
      "To": 2
    },
    {
      "From": 10,
      "To": 3
    },
    {
      "From": 0,
      "To": 4
    },
    {
      "From": 11,
      "To": 5
    },
    {
      "From": 11,
      "To": 6
    },
    {
      "From": 0,
      "To": 7
    },
    {
      "From": 0,
      "To": 8
    },
    {
      "From": 0,
      "To": 9
    },
    {
      "From": 0,
      "To": 10
    },
    {
      "From": 35,
      "To": 11
    },
    {
      "From": 36,
      "To": 12
    },
    {
      "From": 11,
      "To": 13
    },
    {
      "From": 11,
      "To": 14
    },
    {
      "From": 0,
      "To": 15
    },
    {
      "From": 14,
      "To": 16
    },
    {
      "From": 14,
      "To": 17
    },
    {
      "From": 28,
      "To": 18
    },
    {
      "From": 35,
      "To": 19
    },
    {
      "From": 40,
      "To": 20
    },
    {
      "From": 29,
      "To": 21
    },
    {
      "From": 52,
      "To": 22
    },
    {
      "From": 42,
      "To": 23
    },
    {
      "From": 14,
      "To": 24
    },
    {
      "From": 14,
      "To": 25
    },
    {
      "From": 12,
      "To": 26
    },
    {
      "From": 59,
      "To": 27
    },
    {
      "From": 54,
      "To": 28
    },
    {
      "From": 54,
      "To": 29
    },
    {
      "From": 52,
      "To": 30
    },
    {
      "From": 11,
      "To": 31
    },
    {
      "From": 6,
      "To": 32
    },
    {
      "From": 42,
      "To": 33
    },
    {
      "From": 59,
      "To": 34
    },
    {
      "From": 54,
      "To": 35
    },
    {
      "From": 54,
      "To": 36
    },
    {
      "From": 54,
      "To": 37
    },
    {
      "From": 11,
      "To": 38
    },
    {
      "From": 11,
      "To": 39
    },
    {
      "From": 0,
      "To": 40
    },
    {
      "From": 42,
      "To": 41
    },
    {
      "From": 11,
      "To": 42
    },
    {
      "From": 11,
      "To": 43
    },
    {
      "From": 54,
      "To": 44
    },
    {
      "From": 54,
      "To": 45
    },
    {
      "From": 0,
      "To": 46
    },
    {
      "From": 0,
      "To": 47
    },
    {
      "From": 10,
      "To": 48
    },
    {
      "From": 0,
      "To": 49
    },
    {
      "From": 9,
      "To": 50
    },
    {
      "From": 9,
      "To": 51
    },
    {
      "From": 54,
      "To": 52
    },
    {
      "From": 54,
      "To": 53
    },
    {
      "From": 0,
      "To": 54
    },
    {
      "From": 0,
      "To": 55
    },
    {
      "From": 10,
      "To": 56
    },
    {
      "From": 0,
      "To": 57
    },
    {
      "From": 40,
      "To": 58
    },
    {
      "From": 40,
      "To": 59
    },
    {
      "From": 0,
      "To": 60
    },
    {
      "From": 0,
      "To": 61
    },
    {
      "From": 0,
      "To": 62
    },
    {
      "From": 0,
      "To": 63
    }
  ],
  "OverworldCoordinates": {
    "Coneria": {
      "X": 131,
      "Y": 83
    },
    "ConeriaCastle1": {
      "X": 132,
      "Y": 82
    },
    "TempleOfFiends1": {
      "X": 72,
      "Y": 80
    },
    "Pravoka": {
      "X": 29,
      "Y": 85
    },
    "Gaia": {
      "X": 24,
      "Y": 130
    },
    "CastleOrdeals1": {
      "X": 68,
      "Y": 107
    },
    "TitansTunnelWest": {
      "X": 93,
      "Y": 233
    },
    "SardasCave": {
      "X": 91,
      "Y": 233
    },
    "EarthCave1": {
      "X": 62,
      "Y": 167
    },
    "MirageTower1": {
      "X": 38,
      "Y": 104
    },
    "Onrac": {
      "X": 111,
      "Y": 219
    },
    "TitansTunnelEast": {
      "X": 153,
      "Y": 82
    },
    "MatoyasCave": {
      "X": 188,
      "Y": 88
    },
    "DwarfCave": {
      "X": 121,
      "Y": 83
    },
    "Elfland": {
      "X": 210,
      "Y": 87
    },
    "ElflandCastle": {
      "X": 211,
      "Y": 86
    },
    "MarshCave1": {
      "X": 98,
      "Y": 121
    },
    "NorthwestCastle": {
      "X": 108,
      "Y": 101
    },
    "Melmond": {
      "X": 232,
      "Y": 96
    },
    "CrescentLake": {
      "X": 183,
      "Y": 117
    },
    "Lefein": {
      "X": 73,
      "Y": 125
    },
    "BahamutCave1": {
      "X": 185,
      "Y": 26
    },
    "Cardia1": {
      "X": 113,
      "Y": 18
    },
    "Cardia2": {
      "X": 21,
      "Y": 225
    },
    "Cardia4": {
      "X": 133,
      "Y": 105
    },
    "Cardia5": {
      "X": 234,
      "Y": 113
    },
    "Cardia6": {
      "X": 95,
      "Y": 194
    },
    "Waterfall": {
      "X": 74,
      "Y": 163
    },
    "IceCave1": {
      "X": 92,
      "Y": 155
    },
    "GurguVolcano1": {
      "X": 156,
      "Y": 145
    }
  }
}