﻿{
  "StartingLocation": {
    "X": 28,
    "Y": 96
  },
  "AirShipLocation": {
    "X": 149,
    "Y": 113
  },
  "BridgeLocation": {
    "X": 24,
    "Y": 70
  },
  "CanalLocation": {
    "X": 142,
    "Y": 217
  },
  "ShipLocations": [
    {
      "TeleporterIndex": 255,
      "X": 23,
      "Y": 77
    }
  ],
  "TeleporterFixups": [
    {
      "Type": 1,
      "Index": 0,
      "From": null,
      "To": {
        "Map": 255,
        "X": 43,
        "Y": 53
      }
    },
    {
      "Type": 1,
      "Index": 1,
      "From": null,
      "To": {
        "Map": 255,
        "X": 128,
        "Y": 54
      }
    },
    {
      "Type": 1,
      "Index": 2,
      "From": null,
      "To": {
        "Map": 255,
        "X": 121,
        "Y": 163
      }
    },
    {
      "Type": 1,
      "Index": 3,
      "From": null,
      "To": {
        "Map": 255,
        "X": 137,
        "Y": 144
      }
    },
    {
      "Type": 1,
      "Index": 4,
      "From": null,
      "To": {
        "Map": 255,
        "X": 28,
        "Y": 94
      }
    },
    {
      "Type": 1,
      "Index": 5,
      "From": null,
      "To": {
        "Map": 255,
        "X": 138,
        "Y": 214
      }
    },
    {
      "Type": 1,
      "Index": 6,
      "From": null,
      "To": {
        "Map": 255,
        "X": 144,
        "Y": 60
      }
    },
    {
      "Type": 1,
      "Index": 7,
      "From": null,
      "To": {
        "Map": 255,
        "X": 207,
        "Y": 61
      }
    },
    {
      "Type": 1,
      "Index": 8,
      "From": null,
      "To": {
        "Map": 255,
        "X": 109,
        "Y": 195
      }
    }
  ],
  "DomainFixups": [],
  "DomainUpdates": [
    {
      "From": 10,
      "To": 0
    },
    {
      "From": 1,
      "To": 1
    },
    {
      "From": 1,
      "To": 2
    },
    {
      "From": 1,
      "To": 3
    },
    {
      "From": 11,
      "To": 4
    },
    {
      "From": 9,
      "To": 5
    },
    {
      "From": 9,
      "To": 6
    },
    {
      "From": 0,
      "To": 7
    },
    {
      "From": 29,
      "To": 8
    },
    {
      "From": 40,
      "To": 9
    },
    {
      "From": 1,
      "To": 10
    },
    {
      "From": 1,
      "To": 11
    },
    {
      "From": 54,
      "To": 12
    },
    {
      "From": 9,
      "To": 13
    },
    {
      "From": 9,
      "To": 14
    },
    {
      "From": 35,
      "To": 15
    },
    {
      "From": 36,
      "To": 16
    },
    {
      "From": 36,
      "To": 17
    },
    {
      "From": 42,
      "To": 18
    },
    {
      "From": 42,
      "To": 19
    },
    {
      "From": 54,
      "To": 20
    },
    {
      "From": 54,
      "To": 21
    },
    {
      "From": 9,
      "To": 22
    },
    {
      "From": 35,
      "To": 23
    },
    {
      "From": 36,
      "To": 24
    },
    {
      "From": 28,
      "To": 25
    },
    {
      "From": 0,
      "To": 26
    },
    {
      "From": 42,
      "To": 27
    },
    {
      "From": 59,
      "To": 28
    },
    {
      "From": 59,
      "To": 29
    },
    {
      "From": 0,
      "To": 30
    },
    {
      "From": 0,
      "To": 31
    },
    {
      "From": 0,
      "To": 32
    },
    {
      "From": 6,
      "To": 33
    },
    {
      "From": 0,
      "To": 34
    },
    {
      "From": 52,
      "To": 35
    },
    {
      "From": 59,
      "To": 36
    },
    {
      "From": 0,
      "To": 37
    },
    {
      "From": 0,
      "To": 38
    },
    {
      "From": 0,
      "To": 39
    },
    {
      "From": 0,
      "To": 40
    },
    {
      "From": 0,
      "To": 41
    },
    {
      "From": 10,
      "To": 42
    },
    {
      "From": 14,
      "To": 43
    },
    {
      "From": 54,
      "To": 44
    },
    {
      "From": 11,
      "To": 45
    },
    {
      "From": 0,
      "To": 46
    },
    {
      "From": 0,
      "To": 47
    },
    {
      "From": 0,
      "To": 48
    },
    {
      "From": 0,
      "To": 49
    },
    {
      "From": 10,
      "To": 50
    },
    {
      "From": 14,
      "To": 51
    },
    {
      "From": 54,
      "To": 52
    },
    {
      "From": 11,
      "To": 53
    },
    {
      "From": 0,
      "To": 54
    },
    {
      "From": 0,
      "To": 55
    },
    {
      "From": 0,
      "To": 56
    },
    {
      "From": 0,
      "To": 57
    },
    {
      "From": 0,
      "To": 58
    },
    {
      "From": 43,
      "To": 59
    },
    {
      "From": 43,
      "To": 60
    },
    {
      "From": 0,
      "To": 61
    },
    {
      "From": 10,
      "To": 62
    },
    {
      "From": 0,
      "To": 63
    }
  ],
  "OverworldCoordinates": {
    "Coneria": {
      "X": 27,
      "Y": 95
    },
    "ConeriaCastle1": {
      "X": 28,
      "Y": 94
    },
    "TempleOfFiends1": {
      "X": 36,
      "Y": 111
    },
    "Pravoka": {
      "X": 24,
      "Y": 73
    },
    "Gaia": {
      "X": 40,
      "Y": 144
    },
    "CastleOrdeals1": {
      "X": 137,
      "Y": 144
    },
    "TitansTunnelWest": {
      "X": 128,
      "Y": 54
    },
    "SardasCave": {
      "X": 126,
      "Y": 54
    },
    "EarthCave1": {
      "X": 138,
      "Y": 214
    },
    "MirageTower1": {
      "X": 109,
      "Y": 195
    },
    "Onrac": {
      "X": 207,
      "Y": 61
    },
    "TitansTunnelEast": {
      "X": 43,
      "Y": 53
    },
    "MatoyasCave": {
      "X": 39,
      "Y": 54
    },
    "DwarfCave": {
      "X": 229,
      "Y": 68
    },
    "Elfland": {
      "X": 117,
      "Y": 142
    },
    "ElflandCastle": {
      "X": 118,
      "Y": 141
    },
    "MarshCave1": {
      "X": 146,
      "Y": 129
    },
    "NorthwestCastle": {
      "X": 122,
      "Y": 230
    },
    "Melmond": {
      "X": 105,
      "Y": 88
    },
    "CrescentLake": {
      "X": 153,
      "Y": 217
    },
    "Lefein": {
      "X": 164,
      "Y": 101
    },
    "BahamutCave1": {
      "X": 141,
      "Y": 21
    },
    "Cardia1": {
      "X": 210,
      "Y": 232
    },
    "Cardia2": {
      "X": 20,
      "Y": 26
    },
    "Cardia4": {
      "X": 74,
      "Y": 192
    },
    "Cardia5": {
      "X": 178,
      "Y": 98
    },
    "Cardia6": {
      "X": 171,
      "Y": 204
    },
    "Waterfall": {
      "X": 117,
      "Y": 44
    },
    "IceCave1": {
      "X": 121,
      "Y": 163
    },
    "GurguVolcano1": {
      "X": 144,
      "Y": 60
    }
  }
}