﻿{
  "StartingLocation": {
    "X": 21,
    "Y": 157
  },
  "AirShipLocation": {
    "X": 17,
    "Y": 195
  },
  "BridgeLocation": {
    "X": 37,
    "Y": 232
  },
  "CanalLocation": {
    "X": 207,
    "Y": 216
  },
  "ShipLocations": [
    {
      "TeleporterIndex": 1,
      "X": 36,
      "Y": 239
    },
    {
      "TeleporterIndex": 9,
      "X": 36,
      "Y": 239
    },
    {
      "TeleporterIndex": 255,
      "X": 36,
      "Y": 239
    },
    {
      "TeleporterIndex": 13,
      "X": 36,
      "Y": 239
    },
    {
      "TeleporterIndex": 2,
      "X": 36,
      "Y": 239
    },
    {
      "TeleporterIndex": 3,
      "X": 131,
      "Y": 77
    },
    {
      "TeleporterIndex": 10,
      "X": 131,
      "Y": 77
    },
    {
      "TeleporterIndex": 23,
      "X": 97,
      "Y": 66
    },
    {
      "TeleporterIndex": 11,
      "X": 97,
      "Y": 66
    },
    {
      "TeleporterIndex": 4,
      "X": 246,
      "Y": 54
    },
    {
      "TeleporterIndex": 5,
      "X": 103,
      "Y": 146
    },
    {
      "TeleporterIndex": 0,
      "X": 36,
      "Y": 239
    },
    {
      "TeleporterIndex": 17,
      "X": 36,
      "Y": 239
    },
    {
      "TeleporterIndex": 29,
      "X": 246,
      "Y": 54
    }
  ],
  "TeleporterFixups": [
    {
      "Type": 1,
      "Index": 0,
      "From": null,
      "To": {
        "Map": 255,
        "X": 217,
        "Y": 94
      }
    },
    {
      "Type": 1,
      "Index": 1,
      "From": null,
      "To": {
        "Map": 255,
        "X": 236,
        "Y": 218
      }
    },
    {
      "Type": 1,
      "Index": 2,
      "From": null,
      "To": {
        "Map": 255,
        "X": 54,
        "Y": 224
      }
    },
    {
      "Type": 1,
      "Index": 3,
      "From": null,
      "To": {
        "Map": 255,
        "X": 16,
        "Y": 110
      }
    },
    {
      "Type": 1,
      "Index": 4,
      "From": null,
      "To": {
        "Map": 255,
        "X": 21,
        "Y": 155
      }
    },
    {
      "Type": 1,
      "Index": 5,
      "From": null,
      "To": {
        "Map": 255,
        "X": 217,
        "Y": 233
      }
    },
    {
      "Type": 1,
      "Index": 6,
      "From": null,
      "To": {
        "Map": 255,
        "X": 68,
        "Y": 228
      }
    },
    {
      "Type": 1,
      "Index": 7,
      "From": null,
      "To": {
        "Map": 255,
        "X": 140,
        "Y": 116
      }
    },
    {
      "Type": 1,
      "Index": 8,
      "From": null,
      "To": {
        "Map": 255,
        "X": 42,
        "Y": 102
      }
    }
  ],
  "DomainFixups": [],
  "DomainUpdates": [
    {
      "From": 6,
      "To": 0
    },
    {
      "From": 0,
      "To": 1
    },
    {
      "From": 0,
      "To": 2
    },
    {
      "From": 0,
      "To": 3
    },
    {
      "From": 31,
      "To": 4
    },
    {
      "From": 0,
      "To": 5
    },
    {
      "From": 0,
      "To": 6
    },
    {
      "From": 11,
      "To": 7
    },
    {
      "From": 0,
      "To": 8
    },
    {
      "From": 0,
      "To": 9
    },
    {
      "From": 43,
      "To": 10
    },
    {
      "From": 43,
      "To": 11
    },
    {
      "From": 35,
      "To": 12
    },
    {
      "From": 35,
      "To": 13
    },
    {
      "From": 11,
      "To": 14
    },
    {
      "From": 11,
      "To": 15
    },
    {
      "From": 0,
      "To": 16
    },
    {
      "From": 0,
      "To": 17
    },
    {
      "From": 43,
      "To": 18
    },
    {
      "From": 52,
      "To": 19
    },
    {
      "From": 35,
      "To": 20
    },
    {
      "From": 35,
      "To": 21
    },
    {
      "From": 42,
      "To": 22
    },
    {
      "From": 40,
      "To": 23
    },
    {
      "From": 10,
      "To": 24
    },
    {
      "From": 14,
      "To": 25
    },
    {
      "From": 54,
      "To": 26
    },
    {
      "From": 54,
      "To": 27
    },
    {
      "From": 9,
      "To": 28
    },
    {
      "From": 0,
      "To": 29
    },
    {
      "From": 40,
      "To": 30
    },
    {
      "From": 40,
      "To": 31
    },
    {
      "From": 36,
      "To": 32
    },
    {
      "From": 29,
      "To": 33
    },
    {
      "From": 54,
      "To": 34
    },
    {
      "From": 54,
      "To": 35
    },
    {
      "From": 0,
      "To": 36
    },
    {
      "From": 0,
      "To": 37
    },
    {
      "From": 0,
      "To": 38
    },
    {
      "From": 0,
      "To": 39
    },
    {
      "From": 28,
      "To": 40
    },
    {
      "From": 10,
      "To": 41
    },
    {
      "From": 0,
      "To": 42
    },
    {
      "From": 0,
      "To": 43
    },
    {
      "From": 0,
      "To": 44
    },
    {
      "From": 0,
      "To": 45
    },
    {
      "From": 0,
      "To": 46
    },
    {
      "From": 0,
      "To": 47
    },
    {
      "From": 10,
      "To": 48
    },
    {
      "From": 10,
      "To": 49
    },
    {
      "From": 11,
      "To": 50
    },
    {
      "From": 0,
      "To": 51
    },
    {
      "From": 0,
      "To": 52
    },
    {
      "From": 42,
      "To": 53
    },
    {
      "From": 42,
      "To": 54
    },
    {
      "From": 40,
      "To": 55
    },
    {
      "From": 10,
      "To": 56
    },
    {
      "From": 54,
      "To": 57
    },
    {
      "From": 54,
      "To": 58
    },
    {
      "From": 0,
      "To": 59
    },
    {
      "From": 0,
      "To": 60
    },
    {
      "From": 42,
      "To": 61
    },
    {
      "From": 42,
      "To": 62
    },
    {
      "From": 42,
      "To": 63
    }
  ],
  "OverworldCoordinates": {
    "Coneria": {
      "X": 20,
      "Y": 156
    },
    "ConeriaCastle1": {
      "X": 21,
      "Y": 155
    },
    "TempleOfFiends1": {
      "X": 23,
      "Y": 182
    },
    "Pravoka": {
      "X": 37,
      "Y": 235
    },
    "Gaia": {
      "X": 11,
      "Y": 14
    },
    "CastleOrdeals1": {
      "X": 16,
      "Y": 110
    },
    "TitansTunnelWest": {
      "X": 236,
      "Y": 218
    },
    "SardasCave": {
      "X": 239,
      "Y": 218
    },
    "EarthCave1": {
      "X": 217,
      "Y": 233
    },
    "MirageTower1": {
      "X": 42,
      "Y": 102
    },
    "Onrac": {
      "X": 140,
      "Y": 116
    },
    "TitansTunnelEast": {
      "X": 217,
      "Y": 94
    },
    "MatoyasCave": {
      "X": 63,
      "Y": 143
    },
    "DwarfCave": {
      "X": 156,
      "Y": 61
    },
    "Elfland": {
      "X": 118,
      "Y": 98
    },
    "ElflandCastle": {
      "X": 119,
      "Y": 97
    },
    "MarshCave1": {
      "X": 87,
      "Y": 97
    },
    "NorthwestCastle": {
      "X": 77,
      "Y": 81
    },
    "Melmond": {
      "X": 209,
      "Y": 69
    },
    "CrescentLake": {
      "X": 88,
      "Y": 138
    },
    "Lefein": {
      "X": 159,
      "Y": 27
    },
    "BahamutCave1": {
      "X": 242,
      "Y": 21
    },
    "Cardia1": {
      "X": 35,
      "Y": 214
    },
    "Cardia2": {
      "X": 32,
      "Y": 193
    },
    "Cardia4": {
      "X": 18,
      "Y": 125
    },
    "Cardia5": {
      "X": 76,
      "Y": 205
    },
    "Cardia6": {
      "X": 223,
      "Y": 60
    },
    "Waterfall": {
      "X": 35,
      "Y": 111
    },
    "IceCave1": {
      "X": 54,
      "Y": 224
    },
    "GurguVolcano1": {
      "X": 68,
      "Y": 228
    }
  }
}