﻿{
  "StartingLocation": {
    "X": 181,
    "Y": 181
  },
  "AirShipLocation": {
    "X": 236,
    "Y": 187
  },
  "BridgeLocation": {
    "X": 177,
    "Y": 228
  },
  "CanalLocation": {
    "X": 130,
    "Y": 111
  },
  "ShipLocations": [
    {
      "TeleporterIndex": 255,
      "X": 176,
      "Y": 235
    }
  ],
  "TeleporterFixups": [
    {
      "Type": 1,
      "Index": 0,
      "From": null,
      "To": {
        "Map": 255,
        "X": 43,
        "Y": 131
      }
    },
    {
      "Type": 1,
      "Index": 1,
      "From": null,
      "To": {
        "Map": 255,
        "X": 40,
        "Y": 71
      }
    },
    {
      "Type": 1,
      "Index": 2,
      "From": null,
      "To": {
        "Map": 255,
        "X": 215,
        "Y": 188
      }
    },
    {
      "Type": 1,
      "Index": 3,
      "From": null,
      "To": {
        "Map": 255,
        "X": 203,
        "Y": 205
      }
    },
    {
      "Type": 1,
      "Index": 4,
      "From": null,
      "To": {
        "Map": 255,
        "X": 181,
        "Y": 179
      }
    },
    {
      "Type": 1,
      "Index": 5,
      "From": null,
      "To": {
        "Map": 255,
        "X": 175,
        "Y": 145
      }
    },
    {
      "Type": 1,
      "Index": 6,
      "From": null,
      "To": {
        "Map": 255,
        "X": 91,
        "Y": 135
      }
    },
    {
      "Type": 1,
      "Index": 7,
      "From": null,
      "To": {
        "Map": 255,
        "X": 60,
        "Y": 19
      }
    },
    {
      "Type": 1,
      "Index": 8,
      "From": null,
      "To": {
        "Map": 255,
        "X": 22,
        "Y": 97
      }
    }
  ],
  "DomainFixups": [],
  "DomainUpdates": [
    {
      "From": 6,
      "To": 0
    },
    {
      "From": 9,
      "To": 1
    },
    {
      "From": 0,
      "To": 2
    },
    {
      "From": 0,
      "To": 3
    },
    {
      "From": 10,
      "To": 4
    },
    {
      "From": 10,
      "To": 5
    },
    {
      "From": 0,
      "To": 6
    },
    {
      "From": 0,
      "To": 7
    },
    {
      "From": 40,
      "To": 8
    },
    {
      "From": 40,
      "To": 9
    },
    {
      "From": 0,
      "To": 10
    },
    {
      "From": 0,
      "To": 11
    },
    {
      "From": 0,
      "To": 12
    },
    {
      "From": 0,
      "To": 13
    },
    {
      "From": 0,
      "To": 14
    },
    {
      "From": 0,
      "To": 15
    },
    {
      "From": 14,
      "To": 16
    },
    {
      "From": 14,
      "To": 17
    },
    {
      "From": 59,
      "To": 18
    },
    {
      "From": 0,
      "To": 19
    },
    {
      "From": 0,
      "To": 20
    },
    {
      "From": 0,
      "To": 21
    },
    {
      "From": 0,
      "To": 22
    },
    {
      "From": 0,
      "To": 23
    },
    {
      "From": 14,
      "To": 24
    },
    {
      "From": 14,
      "To": 25
    },
    {
      "From": 59,
      "To": 26
    },
    {
      "From": 59,
      "To": 27
    },
    {
      "From": 11,
      "To": 28
    },
    {
      "From": 11,
      "To": 29
    },
    {
      "From": 43,
      "To": 30
    },
    {
      "From": 0,
      "To": 31
    },
    {
      "From": 42,
      "To": 32
    },
    {
      "From": 42,
      "To": 33
    },
    {
      "From": 54,
      "To": 34
    },
    {
      "From": 54,
      "To": 35
    },
    {
      "From": 11,
      "To": 36
    },
    {
      "From": 42,
      "To": 37
    },
    {
      "From": 1,
      "To": 38
    },
    {
      "From": 0,
      "To": 39
    },
    {
      "From": 54,
      "To": 40
    },
    {
      "From": 54,
      "To": 41
    },
    {
      "From": 54,
      "To": 42
    },
    {
      "From": 54,
      "To": 43
    },
    {
      "From": 36,
      "To": 44
    },
    {
      "From": 36,
      "To": 45
    },
    {
      "From": 1,
      "To": 46
    },
    {
      "From": 52,
      "To": 47
    },
    {
      "From": 11,
      "To": 48
    },
    {
      "From": 54,
      "To": 49
    },
    {
      "From": 10,
      "To": 50
    },
    {
      "From": 0,
      "To": 51
    },
    {
      "From": 28,
      "To": 52
    },
    {
      "From": 29,
      "To": 53
    },
    {
      "From": 52,
      "To": 54
    },
    {
      "From": 52,
      "To": 55
    },
    {
      "From": 11,
      "To": 56
    },
    {
      "From": 10,
      "To": 57
    },
    {
      "From": 10,
      "To": 58
    },
    {
      "From": 0,
      "To": 59
    },
    {
      "From": 28,
      "To": 60
    },
    {
      "From": 28,
      "To": 61
    },
    {
      "From": 52,
      "To": 62
    },
    {
      "From": 52,
      "To": 63
    }
  ],
  "OverworldCoordinates": {
    "Coneria": {
      "X": 180,
      "Y": 180
    },
    "ConeriaCastle1": {
      "X": 181,
      "Y": 179
    },
    "TempleOfFiends1": {
      "X": 162,
      "Y": 229
    },
    "Pravoka": {
      "X": 177,
      "Y": 231
    },
    "Gaia": {
      "X": 13,
      "Y": 20
    },
    "CastleOrdeals1": {
      "X": 203,
      "Y": 205
    },
    "TitansTunnelWest": {
      "X": 40,
      "Y": 71
    },
    "SardasCave": {
      "X": 44,
      "Y": 72
    },
    "EarthCave1": {
      "X": 175,
      "Y": 145
    },
    "MirageTower1": {
      "X": 22,
      "Y": 97
    },
    "Onrac": {
      "X": 60,
      "Y": 19
    },
    "TitansTunnelEast": {
      "X": 43,
      "Y": 131
    },
    "MatoyasCave": {
      "X": 184,
      "Y": 188
    },
    "DwarfCave": {
      "X": 195,
      "Y": 173
    },
    "Elfland": {
      "X": 222,
      "Y": 212
    },
    "ElflandCastle": {
      "X": 223,
      "Y": 211
    },
    "MarshCave1": {
      "X": 84,
      "Y": 120
    },
    "NorthwestCastle": {
      "X": 195,
      "Y": 122
    },
    "Melmond": {
      "X": 52,
      "Y": 151
    },
    "CrescentLake": {
      "X": 52,
      "Y": 169
    },
    "Lefein": {
      "X": 153,
      "Y": 130
    },
    "BahamutCave1": {
      "X": 21,
      "Y": 200
    },
    "Cardia1": {
      "X": 61,
      "Y": 232
    },
    "Cardia2": {
      "X": 116,
      "Y": 178
    },
    "Cardia4": {
      "X": 146,
      "Y": 20
    },
    "Cardia5": {
      "X": 18,
      "Y": 238
    },
    "Cardia6": {
      "X": 152,
      "Y": 148
    },
    "Waterfall": {
      "X": 196,
      "Y": 145
    },
    "IceCave1": {
      "X": 215,
      "Y": 188
    },
    "GurguVolcano1": {
      "X": 91,
      "Y": 135
    }
  }
}