﻿{
  "StartingLocation": {
    "X": 58,
    "Y": 228
  },
  "AirShipLocation": {
    "X": 87,
    "Y": 109
  },
  "BridgeLocation": {
    "X": 91,
    "Y": 217
  },
  "CanalLocation": {
    "X": 15,
    "Y": 60
  },
  "ShipLocations": [
    {
      "TeleporterIndex": 255,
      "X": 90,
      "Y": 224
    }
  ],
  "TeleporterFixups": [
    {
      "Type": 1,
      "Index": 0,
      "From": null,
      "To": {
        "Map": 255,
        "X": 217,
        "Y": 221
      }
    },
    {
      "Type": 1,
      "Index": 1,
      "From": null,
      "To": {
        "Map": 255,
        "X": 210,
        "Y": 129
      }
    },
    {
      "Type": 1,
      "Index": 2,
      "From": null,
      "To": {
        "Map": 255,
        "X": 62,
        "Y": 58
      }
    },
    {
      "Type": 1,
      "Index": 3,
      "From": null,
      "To": {
        "Map": 255,
        "X": 233,
        "Y": 206
      }
    },
    {
      "Type": 1,
      "Index": 4,
      "From": null,
      "To": {
        "Map": 255,
        "X": 58,
        "Y": 226
      }
    },
    {
      "Type": 1,
      "Index": 5,
      "From": null,
      "To": {
        "Map": 255,
        "X": 26,
        "Y": 69
      }
    },
    {
      "Type": 1,
      "Index": 6,
      "From": null,
      "To": {
        "Map": 255,
        "X": 78,
        "Y": 86
      }
    },
    {
      "Type": 1,
      "Index": 7,
      "From": null,
      "To": {
        "Map": 255,
        "X": 231,
        "Y": 55
      }
    },
    {
      "Type": 1,
      "Index": 8,
      "From": null,
      "To": {
        "Map": 255,
        "X": 56,
        "Y": 100
      }
    }
  ],
  "DomainFixups": [],
  "DomainUpdates": [
    {
      "From": 0,
      "To": 0
    },
    {
      "From": 1,
      "To": 1
    },
    {
      "From": 1,
      "To": 2
    },
    {
      "From": 43,
      "To": 3
    },
    {
      "From": 43,
      "To": 4
    },
    {
      "From": 54,
      "To": 5
    },
    {
      "From": 10,
      "To": 6
    },
    {
      "From": 10,
      "To": 7
    },
    {
      "From": 42,
      "To": 8
    },
    {
      "From": 1,
      "To": 9
    },
    {
      "From": 1,
      "To": 10
    },
    {
      "From": 43,
      "To": 11
    },
    {
      "From": 43,
      "To": 12
    },
    {
      "From": 54,
      "To": 13
    },
    {
      "From": 54,
      "To": 14
    },
    {
      "From": 9,
      "To": 15
    },
    {
      "From": 42,
      "To": 16
    },
    {
      "From": 14,
      "To": 17
    },
    {
      "From": 54,
      "To": 18
    },
    {
      "From": 43,
      "To": 19
    },
    {
      "From": 0,
      "To": 20
    },
    {
      "From": 0,
      "To": 21
    },
    {
      "From": 0,
      "To": 22
    },
    {
      "From": 40,
      "To": 23
    },
    {
      "From": 42,
      "To": 24
    },
    {
      "From": 14,
      "To": 25
    },
    {
      "From": 59,
      "To": 26
    },
    {
      "From": 10,
      "To": 27
    },
    {
      "From": 0,
      "To": 28
    },
    {
      "From": 0,
      "To": 29
    },
    {
      "From": 40,
      "To": 30
    },
    {
      "From": 40,
      "To": 31
    },
    {
      "From": 11,
      "To": 32
    },
    {
      "From": 59,
      "To": 33
    },
    {
      "From": 59,
      "To": 34
    },
    {
      "From": 59,
      "To": 35
    },
    {
      "From": 0,
      "To": 36
    },
    {
      "From": 11,
      "To": 37
    },
    {
      "From": 40,
      "To": 38
    },
    {
      "From": 40,
      "To": 39
    },
    {
      "From": 11,
      "To": 40
    },
    {
      "From": 59,
      "To": 41
    },
    {
      "From": 59,
      "To": 42
    },
    {
      "From": 0,
      "To": 43
    },
    {
      "From": 0,
      "To": 44
    },
    {
      "From": 11,
      "To": 45
    },
    {
      "From": 12,
      "To": 46
    },
    {
      "From": 12,
      "To": 47
    },
    {
      "From": 36,
      "To": 48
    },
    {
      "From": 36,
      "To": 49
    },
    {
      "From": 35,
      "To": 50
    },
    {
      "From": 35,
      "To": 51
    },
    {
      "From": 0,
      "To": 52
    },
    {
      "From": 10,
      "To": 53
    },
    {
      "From": 40,
      "To": 54
    },
    {
      "From": 12,
      "To": 55
    },
    {
      "From": 0,
      "To": 56
    },
    {
      "From": 36,
      "To": 57
    },
    {
      "From": 29,
      "To": 58
    },
    {
      "From": 29,
      "To": 59
    },
    {
      "From": 0,
      "To": 60
    },
    {
      "From": 10,
      "To": 61
    },
    {
      "From": 40,
      "To": 62
    },
    {
      "From": 52,
      "To": 63
    }
  ],
  "OverworldCoordinates": {
    "Coneria": {
      "X": 57,
      "Y": 227
    },
    "ConeriaCastle1": {
      "X": 58,
      "Y": 226
    },
    "TempleOfFiends1": {
      "X": 78,
      "Y": 199
    },
    "Pravoka": {
      "X": 91,
      "Y": 220
    },
    "Gaia": {
      "X": 205,
      "Y": 162
    },
    "CastleOrdeals1": {
      "X": 233,
      "Y": 206
    },
    "TitansTunnelWest": {
      "X": 210,
      "Y": 129
    },
    "SardasCave": {
      "X": 218,
      "Y": 128
    },
    "EarthCave1": {
      "X": 26,
      "Y": 69
    },
    "MirageTower1": {
      "X": 56,
      "Y": 100
    },
    "Onrac": {
      "X": 231,
      "Y": 55
    },
    "TitansTunnelEast": {
      "X": 217,
      "Y": 221
    },
    "MatoyasCave": {
      "X": 70,
      "Y": 219
    },
    "DwarfCave": {
      "X": 89,
      "Y": 202
    },
    "Elfland": {
      "X": 226,
      "Y": 236
    },
    "ElflandCastle": {
      "X": 227,
      "Y": 235
    },
    "MarshCave1": {
      "X": 89,
      "Y": 148
    },
    "NorthwestCastle": {
      "X": 113,
      "Y": 38
    },
    "Melmond": {
      "X": 46,
      "Y": 242
    },
    "CrescentLake": {
      "X": 189,
      "Y": 38
    },
    "Lefein": {
      "X": 53,
      "Y": 170
    },
    "BahamutCave1": {
      "X": 173,
      "Y": 152
    },
    "Cardia1": {
      "X": 212,
      "Y": 24
    },
    "Cardia2": {
      "X": 177,
      "Y": 214
    },
    "Cardia4": {
      "X": 110,
      "Y": 126
    },
    "Cardia5": {
      "X": 241,
      "Y": 231
    },
    "Cardia6": {
      "X": 19,
      "Y": 166
    },
    "Waterfall": {
      "X": 48,
      "Y": 48
    },
    "IceCave1": {
      "X": 62,
      "Y": 58
    },
    "GurguVolcano1": {
      "X": 78,
      "Y": 86
    }
  }
}