﻿{
  "StartingLocation": {
    "X": 232,
    "Y": 177
  },
  "AirShipLocation": {
    "X": 156,
    "Y": 65
  },
  "BridgeLocation": {
    "X": 194,
    "Y": 220
  },
  "CanalLocation": {
    "X": 223,
    "Y": 51
  },
  "ShipLocations": [
    {
      "TeleporterIndex": 255,
      "X": 193,
      "Y": 227
    }
  ],
  "TeleporterFixups": [
    {
      "Type": 1,
      "Index": 0,
      "From": null,
      "To": {
        "Map": 255,
        "X": 131,
        "Y": 83
      }
    },
    {
      "Type": 1,
      "Index": 1,
      "From": null,
      "To": {
        "Map": 255,
        "X": 217,
        "Y": 68
      }
    },
    {
      "Type": 1,
      "Index": 2,
      "From": null,
      "To": {
        "Map": 255,
        "X": 41,
        "Y": 125
      }
    },
    {
      "Type": 1,
      "Index": 3,
      "From": null,
      "To": {
        "Map": 255,
        "X": 95,
        "Y": 128
      }
    },
    {
      "Type": 1,
      "Index": 4,
      "From": null,
      "To": {
        "Map": 255,
        "X": 232,
        "Y": 175
      }
    },
    {
      "Type": 1,
      "Index": 5,
      "From": null,
      "To": {
        "Map": 255,
        "X": 213,
        "Y": 85
      }
    },
    {
      "Type": 1,
      "Index": 6,
      "From": null,
      "To": {
        "Map": 255,
        "X": 60,
        "Y": 124
      }
    },
    {
      "Type": 1,
      "Index": 7,
      "From": null,
      "To": {
        "Map": 255,
        "X": 51,
        "Y": 144
      }
    },
    {
      "Type": 1,
      "Index": 8,
      "From": null,
      "To": {
        "Map": 255,
        "X": 165,
        "Y": 30
      }
    }
  ],
  "DomainFixups": [],
  "DomainUpdates": [
    {
      "From": 0,
      "To": 0
    },
    {
      "From": 0,
      "To": 1
    },
    {
      "From": 0,
      "To": 2
    },
    {
      "From": 35,
      "To": 3
    },
    {
      "From": 14,
      "To": 4
    },
    {
      "From": 14,
      "To": 5
    },
    {
      "From": 0,
      "To": 6
    },
    {
      "From": 40,
      "To": 7
    },
    {
      "From": 0,
      "To": 8
    },
    {
      "From": 0,
      "To": 9
    },
    {
      "From": 0,
      "To": 10
    },
    {
      "From": 35,
      "To": 11
    },
    {
      "From": 35,
      "To": 12
    },
    {
      "From": 29,
      "To": 13
    },
    {
      "From": 1,
      "To": 14
    },
    {
      "From": 40,
      "To": 15
    },
    {
      "From": 54,
      "To": 16
    },
    {
      "From": 54,
      "To": 17
    },
    {
      "From": 11,
      "To": 18
    },
    {
      "From": 40,
      "To": 19
    },
    {
      "From": 40,
      "To": 20
    },
    {
      "From": 29,
      "To": 21
    },
    {
      "From": 1,
      "To": 22
    },
    {
      "From": 40,
      "To": 23
    },
    {
      "From": 54,
      "To": 24
    },
    {
      "From": 54,
      "To": 25
    },
    {
      "From": 54,
      "To": 26
    },
    {
      "From": 12,
      "To": 27
    },
    {
      "From": 59,
      "To": 28
    },
    {
      "From": 43,
      "To": 29
    },
    {
      "From": 43,
      "To": 30
    },
    {
      "From": 43,
      "To": 31
    },
    {
      "From": 11,
      "To": 32
    },
    {
      "From": 54,
      "To": 33
    },
    {
      "From": 12,
      "To": 34
    },
    {
      "From": 12,
      "To": 35
    },
    {
      "From": 11,
      "To": 36
    },
    {
      "From": 43,
      "To": 37
    },
    {
      "From": 43,
      "To": 38
    },
    {
      "From": 43,
      "To": 39
    },
    {
      "From": 0,
      "To": 40
    },
    {
      "From": 0,
      "To": 41
    },
    {
      "From": 0,
      "To": 42
    },
    {
      "From": 0,
      "To": 43
    },
    {
      "From": 28,
      "To": 44
    },
    {
      "From": 28,
      "To": 45
    },
    {
      "From": 52,
      "To": 46
    },
    {
      "From": 36,
      "To": 47
    },
    {
      "From": 10,
      "To": 48
    },
    {
      "From": 10,
      "To": 49
    },
    {
      "From": 0,
      "To": 50
    },
    {
      "From": 0,
      "To": 51
    },
    {
      "From": 10,
      "To": 52
    },
    {
      "From": 28,
      "To": 53
    },
    {
      "From": 42,
      "To": 54
    },
    {
      "From": 42,
      "To": 55
    },
    {
      "From": 10,
      "To": 56
    },
    {
      "From": 10,
      "To": 57
    },
    {
      "From": 0,
      "To": 58
    },
    {
      "From": 0,
      "To": 59
    },
    {
      "From": 0,
      "To": 60
    },
    {
      "From": 42,
      "To": 61
    },
    {
      "From": 42,
      "To": 62
    },
    {
      "From": 0,
      "To": 63
    }
  ],
  "OverworldCoordinates": {
    "Coneria": {
      "X": 231,
      "Y": 176
    },
    "ConeriaCastle1": {
      "X": 232,
      "Y": 175
    },
    "TempleOfFiends1": {
      "X": 168,
      "Y": 183
    },
    "Pravoka": {
      "X": 194,
      "Y": 223
    },
    "Gaia": {
      "X": 209,
      "Y": 240
    },
    "CastleOrdeals1": {
      "X": 95,
      "Y": 128
    },
    "TitansTunnelWest": {
      "X": 217,
      "Y": 68
    },
    "SardasCave": {
      "X": 216,
      "Y": 86
    },
    "EarthCave1": {
      "X": 213,
      "Y": 85
    },
    "MirageTower1": {
      "X": 165,
      "Y": 30
    },
    "Onrac": {
      "X": 51,
      "Y": 144
    },
    "TitansTunnelEast": {
      "X": 131,
      "Y": 83
    },
    "MatoyasCave": {
      "X": 172,
      "Y": 68
    },
    "DwarfCave": {
      "X": 127,
      "Y": 28
    },
    "Elfland": {
      "X": 216,
      "Y": 193
    },
    "ElflandCastle": {
      "X": 217,
      "Y": 192
    },
    "MarshCave1": {
      "X": 130,
      "Y": 101
    },
    "NorthwestCastle": {
      "X": 193,
      "Y": 127
    },
    "Melmond": {
      "X": 213,
      "Y": 219
    },
    "CrescentLake": {
      "X": 26,
      "Y": 120
    },
    "Lefein": {
      "X": 171,
      "Y": 116
    },
    "BahamutCave1": {
      "X": 88,
      "Y": 99
    },
    "Cardia1": {
      "X": 137,
      "Y": 209
    },
    "Cardia2": {
      "X": 23,
      "Y": 236
    },
    "Cardia4": {
      "X": 49,
      "Y": 218
    },
    "Cardia5": {
      "X": 146,
      "Y": 142
    },
    "Cardia6": {
      "X": 27,
      "Y": 135
    },
    "Waterfall": {
      "X": 202,
      "Y": 75
    },
    "IceCave1": {
      "X": 41,
      "Y": 125
    },
    "GurguVolcano1": {
      "X": 60,
      "Y": 124
    }
  }
}