﻿{
  "StartingLocation": {
    "X": 89,
    "Y": 177
  },
  "AirShipLocation": {
    "X": 165,
    "Y": 90
  },
  "BridgeLocation": {
    "X": 25,
    "Y": 176
  },
  "CanalLocation": {
    "X": 42,
    "Y": 46
  },
  "ShipLocations": [
    {
      "TeleporterIndex": 255,
      "X": 24,
      "Y": 183
    }
  ],
  "TeleporterFixups": [
    {
      "Type": 1,
      "Index": 0,
      "From": null,
      "To": {
        "Map": 255,
        "X": 141,
        "Y": 105
      }
    },
    {
      "Type": 1,
      "Index": 1,
      "From": null,
      "To": {
        "Map": 255,
        "X": 19,
        "Y": 75
      }
    },
    {
      "Type": 1,
      "Index": 2,
      "From": null,
      "To": {
        "Map": 255,
        "X": 197,
        "Y": 123
      }
    },
    {
      "Type": 1,
      "Index": 3,
      "From": null,
      "To": {
        "Map": 255,
        "X": 84,
        "Y": 194
      }
    },
    {
      "Type": 1,
      "Index": 4,
      "From": null,
      "To": {
        "Map": 255,
        "X": 89,
        "Y": 175
      }
    },
    {
      "Type": 1,
      "Index": 5,
      "From": null,
      "To": {
        "Map": 255,
        "X": 23,
        "Y": 69
      }
    },
    {
      "Type": 1,
      "Index": 6,
      "From": null,
      "To": {
        "Map": 255,
        "X": 57,
        "Y": 203
      }
    },
    {
      "Type": 1,
      "Index": 7,
      "From": null,
      "To": {
        "Map": 255,
        "X": 125,
        "Y": 234
      }
    },
    {
      "Type": 1,
      "Index": 8,
      "From": null,
      "To": {
        "Map": 255,
        "X": 60,
        "Y": 229
      }
    }
  ],
  "DomainFixups": [],
  "DomainUpdates": [
    {
      "From": 0,
      "To": 0
    },
    {
      "From": 40,
      "To": 1
    },
    {
      "From": 0,
      "To": 2
    },
    {
      "From": 59,
      "To": 3
    },
    {
      "From": 59,
      "To": 4
    },
    {
      "From": 0,
      "To": 5
    },
    {
      "From": 42,
      "To": 6
    },
    {
      "From": 42,
      "To": 7
    },
    {
      "From": 42,
      "To": 8
    },
    {
      "From": 40,
      "To": 9
    },
    {
      "From": 0,
      "To": 10
    },
    {
      "From": 59,
      "To": 11
    },
    {
      "From": 59,
      "To": 12
    },
    {
      "From": 0,
      "To": 13
    },
    {
      "From": 11,
      "To": 14
    },
    {
      "From": 0,
      "To": 15
    },
    {
      "From": 40,
      "To": 16
    },
    {
      "From": 40,
      "To": 17
    },
    {
      "From": 35,
      "To": 18
    },
    {
      "From": 35,
      "To": 19
    },
    {
      "From": 40,
      "To": 20
    },
    {
      "From": 40,
      "To": 21
    },
    {
      "From": 43,
      "To": 22
    },
    {
      "From": 43,
      "To": 23
    },
    {
      "From": 28,
      "To": 24
    },
    {
      "From": 28,
      "To": 25
    },
    {
      "From": 35,
      "To": 26
    },
    {
      "From": 35,
      "To": 27
    },
    {
      "From": 40,
      "To": 28
    },
    {
      "From": 40,
      "To": 29
    },
    {
      "From": 43,
      "To": 30
    },
    {
      "From": 43,
      "To": 31
    },
    {
      "From": 28,
      "To": 32
    },
    {
      "From": 28,
      "To": 33
    },
    {
      "From": 36,
      "To": 34
    },
    {
      "From": 11,
      "To": 35
    },
    {
      "From": 29,
      "To": 36
    },
    {
      "From": 54,
      "To": 37
    },
    {
      "From": 54,
      "To": 38
    },
    {
      "From": 52,
      "To": 39
    },
    {
      "From": 54,
      "To": 40
    },
    {
      "From": 28,
      "To": 41
    },
    {
      "From": 36,
      "To": 42
    },
    {
      "From": 36,
      "To": 43
    },
    {
      "From": 0,
      "To": 44
    },
    {
      "From": 54,
      "To": 45
    },
    {
      "From": 54,
      "To": 46
    },
    {
      "From": 10,
      "To": 47
    },
    {
      "From": 54,
      "To": 48
    },
    {
      "From": 54,
      "To": 49
    },
    {
      "From": 12,
      "To": 50
    },
    {
      "From": 12,
      "To": 51
    },
    {
      "From": 0,
      "To": 52
    },
    {
      "From": 10,
      "To": 53
    },
    {
      "From": 0,
      "To": 54
    },
    {
      "From": 0,
      "To": 55
    },
    {
      "From": 0,
      "To": 56
    },
    {
      "From": 14,
      "To": 57
    },
    {
      "From": 14,
      "To": 58
    },
    {
      "From": 9,
      "To": 59
    },
    {
      "From": 9,
      "To": 60
    },
    {
      "From": 10,
      "To": 61
    },
    {
      "From": 0,
      "To": 62
    },
    {
      "From": 10,
      "To": 63
    }
  ],
  "OverworldCoordinates": {
    "Coneria": {
      "X": 88,
      "Y": 176
    },
    "ConeriaCastle1": {
      "X": 89,
      "Y": 175
    },
    "TempleOfFiends1": {
      "X": 65,
      "Y": 179
    },
    "Pravoka": {
      "X": 25,
      "Y": 179
    },
    "Gaia": {
      "X": 170,
      "Y": 241
    },
    "CastleOrdeals1": {
      "X": 84,
      "Y": 194
    },
    "TitansTunnelWest": {
      "X": 19,
      "Y": 75
    },
    "SardasCave": {
      "X": 33,
      "Y": 72
    },
    "EarthCave1": {
      "X": 23,
      "Y": 69
    },
    "MirageTower1": {
      "X": 60,
      "Y": 229
    },
    "Onrac": {
      "X": 125,
      "Y": 234
    },
    "TitansTunnelEast": {
      "X": 141,
      "Y": 105
    },
    "MatoyasCave": {
      "X": 161,
      "Y": 123
    },
    "DwarfCave": {
      "X": 95,
      "Y": 105
    },
    "Elfland": {
      "X": 231,
      "Y": 141
    },
    "ElflandCastle": {
      "X": 232,
      "Y": 140
    },
    "MarshCave1": {
      "X": 136,
      "Y": 36
    },
    "NorthwestCastle": {
      "X": 215,
      "Y": 97
    },
    "Melmond": {
      "X": 218,
      "Y": 26
    },
    "CrescentLake": {
      "X": 23,
      "Y": 210
    },
    "Lefein": {
      "X": 223,
      "Y": 116
    },
    "BahamutCave1": {
      "X": 200,
      "Y": 49
    },
    "Cardia1": {
      "X": 235,
      "Y": 232
    },
    "Cardia2": {
      "X": 178,
      "Y": 224
    },
    "Cardia4": {
      "X": 235,
      "Y": 171
    },
    "Cardia5": {
      "X": 240,
      "Y": 73
    },
    "Cardia6": {
      "X": 112,
      "Y": 133
    },
    "Waterfall": {
      "X": 171,
      "Y": 126
    },
    "IceCave1": {
      "X": 197,
      "Y": 123
    },
    "GurguVolcano1": {
      "X": 57,
      "Y": 203
    }
  }
}