﻿{
  "StartingLocation": {
    "X": 84,
    "Y": 79
  },
  "AirShipLocation": {
    "X": 77,
    "Y": 25
  },
  "BridgeLocation": {
    "X": 81,
    "Y": 47
  },
  "CanalLocation": {
    "X": 228,
    "Y": 77
  },
  "ShipLocations": [
    {
      "TeleporterIndex": 1,
      "X": 80,
      "Y": 54
    },
    {
      "TeleporterIndex": 9,
      "X": 80,
      "Y": 54
    },
    {
      "TeleporterIndex": 255,
      "X": 80,
      "Y": 54
    },
    {
      "TeleporterIndex": 13,
      "X": 80,
      "Y": 54
    },
    {
      "TeleporterIndex": 2,
      "X": 80,
      "Y": 54
    },
    {
      "TeleporterIndex": 24,
      "X": 80,
      "Y": 54
    },
    {
      "TeleporterIndex": 3,
      "X": 178,
      "Y": 203
    },
    {
      "TeleporterIndex": 10,
      "X": 178,
      "Y": 203
    },
    {
      "TeleporterIndex": 23,
      "X": 152,
      "Y": 112
    },
    {
      "TeleporterIndex": 11,
      "X": 136,
      "Y": 18
    },
    {
      "TeleporterIndex": 4,
      "X": 241,
      "Y": 55
    },
    {
      "TeleporterIndex": 5,
      "X": 49,
      "Y": 37
    },
    {
      "TeleporterIndex": 28,
      "X": 128,
      "Y": 111
    },
    {
      "TeleporterIndex": 29,
      "X": 136,
      "Y": 18
    }
  ],
  "TeleporterFixups": [
    {
      "Type": 1,
      "Index": 0,
      "From": null,
      "To": {
        "Map": 255,
        "X": 100,
        "Y": 65
      }
    },
    {
      "Type": 1,
      "Index": 1,
      "From": null,
      "To": {
        "Map": 255,
        "X": 119,
        "Y": 72
      }
    },
    {
      "Type": 1,
      "Index": 2,
      "From": null,
      "To": {
        "Map": 255,
        "X": 189,
        "Y": 50
      }
    },
    {
      "Type": 1,
      "Index": 3,
      "From": null,
      "To": {
        "Map": 255,
        "X": 186,
        "Y": 20
      }
    },
    {
      "Type": 1,
      "Index": 4,
      "From": null,
      "To": {
        "Map": 255,
        "X": 84,
        "Y": 77
      }
    },
    {
      "Type": 1,
      "Index": 5,
      "From": null,
      "To": {
        "Map": 255,
        "X": 200,
        "Y": 78
      }
    },
    {
      "Type": 1,
      "Index": 6,
      "From": null,
      "To": {
        "Map": 255,
        "X": 165,
        "Y": 46
      }
    },
    {
      "Type": 1,
      "Index": 7,
      "From": null,
      "To": {
        "Map": 255,
        "X": 44,
        "Y": 15
      }
    },
    {
      "Type": 1,
      "Index": 8,
      "From": null,
      "To": {
        "Map": 255,
        "X": 112,
        "Y": 45
      }
    }
  ],
  "DomainFixups": [],
  "DomainUpdates": [
    {
      "From": 0,
      "To": 0
    },
    {
      "From": 54,
      "To": 1
    },
    {
      "From": 28,
      "To": 2
    },
    {
      "From": 43,
      "To": 3
    },
    {
      "From": 11,
      "To": 4
    },
    {
      "From": 12,
      "To": 5
    },
    {
      "From": 12,
      "To": 6
    },
    {
      "From": 42,
      "To": 7
    },
    {
      "From": 10,
      "To": 8
    },
    {
      "From": 54,
      "To": 9
    },
    {
      "From": 54,
      "To": 10
    },
    {
      "From": 14,
      "To": 11
    },
    {
      "From": 11,
      "To": 12
    },
    {
      "From": 54,
      "To": 13
    },
    {
      "From": 1,
      "To": 14
    },
    {
      "From": 42,
      "To": 15
    },
    {
      "From": 0,
      "To": 16
    },
    {
      "From": 10,
      "To": 17
    },
    {
      "From": 36,
      "To": 18
    },
    {
      "From": 40,
      "To": 19
    },
    {
      "From": 11,
      "To": 20
    },
    {
      "From": 59,
      "To": 21
    },
    {
      "From": 42,
      "To": 22
    },
    {
      "From": 1,
      "To": 23
    },
    {
      "From": 0,
      "To": 24
    },
    {
      "From": 10,
      "To": 25
    },
    {
      "From": 36,
      "To": 26
    },
    {
      "From": 35,
      "To": 27
    },
    {
      "From": 11,
      "To": 28
    },
    {
      "From": 59,
      "To": 29
    },
    {
      "From": 10,
      "To": 30
    },
    {
      "From": 10,
      "To": 31
    },
    {
      "From": 0,
      "To": 32
    },
    {
      "From": 0,
      "To": 33
    },
    {
      "From": 0,
      "To": 34
    },
    {
      "From": 0,
      "To": 35
    },
    {
      "From": 0,
      "To": 36
    },
    {
      "From": 0,
      "To": 37
    },
    {
      "From": 0,
      "To": 38
    },
    {
      "From": 0,
      "To": 39
    },
    {
      "From": 11,
      "To": 40
    },
    {
      "From": 11,
      "To": 41
    },
    {
      "From": 0,
      "To": 42
    },
    {
      "From": 0,
      "To": 43
    },
    {
      "From": 0,
      "To": 44
    },
    {
      "From": 52,
      "To": 45
    },
    {
      "From": 52,
      "To": 46
    },
    {
      "From": 0,
      "To": 47
    },
    {
      "From": 11,
      "To": 48
    },
    {
      "From": 11,
      "To": 49
    },
    {
      "From": 11,
      "To": 50
    },
    {
      "From": 0,
      "To": 51
    },
    {
      "From": 0,
      "To": 52
    },
    {
      "From": 52,
      "To": 53
    },
    {
      "From": 52,
      "To": 54
    },
    {
      "From": 52,
      "To": 55
    },
    {
      "From": 11,
      "To": 56
    },
    {
      "From": 11,
      "To": 57
    },
    {
      "From": 0,
      "To": 58
    },
    {
      "From": 0,
      "To": 59
    },
    {
      "From": 0,
      "To": 60
    },
    {
      "From": 6,
      "To": 61
    },
    {
      "From": 52,
      "To": 62
    },
    {
      "From": 52,
      "To": 63
    }
  ],
  "OverworldCoordinates": {
    "Coneria": {
      "X": 83,
      "Y": 78
    },
    "ConeriaCastle1": {
      "X": 84,
      "Y": 77
    },
    "TempleOfFiends1": {
      "X": 95,
      "Y": 20
    },
    "Pravoka": {
      "X": 81,
      "Y": 50
    },
    "Gaia": {
      "X": 182,
      "Y": 224
    },
    "CastleOrdeals1": {
      "X": 186,
      "Y": 20
    },
    "TitansTunnelWest": {
      "X": 119,
      "Y": 72
    },
    "SardasCave": {
      "X": 117,
      "Y": 75
    },
    "EarthCave1": {
      "X": 200,
      "Y": 78
    },
    "MirageTower1": {
      "X": 112,
      "Y": 45
    },
    "Onrac": {
      "X": 44,
      "Y": 15
    },
    "TitansTunnelEast": {
      "X": 100,
      "Y": 65
    },
    "MatoyasCave": {
      "X": 145,
      "Y": 68
    },
    "DwarfCave": {
      "X": 123,
      "Y": 92
    },
    "Elfland": {
      "X": 216,
      "Y": 219
    },
    "ElflandCastle": {
      "X": 217,
      "Y": 218
    },
    "MarshCave1": {
      "X": 167,
      "Y": 77
    },
    "NorthwestCastle": {
      "X": 112,
      "Y": 18
    },
    "Melmond": {
      "X": 237,
      "Y": 35
    },
    "CrescentLake": {
      "X": 60,
      "Y": 36
    },
    "Lefein": {
      "X": 208,
      "Y": 19
    },
    "BahamutCave1": {
      "X": 38,
      "Y": 223
    },
    "Cardia1": {
      "X": 235,
      "Y": 101
    },
    "Cardia2": {
      "X": 23,
      "Y": 42
    },
    "Cardia4": {
      "X": 52,
      "Y": 100
    },
    "Cardia5": {
      "X": 141,
      "Y": 87
    },
    "Cardia6": {
      "X": 134,
      "Y": 45
    },
    "Waterfall": {
      "X": 213,
      "Y": 62
    },
    "IceCave1": {
      "X": 189,
      "Y": 50
    },
    "GurguVolcano1": {
      "X": 165,
      "Y": 46
    }
  }
}