﻿{
  "StartingLocation": {
    "X": 197,
    "Y": 180
  },
  "AirShipLocation": {
    "X": 130,
    "Y": 214
  },
  "BridgeLocation": {
    "X": 195,
    "Y": 100
  },
  "CanalLocation": {
    "X": 97,
    "Y": 54
  },
  "ShipLocations": [
    {
      "TeleporterIndex": 255,
      "X": 194,
      "Y": 107
    }
  ],
  "TeleporterFixups": [
    {
      "Type": 1,
      "Index": 0,
      "From": null,
      "To": {
        "Map": 255,
        "X": 141,
        "Y": 196
      }
    },
    {
      "Type": 1,
      "Index": 1,
      "From": null,
      "To": {
        "Map": 255,
        "X": 147,
        "Y": 24
      }
    },
    {
      "Type": 1,
      "Index": 2,
      "From": null,
      "To": {
        "Map": 255,
        "X": 136,
        "Y": 41
      }
    },
    {
      "Type": 1,
      "Index": 3,
      "From": null,
      "To": {
        "Map": 255,
        "X": 22,
        "Y": 49
      }
    },
    {
      "Type": 1,
      "Index": 4,
      "From": null,
      "To": {
        "Map": 255,
        "X": 197,
        "Y": 178
      }
    },
    {
      "Type": 1,
      "Index": 5,
      "From": null,
      "To": {
        "Map": 255,
        "X": 105,
        "Y": 47
      }
    },
    {
      "Type": 1,
      "Index": 6,
      "From": null,
      "To": {
        "Map": 255,
        "X": 118,
        "Y": 162
      }
    },
    {
      "Type": 1,
      "Index": 7,
      "From": null,
      "To": {
        "Map": 255,
        "X": 130,
        "Y": 139
      }
    },
    {
      "Type": 1,
      "Index": 8,
      "From": null,
      "To": {
        "Map": 255,
        "X": 28,
        "Y": 63
      }
    }
  ],
  "DomainFixups": [],
  "DomainUpdates": [
    {
      "From": 0,
      "To": 0
    },
    {
      "From": 0,
      "To": 1
    },
    {
      "From": 42,
      "To": 2
    },
    {
      "From": 42,
      "To": 3
    },
    {
      "From": 42,
      "To": 4
    },
    {
      "From": 43,
      "To": 5
    },
    {
      "From": 0,
      "To": 6
    },
    {
      "From": 0,
      "To": 7
    },
    {
      "From": 12,
      "To": 8
    },
    {
      "From": 14,
      "To": 9
    },
    {
      "From": 42,
      "To": 10
    },
    {
      "From": 42,
      "To": 11
    },
    {
      "From": 52,
      "To": 12
    },
    {
      "From": 43,
      "To": 13
    },
    {
      "From": 28,
      "To": 14
    },
    {
      "From": 10,
      "To": 15
    },
    {
      "From": 14,
      "To": 16
    },
    {
      "From": 14,
      "To": 17
    },
    {
      "From": 11,
      "To": 18
    },
    {
      "From": 11,
      "To": 19
    },
    {
      "From": 11,
      "To": 20
    },
    {
      "From": 52,
      "To": 21
    },
    {
      "From": 28,
      "To": 22
    },
    {
      "From": 28,
      "To": 23
    },
    {
      "From": 11,
      "To": 24
    },
    {
      "From": 0,
      "To": 25
    },
    {
      "From": 11,
      "To": 26
    },
    {
      "From": 11,
      "To": 27
    },
    {
      "From": 54,
      "To": 28
    },
    {
      "From": 59,
      "To": 29
    },
    {
      "From": 59,
      "To": 30
    },
    {
      "From": 10,
      "To": 31
    },
    {
      "From": 0,
      "To": 32
    },
    {
      "From": 0,
      "To": 33
    },
    {
      "From": 54,
      "To": 34
    },
    {
      "From": 9,
      "To": 35
    },
    {
      "From": 9,
      "To": 36
    },
    {
      "From": 35,
      "To": 37
    },
    {
      "From": 59,
      "To": 38
    },
    {
      "From": 0,
      "To": 39
    },
    {
      "From": 0,
      "To": 40
    },
    {
      "From": 0,
      "To": 41
    },
    {
      "From": 29,
      "To": 42
    },
    {
      "From": 29,
      "To": 43
    },
    {
      "From": 40,
      "To": 44
    },
    {
      "From": 35,
      "To": 45
    },
    {
      "From": 36,
      "To": 46
    },
    {
      "From": 11,
      "To": 47
    },
    {
      "From": 0,
      "To": 48
    },
    {
      "From": 10,
      "To": 49
    },
    {
      "From": 6,
      "To": 50
    },
    {
      "From": 40,
      "To": 51
    },
    {
      "From": 42,
      "To": 52
    },
    {
      "From": 42,
      "To": 53
    },
    {
      "From": 36,
      "To": 54
    },
    {
      "From": 0,
      "To": 55
    },
    {
      "From": 0,
      "To": 56
    },
    {
      "From": 10,
      "To": 57
    },
    {
      "From": 10,
      "To": 58
    },
    {
      "From": 40,
      "To": 59
    },
    {
      "From": 42,
      "To": 60
    },
    {
      "From": 42,
      "To": 61
    },
    {
      "From": 0,
      "To": 62
    },
    {
      "From": 0,
      "To": 63
    }
  ],
  "OverworldCoordinates": {
    "Coneria": {
      "X": 196,
      "Y": 179
    },
    "ConeriaCastle1": {
      "X": 197,
      "Y": 178
    },
    "TempleOfFiends1": {
      "X": 209,
      "Y": 64
    },
    "Pravoka": {
      "X": 195,
      "Y": 103
    },
    "Gaia": {
      "X": 74,
      "Y": 202
    },
    "CastleOrdeals1": {
      "X": 22,
      "Y": 49
    },
    "TitansTunnelWest": {
      "X": 147,
      "Y": 24
    },
    "SardasCave": {
      "X": 151,
      "Y": 24
    },
    "EarthCave1": {
      "X": 105,
      "Y": 47
    },
    "MirageTower1": {
      "X": 28,
      "Y": 63
    },
    "Onrac": {
      "X": 130,
      "Y": 139
    },
    "TitansTunnelEast": {
      "X": 141,
      "Y": 196
    },
    "MatoyasCave": {
      "X": 110,
      "Y": 182
    },
    "DwarfCave": {
      "X": 183,
      "Y": 143
    },
    "Elfland": {
      "X": 160,
      "Y": 56
    },
    "ElflandCastle": {
      "X": 161,
      "Y": 55
    },
    "MarshCave1": {
      "X": 192,
      "Y": 125
    },
    "NorthwestCastle": {
      "X": 176,
      "Y": 31
    },
    "Melmond": {
      "X": 159,
      "Y": 212
    },
    "CrescentLake": {
      "X": 159,
      "Y": 119
    },
    "Lefein": {
      "X": 186,
      "Y": 158
    },
    "BahamutCave1": {
      "X": 221,
      "Y": 188
    },
    "Cardia1": {
      "X": 64,
      "Y": 238
    },
    "Cardia2": {
      "X": 239,
      "Y": 115
    },
    "Cardia4": {
      "X": 240,
      "Y": 60
    },
    "Cardia5": {
      "X": 26,
      "Y": 106
    },
    "Cardia6": {
      "X": 117,
      "Y": 93
    },
    "Waterfall": {
      "X": 138,
      "Y": 168
    },
    "IceCave1": {
      "X": 136,
      "Y": 41
    },
    "GurguVolcano1": {
      "X": 118,
      "Y": 162
    }
  }
}