﻿{
  "StartingLocation": {
    "X": 159,
    "Y": 58
  },
  "AirShipLocation": {
    "X": 209,
    "Y": 212
  },
  "BridgeLocation": {
    "X": 174,
    "Y": 98
  },
  "CanalLocation": {
    "X": 46,
    "Y": 183
  },
  "ShipLocations": [
    {
      "TeleporterIndex": 1,
      "X": 151,
      "Y": 23
    },
    {
      "TeleporterIndex": 9,
      "X": 151,
      "Y": 23
    },
    {
      "TeleporterIndex": 255,
      "X": 151,
      "Y": 23
    },
    {
      "TeleporterIndex": 13,
      "X": 151,
      "Y": 23
    },
    {
      "TeleporterIndex": 2,
      "X": 173,
      "Y": 105
    },
    {
      "TeleporterIndex": 3,
      "X": 173,
      "Y": 105
    },
    {
      "TeleporterIndex": 10,
      "X": 173,
      "Y": 105
    },
    {
      "TeleporterIndex": 23,
      "X": 173,
      "Y": 105
    },
    {
      "TeleporterIndex": 11,
      "X": 206,
      "Y": 12
    },
    {
      "TeleporterIndex": 4,
      "X": 230,
      "Y": 220
    },
    {
      "TeleporterIndex": 5,
      "X": 186,
      "Y": 188
    },
    {
      "TeleporterIndex": 8,
      "X": 173,
      "Y": 105
    }
  ],
  "TeleporterFixups": [
    {
      "Type": 1,
      "Index": 0,
      "From": null,
      "To": {
        "Map": 255,
        "X": 196,
        "Y": 98
      }
    },
    {
      "Type": 1,
      "Index": 1,
      "From": null,
      "To": {
        "Map": 255,
        "X": 41,
        "Y": 69
      }
    },
    {
      "Type": 1,
      "Index": 2,
      "From": null,
      "To": {
        "Map": 255,
        "X": 48,
        "Y": 201
      }
    },
    {
      "Type": 1,
      "Index": 3,
      "From": null,
      "To": {
        "Map": 255,
        "X": 17,
        "Y": 214
      }
    },
    {
      "Type": 1,
      "Index": 4,
      "From": null,
      "To": {
        "Map": 255,
        "X": 159,
        "Y": 56
      }
    },
    {
      "Type": 1,
      "Index": 5,
      "From": null,
      "To": {
        "Map": 255,
        "X": 72,
        "Y": 188
      }
    },
    {
      "Type": 1,
      "Index": 6,
      "From": null,
      "To": {
        "Map": 255,
        "X": 206,
        "Y": 186
      }
    },
    {
      "Type": 1,
      "Index": 7,
      "From": null,
      "To": {
        "Map": 255,
        "X": 64,
        "Y": 231
      }
    },
    {
      "Type": 1,
      "Index": 8,
      "From": null,
      "To": {
        "Map": 255,
        "X": 19,
        "Y": 242
      }
    }
  ],
  "DomainFixups": [],
  "DomainUpdates": [
    {
      "From": 10,
      "To": 0
    },
    {
      "From": 0,
      "To": 1
    },
    {
      "From": 0,
      "To": 2
    },
    {
      "From": 0,
      "To": 3
    },
    {
      "From": 28,
      "To": 4
    },
    {
      "From": 28,
      "To": 5
    },
    {
      "From": 43,
      "To": 6
    },
    {
      "From": 43,
      "To": 7
    },
    {
      "From": 40,
      "To": 8
    },
    {
      "From": 40,
      "To": 9
    },
    {
      "From": 0,
      "To": 10
    },
    {
      "From": 0,
      "To": 11
    },
    {
      "From": 36,
      "To": 12
    },
    {
      "From": 52,
      "To": 13
    },
    {
      "From": 43,
      "To": 14
    },
    {
      "From": 43,
      "To": 15
    },
    {
      "From": 40,
      "To": 16
    },
    {
      "From": 40,
      "To": 17
    },
    {
      "From": 0,
      "To": 18
    },
    {
      "From": 0,
      "To": 19
    },
    {
      "From": 52,
      "To": 20
    },
    {
      "From": 52,
      "To": 21
    },
    {
      "From": 40,
      "To": 22
    },
    {
      "From": 0,
      "To": 23
    },
    {
      "From": 0,
      "To": 24
    },
    {
      "From": 0,
      "To": 25
    },
    {
      "From": 0,
      "To": 26
    },
    {
      "From": 0,
      "To": 27
    },
    {
      "From": 40,
      "To": 28
    },
    {
      "From": 40,
      "To": 29
    },
    {
      "From": 40,
      "To": 30
    },
    {
      "From": 0,
      "To": 31
    },
    {
      "From": 11,
      "To": 32
    },
    {
      "From": 10,
      "To": 33
    },
    {
      "From": 0,
      "To": 34
    },
    {
      "From": 10,
      "To": 35
    },
    {
      "From": 0,
      "To": 36
    },
    {
      "From": 0,
      "To": 37
    },
    {
      "From": 42,
      "To": 38
    },
    {
      "From": 42,
      "To": 39
    },
    {
      "From": 0,
      "To": 40
    },
    {
      "From": 54,
      "To": 41
    },
    {
      "From": 42,
      "To": 42
    },
    {
      "From": 0,
      "To": 43
    },
    {
      "From": 54,
      "To": 44
    },
    {
      "From": 54,
      "To": 45
    },
    {
      "From": 42,
      "To": 46
    },
    {
      "From": 42,
      "To": 47
    },
    {
      "From": 12,
      "To": 48
    },
    {
      "From": 54,
      "To": 49
    },
    {
      "From": 42,
      "To": 50
    },
    {
      "From": 9,
      "To": 51
    },
    {
      "From": 54,
      "To": 52
    },
    {
      "From": 54,
      "To": 53
    },
    {
      "From": 29,
      "To": 54
    },
    {
      "From": 42,
      "To": 55
    },
    {
      "From": 14,
      "To": 56
    },
    {
      "From": 9,
      "To": 57
    },
    {
      "From": 9,
      "To": 58
    },
    {
      "From": 0,
      "To": 59
    },
    {
      "From": 0,
      "To": 60
    },
    {
      "From": 29,
      "To": 61
    },
    {
      "From": 29,
      "To": 62
    },
    {
      "From": 11,
      "To": 63
    }
  ],
  "OverworldCoordinates": {
    "Coneria": {
      "X": 158,
      "Y": 57
    },
    "ConeriaCastle1": {
      "X": 159,
      "Y": 56
    },
    "TempleOfFiends1": {
      "X": 169,
      "Y": 24
    },
    "Pravoka": {
      "X": 174,
      "Y": 101
    },
    "Gaia": {
      "X": 242,
      "Y": 57
    },
    "CastleOrdeals1": {
      "X": 17,
      "Y": 214
    },
    "TitansTunnelWest": {
      "X": 41,
      "Y": 69
    },
    "SardasCave": {
      "X": 18,
      "Y": 53
    },
    "EarthCave1": {
      "X": 72,
      "Y": 188
    },
    "MirageTower1": {
      "X": 19,
      "Y": 242
    },
    "Onrac": {
      "X": 64,
      "Y": 231
    },
    "TitansTunnelEast": {
      "X": 196,
      "Y": 98
    },
    "MatoyasCave": {
      "X": 188,
      "Y": 225
    },
    "DwarfCave": {
      "X": 198,
      "Y": 54
    },
    "Elfland": {
      "X": 167,
      "Y": 65
    },
    "ElflandCastle": {
      "X": 168,
      "Y": 64
    },
    "MarshCave1": {
      "X": 170,
      "Y": 113
    },
    "NorthwestCastle": {
      "X": 206,
      "Y": 27
    },
    "Melmond": {
      "X": 239,
      "Y": 199
    },
    "CrescentLake": {
      "X": 162,
      "Y": 198
    },
    "Lefein": {
      "X": 169,
      "Y": 78
    },
    "BahamutCave1": {
      "X": 15,
      "Y": 132
    },
    "Cardia1": {
      "X": 34,
      "Y": 151
    },
    "Cardia2": {
      "X": 21,
      "Y": 21
    },
    "Cardia4": {
      "X": 113,
      "Y": 147
    },
    "Cardia5": {
      "X": 131,
      "Y": 31
    },
    "Cardia6": {
      "X": 237,
      "Y": 243
    },
    "Waterfall": {
      "X": 188,
      "Y": 81
    },
    "IceCave1": {
      "X": 48,
      "Y": 201
    },
    "GurguVolcano1": {
      "X": 206,
      "Y": 186
    }
  }
}