﻿{
  "StartingLocation": {
    "X": 43,
    "Y": 165
  },
  "AirShipLocation": {
    "X": 89,
    "Y": 58
  },
  "BridgeLocation": {
    "X": 24,
    "Y": 191
  },
  "CanalLocation": {
    "X": 210,
    "Y": 83
  },
  "ShipLocations": [
    {
      "TeleporterIndex": 255,
      "X": 23,
      "Y": 198
    }
  ],
  "TeleporterFixups": [
    {
      "Type": 1,
      "Index": 0,
      "From": null,
      "To": {
        "Map": 255,
        "X": 105,
        "Y": 64
      }
    },
    {
      "Type": 1,
      "Index": 1,
      "From": null,
      "To": {
        "Map": 255,
        "X": 232,
        "Y": 212
      }
    },
    {
      "Type": 1,
      "Index": 2,
      "From": null,
      "To": {
        "Map": 255,
        "X": 135,
        "Y": 72
      }
    },
    {
      "Type": 1,
      "Index": 3,
      "From": null,
      "To": {
        "Map": 255,
        "X": 182,
        "Y": 74
      }
    },
    {
      "Type": 1,
      "Index": 4,
      "From": null,
      "To": {
        "Map": 255,
        "X": 43,
        "Y": 163
      }
    },
    {
      "Type": 1,
      "Index": 5,
      "From": null,
      "To": {
        "Map": 255,
        "X": 212,
        "Y": 74
      }
    },
    {
      "Type": 1,
      "Index": 6,
      "From": null,
      "To": {
        "Map": 255,
        "X": 156,
        "Y": 46
      }
    },
    {
      "Type": 1,
      "Index": 7,
      "From": null,
      "To": {
        "Map": 255,
        "X": 143,
        "Y": 226
      }
    },
    {
      "Type": 1,
      "Index": 8,
      "From": null,
      "To": {
        "Map": 255,
        "X": 98,
        "Y": 143
      }
    }
  ],
  "DomainFixups": [],
  "DomainUpdates": [
    {
      "From": 11,
      "To": 0
    },
    {
      "From": 0,
      "To": 1
    },
    {
      "From": 0,
      "To": 2
    },
    {
      "From": 0,
      "To": 3
    },
    {
      "From": 43,
      "To": 4
    },
    {
      "From": 29,
      "To": 5
    },
    {
      "From": 29,
      "To": 6
    },
    {
      "From": 54,
      "To": 7
    },
    {
      "From": 1,
      "To": 8
    },
    {
      "From": 1,
      "To": 9
    },
    {
      "From": 52,
      "To": 10
    },
    {
      "From": 40,
      "To": 11
    },
    {
      "From": 43,
      "To": 12
    },
    {
      "From": 11,
      "To": 13
    },
    {
      "From": 54,
      "To": 14
    },
    {
      "From": 54,
      "To": 15
    },
    {
      "From": 1,
      "To": 16
    },
    {
      "From": 1,
      "To": 17
    },
    {
      "From": 52,
      "To": 18
    },
    {
      "From": 40,
      "To": 19
    },
    {
      "From": 54,
      "To": 20
    },
    {
      "From": 12,
      "To": 21
    },
    {
      "From": 42,
      "To": 22
    },
    {
      "From": 42,
      "To": 23
    },
    {
      "From": 0,
      "To": 24
    },
    {
      "From": 0,
      "To": 25
    },
    {
      "From": 52,
      "To": 26
    },
    {
      "From": 52,
      "To": 27
    },
    {
      "From": 35,
      "To": 28
    },
    {
      "From": 59,
      "To": 29
    },
    {
      "From": 0,
      "To": 30
    },
    {
      "From": 0,
      "To": 31
    },
    {
      "From": 28,
      "To": 32
    },
    {
      "From": 36,
      "To": 33
    },
    {
      "From": 14,
      "To": 34
    },
    {
      "From": 14,
      "To": 35
    },
    {
      "From": 10,
      "To": 36
    },
    {
      "From": 0,
      "To": 37
    },
    {
      "From": 0,
      "To": 38
    },
    {
      "From": 6,
      "To": 39
    },
    {
      "From": 28,
      "To": 40
    },
    {
      "From": 36,
      "To": 41
    },
    {
      "From": 0,
      "To": 42
    },
    {
      "From": 11,
      "To": 43
    },
    {
      "From": 0,
      "To": 44
    },
    {
      "From": 0,
      "To": 45
    },
    {
      "From": 40,
      "To": 46
    },
    {
      "From": 40,
      "To": 47
    },
    {
      "From": 42,
      "To": 48
    },
    {
      "From": 42,
      "To": 49
    },
    {
      "From": 0,
      "To": 50
    },
    {
      "From": 0,
      "To": 51
    },
    {
      "From": 9,
      "To": 52
    },
    {
      "From": 10,
      "To": 53
    },
    {
      "From": 40,
      "To": 54
    },
    {
      "From": 40,
      "To": 55
    },
    {
      "From": 42,
      "To": 56
    },
    {
      "From": 42,
      "To": 57
    },
    {
      "From": 0,
      "To": 58
    },
    {
      "From": 9,
      "To": 59
    },
    {
      "From": 9,
      "To": 60
    },
    {
      "From": 0,
      "To": 61
    },
    {
      "From": 40,
      "To": 62
    },
    {
      "From": 40,
      "To": 63
    }
  ],
  "OverworldCoordinates": {
    "Coneria": {
      "X": 42,
      "Y": 164
    },
    "ConeriaCastle1": {
      "X": 43,
      "Y": 163
    },
    "TempleOfFiends1": {
      "X": 21,
      "Y": 163
    },
    "Pravoka": {
      "X": 24,
      "Y": 194
    },
    "Gaia": {
      "X": 238,
      "Y": 149
    },
    "CastleOrdeals1": {
      "X": 182,
      "Y": 74
    },
    "TitansTunnelWest": {
      "X": 232,
      "Y": 212
    },
    "SardasCave": {
      "X": 229,
      "Y": 211
    },
    "EarthCave1": {
      "X": 212,
      "Y": 74
    },
    "MirageTower1": {
      "X": 98,
      "Y": 143
    },
    "Onrac": {
      "X": 143,
      "Y": 226
    },
    "TitansTunnelEast": {
      "X": 105,
      "Y": 64
    },
    "MatoyasCave": {
      "X": 196,
      "Y": 25
    },
    "DwarfCave": {
      "X": 144,
      "Y": 99
    },
    "Elfland": {
      "X": 88,
      "Y": 82
    },
    "ElflandCastle": {
      "X": 89,
      "Y": 81
    },
    "MarshCave1": {
      "X": 160,
      "Y": 106
    },
    "NorthwestCastle": {
      "X": 167,
      "Y": 26
    },
    "Melmond": {
      "X": 24,
      "Y": 208
    },
    "CrescentLake": {
      "X": 217,
      "Y": 46
    },
    "Lefein": {
      "X": 103,
      "Y": 88
    },
    "BahamutCave1": {
      "X": 17,
      "Y": 31
    },
    "Cardia1": {
      "X": 137,
      "Y": 138
    },
    "Cardia2": {
      "X": 85,
      "Y": 155
    },
    "Cardia4": {
      "X": 170,
      "Y": 214
    },
    "Cardia5": {
      "X": 185,
      "Y": 45
    },
    "Cardia6": {
      "X": 124,
      "Y": 155
    },
    "Waterfall": {
      "X": 52,
      "Y": 69
    },
    "IceCave1": {
      "X": 135,
      "Y": 72
    },
    "GurguVolcano1": {
      "X": 156,
      "Y": 46
    }
  }
}