﻿{
  "StartingLocation": {
    "X": 56,
    "Y": 140
  },
  "AirShipLocation": {
    "X": 150,
    "Y": 206
  },
  "BridgeLocation": {
    "X": 72,
    "Y": 119
  },
  "CanalLocation": {
    "X": 137,
    "Y": 222
  },
  "ShipLocations": [
    {
      "TeleporterIndex": 255,
      "X": 71,
      "Y": 126
    }
  ],
  "TeleporterFixups": [
    {
      "Type": 1,
      "Index": 0,
      "From": null,
      "To": {
        "Map": 255,
        "X": 75,
        "Y": 158
      }
    },
    {
      "Type": 1,
      "Index": 1,
      "From": null,
      "To": {
        "Map": 255,
        "X": 168,
        "Y": 175
      }
    },
    {
      "Type": 1,
      "Index": 2,
      "From": null,
      "To": {
        "Map": 255,
        "X": 97,
        "Y": 195
      }
    },
    {
      "Type": 1,
      "Index": 3,
      "From": null,
      "To": {
        "Map": 255,
        "X": 188,
        "Y": 119
      }
    },
    {
      "Type": 1,
      "Index": 4,
      "From": null,
      "To": {
        "Map": 255,
        "X": 56,
        "Y": 138
      }
    },
    {
      "Type": 1,
      "Index": 5,
      "From": null,
      "To": {
        "Map": 255,
        "X": 101,
        "Y": 236
      }
    },
    {
      "Type": 1,
      "Index": 6,
      "From": null,
      "To": {
        "Map": 255,
        "X": 152,
        "Y": 185
      }
    },
    {
      "Type": 1,
      "Index": 7,
      "From": null,
      "To": {
        "Map": 255,
        "X": 236,
        "Y": 19
      }
    },
    {
      "Type": 1,
      "Index": 8,
      "From": null,
      "To": {
        "Map": 255,
        "X": 150,
        "Y": 119
      }
    }
  ],
  "DomainFixups": [],
  "DomainUpdates": [
    {
      "From": 11,
      "To": 0
    },
    {
      "From": 11,
      "To": 1
    },
    {
      "From": 11,
      "To": 2
    },
    {
      "From": 0,
      "To": 3
    },
    {
      "From": 0,
      "To": 4
    },
    {
      "From": 0,
      "To": 5
    },
    {
      "From": 9,
      "To": 6
    },
    {
      "From": 9,
      "To": 7
    },
    {
      "From": 11,
      "To": 8
    },
    {
      "From": 11,
      "To": 9
    },
    {
      "From": 11,
      "To": 10
    },
    {
      "From": 0,
      "To": 11
    },
    {
      "From": 0,
      "To": 12
    },
    {
      "From": 0,
      "To": 13
    },
    {
      "From": 9,
      "To": 14
    },
    {
      "From": 6,
      "To": 15
    },
    {
      "From": 0,
      "To": 16
    },
    {
      "From": 11,
      "To": 17
    },
    {
      "From": 11,
      "To": 18
    },
    {
      "From": 0,
      "To": 19
    },
    {
      "From": 10,
      "To": 20
    },
    {
      "From": 0,
      "To": 21
    },
    {
      "From": 0,
      "To": 22
    },
    {
      "From": 0,
      "To": 23
    },
    {
      "From": 10,
      "To": 24
    },
    {
      "From": 11,
      "To": 25
    },
    {
      "From": 10,
      "To": 26
    },
    {
      "From": 10,
      "To": 27
    },
    {
      "From": 14,
      "To": 28
    },
    {
      "From": 10,
      "To": 29
    },
    {
      "From": 12,
      "To": 30
    },
    {
      "From": 52,
      "To": 31
    },
    {
      "From": 10,
      "To": 32
    },
    {
      "From": 36,
      "To": 33
    },
    {
      "From": 35,
      "To": 34
    },
    {
      "From": 14,
      "To": 35
    },
    {
      "From": 14,
      "To": 36
    },
    {
      "From": 29,
      "To": 37
    },
    {
      "From": 29,
      "To": 38
    },
    {
      "From": 59,
      "To": 39
    },
    {
      "From": 28,
      "To": 40
    },
    {
      "From": 28,
      "To": 41
    },
    {
      "From": 28,
      "To": 42
    },
    {
      "From": 43,
      "To": 43
    },
    {
      "From": 42,
      "To": 44
    },
    {
      "From": 29,
      "To": 45
    },
    {
      "From": 29,
      "To": 46
    },
    {
      "From": 11,
      "To": 47
    },
    {
      "From": 0,
      "To": 48
    },
    {
      "From": 54,
      "To": 49
    },
    {
      "From": 54,
      "To": 50
    },
    {
      "From": 42,
      "To": 51
    },
    {
      "From": 54,
      "To": 52
    },
    {
      "From": 29,
      "To": 53
    },
    {
      "From": 29,
      "To": 54
    },
    {
      "From": 0,
      "To": 55
    },
    {
      "From": 0,
      "To": 56
    },
    {
      "From": 0,
      "To": 57
    },
    {
      "From": 42,
      "To": 58
    },
    {
      "From": 42,
      "To": 59
    },
    {
      "From": 42,
      "To": 60
    },
    {
      "From": 54,
      "To": 61
    },
    {
      "From": 0,
      "To": 62
    },
    {
      "From": 0,
      "To": 63
    }
  ],
  "OverworldCoordinates": {
    "Coneria": {
      "X": 55,
      "Y": 139
    },
    "ConeriaCastle1": {
      "X": 56,
      "Y": 138
    },
    "TempleOfFiends1": {
      "X": 81,
      "Y": 169
    },
    "Pravoka": {
      "X": 72,
      "Y": 122
    },
    "Gaia": {
      "X": 222,
      "Y": 51
    },
    "CastleOrdeals1": {
      "X": 188,
      "Y": 119
    },
    "TitansTunnelWest": {
      "X": 168,
      "Y": 175
    },
    "SardasCave": {
      "X": 162,
      "Y": 171
    },
    "EarthCave1": {
      "X": 101,
      "Y": 236
    },
    "MirageTower1": {
      "X": 150,
      "Y": 119
    },
    "Onrac": {
      "X": 236,
      "Y": 19
    },
    "TitansTunnelEast": {
      "X": 75,
      "Y": 158
    },
    "MatoyasCave": {
      "X": 197,
      "Y": 152
    },
    "DwarfCave": {
      "X": 73,
      "Y": 143
    },
    "Elfland": {
      "X": 226,
      "Y": 119
    },
    "ElflandCastle": {
      "X": 227,
      "Y": 118
    },
    "MarshCave1": {
      "X": 230,
      "Y": 138
    },
    "NorthwestCastle": {
      "X": 107,
      "Y": 178
    },
    "Melmond": {
      "X": 138,
      "Y": 169
    },
    "CrescentLake": {
      "X": 85,
      "Y": 190
    },
    "Lefein": {
      "X": 84,
      "Y": 233
    },
    "BahamutCave1": {
      "X": 62,
      "Y": 95
    },
    "Cardia1": {
      "X": 26,
      "Y": 125
    },
    "Cardia2": {
      "X": 165,
      "Y": 119
    },
    "Cardia4": {
      "X": 86,
      "Y": 118
    },
    "Cardia5": {
      "X": 49,
      "Y": 26
    },
    "Cardia6": {
      "X": 240,
      "Y": 160
    },
    "Waterfall": {
      "X": 185,
      "Y": 124
    },
    "IceCave1": {
      "X": 97,
      "Y": 195
    },
    "GurguVolcano1": {
      "X": 152,
      "Y": 185
    }
  }
}