﻿{
  "StartingLocation": {
    "X": 135,
    "Y": 43
  },
  "AirShipLocation": {
    "X": 157,
    "Y": 201
  },
  "BridgeLocation": {
    "X": 201,
    "Y": 121
  },
  "CanalLocation": {
    "X": 15,
    "Y": 95
  },
  "ShipLocations": [
    {
      "TeleporterIndex": 1,
      "X": 112,
      "Y": 64
    },
    {
      "TeleporterIndex": 9,
      "X": 112,
      "Y": 64
    },
    {
      "TeleporterIndex": 255,
      "X": 112,
      "Y": 64
    },
    {
      "TeleporterIndex": 13,
      "X": 192,
      "Y": 97
    },
    {
      "TeleporterIndex": 2,
      "X": 200,
      "Y": 128
    },
    {
      "TeleporterIndex": 24,
      "X": 140,
      "Y": 223
    },
    {
      "TeleporterIndex": 3,
      "X": 157,
      "Y": 69
    },
    {
      "TeleporterIndex": 10,
      "X": 157,
      "Y": 69
    },
    {
      "TeleporterIndex": 23,
      "X": 192,
      "Y": 97
    },
    {
      "TeleporterIndex": 11,
      "X": 157,
      "Y": 69
    },
    {
      "TeleporterIndex": 4,
      "X": 178,
      "Y": 198
    },
    {
      "TeleporterIndex": 5,
      "X": 200,
      "Y": 128
    },
    {
      "TeleporterIndex": 19,
      "X": 112,
      "Y": 64
    }
  ],
  "TeleporterFixups": [
    {
      "Type": 1,
      "Index": 0,
      "From": null,
      "To": {
        "Map": 255,
        "X": 203,
        "Y": 189
      }
    },
    {
      "Type": 1,
      "Index": 1,
      "From": null,
      "To": {
        "Map": 255,
        "X": 164,
        "Y": 174
      }
    },
    {
      "Type": 1,
      "Index": 2,
      "From": null,
      "To": {
        "Map": 255,
        "X": 199,
        "Y": 159
      }
    },
    {
      "Type": 1,
      "Index": 3,
      "From": null,
      "To": {
        "Map": 255,
        "X": 166,
        "Y": 145
      }
    },
    {
      "Type": 1,
      "Index": 4,
      "From": null,
      "To": {
        "Map": 255,
        "X": 135,
        "Y": 41
      }
    },
    {
      "Type": 1,
      "Index": 5,
      "From": null,
      "To": {
        "Map": 255,
        "X": 25,
        "Y": 98
      }
    },
    {
      "Type": 1,
      "Index": 6,
      "From": null,
      "To": {
        "Map": 255,
        "X": 193,
        "Y": 140
      }
    },
    {
      "Type": 1,
      "Index": 7,
      "From": null,
      "To": {
        "Map": 255,
        "X": 230,
        "Y": 154
      }
    },
    {
      "Type": 1,
      "Index": 8,
      "From": null,
      "To": {
        "Map": 255,
        "X": 125,
        "Y": 197
      }
    }
  ],
  "DomainFixups": [],
  "DomainUpdates": [
    {
      "From": 0,
      "To": 0
    },
    {
      "From": 0,
      "To": 1
    },
    {
      "From": 0,
      "To": 2
    },
    {
      "From": 36,
      "To": 3
    },
    {
      "From": 36,
      "To": 4
    },
    {
      "From": 52,
      "To": 5
    },
    {
      "From": 0,
      "To": 6
    },
    {
      "From": 0,
      "To": 7
    },
    {
      "From": 10,
      "To": 8
    },
    {
      "From": 10,
      "To": 9
    },
    {
      "From": 0,
      "To": 10
    },
    {
      "From": 36,
      "To": 11
    },
    {
      "From": 43,
      "To": 12
    },
    {
      "From": 52,
      "To": 13
    },
    {
      "From": 0,
      "To": 14
    },
    {
      "From": 0,
      "To": 15
    },
    {
      "From": 42,
      "To": 16
    },
    {
      "From": 6,
      "To": 17
    },
    {
      "From": 0,
      "To": 18
    },
    {
      "From": 1,
      "To": 19
    },
    {
      "From": 1,
      "To": 20
    },
    {
      "From": 35,
      "To": 21
    },
    {
      "From": 59,
      "To": 22
    },
    {
      "From": 59,
      "To": 23
    },
    {
      "From": 42,
      "To": 24
    },
    {
      "From": 6,
      "To": 25
    },
    {
      "From": 0,
      "To": 26
    },
    {
      "From": 1,
      "To": 27
    },
    {
      "From": 35,
      "To": 28
    },
    {
      "From": 35,
      "To": 29
    },
    {
      "From": 29,
      "To": 30
    },
    {
      "From": 28,
      "To": 31
    },
    {
      "From": 0,
      "To": 32
    },
    {
      "From": 0,
      "To": 33
    },
    {
      "From": 0,
      "To": 34
    },
    {
      "From": 0,
      "To": 35
    },
    {
      "From": 35,
      "To": 36
    },
    {
      "From": 12,
      "To": 37
    },
    {
      "From": 54,
      "To": 38
    },
    {
      "From": 9,
      "To": 39
    },
    {
      "From": 0,
      "To": 40
    },
    {
      "From": 11,
      "To": 41
    },
    {
      "From": 11,
      "To": 42
    },
    {
      "From": 14,
      "To": 43
    },
    {
      "From": 14,
      "To": 44
    },
    {
      "From": 54,
      "To": 45
    },
    {
      "From": 54,
      "To": 46
    },
    {
      "From": 0,
      "To": 47
    },
    {
      "From": 0,
      "To": 48
    },
    {
      "From": 31,
      "To": 49
    },
    {
      "From": 0,
      "To": 50
    },
    {
      "From": 14,
      "To": 51
    },
    {
      "From": 42,
      "To": 52
    },
    {
      "From": 40,
      "To": 53
    },
    {
      "From": 40,
      "To": 54
    },
    {
      "From": 0,
      "To": 55
    },
    {
      "From": 0,
      "To": 56
    },
    {
      "From": 0,
      "To": 57
    },
    {
      "From": 0,
      "To": 58
    },
    {
      "From": 11,
      "To": 59
    },
    {
      "From": 42,
      "To": 60
    },
    {
      "From": 42,
      "To": 61
    },
    {
      "From": 0,
      "To": 62
    },
    {
      "From": 0,
      "To": 63
    }
  ],
  "OverworldCoordinates": {
    "Coneria": {
      "X": 134,
      "Y": 42
    },
    "ConeriaCastle1": {
      "X": 135,
      "Y": 41
    },
    "TempleOfFiends1": {
      "X": 222,
      "Y": 104
    },
    "Pravoka": {
      "X": 201,
      "Y": 124
    },
    "Gaia": {
      "X": 37,
      "Y": 92
    },
    "CastleOrdeals1": {
      "X": 166,
      "Y": 145
    },
    "TitansTunnelWest": {
      "X": 164,
      "Y": 174
    },
    "SardasCave": {
      "X": 166,
      "Y": 172
    },
    "EarthCave1": {
      "X": 25,
      "Y": 98
    },
    "MirageTower1": {
      "X": 125,
      "Y": 197
    },
    "Onrac": {
      "X": 230,
      "Y": 154
    },
    "TitansTunnelEast": {
      "X": 203,
      "Y": 189
    },
    "MatoyasCave": {
      "X": 205,
      "Y": 115
    },
    "DwarfCave": {
      "X": 175,
      "Y": 113
    },
    "Elfland": {
      "X": 169,
      "Y": 47
    },
    "ElflandCastle": {
      "X": 170,
      "Y": 46
    },
    "MarshCave1": {
      "X": 223,
      "Y": 85
    },
    "NorthwestCastle": {
      "X": 150,
      "Y": 52
    },
    "Melmond": {
      "X": 166,
      "Y": 211
    },
    "CrescentLake": {
      "X": 175,
      "Y": 130
    },
    "Lefein": {
      "X": 32,
      "Y": 193
    },
    "BahamutCave1": {
      "X": 166,
      "Y": 14
    },
    "Cardia1": {
      "X": 17,
      "Y": 114
    },
    "Cardia2": {
      "X": 36,
      "Y": 74
    },
    "Cardia4": {
      "X": 32,
      "Y": 38
    },
    "Cardia5": {
      "X": 119,
      "Y": 234
    },
    "Cardia6": {
      "X": 61,
      "Y": 167
    },
    "Waterfall": {
      "X": 132,
      "Y": 71
    },
    "IceCave1": {
      "X": 199,
      "Y": 159
    },
    "GurguVolcano1": {
      "X": 193,
      "Y": 140
    }
  }
}