﻿{
  "StartingLocation": {
    "X": 233,
    "Y": 76
  },
  "AirShipLocation": {
    "X": 29,
    "Y": 25
  },
  "BridgeLocation": {
    "X": 190,
    "Y": 69
  },
  "CanalLocation": {
    "X": 30,
    "Y": 201
  },
  "ShipLocations": [
    {
      "TeleporterIndex": 255,
      "X": 189,
      "Y": 76
    }
  ],
  "TeleporterFixups": [
    {
      "Type": 1,
      "Index": 0,
      "From": null,
      "To": {
        "Map": 255,
        "X": 46,
        "Y": 93
      }
    },
    {
      "Type": 1,
      "Index": 1,
      "From": null,
      "To": {
        "Map": 255,
        "X": 231,
        "Y": 237
      }
    },
    {
      "Type": 1,
      "Index": 2,
      "From": null,
      "To": {
        "Map": 255,
        "X": 58,
        "Y": 52
      }
    },
    {
      "Type": 1,
      "Index": 3,
      "From": null,
      "To": {
        "Map": 255,
        "X": 69,
        "Y": 79
      }
    },
    {
      "Type": 1,
      "Index": 4,
      "From": null,
      "To": {
        "Map": 255,
        "X": 233,
        "Y": 74
      }
    },
    {
      "Type": 1,
      "Index": 5,
      "From": null,
      "To": {
        "Map": 255,
        "X": 40,
        "Y": 188
      }
    },
    {
      "Type": 1,
      "Index": 6,
      "From": null,
      "To": {
        "Map": 255,
        "X": 80,
        "Y": 27
      }
    },
    {
      "Type": 1,
      "Index": 7,
      "From": null,
      "To": {
        "Map": 255,
        "X": 126,
        "Y": 146
      }
    },
    {
      "Type": 1,
      "Index": 8,
      "From": null,
      "To": {
        "Map": 255,
        "X": 36,
        "Y": 61
      }
    }
  ],
  "DomainFixups": [],
  "DomainUpdates": [
    {
      "From": 11,
      "To": 0
    },
    {
      "From": 11,
      "To": 1
    },
    {
      "From": 54,
      "To": 2
    },
    {
      "From": 52,
      "To": 3
    },
    {
      "From": 52,
      "To": 4
    },
    {
      "From": 35,
      "To": 5
    },
    {
      "From": 35,
      "To": 6
    },
    {
      "From": 35,
      "To": 7
    },
    {
      "From": 14,
      "To": 8
    },
    {
      "From": 11,
      "To": 9
    },
    {
      "From": 1,
      "To": 10
    },
    {
      "From": 29,
      "To": 11
    },
    {
      "From": 52,
      "To": 12
    },
    {
      "From": 35,
      "To": 13
    },
    {
      "From": 35,
      "To": 14
    },
    {
      "From": 36,
      "To": 15
    },
    {
      "From": 14,
      "To": 16
    },
    {
      "From": 40,
      "To": 17
    },
    {
      "From": 12,
      "To": 18
    },
    {
      "From": 0,
      "To": 19
    },
    {
      "From": 0,
      "To": 20
    },
    {
      "From": 35,
      "To": 21
    },
    {
      "From": 35,
      "To": 22
    },
    {
      "From": 36,
      "To": 23
    },
    {
      "From": 59,
      "To": 24
    },
    {
      "From": 40,
      "To": 25
    },
    {
      "From": 0,
      "To": 26
    },
    {
      "From": 0,
      "To": 27
    },
    {
      "From": 0,
      "To": 28
    },
    {
      "From": 0,
      "To": 29
    },
    {
      "From": 11,
      "To": 30
    },
    {
      "From": 11,
      "To": 31
    },
    {
      "From": 0,
      "To": 32
    },
    {
      "From": 0,
      "To": 33
    },
    {
      "From": 0,
      "To": 34
    },
    {
      "From": 9,
      "To": 35
    },
    {
      "From": 10,
      "To": 36
    },
    {
      "From": 0,
      "To": 37
    },
    {
      "From": 11,
      "To": 38
    },
    {
      "From": 11,
      "To": 39
    },
    {
      "From": 11,
      "To": 40
    },
    {
      "From": 42,
      "To": 41
    },
    {
      "From": 43,
      "To": 42
    },
    {
      "From": 9,
      "To": 43
    },
    {
      "From": 0,
      "To": 44
    },
    {
      "From": 0,
      "To": 45
    },
    {
      "From": 0,
      "To": 46
    },
    {
      "From": 0,
      "To": 47
    },
    {
      "From": 42,
      "To": 48
    },
    {
      "From": 42,
      "To": 49
    },
    {
      "From": 54,
      "To": 50
    },
    {
      "From": 54,
      "To": 51
    },
    {
      "From": 0,
      "To": 52
    },
    {
      "From": 40,
      "To": 53
    },
    {
      "From": 40,
      "To": 54
    },
    {
      "From": 40,
      "To": 55
    },
    {
      "From": 0,
      "To": 56
    },
    {
      "From": 0,
      "To": 57
    },
    {
      "From": 54,
      "To": 58
    },
    {
      "From": 54,
      "To": 59
    },
    {
      "From": 6,
      "To": 60
    },
    {
      "From": 40,
      "To": 61
    },
    {
      "From": 40,
      "To": 62
    },
    {
      "From": 40,
      "To": 63
    }
  ],
  "OverworldCoordinates": {
    "Coneria": {
      "X": 232,
      "Y": 75
    },
    "ConeriaCastle1": {
      "X": 233,
      "Y": 74
    },
    "TempleOfFiends1": {
      "X": 235,
      "Y": 89
    },
    "Pravoka": {
      "X": 190,
      "Y": 72
    },
    "Gaia": {
      "X": 138,
      "Y": 240
    },
    "CastleOrdeals1": {
      "X": 69,
      "Y": 79
    },
    "TitansTunnelWest": {
      "X": 231,
      "Y": 237
    },
    "SardasCave": {
      "X": 216,
      "Y": 218
    },
    "EarthCave1": {
      "X": 40,
      "Y": 188
    },
    "MirageTower1": {
      "X": 36,
      "Y": 61
    },
    "Onrac": {
      "X": 126,
      "Y": 146
    },
    "TitansTunnelEast": {
      "X": 46,
      "Y": 93
    },
    "MatoyasCave": {
      "X": 110,
      "Y": 40
    },
    "DwarfCave": {
      "X": 204,
      "Y": 56
    },
    "Elfland": {
      "X": 134,
      "Y": 31
    },
    "ElflandCastle": {
      "X": 135,
      "Y": 30
    },
    "MarshCave1": {
      "X": 31,
      "Y": 108
    },
    "NorthwestCastle": {
      "X": 75,
      "Y": 190
    },
    "Melmond": {
      "X": 107,
      "Y": 58
    },
    "CrescentLake": {
      "X": 87,
      "Y": 204
    },
    "Lefein": {
      "X": 233,
      "Y": 36
    },
    "BahamutCave1": {
      "X": 231,
      "Y": 126
    },
    "Cardia1": {
      "X": 141,
      "Y": 148
    },
    "Cardia2": {
      "X": 109,
      "Y": 242
    },
    "Cardia4": {
      "X": 165,
      "Y": 21
    },
    "Cardia5": {
      "X": 35,
      "Y": 171
    },
    "Cardia6": {
      "X": 43,
      "Y": 37
    },
    "Waterfall": {
      "X": 75,
      "Y": 46
    },
    "IceCave1": {
      "X": 58,
      "Y": 52
    },
    "GurguVolcano1": {
      "X": 80,
      "Y": 27
    }
  }
}