﻿{
  "StartingLocation": {
    "X": 67,
    "Y": 145
  },
  "AirShipLocation": {
    "X": 96,
    "Y": 49
  },
  "BridgeLocation": {
    "X": 37,
    "Y": 158
  },
  "CanalLocation": {
    "X": 92,
    "Y": 220
  },
  "ShipLocations": [
    {
      "TeleporterIndex": 1,
      "X": 36,
      "Y": 165
    },
    {
      "TeleporterIndex": 9,
      "X": 36,
      "Y": 165
    },
    {
      "TeleporterIndex": 255,
      "X": 36,
      "Y": 165
    },
    {
      "TeleporterIndex": 13,
      "X": 32,
      "Y": 57
    },
    {
      "TeleporterIndex": 2,
      "X": 36,
      "Y": 165
    },
    {
      "TeleporterIndex": 24,
      "X": 32,
      "Y": 57
    },
    {
      "TeleporterIndex": 7,
      "X": 164,
      "Y": 176
    },
    {
      "TeleporterIndex": 3,
      "X": 235,
      "Y": 29
    },
    {
      "TeleporterIndex": 10,
      "X": 235,
      "Y": 29
    },
    {
      "TeleporterIndex": 23,
      "X": 164,
      "Y": 176
    },
    {
      "TeleporterIndex": 11,
      "X": 29,
      "Y": 219
    },
    {
      "TeleporterIndex": 4,
      "X": 36,
      "Y": 165
    },
    {
      "TeleporterIndex": 5,
      "X": 62,
      "Y": 55
    }
  ],
  "TeleporterFixups": [
    {
      "Type": 1,
      "Index": 0,
      "From": null,
      "To": {
        "Map": 255,
        "X": 214,
        "Y": 217
      }
    },
    {
      "Type": 1,
      "Index": 1,
      "From": null,
      "To": {
        "Map": 255,
        "X": 124,
        "Y": 234
      }
    },
    {
      "Type": 1,
      "Index": 2,
      "From": null,
      "To": {
        "Map": 255,
        "X": 122,
        "Y": 189
      }
    },
    {
      "Type": 1,
      "Index": 3,
      "From": null,
      "To": {
        "Map": 255,
        "X": 89,
        "Y": 117
      }
    },
    {
      "Type": 1,
      "Index": 4,
      "From": null,
      "To": {
        "Map": 255,
        "X": 67,
        "Y": 143
      }
    },
    {
      "Type": 1,
      "Index": 5,
      "From": null,
      "To": {
        "Map": 255,
        "X": 116,
        "Y": 219
      }
    },
    {
      "Type": 1,
      "Index": 6,
      "From": null,
      "To": {
        "Map": 255,
        "X": 65,
        "Y": 96
      }
    },
    {
      "Type": 1,
      "Index": 7,
      "From": null,
      "To": {
        "Map": 255,
        "X": 146,
        "Y": 183
      }
    },
    {
      "Type": 1,
      "Index": 8,
      "From": null,
      "To": {
        "Map": 255,
        "X": 36,
        "Y": 88
      }
    }
  ],
  "DomainFixups": [],
  "DomainUpdates": [
    {
      "From": 0,
      "To": 0
    },
    {
      "From": 6,
      "To": 1
    },
    {
      "From": 10,
      "To": 2
    },
    {
      "From": 10,
      "To": 3
    },
    {
      "From": 0,
      "To": 4
    },
    {
      "From": 0,
      "To": 5
    },
    {
      "From": 52,
      "To": 6
    },
    {
      "From": 52,
      "To": 7
    },
    {
      "From": 54,
      "To": 8
    },
    {
      "From": 54,
      "To": 9
    },
    {
      "From": 54,
      "To": 10
    },
    {
      "From": 54,
      "To": 11
    },
    {
      "From": 0,
      "To": 12
    },
    {
      "From": 0,
      "To": 13
    },
    {
      "From": 10,
      "To": 14
    },
    {
      "From": 10,
      "To": 15
    },
    {
      "From": 14,
      "To": 16
    },
    {
      "From": 54,
      "To": 17
    },
    {
      "From": 54,
      "To": 18
    },
    {
      "From": 54,
      "To": 19
    },
    {
      "From": 0,
      "To": 20
    },
    {
      "From": 0,
      "To": 21
    },
    {
      "From": 0,
      "To": 22
    },
    {
      "From": 0,
      "To": 23
    },
    {
      "From": 28,
      "To": 24
    },
    {
      "From": 42,
      "To": 25
    },
    {
      "From": 12,
      "To": 26
    },
    {
      "From": 12,
      "To": 27
    },
    {
      "From": 11,
      "To": 28
    },
    {
      "From": 0,
      "To": 29
    },
    {
      "From": 0,
      "To": 30
    },
    {
      "From": 0,
      "To": 31
    },
    {
      "From": 42,
      "To": 32
    },
    {
      "From": 42,
      "To": 33
    },
    {
      "From": 36,
      "To": 34
    },
    {
      "From": 12,
      "To": 35
    },
    {
      "From": 35,
      "To": 36
    },
    {
      "From": 35,
      "To": 37
    },
    {
      "From": 0,
      "To": 38
    },
    {
      "From": 0,
      "To": 39
    },
    {
      "From": 42,
      "To": 40
    },
    {
      "From": 42,
      "To": 41
    },
    {
      "From": 36,
      "To": 42
    },
    {
      "From": 54,
      "To": 43
    },
    {
      "From": 9,
      "To": 44
    },
    {
      "From": 35,
      "To": 45
    },
    {
      "From": 59,
      "To": 46
    },
    {
      "From": 29,
      "To": 47
    },
    {
      "From": 43,
      "To": 48
    },
    {
      "From": 43,
      "To": 49
    },
    {
      "From": 42,
      "To": 50
    },
    {
      "From": 42,
      "To": 51
    },
    {
      "From": 1,
      "To": 52
    },
    {
      "From": 40,
      "To": 53
    },
    {
      "From": 40,
      "To": 54
    },
    {
      "From": 29,
      "To": 55
    },
    {
      "From": 0,
      "To": 56
    },
    {
      "From": 0,
      "To": 57
    },
    {
      "From": 42,
      "To": 58
    },
    {
      "From": 42,
      "To": 59
    },
    {
      "From": 0,
      "To": 60
    },
    {
      "From": 10,
      "To": 61
    },
    {
      "From": 40,
      "To": 62
    },
    {
      "From": 29,
      "To": 63
    }
  ],
  "OverworldCoordinates": {
    "Coneria": {
      "X": 66,
      "Y": 144
    },
    "ConeriaCastle1": {
      "X": 67,
      "Y": 143
    },
    "TempleOfFiends1": {
      "X": 24,
      "Y": 101
    },
    "Pravoka": {
      "X": 37,
      "Y": 161
    },
    "Gaia": {
      "X": 54,
      "Y": 20
    },
    "CastleOrdeals1": {
      "X": 89,
      "Y": 117
    },
    "TitansTunnelWest": {
      "X": 124,
      "Y": 234
    },
    "SardasCave": {
      "X": 119,
      "Y": 233
    },
    "EarthCave1": {
      "X": 116,
      "Y": 219
    },
    "MirageTower1": {
      "X": 36,
      "Y": 88
    },
    "Onrac": {
      "X": 146,
      "Y": 183
    },
    "TitansTunnelEast": {
      "X": 214,
      "Y": 217
    },
    "MatoyasCave": {
      "X": 230,
      "Y": 219
    },
    "DwarfCave": {
      "X": 169,
      "Y": 158
    },
    "Elfland": {
      "X": 206,
      "Y": 29
    },
    "ElflandCastle": {
      "X": 207,
      "Y": 28
    },
    "MarshCave1": {
      "X": 188,
      "Y": 181
    },
    "NorthwestCastle": {
      "X": 47,
      "Y": 218
    },
    "Melmond": {
      "X": 39,
      "Y": 121
    },
    "CrescentLake": {
      "X": 50,
      "Y": 78
    },
    "Lefein": {
      "X": 104,
      "Y": 101
    },
    "BahamutCave1": {
      "X": 140,
      "Y": 114
    },
    "Cardia1": {
      "X": 222,
      "Y": 51
    },
    "Cardia2": {
      "X": 173,
      "Y": 235
    },
    "Cardia4": {
      "X": 100,
      "Y": 25
    },
    "Cardia5": {
      "X": 123,
      "Y": 52
    },
    "Cardia6": {
      "X": 36,
      "Y": 25
    },
    "Waterfall": {
      "X": 140,
      "Y": 204
    },
    "IceCave1": {
      "X": 122,
      "Y": 189
    },
    "GurguVolcano1": {
      "X": 65,
      "Y": 96
    }
  }
}