﻿{
  "StartingLocation": {
    "X": 212,
    "Y": 38
  },
  "AirShipLocation": {
    "X": 121,
    "Y": 200
  },
  "BridgeLocation": {
    "X": 229,
    "Y": 24
  },
  "CanalLocation": {
    "X": 194,
    "Y": 42
  },
  "ShipLocations": [
    {
      "TeleporterIndex": 1,
      "X": 228,
      "Y": 31
    },
    {
      "TeleporterIndex": 9,
      "X": 228,
      "Y": 31
    },
    {
      "TeleporterIndex": 255,
      "X": 228,
      "Y": 31
    },
    {
      "TeleporterIndex": 13,
      "X": 228,
      "Y": 31
    },
    {
      "TeleporterIndex": 2,
      "X": 228,
      "Y": 31
    },
    {
      "TeleporterIndex": 24,
      "X": 228,
      "Y": 31
    },
    {
      "TeleporterIndex": 3,
      "X": 94,
      "Y": 92
    },
    {
      "TeleporterIndex": 10,
      "X": 94,
      "Y": 92
    },
    {
      "TeleporterIndex": 23,
      "X": 94,
      "Y": 92
    },
    {
      "TeleporterIndex": 11,
      "X": 131,
      "Y": 174
    },
    {
      "TeleporterIndex": 4,
      "X": 51,
      "Y": 137
    },
    {
      "TeleporterIndex": 5,
      "X": 244,
      "Y": 185
    },
    {
      "TeleporterIndex": 8,
      "X": 244,
      "Y": 185
    },
    {
      "TeleporterIndex": 17,
      "X": 244,
      "Y": 185
    },
    {
      "TeleporterIndex": 27,
      "X": 51,
      "Y": 137
    },
    {
      "TeleporterIndex": 28,
      "X": 131,
      "Y": 174
    },
    {
      "TeleporterIndex": 29,
      "X": 131,
      "Y": 174
    }
  ],
  "TeleporterFixups": [
    {
      "Type": 1,
      "Index": 0,
      "From": null,
      "To": {
        "Map": 255,
        "X": 89,
        "Y": 26
      }
    },
    {
      "Type": 1,
      "Index": 1,
      "From": null,
      "To": {
        "Map": 255,
        "X": 176,
        "Y": 220
      }
    },
    {
      "Type": 1,
      "Index": 2,
      "From": null,
      "To": {
        "Map": 255,
        "X": 159,
        "Y": 191
      }
    },
    {
      "Type": 1,
      "Index": 3,
      "From": null,
      "To": {
        "Map": 255,
        "X": 164,
        "Y": 216
      }
    },
    {
      "Type": 1,
      "Index": 4,
      "From": null,
      "To": {
        "Map": 255,
        "X": 212,
        "Y": 36
      }
    },
    {
      "Type": 1,
      "Index": 5,
      "From": null,
      "To": {
        "Map": 255,
        "X": 187,
        "Y": 52
      }
    },
    {
      "Type": 1,
      "Index": 6,
      "From": null,
      "To": {
        "Map": 255,
        "X": 52,
        "Y": 97
      }
    },
    {
      "Type": 1,
      "Index": 7,
      "From": null,
      "To": {
        "Map": 255,
        "X": 127,
        "Y": 48
      }
    },
    {
      "Type": 1,
      "Index": 8,
      "From": null,
      "To": {
        "Map": 255,
        "X": 241,
        "Y": 24
      }
    }
  ],
  "DomainFixups": [],
  "DomainUpdates": [
    {
      "From": 0,
      "To": 0
    },
    {
      "From": 0,
      "To": 1
    },
    {
      "From": 40,
      "To": 2
    },
    {
      "From": 40,
      "To": 3
    },
    {
      "From": 9,
      "To": 4
    },
    {
      "From": 42,
      "To": 5
    },
    {
      "From": 36,
      "To": 6
    },
    {
      "From": 14,
      "To": 7
    },
    {
      "From": 0,
      "To": 8
    },
    {
      "From": 52,
      "To": 9
    },
    {
      "From": 40,
      "To": 10
    },
    {
      "From": 9,
      "To": 11
    },
    {
      "From": 9,
      "To": 12
    },
    {
      "From": 42,
      "To": 13
    },
    {
      "From": 36,
      "To": 14
    },
    {
      "From": 36,
      "To": 15
    },
    {
      "From": 52,
      "To": 16
    },
    {
      "From": 52,
      "To": 17
    },
    {
      "From": 52,
      "To": 18
    },
    {
      "From": 59,
      "To": 19
    },
    {
      "From": 0,
      "To": 20
    },
    {
      "From": 0,
      "To": 21
    },
    {
      "From": 0,
      "To": 22
    },
    {
      "From": 0,
      "To": 23
    },
    {
      "From": 42,
      "To": 24
    },
    {
      "From": 42,
      "To": 25
    },
    {
      "From": 35,
      "To": 26
    },
    {
      "From": 10,
      "To": 27
    },
    {
      "From": 0,
      "To": 28
    },
    {
      "From": 0,
      "To": 29
    },
    {
      "From": 0,
      "To": 30
    },
    {
      "From": 0,
      "To": 31
    },
    {
      "From": 11,
      "To": 32
    },
    {
      "From": 29,
      "To": 33
    },
    {
      "From": 29,
      "To": 34
    },
    {
      "From": 10,
      "To": 35
    },
    {
      "From": 11,
      "To": 36
    },
    {
      "From": 0,
      "To": 37
    },
    {
      "From": 0,
      "To": 38
    },
    {
      "From": 0,
      "To": 39
    },
    {
      "From": 0,
      "To": 40
    },
    {
      "From": 0,
      "To": 41
    },
    {
      "From": 29,
      "To": 42
    },
    {
      "From": 11,
      "To": 43
    },
    {
      "From": 11,
      "To": 44
    },
    {
      "From": 11,
      "To": 45
    },
    {
      "From": 54,
      "To": 46
    },
    {
      "From": 54,
      "To": 47
    },
    {
      "From": 0,
      "To": 48
    },
    {
      "From": 0,
      "To": 49
    },
    {
      "From": 0,
      "To": 50
    },
    {
      "From": 43,
      "To": 51
    },
    {
      "From": 43,
      "To": 52
    },
    {
      "From": 12,
      "To": 53
    },
    {
      "From": 54,
      "To": 54
    },
    {
      "From": 10,
      "To": 55
    },
    {
      "From": 0,
      "To": 56
    },
    {
      "From": 0,
      "To": 57
    },
    {
      "From": 0,
      "To": 58
    },
    {
      "From": 43,
      "To": 59
    },
    {
      "From": 43,
      "To": 60
    },
    {
      "From": 40,
      "To": 61
    },
    {
      "From": 54,
      "To": 62
    },
    {
      "From": 10,
      "To": 63
    }
  ],
  "OverworldCoordinates": {
    "Coneria": {
      "X": 211,
      "Y": 37
    },
    "ConeriaCastle1": {
      "X": 212,
      "Y": 36
    },
    "TempleOfFiends1": {
      "X": 214,
      "Y": 50
    },
    "Pravoka": {
      "X": 229,
      "Y": 27
    },
    "Gaia": {
      "X": 21,
      "Y": 64
    },
    "CastleOrdeals1": {
      "X": 164,
      "Y": 216
    },
    "TitansTunnelWest": {
      "X": 176,
      "Y": 220
    },
    "SardasCave": {
      "X": 174,
      "Y": 220
    },
    "EarthCave1": {
      "X": 187,
      "Y": 52
    },
    "MirageTower1": {
      "X": 241,
      "Y": 24
    },
    "Onrac": {
      "X": 127,
      "Y": 48
    },
    "TitansTunnelEast": {
      "X": 89,
      "Y": 26
    },
    "MatoyasCave": {
      "X": 66,
      "Y": 143
    },
    "DwarfCave": {
      "X": 67,
      "Y": 111
    },
    "Elfland": {
      "X": 65,
      "Y": 75
    },
    "ElflandCastle": {
      "X": 66,
      "Y": 74
    },
    "MarshCave1": {
      "X": 104,
      "Y": 70
    },
    "NorthwestCastle": {
      "X": 138,
      "Y": 220
    },
    "Melmond": {
      "X": 39,
      "Y": 115
    },
    "CrescentLake": {
      "X": 213,
      "Y": 227
    },
    "Lefein": {
      "X": 214,
      "Y": 200
    },
    "BahamutCave1": {
      "X": 18,
      "Y": 149
    },
    "Cardia1": {
      "X": 89,
      "Y": 105
    },
    "Cardia2": {
      "X": 234,
      "Y": 217
    },
    "Cardia4": {
      "X": 48,
      "Y": 150
    },
    "Cardia5": {
      "X": 174,
      "Y": 175
    },
    "Cardia6": {
      "X": 144,
      "Y": 184
    },
    "Waterfall": {
      "X": 58,
      "Y": 118
    },
    "IceCave1": {
      "X": 159,
      "Y": 191
    },
    "GurguVolcano1": {
      "X": 52,
      "Y": 97
    }
  }
}