﻿{
  "StartingLocation": {
    "X": 150,
    "Y": 52
  },
  "AirShipLocation": {
    "X": 184,
    "Y": 113
  },
  "BridgeLocation": {
    "X": 83,
    "Y": 77
  },
  "CanalLocation": {
    "X": 242,
    "Y": 71
  },
  "ShipLocations": [
    {
      "TeleporterIndex": 255,
      "X": 82,
      "Y": 84
    }
  ],
  "TeleporterFixups": [
    {
      "Type": 1,
      "Index": 0,
      "From": null,
      "To": {
        "Map": 255,
        "X": 207,
        "Y": 173
      }
    },
    {
      "Type": 1,
      "Index": 1,
      "From": null,
      "To": {
        "Map": 255,
        "X": 124,
        "Y": 66
      }
    },
    {
      "Type": 1,
      "Index": 2,
      "From": null,
      "To": {
        "Map": 255,
        "X": 195,
        "Y": 63
      }
    },
    {
      "Type": 1,
      "Index": 3,
      "From": null,
      "To": {
        "Map": 255,
        "X": 117,
        "Y": 84
      }
    },
    {
      "Type": 1,
      "Index": 4,
      "From": null,
      "To": {
        "Map": 255,
        "X": 150,
        "Y": 50
      }
    },
    {
      "Type": 1,
      "Index": 5,
      "From": null,
      "To": {
        "Map": 255,
        "X": 232,
        "Y": 77
      }
    },
    {
      "Type": 1,
      "Index": 6,
      "From": null,
      "To": {
        "Map": 255,
        "X": 215,
        "Y": 70
      }
    },
    {
      "Type": 1,
      "Index": 7,
      "From": null,
      "To": {
        "Map": 255,
        "X": 57,
        "Y": 15
      }
    },
    {
      "Type": 1,
      "Index": 8,
      "From": null,
      "To": {
        "Map": 255,
        "X": 162,
        "Y": 75
      }
    }
  ],
  "DomainFixups": [],
  "DomainUpdates": [
    {
      "From": 0,
      "To": 0
    },
    {
      "From": 9,
      "To": 1
    },
    {
      "From": 0,
      "To": 2
    },
    {
      "From": 0,
      "To": 3
    },
    {
      "From": 52,
      "To": 4
    },
    {
      "From": 52,
      "To": 5
    },
    {
      "From": 52,
      "To": 6
    },
    {
      "From": 0,
      "To": 7
    },
    {
      "From": 0,
      "To": 8
    },
    {
      "From": 0,
      "To": 9
    },
    {
      "From": 43,
      "To": 10
    },
    {
      "From": 43,
      "To": 11
    },
    {
      "From": 36,
      "To": 12
    },
    {
      "From": 42,
      "To": 13
    },
    {
      "From": 54,
      "To": 14
    },
    {
      "From": 54,
      "To": 15
    },
    {
      "From": 0,
      "To": 16
    },
    {
      "From": 11,
      "To": 17
    },
    {
      "From": 43,
      "To": 18
    },
    {
      "From": 43,
      "To": 19
    },
    {
      "From": 54,
      "To": 20
    },
    {
      "From": 14,
      "To": 21
    },
    {
      "From": 54,
      "To": 22
    },
    {
      "From": 42,
      "To": 23
    },
    {
      "From": 11,
      "To": 24
    },
    {
      "From": 11,
      "To": 25
    },
    {
      "From": 11,
      "To": 26
    },
    {
      "From": 12,
      "To": 27
    },
    {
      "From": 54,
      "To": 28
    },
    {
      "From": 29,
      "To": 29
    },
    {
      "From": 29,
      "To": 30
    },
    {
      "From": 42,
      "To": 31
    },
    {
      "From": 0,
      "To": 32
    },
    {
      "From": 28,
      "To": 33
    },
    {
      "From": 11,
      "To": 34
    },
    {
      "From": 11,
      "To": 35
    },
    {
      "From": 59,
      "To": 36
    },
    {
      "From": 59,
      "To": 37
    },
    {
      "From": 59,
      "To": 38
    },
    {
      "From": 40,
      "To": 39
    },
    {
      "From": 10,
      "To": 40
    },
    {
      "From": 10,
      "To": 41
    },
    {
      "From": 0,
      "To": 42
    },
    {
      "From": 0,
      "To": 43
    },
    {
      "From": 0,
      "To": 44
    },
    {
      "From": 59,
      "To": 45
    },
    {
      "From": 40,
      "To": 46
    },
    {
      "From": 40,
      "To": 47
    },
    {
      "From": 10,
      "To": 48
    },
    {
      "From": 10,
      "To": 49
    },
    {
      "From": 6,
      "To": 50
    },
    {
      "From": 6,
      "To": 51
    },
    {
      "From": 0,
      "To": 52
    },
    {
      "From": 0,
      "To": 53
    },
    {
      "From": 0,
      "To": 54
    },
    {
      "From": 0,
      "To": 55
    },
    {
      "From": 0,
      "To": 56
    },
    {
      "From": 11,
      "To": 57
    },
    {
      "From": 6,
      "To": 58
    },
    {
      "From": 6,
      "To": 59
    },
    {
      "From": 0,
      "To": 60
    },
    {
      "From": 0,
      "To": 61
    },
    {
      "From": 11,
      "To": 62
    },
    {
      "From": 0,
      "To": 63
    }
  ],
  "OverworldCoordinates": {
    "Coneria": {
      "X": 149,
      "Y": 51
    },
    "ConeriaCastle1": {
      "X": 150,
      "Y": 50
    },
    "TempleOfFiends1": {
      "X": 55,
      "Y": 144
    },
    "Pravoka": {
      "X": 83,
      "Y": 80
    },
    "Gaia": {
      "X": 85,
      "Y": 221
    },
    "CastleOrdeals1": {
      "X": 117,
      "Y": 84
    },
    "TitansTunnelWest": {
      "X": 124,
      "Y": 66
    },
    "SardasCave": {
      "X": 126,
      "Y": 66
    },
    "EarthCave1": {
      "X": 232,
      "Y": 77
    },
    "MirageTower1": {
      "X": 162,
      "Y": 75
    },
    "Onrac": {
      "X": 57,
      "Y": 15
    },
    "TitansTunnelEast": {
      "X": 207,
      "Y": 173
    },
    "MatoyasCave": {
      "X": 194,
      "Y": 110
    },
    "DwarfCave": {
      "X": 165,
      "Y": 58
    },
    "Elfland": {
      "X": 151,
      "Y": 32
    },
    "ElflandCastle": {
      "X": 152,
      "Y": 31
    },
    "MarshCave1": {
      "X": 192,
      "Y": 158
    },
    "NorthwestCastle": {
      "X": 124,
      "Y": 49
    },
    "Melmond": {
      "X": 181,
      "Y": 41
    },
    "CrescentLake": {
      "X": 142,
      "Y": 76
    },
    "Lefein": {
      "X": 169,
      "Y": 156
    },
    "BahamutCave1": {
      "X": 212,
      "Y": 233
    },
    "Cardia1": {
      "X": 45,
      "Y": 172
    },
    "Cardia2": {
      "X": 70,
      "Y": 104
    },
    "Cardia4": {
      "X": 24,
      "Y": 172
    },
    "Cardia5": {
      "X": 52,
      "Y": 230
    },
    "Cardia6": {
      "X": 69,
      "Y": 120
    },
    "Waterfall": {
      "X": 185,
      "Y": 89
    },
    "IceCave1": {
      "X": 195,
      "Y": 63
    },
    "GurguVolcano1": {
      "X": 215,
      "Y": 70
    }
  }
}