﻿{
  "StartingLocation": {
    "X": 132,
    "Y": 93
  },
  "AirShipLocation": {
    "X": 208,
    "Y": 163
  },
  "BridgeLocation": {
    "X": 145,
    "Y": 96
  },
  "CanalLocation": {
    "X": 98,
    "Y": 192
  },
  "ShipLocations": [
    {
      "TeleporterIndex": 255,
      "X": 144,
      "Y": 103
    }
  ],
  "TeleporterFixups": [
    {
      "Type": 1,
      "Index": 0,
      "From": null,
      "To": {
        "Map": 255,
        "X": 204,
        "Y": 132
      }
    },
    {
      "Type": 1,
      "Index": 1,
      "From": null,
      "To": {
        "Map": 255,
        "X": 177,
        "Y": 222
      }
    },
    {
      "Type": 1,
      "Index": 2,
      "From": null,
      "To": {
        "Map": 255,
        "X": 194,
        "Y": 208
      }
    },
    {
      "Type": 1,
      "Index": 3,
      "From": null,
      "To": {
        "Map": 255,
        "X": 213,
        "Y": 190
      }
    },
    {
      "Type": 1,
      "Index": 4,
      "From": null,
      "To": {
        "Map": 255,
        "X": 132,
        "Y": 91
      }
    },
    {
      "Type": 1,
      "Index": 5,
      "From": null,
      "To": {
        "Map": 255,
        "X": 61,
        "Y": 198
      }
    },
    {
      "Type": 1,
      "Index": 6,
      "From": null,
      "To": {
        "Map": 255,
        "X": 177,
        "Y": 181
      }
    },
    {
      "Type": 1,
      "Index": 7,
      "From": null,
      "To": {
        "Map": 255,
        "X": 173,
        "Y": 19
      }
    },
    {
      "Type": 1,
      "Index": 8,
      "From": null,
      "To": {
        "Map": 255,
        "X": 233,
        "Y": 202
      }
    }
  ],
  "DomainFixups": [],
  "DomainUpdates": [
    {
      "From": 0,
      "To": 0
    },
    {
      "From": 0,
      "To": 1
    },
    {
      "From": 59,
      "To": 2
    },
    {
      "From": 59,
      "To": 3
    },
    {
      "From": 10,
      "To": 4
    },
    {
      "From": 9,
      "To": 5
    },
    {
      "From": 42,
      "To": 6
    },
    {
      "From": 42,
      "To": 7
    },
    {
      "From": 11,
      "To": 8
    },
    {
      "From": 0,
      "To": 9
    },
    {
      "From": 52,
      "To": 10
    },
    {
      "From": 52,
      "To": 11
    },
    {
      "From": 52,
      "To": 12
    },
    {
      "From": 28,
      "To": 13
    },
    {
      "From": 42,
      "To": 14
    },
    {
      "From": 42,
      "To": 15
    },
    {
      "From": 11,
      "To": 16
    },
    {
      "From": 0,
      "To": 17
    },
    {
      "From": 0,
      "To": 18
    },
    {
      "From": 52,
      "To": 19
    },
    {
      "From": 36,
      "To": 20
    },
    {
      "From": 28,
      "To": 21
    },
    {
      "From": 0,
      "To": 22
    },
    {
      "From": 0,
      "To": 23
    },
    {
      "From": 0,
      "To": 24
    },
    {
      "From": 0,
      "To": 25
    },
    {
      "From": 0,
      "To": 26
    },
    {
      "From": 0,
      "To": 27
    },
    {
      "From": 28,
      "To": 28
    },
    {
      "From": 28,
      "To": 29
    },
    {
      "From": 29,
      "To": 30
    },
    {
      "From": 10,
      "To": 31
    },
    {
      "From": 0,
      "To": 32
    },
    {
      "From": 11,
      "To": 33
    },
    {
      "From": 11,
      "To": 34
    },
    {
      "From": 11,
      "To": 35
    },
    {
      "From": 0,
      "To": 36
    },
    {
      "From": 1,
      "To": 37
    },
    {
      "From": 40,
      "To": 38
    },
    {
      "From": 54,
      "To": 39
    },
    {
      "From": 10,
      "To": 40
    },
    {
      "From": 42,
      "To": 41
    },
    {
      "From": 11,
      "To": 42
    },
    {
      "From": 11,
      "To": 43
    },
    {
      "From": 43,
      "To": 44
    },
    {
      "From": 54,
      "To": 45
    },
    {
      "From": 54,
      "To": 46
    },
    {
      "From": 54,
      "To": 47
    },
    {
      "From": 10,
      "To": 48
    },
    {
      "From": 42,
      "To": 49
    },
    {
      "From": 42,
      "To": 50
    },
    {
      "From": 43,
      "To": 51
    },
    {
      "From": 43,
      "To": 52
    },
    {
      "From": 54,
      "To": 53
    },
    {
      "From": 12,
      "To": 54
    },
    {
      "From": 14,
      "To": 55
    },
    {
      "From": 0,
      "To": 56
    },
    {
      "From": 0,
      "To": 57
    },
    {
      "From": 0,
      "To": 58
    },
    {
      "From": 43,
      "To": 59
    },
    {
      "From": 0,
      "To": 60
    },
    {
      "From": 35,
      "To": 61
    },
    {
      "From": 35,
      "To": 62
    },
    {
      "From": 14,
      "To": 63
    }
  ],
  "OverworldCoordinates": {
    "Coneria": {
      "X": 131,
      "Y": 92
    },
    "ConeriaCastle1": {
      "X": 132,
      "Y": 91
    },
    "TempleOfFiends1": {
      "X": 168,
      "Y": 104
    },
    "Pravoka": {
      "X": 145,
      "Y": 99
    },
    "Gaia": {
      "X": 146,
      "Y": 171
    },
    "CastleOrdeals1": {
      "X": 213,
      "Y": 190
    },
    "TitansTunnelWest": {
      "X": 177,
      "Y": 222
    },
    "SardasCave": {
      "X": 174,
      "Y": 222
    },
    "EarthCave1": {
      "X": 61,
      "Y": 198
    },
    "MirageTower1": {
      "X": 233,
      "Y": 202
    },
    "Onrac": {
      "X": 173,
      "Y": 19
    },
    "TitansTunnelEast": {
      "X": 204,
      "Y": 132
    },
    "MatoyasCave": {
      "X": 197,
      "Y": 122
    },
    "DwarfCave": {
      "X": 199,
      "Y": 233
    },
    "Elfland": {
      "X": 101,
      "Y": 63
    },
    "ElflandCastle": {
      "X": 102,
      "Y": 62
    },
    "MarshCave1": {
      "X": 95,
      "Y": 20
    },
    "NorthwestCastle": {
      "X": 121,
      "Y": 207
    },
    "Melmond": {
      "X": 210,
      "Y": 19
    },
    "CrescentLake": {
      "X": 217,
      "Y": 172
    },
    "Lefein": {
      "X": 226,
      "Y": 219
    },
    "BahamutCave1": {
      "X": 15,
      "Y": 65
    },
    "Cardia1": {
      "X": 141,
      "Y": 17
    },
    "Cardia2": {
      "X": 240,
      "Y": 124
    },
    "Cardia4": {
      "X": 23,
      "Y": 193
    },
    "Cardia5": {
      "X": 89,
      "Y": 171
    },
    "Cardia6": {
      "X": 70,
      "Y": 154
    },
    "Waterfall": {
      "X": 183,
      "Y": 159
    },
    "IceCave1": {
      "X": 194,
      "Y": 208
    },
    "GurguVolcano1": {
      "X": 177,
      "Y": 181
    }
  }
}