﻿{
  "StartingLocation": {
    "X": 91,
    "Y": 173
  },
  "AirShipLocation": {
    "X": 149,
    "Y": 95
  },
  "BridgeLocation": {
    "X": 127,
    "Y": 164
  },
  "CanalLocation": {
    "X": 184,
    "Y": 180
  },
  "ShipLocations": [
    {
      "TeleporterIndex": 1,
      "X": 60,
      "Y": 170
    },
    {
      "TeleporterIndex": 9,
      "X": 60,
      "Y": 170
    },
    {
      "TeleporterIndex": 255,
      "X": 60,
      "Y": 170
    },
    {
      "TeleporterIndex": 13,
      "X": 126,
      "Y": 171
    },
    {
      "TeleporterIndex": 2,
      "X": 126,
      "Y": 171
    },
    {
      "TeleporterIndex": 3,
      "X": 123,
      "Y": 90
    },
    {
      "TeleporterIndex": 10,
      "X": 123,
      "Y": 90
    },
    {
      "TeleporterIndex": 23,
      "X": 126,
      "Y": 171
    },
    {
      "TeleporterIndex": 11,
      "X": 60,
      "Y": 170
    },
    {
      "TeleporterIndex": 4,
      "X": 166,
      "Y": 88
    },
    {
      "TeleporterIndex": 5,
      "X": 244,
      "Y": 62
    }
  ],
  "TeleporterFixups": [
    {
      "Type": 1,
      "Index": 0,
      "From": null,
      "To": {
        "Map": 255,
        "X": 68,
        "Y": 113
      }
    },
    {
      "Type": 1,
      "Index": 1,
      "From": null,
      "To": {
        "Map": 255,
        "X": 204,
        "Y": 194
      }
    },
    {
      "Type": 1,
      "Index": 2,
      "From": null,
      "To": {
        "Map": 255,
        "X": 78,
        "Y": 127
      }
    },
    {
      "Type": 1,
      "Index": 3,
      "From": null,
      "To": {
        "Map": 255,
        "X": 120,
        "Y": 27
      }
    },
    {
      "Type": 1,
      "Index": 4,
      "From": null,
      "To": {
        "Map": 255,
        "X": 91,
        "Y": 171
      }
    },
    {
      "Type": 1,
      "Index": 5,
      "From": null,
      "To": {
        "Map": 255,
        "X": 196,
        "Y": 188
      }
    },
    {
      "Type": 1,
      "Index": 6,
      "From": null,
      "To": {
        "Map": 255,
        "X": 58,
        "Y": 142
      }
    },
    {
      "Type": 1,
      "Index": 7,
      "From": null,
      "To": {
        "Map": 255,
        "X": 118,
        "Y": 236
      }
    },
    {
      "Type": 1,
      "Index": 8,
      "From": null,
      "To": {
        "Map": 255,
        "X": 33,
        "Y": 107
      }
    }
  ],
  "DomainFixups": [],
  "DomainUpdates": [
    {
      "From": 11,
      "To": 0
    },
    {
      "From": 0,
      "To": 1
    },
    {
      "From": 0,
      "To": 2
    },
    {
      "From": 12,
      "To": 3
    },
    {
      "From": 1,
      "To": 4
    },
    {
      "From": 10,
      "To": 5
    },
    {
      "From": 11,
      "To": 6
    },
    {
      "From": 0,
      "To": 7
    },
    {
      "From": 0,
      "To": 8
    },
    {
      "From": 0,
      "To": 9
    },
    {
      "From": 0,
      "To": 10
    },
    {
      "From": 29,
      "To": 11
    },
    {
      "From": 52,
      "To": 12
    },
    {
      "From": 10,
      "To": 13
    },
    {
      "From": 54,
      "To": 14
    },
    {
      "From": 54,
      "To": 15
    },
    {
      "From": 14,
      "To": 16
    },
    {
      "From": 14,
      "To": 17
    },
    {
      "From": 29,
      "To": 18
    },
    {
      "From": 29,
      "To": 19
    },
    {
      "From": 42,
      "To": 20
    },
    {
      "From": 42,
      "To": 21
    },
    {
      "From": 54,
      "To": 22
    },
    {
      "From": 54,
      "To": 23
    },
    {
      "From": 14,
      "To": 24
    },
    {
      "From": 14,
      "To": 25
    },
    {
      "From": 40,
      "To": 26
    },
    {
      "From": 35,
      "To": 27
    },
    {
      "From": 42,
      "To": 28
    },
    {
      "From": 42,
      "To": 29
    },
    {
      "From": 0,
      "To": 30
    },
    {
      "From": 0,
      "To": 31
    },
    {
      "From": 14,
      "To": 32
    },
    {
      "From": 54,
      "To": 33
    },
    {
      "From": 54,
      "To": 34
    },
    {
      "From": 59,
      "To": 35
    },
    {
      "From": 28,
      "To": 36
    },
    {
      "From": 42,
      "To": 37
    },
    {
      "From": 0,
      "To": 38
    },
    {
      "From": 0,
      "To": 39
    },
    {
      "From": 0,
      "To": 40
    },
    {
      "From": 43,
      "To": 41
    },
    {
      "From": 36,
      "To": 42
    },
    {
      "From": 28,
      "To": 43
    },
    {
      "From": 28,
      "To": 44
    },
    {
      "From": 42,
      "To": 45
    },
    {
      "From": 42,
      "To": 46
    },
    {
      "From": 40,
      "To": 47
    },
    {
      "From": 0,
      "To": 48
    },
    {
      "From": 0,
      "To": 49
    },
    {
      "From": 9,
      "To": 50
    },
    {
      "From": 9,
      "To": 51
    },
    {
      "From": 0,
      "To": 52
    },
    {
      "From": 0,
      "To": 53
    },
    {
      "From": 40,
      "To": 54
    },
    {
      "From": 40,
      "To": 55
    },
    {
      "From": 0,
      "To": 56
    },
    {
      "From": 0,
      "To": 57
    },
    {
      "From": 9,
      "To": 58
    },
    {
      "From": 9,
      "To": 59
    },
    {
      "From": 11,
      "To": 60
    },
    {
      "From": 6,
      "To": 61
    },
    {
      "From": 6,
      "To": 62
    },
    {
      "From": 0,
      "To": 63
    }
  ],
  "OverworldCoordinates": {
    "Coneria": {
      "X": 90,
      "Y": 172
    },
    "ConeriaCastle1": {
      "X": 91,
      "Y": 171
    },
    "TempleOfFiends1": {
      "X": 134,
      "Y": 154
    },
    "Pravoka": {
      "X": 127,
      "Y": 167
    },
    "Gaia": {
      "X": 193,
      "Y": 235
    },
    "CastleOrdeals1": {
      "X": 120,
      "Y": 27
    },
    "TitansTunnelWest": {
      "X": 204,
      "Y": 194
    },
    "SardasCave": {
      "X": 215,
      "Y": 197
    },
    "EarthCave1": {
      "X": 196,
      "Y": 188
    },
    "MirageTower1": {
      "X": 33,
      "Y": 107
    },
    "Onrac": {
      "X": 118,
      "Y": 236
    },
    "TitansTunnelEast": {
      "X": 68,
      "Y": 113
    },
    "MatoyasCave": {
      "X": 117,
      "Y": 57
    },
    "DwarfCave": {
      "X": 104,
      "Y": 131
    },
    "Elfland": {
      "X": 142,
      "Y": 68
    },
    "ElflandCastle": {
      "X": 143,
      "Y": 67
    },
    "MarshCave1": {
      "X": 111,
      "Y": 148
    },
    "NorthwestCastle": {
      "X": 40,
      "Y": 157
    },
    "Melmond": {
      "X": 159,
      "Y": 104
    },
    "CrescentLake": {
      "X": 226,
      "Y": 62
    },
    "Lefein": {
      "X": 46,
      "Y": 114
    },
    "BahamutCave1": {
      "X": 20,
      "Y": 14
    },
    "Cardia1": {
      "X": 176,
      "Y": 50
    },
    "Cardia2": {
      "X": 157,
      "Y": 11
    },
    "Cardia4": {
      "X": 163,
      "Y": 36
    },
    "Cardia5": {
      "X": 146,
      "Y": 231
    },
    "Cardia6": {
      "X": 206,
      "Y": 20
    },
    "Waterfall": {
      "X": 130,
      "Y": 39
    },
    "IceCave1": {
      "X": 78,
      "Y": 127
    },
    "GurguVolcano1": {
      "X": 58,
      "Y": 142
    }
  }
}