﻿{
  "StartingLocation": {
    "X": 160,
    "Y": 159
  },
  "AirShipLocation": {
    "X": 98,
    "Y": 17
  },
  "BridgeLocation": {
    "X": 128,
    "Y": 184
  },
  "CanalLocation": {
    "X": 40,
    "Y": 61
  },
  "ShipLocations": [
    {
      "TeleporterIndex": 1,
      "X": 127,
      "Y": 191
    },
    {
      "TeleporterIndex": 9,
      "X": 127,
      "Y": 191
    },
    {
      "TeleporterIndex": 255,
      "X": 127,
      "Y": 191
    },
    {
      "TeleporterIndex": 13,
      "X": 127,
      "Y": 191
    },
    {
      "TeleporterIndex": 2,
      "X": 127,
      "Y": 191
    },
    {
      "TeleporterIndex": 24,
      "X": 127,
      "Y": 191
    },
    {
      "TeleporterIndex": 3,
      "X": 148,
      "Y": 17
    },
    {
      "TeleporterIndex": 10,
      "X": 148,
      "Y": 17
    },
    {
      "TeleporterIndex": 23,
      "X": 148,
      "Y": 17
    },
    {
      "TeleporterIndex": 11,
      "X": 148,
      "Y": 17
    },
    {
      "TeleporterIndex": 4,
      "X": 243,
      "Y": 197
    },
    {
      "TeleporterIndex": 5,
      "X": 126,
      "Y": 66
    }
  ],
  "TeleporterFixups": [
    {
      "Type": 1,
      "Index": 0,
      "From": null,
      "To": {
        "Map": 255,
        "X": 147,
        "Y": 203
      }
    },
    {
      "Type": 1,
      "Index": 1,
      "From": null,
      "To": {
        "Map": 255,
        "X": 53,
        "Y": 38
      }
    },
    {
      "Type": 1,
      "Index": 2,
      "From": null,
      "To": {
        "Map": 255,
        "X": 164,
        "Y": 172
      }
    },
    {
      "Type": 1,
      "Index": 3,
      "From": null,
      "To": {
        "Map": 255,
        "X": 83,
        "Y": 61
      }
    },
    {
      "Type": 1,
      "Index": 4,
      "From": null,
      "To": {
        "Map": 255,
        "X": 160,
        "Y": 157
      }
    },
    {
      "Type": 1,
      "Index": 5,
      "From": null,
      "To": {
        "Map": 255,
        "X": 64,
        "Y": 59
      }
    },
    {
      "Type": 1,
      "Index": 6,
      "From": null,
      "To": {
        "Map": 255,
        "X": 74,
        "Y": 42
      }
    },
    {
      "Type": 1,
      "Index": 7,
      "From": null,
      "To": {
        "Map": 255,
        "X": 20,
        "Y": 72
      }
    },
    {
      "Type": 1,
      "Index": 8,
      "From": null,
      "To": {
        "Map": 255,
        "X": 146,
        "Y": 172
      }
    }
  ],
  "DomainFixups": [],
  "DomainUpdates": [
    {
      "From": 10,
      "To": 0
    },
    {
      "From": 35,
      "To": 1
    },
    {
      "From": 35,
      "To": 2
    },
    {
      "From": 52,
      "To": 3
    },
    {
      "From": 52,
      "To": 4
    },
    {
      "From": 52,
      "To": 5
    },
    {
      "From": 11,
      "To": 6
    },
    {
      "From": 0,
      "To": 7
    },
    {
      "From": 9,
      "To": 8
    },
    {
      "From": 42,
      "To": 9
    },
    {
      "From": 12,
      "To": 10
    },
    {
      "From": 54,
      "To": 11
    },
    {
      "From": 43,
      "To": 12
    },
    {
      "From": 11,
      "To": 13
    },
    {
      "From": 0,
      "To": 14
    },
    {
      "From": 0,
      "To": 15
    },
    {
      "From": 9,
      "To": 16
    },
    {
      "From": 42,
      "To": 17
    },
    {
      "From": 42,
      "To": 18
    },
    {
      "From": 12,
      "To": 19
    },
    {
      "From": 11,
      "To": 20
    },
    {
      "From": 11,
      "To": 21
    },
    {
      "From": 0,
      "To": 22
    },
    {
      "From": 0,
      "To": 23
    },
    {
      "From": 0,
      "To": 24
    },
    {
      "From": 42,
      "To": 25
    },
    {
      "From": 42,
      "To": 26
    },
    {
      "From": 0,
      "To": 27
    },
    {
      "From": 0,
      "To": 28
    },
    {
      "From": 0,
      "To": 29
    },
    {
      "From": 0,
      "To": 30
    },
    {
      "From": 0,
      "To": 31
    },
    {
      "From": 29,
      "To": 32
    },
    {
      "From": 29,
      "To": 33
    },
    {
      "From": 0,
      "To": 34
    },
    {
      "From": 0,
      "To": 35
    },
    {
      "From": 36,
      "To": 36
    },
    {
      "From": 36,
      "To": 37
    },
    {
      "From": 0,
      "To": 38
    },
    {
      "From": 0,
      "To": 39
    },
    {
      "From": 29,
      "To": 40
    },
    {
      "From": 29,
      "To": 41
    },
    {
      "From": 0,
      "To": 42
    },
    {
      "From": 14,
      "To": 43
    },
    {
      "From": 14,
      "To": 44
    },
    {
      "From": 54,
      "To": 45
    },
    {
      "From": 42,
      "To": 46
    },
    {
      "From": 42,
      "To": 47
    },
    {
      "From": 0,
      "To": 48
    },
    {
      "From": 0,
      "To": 49
    },
    {
      "From": 0,
      "To": 50
    },
    {
      "From": 28,
      "To": 51
    },
    {
      "From": 40,
      "To": 52
    },
    {
      "From": 42,
      "To": 53
    },
    {
      "From": 42,
      "To": 54
    },
    {
      "From": 42,
      "To": 55
    },
    {
      "From": 10,
      "To": 56
    },
    {
      "From": 0,
      "To": 57
    },
    {
      "From": 10,
      "To": 58
    },
    {
      "From": 1,
      "To": 59
    },
    {
      "From": 11,
      "To": 60
    },
    {
      "From": 11,
      "To": 61
    },
    {
      "From": 42,
      "To": 62
    },
    {
      "From": 42,
      "To": 63
    }
  ],
  "OverworldCoordinates": {
    "Coneria": {
      "X": 159,
      "Y": 158
    },
    "ConeriaCastle1": {
      "X": 160,
      "Y": 157
    },
    "TempleOfFiends1": {
      "X": 114,
      "Y": 208
    },
    "Pravoka": {
      "X": 128,
      "Y": 187
    },
    "Gaia": {
      "X": 25,
      "Y": 180
    },
    "CastleOrdeals1": {
      "X": 83,
      "Y": 61
    },
    "TitansTunnelWest": {
      "X": 53,
      "Y": 38
    },
    "SardasCave": {
      "X": 47,
      "Y": 38
    },
    "EarthCave1": {
      "X": 64,
      "Y": 59
    },
    "MirageTower1": {
      "X": 146,
      "Y": 172
    },
    "Onrac": {
      "X": 20,
      "Y": 72
    },
    "TitansTunnelEast": {
      "X": 147,
      "Y": 203
    },
    "MatoyasCave": {
      "X": 40,
      "Y": 144
    },
    "DwarfCave": {
      "X": 59,
      "Y": 23
    },
    "Elfland": {
      "X": 130,
      "Y": 19
    },
    "ElflandCastle": {
      "X": 131,
      "Y": 18
    },
    "MarshCave1": {
      "X": 164,
      "Y": 25
    },
    "NorthwestCastle": {
      "X": 140,
      "Y": 38
    },
    "Melmond": {
      "X": 207,
      "Y": 190
    },
    "CrescentLake": {
      "X": 111,
      "Y": 39
    },
    "Lefein": {
      "X": 178,
      "Y": 222
    },
    "BahamutCave1": {
      "X": 155,
      "Y": 88
    },
    "Cardia1": {
      "X": 93,
      "Y": 239
    },
    "Cardia2": {
      "X": 21,
      "Y": 13
    },
    "Cardia4": {
      "X": 25,
      "Y": 240
    },
    "Cardia5": {
      "X": 164,
      "Y": 237
    },
    "Cardia6": {
      "X": 215,
      "Y": 15
    },
    "Waterfall": {
      "X": 122,
      "Y": 233
    },
    "IceCave1": {
      "X": 164,
      "Y": 172
    },
    "GurguVolcano1": {
      "X": 74,
      "Y": 42
    }
  }
}