﻿{
  "StartingLocation": {
    "X": 77,
    "Y": 34
  },
  "AirShipLocation": {
    "X": 47,
    "Y": 168
  },
  "BridgeLocation": {
    "X": 54,
    "Y": 53
  },
  "CanalLocation": {
    "X": 99,
    "Y": 241
  },
  "ShipLocations": [
    {
      "TeleporterIndex": 255,
      "X": 53,
      "Y": 60
    }
  ],
  "TeleporterFixups": [
    {
      "Type": 1,
      "Index": 0,
      "From": null,
      "To": {
        "Map": 255,
        "X": 67,
        "Y": 191
      }
    },
    {
      "Type": 1,
      "Index": 1,
      "From": null,
      "To": {
        "Map": 255,
        "X": 41,
        "Y": 193
      }
    },
    {
      "Type": 1,
      "Index": 2,
      "From": null,
      "To": {
        "Map": 255,
        "X": 92,
        "Y": 210
      }
    },
    {
      "Type": 1,
      "Index": 3,
      "From": null,
      "To": {
        "Map": 255,
        "X": 180,
        "Y": 188
      }
    },
    {
      "Type": 1,
      "Index": 4,
      "From": null,
      "To": {
        "Map": 255,
        "X": 77,
        "Y": 32
      }
    },
    {
      "Type": 1,
      "Index": 5,
      "From": null,
      "To": {
        "Map": 255,
        "X": 92,
        "Y": 234
      }
    },
    {
      "Type": 1,
      "Index": 6,
      "From": null,
      "To": {
        "Map": 255,
        "X": 222,
        "Y": 200
      }
    },
    {
      "Type": 1,
      "Index": 7,
      "From": null,
      "To": {
        "Map": 255,
        "X": 65,
        "Y": 47
      }
    },
    {
      "Type": 1,
      "Index": 8,
      "From": null,
      "To": {
        "Map": 255,
        "X": 162,
        "Y": 200
      }
    }
  ],
  "DomainFixups": [],
  "DomainUpdates": [
    {
      "From": 35,
      "To": 0
    },
    {
      "From": 35,
      "To": 1
    },
    {
      "From": 36,
      "To": 2
    },
    {
      "From": 36,
      "To": 3
    },
    {
      "From": 0,
      "To": 4
    },
    {
      "From": 0,
      "To": 5
    },
    {
      "From": 0,
      "To": 6
    },
    {
      "From": 0,
      "To": 7
    },
    {
      "From": 28,
      "To": 8
    },
    {
      "From": 35,
      "To": 9
    },
    {
      "From": 36,
      "To": 10
    },
    {
      "From": 0,
      "To": 11
    },
    {
      "From": 0,
      "To": 12
    },
    {
      "From": 0,
      "To": 13
    },
    {
      "From": 10,
      "To": 14
    },
    {
      "From": 0,
      "To": 15
    },
    {
      "From": 28,
      "To": 16
    },
    {
      "From": 29,
      "To": 17
    },
    {
      "From": 0,
      "To": 18
    },
    {
      "From": 0,
      "To": 19
    },
    {
      "From": 0,
      "To": 20
    },
    {
      "From": 0,
      "To": 21
    },
    {
      "From": 10,
      "To": 22
    },
    {
      "From": 10,
      "To": 23
    },
    {
      "From": 59,
      "To": 24
    },
    {
      "From": 59,
      "To": 25
    },
    {
      "From": 0,
      "To": 26
    },
    {
      "From": 0,
      "To": 27
    },
    {
      "From": 43,
      "To": 28
    },
    {
      "From": 43,
      "To": 29
    },
    {
      "From": 0,
      "To": 30
    },
    {
      "From": 0,
      "To": 31
    },
    {
      "From": 59,
      "To": 32
    },
    {
      "From": 59,
      "To": 33
    },
    {
      "From": 0,
      "To": 34
    },
    {
      "From": 0,
      "To": 35
    },
    {
      "From": 43,
      "To": 36
    },
    {
      "From": 43,
      "To": 37
    },
    {
      "From": 0,
      "To": 38
    },
    {
      "From": 54,
      "To": 39
    },
    {
      "From": 52,
      "To": 40
    },
    {
      "From": 42,
      "To": 41
    },
    {
      "From": 42,
      "To": 42
    },
    {
      "From": 11,
      "To": 43
    },
    {
      "From": 14,
      "To": 44
    },
    {
      "From": 12,
      "To": 45
    },
    {
      "From": 11,
      "To": 46
    },
    {
      "From": 54,
      "To": 47
    },
    {
      "From": 52,
      "To": 48
    },
    {
      "From": 52,
      "To": 49
    },
    {
      "From": 40,
      "To": 50
    },
    {
      "From": 11,
      "To": 51
    },
    {
      "From": 14,
      "To": 52
    },
    {
      "From": 12,
      "To": 53
    },
    {
      "From": 54,
      "To": 54
    },
    {
      "From": 54,
      "To": 55
    },
    {
      "From": 0,
      "To": 56
    },
    {
      "From": 52,
      "To": 57
    },
    {
      "From": 42,
      "To": 58
    },
    {
      "From": 42,
      "To": 59
    },
    {
      "From": 10,
      "To": 60
    },
    {
      "From": 1,
      "To": 61
    },
    {
      "From": 1,
      "To": 62
    },
    {
      "From": 54,
      "To": 63
    }
  ],
  "OverworldCoordinates": {
    "Coneria": {
      "X": 76,
      "Y": 33
    },
    "ConeriaCastle1": {
      "X": 77,
      "Y": 32
    },
    "TempleOfFiends1": {
      "X": 24,
      "Y": 71
    },
    "Pravoka": {
      "X": 54,
      "Y": 56
    },
    "Gaia": {
      "X": 32,
      "Y": 170
    },
    "CastleOrdeals1": {
      "X": 180,
      "Y": 188
    },
    "TitansTunnelWest": {
      "X": 41,
      "Y": 193
    },
    "SardasCave": {
      "X": 43,
      "Y": 193
    },
    "EarthCave1": {
      "X": 92,
      "Y": 234
    },
    "MirageTower1": {
      "X": 162,
      "Y": 200
    },
    "Onrac": {
      "X": 65,
      "Y": 47
    },
    "TitansTunnelEast": {
      "X": 67,
      "Y": 191
    },
    "MatoyasCave": {
      "X": 37,
      "Y": 79
    },
    "DwarfCave": {
      "X": 59,
      "Y": 50
    },
    "Elfland": {
      "X": 42,
      "Y": 221
    },
    "ElflandCastle": {
      "X": 43,
      "Y": 220
    },
    "MarshCave1": {
      "X": 15,
      "Y": 114
    },
    "NorthwestCastle": {
      "X": 167,
      "Y": 136
    },
    "Melmond": {
      "X": 79,
      "Y": 172
    },
    "CrescentLake": {
      "X": 230,
      "Y": 171
    },
    "Lefein": {
      "X": 88,
      "Y": 17
    },
    "BahamutCave1": {
      "X": 120,
      "Y": 162
    },
    "Cardia1": {
      "X": 215,
      "Y": 64
    },
    "Cardia2": {
      "X": 240,
      "Y": 81
    },
    "Cardia4": {
      "X": 140,
      "Y": 241
    },
    "Cardia5": {
      "X": 208,
      "Y": 176
    },
    "Cardia6": {
      "X": 108,
      "Y": 198
    },
    "Waterfall": {
      "X": 196,
      "Y": 208
    },
    "IceCave1": {
      "X": 92,
      "Y": 210
    },
    "GurguVolcano1": {
      "X": 222,
      "Y": 200
    }
  }
}