﻿{
  "StartingLocation": {
    "X": 178,
    "Y": 208
  },
  "AirShipLocation": {
    "X": 219,
    "Y": 64
  },
  "BridgeLocation": {
    "X": 218,
    "Y": 221
  },
  "CanalLocation": {
    "X": 168,
    "Y": 99
  },
  "ShipLocations": [
    {
      "TeleporterIndex": 1,
      "X": 217,
      "Y": 228
    },
    {
      "TeleporterIndex": 9,
      "X": 217,
      "Y": 228
    },
    {
      "TeleporterIndex": 255,
      "X": 217,
      "Y": 228
    },
    {
      "TeleporterIndex": 13,
      "X": 168,
      "Y": 146
    },
    {
      "TeleporterIndex": 2,
      "X": 217,
      "Y": 228
    },
    {
      "TeleporterIndex": 24,
      "X": 87,
      "Y": 151
    },
    {
      "TeleporterIndex": 3,
      "X": 168,
      "Y": 146
    },
    {
      "TeleporterIndex": 10,
      "X": 168,
      "Y": 146
    },
    {
      "TeleporterIndex": 23,
      "X": 22,
      "Y": 113
    },
    {
      "TeleporterIndex": 11,
      "X": 113,
      "Y": 85
    },
    {
      "TeleporterIndex": 4,
      "X": 87,
      "Y": 151
    },
    {
      "TeleporterIndex": 5,
      "X": 72,
      "Y": 57
    }
  ],
  "TeleporterFixups": [
    {
      "Type": 1,
      "Index": 0,
      "From": null,
      "To": {
        "Map": 255,
        "X": 83,
        "Y": 102
      }
    },
    {
      "Type": 1,
      "Index": 1,
      "From": null,
      "To": {
        "Map": 255,
        "X": 183,
        "Y": 82
      }
    },
    {
      "Type": 1,
      "Index": 2,
      "From": null,
      "To": {
        "Map": 255,
        "X": 182,
        "Y": 36
      }
    },
    {
      "Type": 1,
      "Index": 3,
      "From": null,
      "To": {
        "Map": 255,
        "X": 165,
        "Y": 48
      }
    },
    {
      "Type": 1,
      "Index": 4,
      "From": null,
      "To": {
        "Map": 255,
        "X": 178,
        "Y": 206
      }
    },
    {
      "Type": 1,
      "Index": 5,
      "From": null,
      "To": {
        "Map": 255,
        "X": 188,
        "Y": 82
      }
    },
    {
      "Type": 1,
      "Index": 6,
      "From": null,
      "To": {
        "Map": 255,
        "X": 133,
        "Y": 39
      }
    },
    {
      "Type": 1,
      "Index": 7,
      "From": null,
      "To": {
        "Map": 255,
        "X": 188,
        "Y": 21
      }
    },
    {
      "Type": 1,
      "Index": 8,
      "From": null,
      "To": {
        "Map": 255,
        "X": 70,
        "Y": 144
      }
    }
  ],
  "DomainFixups": [],
  "DomainUpdates": [
    {
      "From": 0,
      "To": 0
    },
    {
      "From": 0,
      "To": 1
    },
    {
      "From": 0,
      "To": 2
    },
    {
      "From": 54,
      "To": 3
    },
    {
      "From": 1,
      "To": 4
    },
    {
      "From": 11,
      "To": 5
    },
    {
      "From": 9,
      "To": 6
    },
    {
      "From": 0,
      "To": 7
    },
    {
      "From": 0,
      "To": 8
    },
    {
      "From": 0,
      "To": 9
    },
    {
      "From": 54,
      "To": 10
    },
    {
      "From": 54,
      "To": 11
    },
    {
      "From": 43,
      "To": 12
    },
    {
      "From": 12,
      "To": 13
    },
    {
      "From": 11,
      "To": 14
    },
    {
      "From": 11,
      "To": 15
    },
    {
      "From": 59,
      "To": 16
    },
    {
      "From": 35,
      "To": 17
    },
    {
      "From": 54,
      "To": 18
    },
    {
      "From": 54,
      "To": 19
    },
    {
      "From": 43,
      "To": 20
    },
    {
      "From": 40,
      "To": 21
    },
    {
      "From": 11,
      "To": 22
    },
    {
      "From": 11,
      "To": 23
    },
    {
      "From": 59,
      "To": 24
    },
    {
      "From": 59,
      "To": 25
    },
    {
      "From": 40,
      "To": 26
    },
    {
      "From": 42,
      "To": 27
    },
    {
      "From": 40,
      "To": 28
    },
    {
      "From": 40,
      "To": 29
    },
    {
      "From": 0,
      "To": 30
    },
    {
      "From": 0,
      "To": 31
    },
    {
      "From": 59,
      "To": 32
    },
    {
      "From": 14,
      "To": 33
    },
    {
      "From": 14,
      "To": 34
    },
    {
      "From": 42,
      "To": 35
    },
    {
      "From": 52,
      "To": 36
    },
    {
      "From": 52,
      "To": 37
    },
    {
      "From": 0,
      "To": 38
    },
    {
      "From": 0,
      "To": 39
    },
    {
      "From": 0,
      "To": 40
    },
    {
      "From": 0,
      "To": 41
    },
    {
      "From": 6,
      "To": 42
    },
    {
      "From": 6,
      "To": 43
    },
    {
      "From": 28,
      "To": 44
    },
    {
      "From": 52,
      "To": 45
    },
    {
      "From": 29,
      "To": 46
    },
    {
      "From": 0,
      "To": 47
    },
    {
      "From": 0,
      "To": 48
    },
    {
      "From": 0,
      "To": 49
    },
    {
      "From": 6,
      "To": 50
    },
    {
      "From": 6,
      "To": 51
    },
    {
      "From": 28,
      "To": 52
    },
    {
      "From": 36,
      "To": 53
    },
    {
      "From": 36,
      "To": 54
    },
    {
      "From": 36,
      "To": 55
    },
    {
      "From": 0,
      "To": 56
    },
    {
      "From": 0,
      "To": 57
    },
    {
      "From": 0,
      "To": 58
    },
    {
      "From": 0,
      "To": 59
    },
    {
      "From": 10,
      "To": 60
    },
    {
      "From": 10,
      "To": 61
    },
    {
      "From": 36,
      "To": 62
    },
    {
      "From": 36,
      "To": 63
    }
  ],
  "OverworldCoordinates": {
    "Coneria": {
      "X": 177,
      "Y": 207
    },
    "ConeriaCastle1": {
      "X": 178,
      "Y": 206
    },
    "TempleOfFiends1": {
      "X": 155,
      "Y": 195
    },
    "Pravoka": {
      "X": 218,
      "Y": 224
    },
    "Gaia": {
      "X": 76,
      "Y": 209
    },
    "CastleOrdeals1": {
      "X": 165,
      "Y": 48
    },
    "TitansTunnelWest": {
      "X": 183,
      "Y": 82
    },
    "SardasCave": {
      "X": 179,
      "Y": 76
    },
    "EarthCave1": {
      "X": 188,
      "Y": 82
    },
    "MirageTower1": {
      "X": 70,
      "Y": 144
    },
    "Onrac": {
      "X": 188,
      "Y": 21
    },
    "TitansTunnelEast": {
      "X": 83,
      "Y": 102
    },
    "MatoyasCave": {
      "X": 202,
      "Y": 188
    },
    "DwarfCave": {
      "X": 55,
      "Y": 99
    },
    "Elfland": {
      "X": 182,
      "Y": 166
    },
    "ElflandCastle": {
      "X": 183,
      "Y": 165
    },
    "MarshCave1": {
      "X": 37,
      "Y": 117
    },
    "NorthwestCastle": {
      "X": 137,
      "Y": 60
    },
    "Melmond": {
      "X": 101,
      "Y": 124
    },
    "CrescentLake": {
      "X": 84,
      "Y": 81
    },
    "Lefein": {
      "X": 116,
      "Y": 20
    },
    "BahamutCave1": {
      "X": 73,
      "Y": 179
    },
    "Cardia1": {
      "X": 130,
      "Y": 181
    },
    "Cardia2": {
      "X": 160,
      "Y": 230
    },
    "Cardia4": {
      "X": 233,
      "Y": 52
    },
    "Cardia5": {
      "X": 166,
      "Y": 28
    },
    "Cardia6": {
      "X": 198,
      "Y": 61
    },
    "Waterfall": {
      "X": 153,
      "Y": 40
    },
    "IceCave1": {
      "X": 182,
      "Y": 36
    },
    "GurguVolcano1": {
      "X": 133,
      "Y": 39
    }
  }
}