﻿{
  "StartingLocation": {
    "X": 114,
    "Y": 235
  },
  "AirShipLocation": {
    "X": 87,
    "Y": 197
  },
  "BridgeLocation": {
    "X": 108,
    "Y": 209
  },
  "CanalLocation": {
    "X": 163,
    "Y": 159
  },
  "ShipLocations": [
    {
      "TeleporterIndex": 255,
      "X": 107,
      "Y": 216
    }
  ],
  "TeleporterFixups": [
    {
      "Type": 1,
      "Index": 0,
      "From": null,
      "To": {
        "Map": 255,
        "X": 135,
        "Y": 207
      }
    },
    {
      "Type": 1,
      "Index": 1,
      "From": null,
      "To": {
        "Map": 255,
        "X": 199,
        "Y": 185
      }
    },
    {
      "Type": 1,
      "Index": 2,
      "From": null,
      "To": {
        "Map": 255,
        "X": 202,
        "Y": 157
      }
    },
    {
      "Type": 1,
      "Index": 3,
      "From": null,
      "To": {
        "Map": 255,
        "X": 192,
        "Y": 140
      }
    },
    {
      "Type": 1,
      "Index": 4,
      "From": null,
      "To": {
        "Map": 255,
        "X": 114,
        "Y": 233
      }
    },
    {
      "Type": 1,
      "Index": 5,
      "From": null,
      "To": {
        "Map": 255,
        "X": 178,
        "Y": 169
      }
    },
    {
      "Type": 1,
      "Index": 6,
      "From": null,
      "To": {
        "Map": 255,
        "X": 207,
        "Y": 220
      }
    },
    {
      "Type": 1,
      "Index": 7,
      "From": null,
      "To": {
        "Map": 255,
        "X": 60,
        "Y": 75
      }
    },
    {
      "Type": 1,
      "Index": 8,
      "From": null,
      "To": {
        "Map": 255,
        "X": 166,
        "Y": 136
      }
    }
  ],
  "DomainFixups": [],
  "DomainUpdates": [
    {
      "From": 0,
      "To": 0
    },
    {
      "From": 10,
      "To": 1
    },
    {
      "From": 0,
      "To": 2
    },
    {
      "From": 0,
      "To": 3
    },
    {
      "From": 0,
      "To": 4
    },
    {
      "From": 59,
      "To": 5
    },
    {
      "From": 11,
      "To": 6
    },
    {
      "From": 0,
      "To": 7
    },
    {
      "From": 0,
      "To": 8
    },
    {
      "From": 10,
      "To": 9
    },
    {
      "From": 0,
      "To": 10
    },
    {
      "From": 0,
      "To": 11
    },
    {
      "From": 0,
      "To": 12
    },
    {
      "From": 59,
      "To": 13
    },
    {
      "From": 42,
      "To": 14
    },
    {
      "From": 0,
      "To": 15
    },
    {
      "From": 0,
      "To": 16
    },
    {
      "From": 9,
      "To": 17
    },
    {
      "From": 0,
      "To": 18
    },
    {
      "From": 0,
      "To": 19
    },
    {
      "From": 35,
      "To": 20
    },
    {
      "From": 54,
      "To": 21
    },
    {
      "From": 42,
      "To": 22
    },
    {
      "From": 0,
      "To": 23
    },
    {
      "From": 0,
      "To": 24
    },
    {
      "From": 6,
      "To": 25
    },
    {
      "From": 6,
      "To": 26
    },
    {
      "From": 6,
      "To": 27
    },
    {
      "From": 35,
      "To": 28
    },
    {
      "From": 11,
      "To": 29
    },
    {
      "From": 11,
      "To": 30
    },
    {
      "From": 0,
      "To": 31
    },
    {
      "From": 0,
      "To": 32
    },
    {
      "From": 6,
      "To": 33
    },
    {
      "From": 6,
      "To": 34
    },
    {
      "From": 6,
      "To": 35
    },
    {
      "From": 52,
      "To": 36
    },
    {
      "From": 14,
      "To": 37
    },
    {
      "From": 12,
      "To": 38
    },
    {
      "From": 0,
      "To": 39
    },
    {
      "From": 0,
      "To": 40
    },
    {
      "From": 6,
      "To": 41
    },
    {
      "From": 11,
      "To": 42
    },
    {
      "From": 11,
      "To": 43
    },
    {
      "From": 11,
      "To": 44
    },
    {
      "From": 42,
      "To": 45
    },
    {
      "From": 54,
      "To": 46
    },
    {
      "From": 54,
      "To": 47
    },
    {
      "From": 0,
      "To": 48
    },
    {
      "From": 1,
      "To": 49
    },
    {
      "From": 1,
      "To": 50
    },
    {
      "From": 1,
      "To": 51
    },
    {
      "From": 40,
      "To": 52
    },
    {
      "From": 29,
      "To": 53
    },
    {
      "From": 54,
      "To": 54
    },
    {
      "From": 54,
      "To": 55
    },
    {
      "From": 0,
      "To": 56
    },
    {
      "From": 0,
      "To": 57
    },
    {
      "From": 1,
      "To": 58
    },
    {
      "From": 36,
      "To": 59
    },
    {
      "From": 29,
      "To": 60
    },
    {
      "From": 29,
      "To": 61
    },
    {
      "From": 54,
      "To": 62
    },
    {
      "From": 54,
      "To": 63
    }
  ],
  "OverworldCoordinates": {
    "Coneria": {
      "X": 113,
      "Y": 234
    },
    "ConeriaCastle1": {
      "X": 114,
      "Y": 233
    },
    "TempleOfFiends1": {
      "X": 167,
      "Y": 191
    },
    "Pravoka": {
      "X": 108,
      "Y": 212
    },
    "Gaia": {
      "X": 65,
      "Y": 146
    },
    "CastleOrdeals1": {
      "X": 192,
      "Y": 140
    },
    "TitansTunnelWest": {
      "X": 199,
      "Y": 185
    },
    "SardasCave": {
      "X": 197,
      "Y": 185
    },
    "EarthCave1": {
      "X": 178,
      "Y": 169
    },
    "MirageTower1": {
      "X": 166,
      "Y": 136
    },
    "Onrac": {
      "X": 60,
      "Y": 75
    },
    "TitansTunnelEast": {
      "X": 135,
      "Y": 207
    },
    "MatoyasCave": {
      "X": 171,
      "Y": 214
    },
    "DwarfCave": {
      "X": 149,
      "Y": 99
    },
    "Elfland": {
      "X": 141,
      "Y": 122
    },
    "ElflandCastle": {
      "X": 142,
      "Y": 121
    },
    "MarshCave1": {
      "X": 178,
      "Y": 56
    },
    "NorthwestCastle": {
      "X": 155,
      "Y": 117
    },
    "Melmond": {
      "X": 199,
      "Y": 73
    },
    "CrescentLake": {
      "X": 183,
      "Y": 95
    },
    "Lefein": {
      "X": 127,
      "Y": 235
    },
    "BahamutCave1": {
      "X": 214,
      "Y": 15
    },
    "Cardia1": {
      "X": 42,
      "Y": 33
    },
    "Cardia2": {
      "X": 98,
      "Y": 146
    },
    "Cardia4": {
      "X": 50,
      "Y": 15
    },
    "Cardia5": {
      "X": 182,
      "Y": 109
    },
    "Cardia6": {
      "X": 122,
      "Y": 175
    },
    "Waterfall": {
      "X": 125,
      "Y": 205
    },
    "IceCave1": {
      "X": 202,
      "Y": 157
    },
    "GurguVolcano1": {
      "X": 207,
      "Y": 220
    }
  }
}