﻿{
  "StartingLocation": {
    "X": 93,
    "Y": 182
  },
  "AirShipLocation": {
    "X": 21,
    "Y": 77
  },
  "BridgeLocation": {
    "X": 91,
    "Y": 196
  },
  "CanalLocation": {
    "X": 186,
    "Y": 193
  },
  "ShipLocations": [
    {
      "TeleporterIndex": 255,
      "X": 90,
      "Y": 203
    }
  ],
  "TeleporterFixups": [
    {
      "Type": 1,
      "Index": 0,
      "From": null,
      "To": {
        "Map": 255,
        "X": 66,
        "Y": 146
      }
    },
    {
      "Type": 1,
      "Index": 1,
      "From": null,
      "To": {
        "Map": 255,
        "X": 39,
        "Y": 38
      }
    },
    {
      "Type": 1,
      "Index": 2,
      "From": null,
      "To": {
        "Map": 255,
        "X": 94,
        "Y": 123
      }
    },
    {
      "Type": 1,
      "Index": 3,
      "From": null,
      "To": {
        "Map": 255,
        "X": 120,
        "Y": 134
      }
    },
    {
      "Type": 1,
      "Index": 4,
      "From": null,
      "To": {
        "Map": 255,
        "X": 93,
        "Y": 180
      }
    },
    {
      "Type": 1,
      "Index": 5,
      "From": null,
      "To": {
        "Map": 255,
        "X": 159,
        "Y": 133
      }
    },
    {
      "Type": 1,
      "Index": 6,
      "From": null,
      "To": {
        "Map": 255,
        "X": 195,
        "Y": 158
      }
    },
    {
      "Type": 1,
      "Index": 7,
      "From": null,
      "To": {
        "Map": 255,
        "X": 239,
        "Y": 186
      }
    },
    {
      "Type": 1,
      "Index": 8,
      "From": null,
      "To": {
        "Map": 255,
        "X": 47,
        "Y": 110
      }
    }
  ],
  "DomainFixups": [],
  "DomainUpdates": [
    {
      "From": 40,
      "To": 0
    },
    {
      "From": 40,
      "To": 1
    },
    {
      "From": 0,
      "To": 2
    },
    {
      "From": 31,
      "To": 3
    },
    {
      "From": 0,
      "To": 4
    },
    {
      "From": 10,
      "To": 5
    },
    {
      "From": 10,
      "To": 6
    },
    {
      "From": 0,
      "To": 7
    },
    {
      "From": 40,
      "To": 8
    },
    {
      "From": 54,
      "To": 9
    },
    {
      "From": 54,
      "To": 10
    },
    {
      "From": 0,
      "To": 11
    },
    {
      "From": 0,
      "To": 12
    },
    {
      "From": 10,
      "To": 13
    },
    {
      "From": 0,
      "To": 14
    },
    {
      "From": 0,
      "To": 15
    },
    {
      "From": 52,
      "To": 16
    },
    {
      "From": 52,
      "To": 17
    },
    {
      "From": 10,
      "To": 18
    },
    {
      "From": 10,
      "To": 19
    },
    {
      "From": 0,
      "To": 20
    },
    {
      "From": 0,
      "To": 21
    },
    {
      "From": 0,
      "To": 22
    },
    {
      "From": 0,
      "To": 23
    },
    {
      "From": 35,
      "To": 24
    },
    {
      "From": 14,
      "To": 25
    },
    {
      "From": 54,
      "To": 26
    },
    {
      "From": 10,
      "To": 27
    },
    {
      "From": 42,
      "To": 28
    },
    {
      "From": 11,
      "To": 29
    },
    {
      "From": 6,
      "To": 30
    },
    {
      "From": 10,
      "To": 31
    },
    {
      "From": 35,
      "To": 32
    },
    {
      "From": 42,
      "To": 33
    },
    {
      "From": 40,
      "To": 34
    },
    {
      "From": 1,
      "To": 35
    },
    {
      "From": 42,
      "To": 36
    },
    {
      "From": 42,
      "To": 37
    },
    {
      "From": 54,
      "To": 38
    },
    {
      "From": 0,
      "To": 39
    },
    {
      "From": 28,
      "To": 40
    },
    {
      "From": 28,
      "To": 41
    },
    {
      "From": 36,
      "To": 42
    },
    {
      "From": 36,
      "To": 43
    },
    {
      "From": 42,
      "To": 44
    },
    {
      "From": 42,
      "To": 45
    },
    {
      "From": 42,
      "To": 46
    },
    {
      "From": 9,
      "To": 47
    },
    {
      "From": 0,
      "To": 48
    },
    {
      "From": 43,
      "To": 49
    },
    {
      "From": 36,
      "To": 50
    },
    {
      "From": 36,
      "To": 51
    },
    {
      "From": 0,
      "To": 52
    },
    {
      "From": 42,
      "To": 53
    },
    {
      "From": 42,
      "To": 54
    },
    {
      "From": 0,
      "To": 55
    },
    {
      "From": 0,
      "To": 56
    },
    {
      "From": 11,
      "To": 57
    },
    {
      "From": 36,
      "To": 58
    },
    {
      "From": 0,
      "To": 59
    },
    {
      "From": 0,
      "To": 60
    },
    {
      "From": 59,
      "To": 61
    },
    {
      "From": 0,
      "To": 62
    },
    {
      "From": 0,
      "To": 63
    }
  ],
  "OverworldCoordinates": {
    "Coneria": {
      "X": 92,
      "Y": 181
    },
    "ConeriaCastle1": {
      "X": 93,
      "Y": 180
    },
    "TempleOfFiends1": {
      "X": 43,
      "Y": 172
    },
    "Pravoka": {
      "X": 91,
      "Y": 199
    },
    "Gaia": {
      "X": 211,
      "Y": 124
    },
    "CastleOrdeals1": {
      "X": 120,
      "Y": 134
    },
    "TitansTunnelWest": {
      "X": 39,
      "Y": 38
    },
    "SardasCave": {
      "X": 29,
      "Y": 36
    },
    "EarthCave1": {
      "X": 159,
      "Y": 133
    },
    "MirageTower1": {
      "X": 47,
      "Y": 110
    },
    "Onrac": {
      "X": 239,
      "Y": 186
    },
    "TitansTunnelEast": {
      "X": 66,
      "Y": 146
    },
    "MatoyasCave": {
      "X": 61,
      "Y": 125
    },
    "DwarfCave": {
      "X": 19,
      "Y": 120
    },
    "Elfland": {
      "X": 35,
      "Y": 79
    },
    "ElflandCastle": {
      "X": 36,
      "Y": 78
    },
    "MarshCave1": {
      "X": 169,
      "Y": 237
    },
    "NorthwestCastle": {
      "X": 59,
      "Y": 180
    },
    "Melmond": {
      "X": 49,
      "Y": 140
    },
    "CrescentLake": {
      "X": 38,
      "Y": 60
    },
    "Lefein": {
      "X": 107,
      "Y": 22
    },
    "BahamutCave1": {
      "X": 42,
      "Y": 239
    },
    "Cardia1": {
      "X": 191,
      "Y": 13
    },
    "Cardia2": {
      "X": 240,
      "Y": 118
    },
    "Cardia4": {
      "X": 111,
      "Y": 110
    },
    "Cardia5": {
      "X": 57,
      "Y": 79
    },
    "Cardia6": {
      "X": 171,
      "Y": 112
    },
    "Waterfall": {
      "X": 109,
      "Y": 135
    },
    "IceCave1": {
      "X": 94,
      "Y": 123
    },
    "GurguVolcano1": {
      "X": 195,
      "Y": 158
    }
  }
}