﻿{
  "StartingLocation": {
    "X": 87,
    "Y": 65
  },
  "AirShipLocation": {
    "X": 224,
    "Y": 115
  },
  "BridgeLocation": {
    "X": 98,
    "Y": 111
  },
  "CanalLocation": {
    "X": 193,
    "Y": 131
  },
  "ShipLocations": [
    {
      "TeleporterIndex": 1,
      "X": 68,
      "Y": 73
    },
    {
      "TeleporterIndex": 9,
      "X": 68,
      "Y": 73
    },
    {
      "TeleporterIndex": 255,
      "X": 68,
      "Y": 73
    },
    {
      "TeleporterIndex": 13,
      "X": 68,
      "Y": 73
    },
    {
      "TeleporterIndex": 2,
      "X": 97,
      "Y": 118
    },
    {
      "TeleporterIndex": 24,
      "X": 145,
      "Y": 70
    },
    {
      "TeleporterIndex": 7,
      "X": 142,
      "Y": 146
    },
    {
      "TeleporterIndex": 3,
      "X": 118,
      "Y": 58
    },
    {
      "TeleporterIndex": 10,
      "X": 118,
      "Y": 58
    },
    {
      "TeleporterIndex": 23,
      "X": 97,
      "Y": 118
    },
    {
      "TeleporterIndex": 11,
      "X": 204,
      "Y": 218
    },
    {
      "TeleporterIndex": 4,
      "X": 145,
      "Y": 70
    },
    {
      "TeleporterIndex": 5,
      "X": 82,
      "Y": 87
    }
  ],
  "TeleporterFixups": [
    {
      "Type": 1,
      "Index": 0,
      "From": null,
      "To": {
        "Map": 255,
        "X": 146,
        "Y": 122
      }
    },
    {
      "Type": 1,
      "Index": 1,
      "From": null,
      "To": {
        "Map": 255,
        "X": 189,
        "Y": 102
      }
    },
    {
      "Type": 1,
      "Index": 2,
      "From": null,
      "To": {
        "Map": 255,
        "X": 165,
        "Y": 99
      }
    },
    {
      "Type": 1,
      "Index": 3,
      "From": null,
      "To": {
        "Map": 255,
        "X": 145,
        "Y": 98
      }
    },
    {
      "Type": 1,
      "Index": 4,
      "From": null,
      "To": {
        "Map": 255,
        "X": 87,
        "Y": 63
      }
    },
    {
      "Type": 1,
      "Index": 5,
      "From": null,
      "To": {
        "Map": 255,
        "X": 181,
        "Y": 122
      }
    },
    {
      "Type": 1,
      "Index": 6,
      "From": null,
      "To": {
        "Map": 255,
        "X": 164,
        "Y": 77
      }
    },
    {
      "Type": 1,
      "Index": 7,
      "From": null,
      "To": {
        "Map": 255,
        "X": 167,
        "Y": 133
      }
    },
    {
      "Type": 1,
      "Index": 8,
      "From": null,
      "To": {
        "Map": 255,
        "X": 139,
        "Y": 36
      }
    }
  ],
  "DomainFixups": [],
  "DomainUpdates": [
    {
      "From": 35,
      "To": 0
    },
    {
      "From": 35,
      "To": 1
    },
    {
      "From": 0,
      "To": 2
    },
    {
      "From": 0,
      "To": 3
    },
    {
      "From": 14,
      "To": 4
    },
    {
      "From": 14,
      "To": 5
    },
    {
      "From": 0,
      "To": 6
    },
    {
      "From": 0,
      "To": 7
    },
    {
      "From": 35,
      "To": 8
    },
    {
      "From": 35,
      "To": 9
    },
    {
      "From": 28,
      "To": 10
    },
    {
      "From": 28,
      "To": 11
    },
    {
      "From": 14,
      "To": 12
    },
    {
      "From": 54,
      "To": 13
    },
    {
      "From": 0,
      "To": 14
    },
    {
      "From": 0,
      "To": 15
    },
    {
      "From": 11,
      "To": 16
    },
    {
      "From": 11,
      "To": 17
    },
    {
      "From": 36,
      "To": 18
    },
    {
      "From": 52,
      "To": 19
    },
    {
      "From": 52,
      "To": 20
    },
    {
      "From": 54,
      "To": 21
    },
    {
      "From": 42,
      "To": 22
    },
    {
      "From": 42,
      "To": 23
    },
    {
      "From": 11,
      "To": 24
    },
    {
      "From": 11,
      "To": 25
    },
    {
      "From": 54,
      "To": 26
    },
    {
      "From": 29,
      "To": 27
    },
    {
      "From": 40,
      "To": 28
    },
    {
      "From": 54,
      "To": 29
    },
    {
      "From": 42,
      "To": 30
    },
    {
      "From": 42,
      "To": 31
    },
    {
      "From": 0,
      "To": 32
    },
    {
      "From": 10,
      "To": 33
    },
    {
      "From": 40,
      "To": 34
    },
    {
      "From": 40,
      "To": 35
    },
    {
      "From": 40,
      "To": 36
    },
    {
      "From": 42,
      "To": 37
    },
    {
      "From": 42,
      "To": 38
    },
    {
      "From": 42,
      "To": 39
    },
    {
      "From": 10,
      "To": 40
    },
    {
      "From": 10,
      "To": 41
    },
    {
      "From": 40,
      "To": 42
    },
    {
      "From": 40,
      "To": 43
    },
    {
      "From": 0,
      "To": 44
    },
    {
      "From": 0,
      "To": 45
    },
    {
      "From": 10,
      "To": 46
    },
    {
      "From": 10,
      "To": 47
    },
    {
      "From": 11,
      "To": 48
    },
    {
      "From": 11,
      "To": 49
    },
    {
      "From": 11,
      "To": 50
    },
    {
      "From": 0,
      "To": 51
    },
    {
      "From": 0,
      "To": 52
    },
    {
      "From": 0,
      "To": 53
    },
    {
      "From": 43,
      "To": 54
    },
    {
      "From": 43,
      "To": 55
    },
    {
      "From": 0,
      "To": 56
    },
    {
      "From": 11,
      "To": 57
    },
    {
      "From": 11,
      "To": 58
    },
    {
      "From": 0,
      "To": 59
    },
    {
      "From": 0,
      "To": 60
    },
    {
      "From": 0,
      "To": 61
    },
    {
      "From": 43,
      "To": 62
    },
    {
      "From": 43,
      "To": 63
    }
  ],
  "OverworldCoordinates": {
    "Coneria": {
      "X": 86,
      "Y": 64
    },
    "ConeriaCastle1": {
      "X": 87,
      "Y": 63
    },
    "TempleOfFiends1": {
      "X": 100,
      "Y": 52
    },
    "Pravoka": {
      "X": 98,
      "Y": 114
    },
    "Gaia": {
      "X": 192,
      "Y": 105
    },
    "CastleOrdeals1": {
      "X": 145,
      "Y": 98
    },
    "TitansTunnelWest": {
      "X": 189,
      "Y": 102
    },
    "SardasCave": {
      "X": 192,
      "Y": 102
    },
    "EarthCave1": {
      "X": 181,
      "Y": 122
    },
    "MirageTower1": {
      "X": 139,
      "Y": 36
    },
    "Onrac": {
      "X": 167,
      "Y": 133
    },
    "TitansTunnelEast": {
      "X": 146,
      "Y": 122
    },
    "MatoyasCave": {
      "X": 107,
      "Y": 109
    },
    "DwarfCave": {
      "X": 44,
      "Y": 41
    },
    "Elfland": {
      "X": 125,
      "Y": 74
    },
    "ElflandCastle": {
      "X": 126,
      "Y": 73
    },
    "MarshCave1": {
      "X": 123,
      "Y": 109
    },
    "NorthwestCastle": {
      "X": 225,
      "Y": 225
    },
    "Melmond": {
      "X": 190,
      "Y": 77
    },
    "CrescentLake": {
      "X": 95,
      "Y": 94
    },
    "Lefein": {
      "X": 200,
      "Y": 146
    },
    "BahamutCave1": {
      "X": 35,
      "Y": 97
    },
    "Cardia1": {
      "X": 23,
      "Y": 168
    },
    "Cardia2": {
      "X": 217,
      "Y": 178
    },
    "Cardia4": {
      "X": 91,
      "Y": 233
    },
    "Cardia5": {
      "X": 99,
      "Y": 135
    },
    "Cardia6": {
      "X": 60,
      "Y": 211
    },
    "Waterfall": {
      "X": 149,
      "Y": 82
    },
    "IceCave1": {
      "X": 165,
      "Y": 99
    },
    "GurguVolcano1": {
      "X": 164,
      "Y": 77
    }
  }
}