﻿{
  "StartingLocation": {
    "X": 66,
    "Y": 157
  },
  "AirShipLocation": {
    "X": 140,
    "Y": 205
  },
  "BridgeLocation": {
    "X": 107,
    "Y": 106
  },
  "CanalLocation": {
    "X": 153,
    "Y": 222
  },
  "ShipLocations": [
    {
      "TeleporterIndex": 255,
      "X": 106,
      "Y": 113
    }
  ],
  "TeleporterFixups": [
    {
      "Type": 1,
      "Index": 0,
      "From": null,
      "To": {
        "Map": 255,
        "X": 82,
        "Y": 127
      }
    },
    {
      "Type": 1,
      "Index": 1,
      "From": null,
      "To": {
        "Map": 255,
        "X": 156,
        "Y": 42
      }
    },
    {
      "Type": 1,
      "Index": 2,
      "From": null,
      "To": {
        "Map": 255,
        "X": 109,
        "Y": 140
      }
    },
    {
      "Type": 1,
      "Index": 3,
      "From": null,
      "To": {
        "Map": 255,
        "X": 90,
        "Y": 142
      }
    },
    {
      "Type": 1,
      "Index": 4,
      "From": null,
      "To": {
        "Map": 255,
        "X": 66,
        "Y": 155
      }
    },
    {
      "Type": 1,
      "Index": 5,
      "From": null,
      "To": {
        "Map": 255,
        "X": 120,
        "Y": 219
      }
    },
    {
      "Type": 1,
      "Index": 6,
      "From": null,
      "To": {
        "Map": 255,
        "X": 107,
        "Y": 164
      }
    },
    {
      "Type": 1,
      "Index": 7,
      "From": null,
      "To": {
        "Map": 255,
        "X": 40,
        "Y": 231
      }
    },
    {
      "Type": 1,
      "Index": 8,
      "From": null,
      "To": {
        "Map": 255,
        "X": 30,
        "Y": 166
      }
    }
  ],
  "DomainFixups": [],
  "DomainUpdates": [
    {
      "From": 29,
      "To": 0
    },
    {
      "From": 29,
      "To": 1
    },
    {
      "From": 10,
      "To": 2
    },
    {
      "From": 0,
      "To": 3
    },
    {
      "From": 40,
      "To": 4
    },
    {
      "From": 40,
      "To": 5
    },
    {
      "From": 10,
      "To": 6
    },
    {
      "From": 0,
      "To": 7
    },
    {
      "From": 29,
      "To": 8
    },
    {
      "From": 29,
      "To": 9
    },
    {
      "From": 59,
      "To": 10
    },
    {
      "From": 0,
      "To": 11
    },
    {
      "From": 40,
      "To": 12
    },
    {
      "From": 40,
      "To": 13
    },
    {
      "From": 10,
      "To": 14
    },
    {
      "From": 10,
      "To": 15
    },
    {
      "From": 0,
      "To": 16
    },
    {
      "From": 29,
      "To": 17
    },
    {
      "From": 59,
      "To": 18
    },
    {
      "From": 0,
      "To": 19
    },
    {
      "From": 40,
      "To": 20
    },
    {
      "From": 43,
      "To": 21
    },
    {
      "From": 10,
      "To": 22
    },
    {
      "From": 0,
      "To": 23
    },
    {
      "From": 0,
      "To": 24
    },
    {
      "From": 6,
      "To": 25
    },
    {
      "From": 40,
      "To": 26
    },
    {
      "From": 28,
      "To": 27
    },
    {
      "From": 43,
      "To": 28
    },
    {
      "From": 43,
      "To": 29
    },
    {
      "From": 0,
      "To": 30
    },
    {
      "From": 0,
      "To": 31
    },
    {
      "From": 14,
      "To": 32
    },
    {
      "From": 14,
      "To": 33
    },
    {
      "From": 40,
      "To": 34
    },
    {
      "From": 54,
      "To": 35
    },
    {
      "From": 52,
      "To": 36
    },
    {
      "From": 0,
      "To": 37
    },
    {
      "From": 0,
      "To": 38
    },
    {
      "From": 0,
      "To": 39
    },
    {
      "From": 14,
      "To": 40
    },
    {
      "From": 14,
      "To": 41
    },
    {
      "From": 10,
      "To": 42
    },
    {
      "From": 54,
      "To": 43
    },
    {
      "From": 52,
      "To": 44
    },
    {
      "From": 1,
      "To": 45
    },
    {
      "From": 0,
      "To": 46
    },
    {
      "From": 0,
      "To": 47
    },
    {
      "From": 42,
      "To": 48
    },
    {
      "From": 35,
      "To": 49
    },
    {
      "From": 54,
      "To": 50
    },
    {
      "From": 1,
      "To": 51
    },
    {
      "From": 42,
      "To": 52
    },
    {
      "From": 1,
      "To": 53
    },
    {
      "From": 11,
      "To": 54
    },
    {
      "From": 11,
      "To": 55
    },
    {
      "From": 9,
      "To": 56
    },
    {
      "From": 9,
      "To": 57
    },
    {
      "From": 54,
      "To": 58
    },
    {
      "From": 42,
      "To": 59
    },
    {
      "From": 42,
      "To": 60
    },
    {
      "From": 0,
      "To": 61
    },
    {
      "From": 11,
      "To": 62
    },
    {
      "From": 11,
      "To": 63
    }
  ],
  "OverworldCoordinates": {
    "Coneria": {
      "X": 65,
      "Y": 156
    },
    "ConeriaCastle1": {
      "X": 66,
      "Y": 155
    },
    "TempleOfFiends1": {
      "X": 94,
      "Y": 120
    },
    "Pravoka": {
      "X": 107,
      "Y": 109
    },
    "Gaia": {
      "X": 59,
      "Y": 100
    },
    "CastleOrdeals1": {
      "X": 90,
      "Y": 142
    },
    "TitansTunnelWest": {
      "X": 156,
      "Y": 42
    },
    "SardasCave": {
      "X": 164,
      "Y": 46
    },
    "EarthCave1": {
      "X": 120,
      "Y": 219
    },
    "MirageTower1": {
      "X": 30,
      "Y": 166
    },
    "Onrac": {
      "X": 40,
      "Y": 231
    },
    "TitansTunnelEast": {
      "X": 82,
      "Y": 127
    },
    "MatoyasCave": {
      "X": 56,
      "Y": 62
    },
    "DwarfCave": {
      "X": 44,
      "Y": 210
    },
    "Elfland": {
      "X": 131,
      "Y": 159
    },
    "ElflandCastle": {
      "X": 132,
      "Y": 158
    },
    "MarshCave1": {
      "X": 73,
      "Y": 67
    },
    "NorthwestCastle": {
      "X": 170,
      "Y": 77
    },
    "Melmond": {
      "X": 16,
      "Y": 188
    },
    "CrescentLake": {
      "X": 75,
      "Y": 199
    },
    "Lefein": {
      "X": 55,
      "Y": 223
    },
    "BahamutCave1": {
      "X": 223,
      "Y": 223
    },
    "Cardia1": {
      "X": 70,
      "Y": 23
    },
    "Cardia2": {
      "X": 85,
      "Y": 170
    },
    "Cardia4": {
      "X": 233,
      "Y": 51
    },
    "Cardia5": {
      "X": 88,
      "Y": 186
    },
    "Cardia6": {
      "X": 56,
      "Y": 197
    },
    "Waterfall": {
      "X": 115,
      "Y": 189
    },
    "IceCave1": {
      "X": 109,
      "Y": 140
    },
    "GurguVolcano1": {
      "X": 107,
      "Y": 164
    }
  }
}