﻿{
  "StartingLocation": {
    "X": 160,
    "Y": 77
  },
  "AirShipLocation": {
    "X": 113,
    "Y": 61
  },
  "BridgeLocation": {
    "X": 160,
    "Y": 89
  },
  "CanalLocation": {
    "X": 126,
    "Y": 159
  },
  "ShipLocations": [
    {
      "TeleporterIndex": 1,
      "X": 159,
      "Y": 96
    },
    {
      "TeleporterIndex": 9,
      "X": 159,
      "Y": 96
    },
    {
      "TeleporterIndex": 255,
      "X": 159,
      "Y": 96
    },
    {
      "TeleporterIndex": 13,
      "X": 159,
      "Y": 96
    },
    {
      "TeleporterIndex": 2,
      "X": 159,
      "Y": 96
    },
    {
      "TeleporterIndex": 3,
      "X": 225,
      "Y": 143
    },
    {
      "TeleporterIndex": 10,
      "X": 225,
      "Y": 143
    },
    {
      "TeleporterIndex": 23,
      "X": 53,
      "Y": 122
    },
    {
      "TeleporterIndex": 11,
      "X": 36,
      "Y": 160
    },
    {
      "TeleporterIndex": 4,
      "X": 36,
      "Y": 160
    },
    {
      "TeleporterIndex": 5,
      "X": 155,
      "Y": 131
    }
  ],
  "TeleporterFixups": [
    {
      "Type": 1,
      "Index": 0,
      "From": null,
      "To": {
        "Map": 255,
        "X": 110,
        "Y": 106
      }
    },
    {
      "Type": 1,
      "Index": 1,
      "From": null,
      "To": {
        "Map": 255,
        "X": 103,
        "Y": 96
      }
    },
    {
      "Type": 1,
      "Index": 2,
      "From": null,
      "To": {
        "Map": 255,
        "X": 126,
        "Y": 209
      }
    },
    {
      "Type": 1,
      "Index": 3,
      "From": null,
      "To": {
        "Map": 255,
        "X": 79,
        "Y": 107
      }
    },
    {
      "Type": 1,
      "Index": 4,
      "From": null,
      "To": {
        "Map": 255,
        "X": 160,
        "Y": 75
      }
    },
    {
      "Type": 1,
      "Index": 5,
      "From": null,
      "To": {
        "Map": 255,
        "X": 117,
        "Y": 195
      }
    },
    {
      "Type": 1,
      "Index": 6,
      "From": null,
      "To": {
        "Map": 255,
        "X": 80,
        "Y": 139
      }
    },
    {
      "Type": 1,
      "Index": 7,
      "From": null,
      "To": {
        "Map": 255,
        "X": 68,
        "Y": 222
      }
    },
    {
      "Type": 1,
      "Index": 8,
      "From": null,
      "To": {
        "Map": 255,
        "X": 154,
        "Y": 239
      }
    }
  ],
  "DomainFixups": [],
  "DomainUpdates": [
    {
      "From": 11,
      "To": 0
    },
    {
      "From": 0,
      "To": 1
    },
    {
      "From": 0,
      "To": 2
    },
    {
      "From": 0,
      "To": 3
    },
    {
      "From": 0,
      "To": 4
    },
    {
      "From": 11,
      "To": 5
    },
    {
      "From": 10,
      "To": 6
    },
    {
      "From": 0,
      "To": 7
    },
    {
      "From": 0,
      "To": 8
    },
    {
      "From": 0,
      "To": 9
    },
    {
      "From": 0,
      "To": 10
    },
    {
      "From": 29,
      "To": 11
    },
    {
      "From": 28,
      "To": 12
    },
    {
      "From": 28,
      "To": 13
    },
    {
      "From": 10,
      "To": 14
    },
    {
      "From": 0,
      "To": 15
    },
    {
      "From": 59,
      "To": 16
    },
    {
      "From": 59,
      "To": 17
    },
    {
      "From": 29,
      "To": 18
    },
    {
      "From": 29,
      "To": 19
    },
    {
      "From": 36,
      "To": 20
    },
    {
      "From": 35,
      "To": 21
    },
    {
      "From": 10,
      "To": 22
    },
    {
      "From": 52,
      "To": 23
    },
    {
      "From": 59,
      "To": 24
    },
    {
      "From": 59,
      "To": 25
    },
    {
      "From": 12,
      "To": 26
    },
    {
      "From": 40,
      "To": 27
    },
    {
      "From": 36,
      "To": 28
    },
    {
      "From": 36,
      "To": 29
    },
    {
      "From": 52,
      "To": 30
    },
    {
      "From": 52,
      "To": 31
    },
    {
      "From": 42,
      "To": 32
    },
    {
      "From": 42,
      "To": 33
    },
    {
      "From": 54,
      "To": 34
    },
    {
      "From": 42,
      "To": 35
    },
    {
      "From": 54,
      "To": 36
    },
    {
      "From": 0,
      "To": 37
    },
    {
      "From": 52,
      "To": 38
    },
    {
      "From": 52,
      "To": 39
    },
    {
      "From": 42,
      "To": 40
    },
    {
      "From": 43,
      "To": 41
    },
    {
      "From": 43,
      "To": 42
    },
    {
      "From": 42,
      "To": 43
    },
    {
      "From": 42,
      "To": 44
    },
    {
      "From": 0,
      "To": 45
    },
    {
      "From": 0,
      "To": 46
    },
    {
      "From": 0,
      "To": 47
    },
    {
      "From": 10,
      "To": 48
    },
    {
      "From": 9,
      "To": 49
    },
    {
      "From": 9,
      "To": 50
    },
    {
      "From": 42,
      "To": 51
    },
    {
      "From": 54,
      "To": 52
    },
    {
      "From": 0,
      "To": 53
    },
    {
      "From": 0,
      "To": 54
    },
    {
      "From": 0,
      "To": 55
    },
    {
      "From": 10,
      "To": 56
    },
    {
      "From": 9,
      "To": 57
    },
    {
      "From": 6,
      "To": 58
    },
    {
      "From": 14,
      "To": 59
    },
    {
      "From": 14,
      "To": 60
    },
    {
      "From": 54,
      "To": 61
    },
    {
      "From": 0,
      "To": 62
    },
    {
      "From": 0,
      "To": 63
    }
  ],
  "OverworldCoordinates": {
    "Coneria": {
      "X": 159,
      "Y": 76
    },
    "ConeriaCastle1": {
      "X": 160,
      "Y": 75
    },
    "TempleOfFiends1": {
      "X": 164,
      "Y": 54
    },
    "Pravoka": {
      "X": 160,
      "Y": 92
    },
    "Gaia": {
      "X": 70,
      "Y": 241
    },
    "CastleOrdeals1": {
      "X": 79,
      "Y": 107
    },
    "TitansTunnelWest": {
      "X": 103,
      "Y": 96
    },
    "SardasCave": {
      "X": 101,
      "Y": 96
    },
    "EarthCave1": {
      "X": 117,
      "Y": 195
    },
    "MirageTower1": {
      "X": 154,
      "Y": 239
    },
    "Onrac": {
      "X": 68,
      "Y": 222
    },
    "TitansTunnelEast": {
      "X": 110,
      "Y": 106
    },
    "MatoyasCave": {
      "X": 89,
      "Y": 102
    },
    "DwarfCave": {
      "X": 174,
      "Y": 72
    },
    "Elfland": {
      "X": 231,
      "Y": 103
    },
    "ElflandCastle": {
      "X": 232,
      "Y": 102
    },
    "MarshCave1": {
      "X": 15,
      "Y": 97
    },
    "NorthwestCastle": {
      "X": 64,
      "Y": 178
    },
    "Melmond": {
      "X": 63,
      "Y": 144
    },
    "CrescentLake": {
      "X": 138,
      "Y": 133
    },
    "Lefein": {
      "X": 39,
      "Y": 193
    },
    "BahamutCave1": {
      "X": 14,
      "Y": 18
    },
    "Cardia1": {
      "X": 28,
      "Y": 223
    },
    "Cardia2": {
      "X": 220,
      "Y": 80
    },
    "Cardia4": {
      "X": 202,
      "Y": 30
    },
    "Cardia5": {
      "X": 184,
      "Y": 20
    },
    "Cardia6": {
      "X": 111,
      "Y": 238
    },
    "Waterfall": {
      "X": 89,
      "Y": 118
    },
    "IceCave1": {
      "X": 126,
      "Y": 209
    },
    "GurguVolcano1": {
      "X": 80,
      "Y": 139
    }
  }
}