﻿{
  "StartingLocation": {
    "X": 216,
    "Y": 81
  },
  "AirShipLocation": {
    "X": 22,
    "Y": 133
  },
  "BridgeLocation": {
    "X": 232,
    "Y": 109
  },
  "CanalLocation": {
    "X": 89,
    "Y": 78
  },
  "ShipLocations": [
    {
      "TeleporterIndex": 1,
      "X": 232,
      "Y": 76
    },
    {
      "TeleporterIndex": 9,
      "X": 232,
      "Y": 76
    },
    {
      "TeleporterIndex": 255,
      "X": 232,
      "Y": 76
    },
    {
      "TeleporterIndex": 13,
      "X": 232,
      "Y": 76
    },
    {
      "TeleporterIndex": 2,
      "X": 231,
      "Y": 116
    },
    {
      "TeleporterIndex": 3,
      "X": 120,
      "Y": 102
    },
    {
      "TeleporterIndex": 10,
      "X": 120,
      "Y": 102
    },
    {
      "TeleporterIndex": 23,
      "X": 190,
      "Y": 209
    },
    {
      "TeleporterIndex": 11,
      "X": 15,
      "Y": 26
    },
    {
      "TeleporterIndex": 4,
      "X": 231,
      "Y": 116
    },
    {
      "TeleporterIndex": 5,
      "X": 190,
      "Y": 209
    }
  ],
  "TeleporterFixups": [
    {
      "Type": 1,
      "Index": 0,
      "From": null,
      "To": {
        "Map": 255,
        "X": 30,
        "Y": 51
      }
    },
    {
      "Type": 1,
      "Index": 1,
      "From": null,
      "To": {
        "Map": 255,
        "X": 52,
        "Y": 62
      }
    },
    {
      "Type": 1,
      "Index": 2,
      "From": null,
      "To": {
        "Map": 255,
        "X": 59,
        "Y": 86
      }
    },
    {
      "Type": 1,
      "Index": 3,
      "From": null,
      "To": {
        "Map": 255,
        "X": 49,
        "Y": 35
      }
    },
    {
      "Type": 1,
      "Index": 4,
      "From": null,
      "To": {
        "Map": 255,
        "X": 216,
        "Y": 79
      }
    },
    {
      "Type": 1,
      "Index": 5,
      "From": null,
      "To": {
        "Map": 255,
        "X": 86,
        "Y": 73
      }
    },
    {
      "Type": 1,
      "Index": 6,
      "From": null,
      "To": {
        "Map": 255,
        "X": 70,
        "Y": 65
      }
    },
    {
      "Type": 1,
      "Index": 7,
      "From": null,
      "To": {
        "Map": 255,
        "X": 21,
        "Y": 193
      }
    },
    {
      "Type": 1,
      "Index": 8,
      "From": null,
      "To": {
        "Map": 255,
        "X": 68,
        "Y": 242
      }
    }
  ],
  "DomainFixups": [],
  "DomainUpdates": [
    {
      "From": 35,
      "To": 0
    },
    {
      "From": 12,
      "To": 1
    },
    {
      "From": 12,
      "To": 2
    },
    {
      "From": 42,
      "To": 3
    },
    {
      "From": 0,
      "To": 4
    },
    {
      "From": 0,
      "To": 5
    },
    {
      "From": 0,
      "To": 6
    },
    {
      "From": 0,
      "To": 7
    },
    {
      "From": 35,
      "To": 8
    },
    {
      "From": 12,
      "To": 9
    },
    {
      "From": 54,
      "To": 10
    },
    {
      "From": 42,
      "To": 11
    },
    {
      "From": 0,
      "To": 12
    },
    {
      "From": 0,
      "To": 13
    },
    {
      "From": 0,
      "To": 14
    },
    {
      "From": 10,
      "To": 15
    },
    {
      "From": 43,
      "To": 16
    },
    {
      "From": 43,
      "To": 17
    },
    {
      "From": 42,
      "To": 18
    },
    {
      "From": 52,
      "To": 19
    },
    {
      "From": 52,
      "To": 20
    },
    {
      "From": 0,
      "To": 21
    },
    {
      "From": 36,
      "To": 22
    },
    {
      "From": 28,
      "To": 23
    },
    {
      "From": 29,
      "To": 24
    },
    {
      "From": 29,
      "To": 25
    },
    {
      "From": 29,
      "To": 26
    },
    {
      "From": 52,
      "To": 27
    },
    {
      "From": 1,
      "To": 28
    },
    {
      "From": 1,
      "To": 29
    },
    {
      "From": 42,
      "To": 30
    },
    {
      "From": 28,
      "To": 31
    },
    {
      "From": 29,
      "To": 32
    },
    {
      "From": 29,
      "To": 33
    },
    {
      "From": 0,
      "To": 34
    },
    {
      "From": 0,
      "To": 35
    },
    {
      "From": 1,
      "To": 36
    },
    {
      "From": 1,
      "To": 37
    },
    {
      "From": 42,
      "To": 38
    },
    {
      "From": 42,
      "To": 39
    },
    {
      "From": 0,
      "To": 40
    },
    {
      "From": 0,
      "To": 41
    },
    {
      "From": 0,
      "To": 42
    },
    {
      "From": 0,
      "To": 43
    },
    {
      "From": 0,
      "To": 44
    },
    {
      "From": 1,
      "To": 45
    },
    {
      "From": 0,
      "To": 46
    },
    {
      "From": 11,
      "To": 47
    },
    {
      "From": 9,
      "To": 48
    },
    {
      "From": 10,
      "To": 49
    },
    {
      "From": 0,
      "To": 50
    },
    {
      "From": 0,
      "To": 51
    },
    {
      "From": 0,
      "To": 52
    },
    {
      "From": 54,
      "To": 53
    },
    {
      "From": 11,
      "To": 54
    },
    {
      "From": 11,
      "To": 55
    },
    {
      "From": 0,
      "To": 56
    },
    {
      "From": 10,
      "To": 57
    },
    {
      "From": 14,
      "To": 58
    },
    {
      "From": 6,
      "To": 59
    },
    {
      "From": 59,
      "To": 60
    },
    {
      "From": 59,
      "To": 61
    },
    {
      "From": 11,
      "To": 62
    },
    {
      "From": 0,
      "To": 63
    }
  ],
  "OverworldCoordinates": {
    "Coneria": {
      "X": 215,
      "Y": 80
    },
    "ConeriaCastle1": {
      "X": 216,
      "Y": 79
    },
    "TempleOfFiends1": {
      "X": 224,
      "Y": 93
    },
    "Pravoka": {
      "X": 232,
      "Y": 112
    },
    "Gaia": {
      "X": 124,
      "Y": 232
    },
    "CastleOrdeals1": {
      "X": 49,
      "Y": 35
    },
    "TitansTunnelWest": {
      "X": 52,
      "Y": 62
    },
    "SardasCave": {
      "X": 50,
      "Y": 62
    },
    "EarthCave1": {
      "X": 86,
      "Y": 73
    },
    "MirageTower1": {
      "X": 68,
      "Y": 242
    },
    "Onrac": {
      "X": 21,
      "Y": 193
    },
    "TitansTunnelEast": {
      "X": 30,
      "Y": 51
    },
    "MatoyasCave": {
      "X": 75,
      "Y": 98
    },
    "DwarfCave": {
      "X": 23,
      "Y": 53
    },
    "Elfland": {
      "X": 132,
      "Y": 120
    },
    "ElflandCastle": {
      "X": 133,
      "Y": 119
    },
    "MarshCave1": {
      "X": 164,
      "Y": 229
    },
    "NorthwestCastle": {
      "X": 22,
      "Y": 73
    },
    "Melmond": {
      "X": 213,
      "Y": 119
    },
    "CrescentLake": {
      "X": 184,
      "Y": 222
    },
    "Lefein": {
      "X": 57,
      "Y": 211
    },
    "BahamutCave1": {
      "X": 139,
      "Y": 236
    },
    "Cardia1": {
      "X": 241,
      "Y": 59
    },
    "Cardia2": {
      "X": 180,
      "Y": 238
    },
    "Cardia4": {
      "X": 38,
      "Y": 228
    },
    "Cardia5": {
      "X": 205,
      "Y": 231
    },
    "Cardia6": {
      "X": 225,
      "Y": 191
    },
    "Waterfall": {
      "X": 183,
      "Y": 140
    },
    "IceCave1": {
      "X": 59,
      "Y": 86
    },
    "GurguVolcano1": {
      "X": 70,
      "Y": 65
    }
  }
}