﻿{
  "StartingLocation": {
    "X": 151,
    "Y": 27
  },
  "AirShipLocation": {
    "X": 101,
    "Y": 52
  },
  "BridgeLocation": {
    "X": 52,
    "Y": 31
  },
  "CanalLocation": {
    "X": 184,
    "Y": 99
  },
  "ShipLocations": [
    {
      "TeleporterIndex": 1,
      "X": 113,
      "Y": 13
    },
    {
      "TeleporterIndex": 9,
      "X": 113,
      "Y": 13
    },
    {
      "TeleporterIndex": 255,
      "X": 113,
      "Y": 13
    },
    {
      "TeleporterIndex": 13,
      "X": 113,
      "Y": 13
    },
    {
      "TeleporterIndex": 2,
      "X": 51,
      "Y": 38
    },
    {
      "TeleporterIndex": 24,
      "X": 214,
      "Y": 23
    },
    {
      "TeleporterIndex": 3,
      "X": 119,
      "Y": 133
    },
    {
      "TeleporterIndex": 10,
      "X": 119,
      "Y": 133
    },
    {
      "TeleporterIndex": 23,
      "X": 161,
      "Y": 153
    },
    {
      "TeleporterIndex": 11,
      "X": 23,
      "Y": 122
    },
    {
      "TeleporterIndex": 4,
      "X": 214,
      "Y": 23
    },
    {
      "TeleporterIndex": 5,
      "X": 120,
      "Y": 87
    },
    {
      "TeleporterIndex": 8,
      "X": 51,
      "Y": 38
    },
    {
      "TeleporterIndex": 19,
      "X": 214,
      "Y": 23
    }
  ],
  "TeleporterFixups": [
    {
      "Type": 1,
      "Index": 0,
      "From": null,
      "To": {
        "Map": 255,
        "X": 69,
        "Y": 38
      }
    },
    {
      "Type": 1,
      "Index": 1,
      "From": null,
      "To": {
        "Map": 255,
        "X": 209,
        "Y": 186
      }
    },
    {
      "Type": 1,
      "Index": 2,
      "From": null,
      "To": {
        "Map": 255,
        "X": 207,
        "Y": 59
      }
    },
    {
      "Type": 1,
      "Index": 3,
      "From": null,
      "To": {
        "Map": 255,
        "X": 202,
        "Y": 82
      }
    },
    {
      "Type": 1,
      "Index": 4,
      "From": null,
      "To": {
        "Map": 255,
        "X": 151,
        "Y": 25
      }
    },
    {
      "Type": 1,
      "Index": 5,
      "From": null,
      "To": {
        "Map": 255,
        "X": 156,
        "Y": 80
      }
    },
    {
      "Type": 1,
      "Index": 6,
      "From": null,
      "To": {
        "Map": 255,
        "X": 152,
        "Y": 57
      }
    },
    {
      "Type": 1,
      "Index": 7,
      "From": null,
      "To": {
        "Map": 255,
        "X": 59,
        "Y": 87
      }
    },
    {
      "Type": 1,
      "Index": 8,
      "From": null,
      "To": {
        "Map": 255,
        "X": 173,
        "Y": 15
      }
    }
  ],
  "DomainFixups": [],
  "DomainUpdates": [
    {
      "From": 0,
      "To": 0
    },
    {
      "From": 35,
      "To": 1
    },
    {
      "From": 28,
      "To": 2
    },
    {
      "From": 36,
      "To": 3
    },
    {
      "From": 36,
      "To": 4
    },
    {
      "From": 14,
      "To": 5
    },
    {
      "From": 42,
      "To": 6
    },
    {
      "From": 42,
      "To": 7
    },
    {
      "From": 29,
      "To": 8
    },
    {
      "From": 35,
      "To": 9
    },
    {
      "From": 40,
      "To": 10
    },
    {
      "From": 54,
      "To": 11
    },
    {
      "From": 36,
      "To": 12
    },
    {
      "From": 54,
      "To": 13
    },
    {
      "From": 42,
      "To": 14
    },
    {
      "From": 54,
      "To": 15
    },
    {
      "From": 29,
      "To": 16
    },
    {
      "From": 29,
      "To": 17
    },
    {
      "From": 54,
      "To": 18
    },
    {
      "From": 42,
      "To": 19
    },
    {
      "From": 42,
      "To": 20
    },
    {
      "From": 42,
      "To": 21
    },
    {
      "From": 54,
      "To": 22
    },
    {
      "From": 54,
      "To": 23
    },
    {
      "From": 43,
      "To": 24
    },
    {
      "From": 0,
      "To": 25
    },
    {
      "From": 0,
      "To": 26
    },
    {
      "From": 59,
      "To": 27
    },
    {
      "From": 6,
      "To": 28
    },
    {
      "From": 42,
      "To": 29
    },
    {
      "From": 42,
      "To": 30
    },
    {
      "From": 0,
      "To": 31
    },
    {
      "From": 0,
      "To": 32
    },
    {
      "From": 0,
      "To": 33
    },
    {
      "From": 0,
      "To": 34
    },
    {
      "From": 59,
      "To": 35
    },
    {
      "From": 59,
      "To": 36
    },
    {
      "From": 59,
      "To": 37
    },
    {
      "From": 40,
      "To": 38
    },
    {
      "From": 40,
      "To": 39
    },
    {
      "From": 0,
      "To": 40
    },
    {
      "From": 0,
      "To": 41
    },
    {
      "From": 0,
      "To": 42
    },
    {
      "From": 0,
      "To": 43
    },
    {
      "From": 0,
      "To": 44
    },
    {
      "From": 10,
      "To": 45
    },
    {
      "From": 40,
      "To": 46
    },
    {
      "From": 40,
      "To": 47
    },
    {
      "From": 10,
      "To": 48
    },
    {
      "From": 0,
      "To": 49
    },
    {
      "From": 0,
      "To": 50
    },
    {
      "From": 0,
      "To": 51
    },
    {
      "From": 0,
      "To": 52
    },
    {
      "From": 0,
      "To": 53
    },
    {
      "From": 40,
      "To": 54
    },
    {
      "From": 0,
      "To": 55
    },
    {
      "From": 0,
      "To": 56
    },
    {
      "From": 0,
      "To": 57
    },
    {
      "From": 0,
      "To": 58
    },
    {
      "From": 0,
      "To": 59
    },
    {
      "From": 0,
      "To": 60
    },
    {
      "From": 0,
      "To": 61
    },
    {
      "From": 0,
      "To": 62
    },
    {
      "From": 0,
      "To": 63
    }
  ],
  "OverworldCoordinates": {
    "Coneria": {
      "X": 150,
      "Y": 26
    },
    "ConeriaCastle1": {
      "X": 151,
      "Y": 25
    },
    "TempleOfFiends1": {
      "X": 86,
      "Y": 33
    },
    "Pravoka": {
      "X": 52,
      "Y": 34
    },
    "Gaia": {
      "X": 131,
      "Y": 117
    },
    "CastleOrdeals1": {
      "X": 202,
      "Y": 82
    },
    "TitansTunnelWest": {
      "X": 209,
      "Y": 186
    },
    "SardasCave": {
      "X": 218,
      "Y": 165
    },
    "EarthCave1": {
      "X": 156,
      "Y": 80
    },
    "MirageTower1": {
      "X": 173,
      "Y": 15
    },
    "Onrac": {
      "X": 59,
      "Y": 87
    },
    "TitansTunnelEast": {
      "X": 69,
      "Y": 38
    },
    "MatoyasCave": {
      "X": 46,
      "Y": 74
    },
    "DwarfCave": {
      "X": 61,
      "Y": 36
    },
    "Elfland": {
      "X": 128,
      "Y": 154
    },
    "ElflandCastle": {
      "X": 129,
      "Y": 153
    },
    "MarshCave1": {
      "X": 145,
      "Y": 136
    },
    "NorthwestCastle": {
      "X": 19,
      "Y": 105
    },
    "Melmond": {
      "X": 211,
      "Y": 39
    },
    "CrescentLake": {
      "X": 81,
      "Y": 71
    },
    "Lefein": {
      "X": 59,
      "Y": 16
    },
    "BahamutCave1": {
      "X": 103,
      "Y": 30
    },
    "Cardia1": {
      "X": 238,
      "Y": 30
    },
    "Cardia2": {
      "X": 175,
      "Y": 172
    },
    "Cardia4": {
      "X": 19,
      "Y": 202
    },
    "Cardia5": {
      "X": 208,
      "Y": 146
    },
    "Cardia6": {
      "X": 12,
      "Y": 85
    },
    "Waterfall": {
      "X": 180,
      "Y": 69
    },
    "IceCave1": {
      "X": 207,
      "Y": 59
    },
    "GurguVolcano1": {
      "X": 152,
      "Y": 57
    }
  }
}