﻿{
  "StartingLocation": {
    "X": 120,
    "Y": 78
  },
  "AirShipLocation": {
    "X": 147,
    "Y": 105
  },
  "BridgeLocation": {
    "X": 66,
    "Y": 67
  },
  "CanalLocation": {
    "X": 65,
    "Y": 22
  },
  "ShipLocations": [
    {
      "TeleporterIndex": 255,
      "X": 65,
      "Y": 74
    }
  ],
  "TeleporterFixups": [
    {
      "Type": 1,
      "Index": 0,
      "From": null,
      "To": {
        "Map": 255,
        "X": 56,
        "Y": 44
      }
    },
    {
      "Type": 1,
      "Index": 1,
      "From": null,
      "To": {
        "Map": 255,
        "X": 163,
        "Y": 130
      }
    },
    {
      "Type": 1,
      "Index": 2,
      "From": null,
      "To": {
        "Map": 255,
        "X": 181,
        "Y": 126
      }
    },
    {
      "Type": 1,
      "Index": 3,
      "From": null,
      "To": {
        "Map": 255,
        "X": 165,
        "Y": 138
      }
    },
    {
      "Type": 1,
      "Index": 4,
      "From": null,
      "To": {
        "Map": 255,
        "X": 120,
        "Y": 76
      }
    },
    {
      "Type": 1,
      "Index": 5,
      "From": null,
      "To": {
        "Map": 255,
        "X": 18,
        "Y": 31
      }
    },
    {
      "Type": 1,
      "Index": 6,
      "From": null,
      "To": {
        "Map": 255,
        "X": 31,
        "Y": 50
      }
    },
    {
      "Type": 1,
      "Index": 7,
      "From": null,
      "To": {
        "Map": 255,
        "X": 125,
        "Y": 242
      }
    },
    {
      "Type": 1,
      "Index": 8,
      "From": null,
      "To": {
        "Map": 255,
        "X": 112,
        "Y": 97
      }
    }
  ],
  "DomainFixups": [],
  "DomainUpdates": [
    {
      "From": 42,
      "To": 0
    },
    {
      "From": 40,
      "To": 1
    },
    {
      "From": 40,
      "To": 2
    },
    {
      "From": 52,
      "To": 3
    },
    {
      "From": 52,
      "To": 4
    },
    {
      "From": 0,
      "To": 5
    },
    {
      "From": 6,
      "To": 6
    },
    {
      "From": 10,
      "To": 7
    },
    {
      "From": 42,
      "To": 8
    },
    {
      "From": 40,
      "To": 9
    },
    {
      "From": 54,
      "To": 10
    },
    {
      "From": 28,
      "To": 11
    },
    {
      "From": 28,
      "To": 12
    },
    {
      "From": 0,
      "To": 13
    },
    {
      "From": 0,
      "To": 14
    },
    {
      "From": 10,
      "To": 15
    },
    {
      "From": 0,
      "To": 16
    },
    {
      "From": 40,
      "To": 17
    },
    {
      "From": 54,
      "To": 18
    },
    {
      "From": 36,
      "To": 19
    },
    {
      "From": 29,
      "To": 20
    },
    {
      "From": 29,
      "To": 21
    },
    {
      "From": 0,
      "To": 22
    },
    {
      "From": 0,
      "To": 23
    },
    {
      "From": 42,
      "To": 24
    },
    {
      "From": 42,
      "To": 25
    },
    {
      "From": 14,
      "To": 26
    },
    {
      "From": 14,
      "To": 27
    },
    {
      "From": 59,
      "To": 28
    },
    {
      "From": 59,
      "To": 29
    },
    {
      "From": 1,
      "To": 30
    },
    {
      "From": 1,
      "To": 31
    },
    {
      "From": 42,
      "To": 32
    },
    {
      "From": 42,
      "To": 33
    },
    {
      "From": 0,
      "To": 34
    },
    {
      "From": 0,
      "To": 35
    },
    {
      "From": 12,
      "To": 36
    },
    {
      "From": 12,
      "To": 37
    },
    {
      "From": 1,
      "To": 38
    },
    {
      "From": 1,
      "To": 39
    },
    {
      "From": 10,
      "To": 40
    },
    {
      "From": 10,
      "To": 41
    },
    {
      "From": 0,
      "To": 42
    },
    {
      "From": 0,
      "To": 43
    },
    {
      "From": 0,
      "To": 44
    },
    {
      "From": 43,
      "To": 45
    },
    {
      "From": 43,
      "To": 46
    },
    {
      "From": 43,
      "To": 47
    },
    {
      "From": 0,
      "To": 48
    },
    {
      "From": 10,
      "To": 49
    },
    {
      "From": 0,
      "To": 50
    },
    {
      "From": 0,
      "To": 51
    },
    {
      "From": 10,
      "To": 52
    },
    {
      "From": 0,
      "To": 53
    },
    {
      "From": 0,
      "To": 54
    },
    {
      "From": 0,
      "To": 55
    },
    {
      "From": 11,
      "To": 56
    },
    {
      "From": 0,
      "To": 57
    },
    {
      "From": 0,
      "To": 58
    },
    {
      "From": 9,
      "To": 59
    },
    {
      "From": 11,
      "To": 60
    },
    {
      "From": 11,
      "To": 61
    },
    {
      "From": 0,
      "To": 62
    },
    {
      "From": 0,
      "To": 63
    }
  ],
  "OverworldCoordinates": {
    "Coneria": {
      "X": 119,
      "Y": 77
    },
    "ConeriaCastle1": {
      "X": 120,
      "Y": 76
    },
    "TempleOfFiends1": {
      "X": 133,
      "Y": 39
    },
    "Pravoka": {
      "X": 66,
      "Y": 70
    },
    "Gaia": {
      "X": 200,
      "Y": 13
    },
    "CastleOrdeals1": {
      "X": 165,
      "Y": 138
    },
    "TitansTunnelWest": {
      "X": 163,
      "Y": 130
    },
    "SardasCave": {
      "X": 165,
      "Y": 130
    },
    "EarthCave1": {
      "X": 18,
      "Y": 31
    },
    "MirageTower1": {
      "X": 112,
      "Y": 97
    },
    "Onrac": {
      "X": 125,
      "Y": 242
    },
    "TitansTunnelEast": {
      "X": 56,
      "Y": 44
    },
    "MatoyasCave": {
      "X": 149,
      "Y": 98
    },
    "DwarfCave": {
      "X": 127,
      "Y": 116
    },
    "Elfland": {
      "X": 133,
      "Y": 17
    },
    "ElflandCastle": {
      "X": 134,
      "Y": 16
    },
    "MarshCave1": {
      "X": 153,
      "Y": 116
    },
    "NorthwestCastle": {
      "X": 192,
      "Y": 162
    },
    "Melmond": {
      "X": 29,
      "Y": 138
    },
    "CrescentLake": {
      "X": 82,
      "Y": 67
    },
    "Lefein": {
      "X": 231,
      "Y": 173
    },
    "BahamutCave1": {
      "X": 12,
      "Y": 244
    },
    "Cardia1": {
      "X": 233,
      "Y": 18
    },
    "Cardia2": {
      "X": 47,
      "Y": 184
    },
    "Cardia4": {
      "X": 134,
      "Y": 221
    },
    "Cardia5": {
      "X": 155,
      "Y": 233
    },
    "Cardia6": {
      "X": 98,
      "Y": 241
    },
    "Waterfall": {
      "X": 201,
      "Y": 139
    },
    "IceCave1": {
      "X": 181,
      "Y": 126
    },
    "GurguVolcano1": {
      "X": 31,
      "Y": 50
    }
  }
}