﻿{
  "StartingLocation": {
    "X": 43,
    "Y": 94
  },
  "AirShipLocation": {
    "X": 32,
    "Y": 70
  },
  "BridgeLocation": {
    "X": 88,
    "Y": 75
  },
  "CanalLocation": {
    "X": 149,
    "Y": 141
  },
  "ShipLocations": [
    {
      "TeleporterIndex": 1,
      "X": 59,
      "Y": 101
    },
    {
      "TeleporterIndex": 9,
      "X": 59,
      "Y": 101
    },
    {
      "TeleporterIndex": 255,
      "X": 59,
      "Y": 101
    },
    {
      "TeleporterIndex": 13,
      "X": 71,
      "Y": 19
    },
    {
      "TeleporterIndex": 2,
      "X": 87,
      "Y": 82
    },
    {
      "TeleporterIndex": 24,
      "X": 71,
      "Y": 19
    },
    {
      "TeleporterIndex": 3,
      "X": 190,
      "Y": 177
    },
    {
      "TeleporterIndex": 10,
      "X": 190,
      "Y": 177
    },
    {
      "TeleporterIndex": 23,
      "X": 219,
      "Y": 242
    },
    {
      "TeleporterIndex": 11,
      "X": 71,
      "Y": 19
    },
    {
      "TeleporterIndex": 4,
      "X": 31,
      "Y": 227
    },
    {
      "TeleporterIndex": 5,
      "X": 31,
      "Y": 227
    },
    {
      "TeleporterIndex": 8,
      "X": 228,
      "Y": 149
    },
    {
      "TeleporterIndex": 29,
      "X": 59,
      "Y": 101
    }
  ],
  "TeleporterFixups": [
    {
      "Type": 1,
      "Index": 0,
      "From": null,
      "To": {
        "Map": 255,
        "X": 157,
        "Y": 186
      }
    },
    {
      "Type": 1,
      "Index": 1,
      "From": null,
      "To": {
        "Map": 255,
        "X": 184,
        "Y": 207
      }
    },
    {
      "Type": 1,
      "Index": 2,
      "From": null,
      "To": {
        "Map": 255,
        "X": 174,
        "Y": 188
      }
    },
    {
      "Type": 1,
      "Index": 3,
      "From": null,
      "To": {
        "Map": 255,
        "X": 227,
        "Y": 221
      }
    },
    {
      "Type": 1,
      "Index": 4,
      "From": null,
      "To": {
        "Map": 255,
        "X": 43,
        "Y": 92
      }
    },
    {
      "Type": 1,
      "Index": 5,
      "From": null,
      "To": {
        "Map": 255,
        "X": 157,
        "Y": 147
      }
    },
    {
      "Type": 1,
      "Index": 6,
      "From": null,
      "To": {
        "Map": 255,
        "X": 162,
        "Y": 204
      }
    },
    {
      "Type": 1,
      "Index": 7,
      "From": null,
      "To": {
        "Map": 255,
        "X": 144,
        "Y": 234
      }
    },
    {
      "Type": 1,
      "Index": 8,
      "From": null,
      "To": {
        "Map": 255,
        "X": 29,
        "Y": 49
      }
    }
  ],
  "DomainFixups": [],
  "DomainUpdates": [
    {
      "From": 11,
      "To": 0
    },
    {
      "From": 28,
      "To": 1
    },
    {
      "From": 43,
      "To": 2
    },
    {
      "From": 43,
      "To": 3
    },
    {
      "From": 0,
      "To": 4
    },
    {
      "From": 0,
      "To": 5
    },
    {
      "From": 0,
      "To": 6
    },
    {
      "From": 0,
      "To": 7
    },
    {
      "From": 14,
      "To": 8
    },
    {
      "From": 14,
      "To": 9
    },
    {
      "From": 35,
      "To": 10
    },
    {
      "From": 43,
      "To": 11
    },
    {
      "From": 0,
      "To": 12
    },
    {
      "From": 0,
      "To": 13
    },
    {
      "From": 0,
      "To": 14
    },
    {
      "From": 0,
      "To": 15
    },
    {
      "From": 36,
      "To": 16
    },
    {
      "From": 29,
      "To": 17
    },
    {
      "From": 29,
      "To": 18
    },
    {
      "From": 11,
      "To": 19
    },
    {
      "From": 0,
      "To": 20
    },
    {
      "From": 0,
      "To": 21
    },
    {
      "From": 0,
      "To": 22
    },
    {
      "From": 10,
      "To": 23
    },
    {
      "From": 36,
      "To": 24
    },
    {
      "From": 36,
      "To": 25
    },
    {
      "From": 0,
      "To": 26
    },
    {
      "From": 11,
      "To": 27
    },
    {
      "From": 0,
      "To": 28
    },
    {
      "From": 0,
      "To": 29
    },
    {
      "From": 10,
      "To": 30
    },
    {
      "From": 10,
      "To": 31
    },
    {
      "From": 42,
      "To": 32
    },
    {
      "From": 42,
      "To": 33
    },
    {
      "From": 0,
      "To": 34
    },
    {
      "From": 0,
      "To": 35
    },
    {
      "From": 42,
      "To": 36
    },
    {
      "From": 42,
      "To": 37
    },
    {
      "From": 52,
      "To": 38
    },
    {
      "From": 52,
      "To": 39
    },
    {
      "From": 42,
      "To": 40
    },
    {
      "From": 42,
      "To": 41
    },
    {
      "From": 54,
      "To": 42
    },
    {
      "From": 0,
      "To": 43
    },
    {
      "From": 40,
      "To": 44
    },
    {
      "From": 40,
      "To": 45
    },
    {
      "From": 52,
      "To": 46
    },
    {
      "From": 52,
      "To": 47
    },
    {
      "From": 54,
      "To": 48
    },
    {
      "From": 54,
      "To": 49
    },
    {
      "From": 54,
      "To": 50
    },
    {
      "From": 9,
      "To": 51
    },
    {
      "From": 54,
      "To": 52
    },
    {
      "From": 54,
      "To": 53
    },
    {
      "From": 1,
      "To": 54
    },
    {
      "From": 12,
      "To": 55
    },
    {
      "From": 54,
      "To": 56
    },
    {
      "From": 54,
      "To": 57
    },
    {
      "From": 10,
      "To": 58
    },
    {
      "From": 9,
      "To": 59
    },
    {
      "From": 9,
      "To": 60
    },
    {
      "From": 59,
      "To": 61
    },
    {
      "From": 59,
      "To": 62
    },
    {
      "From": 12,
      "To": 63
    }
  ],
  "OverworldCoordinates": {
    "Coneria": {
      "X": 42,
      "Y": 93
    },
    "ConeriaCastle1": {
      "X": 43,
      "Y": 92
    },
    "TempleOfFiends1": {
      "X": 42,
      "Y": 32
    },
    "Pravoka": {
      "X": 88,
      "Y": 78
    },
    "Gaia": {
      "X": 13,
      "Y": 75
    },
    "CastleOrdeals1": {
      "X": 227,
      "Y": 221
    },
    "TitansTunnelWest": {
      "X": 184,
      "Y": 207
    },
    "SardasCave": {
      "X": 181,
      "Y": 207
    },
    "EarthCave1": {
      "X": 157,
      "Y": 147
    },
    "MirageTower1": {
      "X": 29,
      "Y": 49
    },
    "Onrac": {
      "X": 144,
      "Y": 234
    },
    "TitansTunnelEast": {
      "X": 157,
      "Y": 186
    },
    "MatoyasCave": {
      "X": 54,
      "Y": 70
    },
    "DwarfCave": {
      "X": 68,
      "Y": 55
    },
    "Elfland": {
      "X": 213,
      "Y": 172
    },
    "ElflandCastle": {
      "X": 214,
      "Y": 171
    },
    "MarshCave1": {
      "X": 199,
      "Y": 239
    },
    "NorthwestCastle": {
      "X": 88,
      "Y": 28
    },
    "Melmond": {
      "X": 21,
      "Y": 163
    },
    "CrescentLake": {
      "X": 37,
      "Y": 198
    },
    "Lefein": {
      "X": 236,
      "Y": 162
    },
    "BahamutCave1": {
      "X": 124,
      "Y": 97
    },
    "Cardia1": {
      "X": 84,
      "Y": 241
    },
    "Cardia2": {
      "X": 221,
      "Y": 127
    },
    "Cardia4": {
      "X": 229,
      "Y": 98
    },
    "Cardia5": {
      "X": 17,
      "Y": 20
    },
    "Cardia6": {
      "X": 12,
      "Y": 54
    },
    "Waterfall": {
      "X": 201,
      "Y": 208
    },
    "IceCave1": {
      "X": 174,
      "Y": 188
    },
    "GurguVolcano1": {
      "X": 162,
      "Y": 204
    }
  }
}