﻿{
  "StartingLocation": {
    "X": 160,
    "Y": 73
  },
  "AirShipLocation": {
    "X": 112,
    "Y": 24
  },
  "BridgeLocation": {
    "X": 187,
    "Y": 115
  },
  "CanalLocation": {
    "X": 229,
    "Y": 198
  },
  "ShipLocations": [
    {
      "TeleporterIndex": 1,
      "X": 154,
      "Y": 109
    },
    {
      "TeleporterIndex": 9,
      "X": 154,
      "Y": 109
    },
    {
      "TeleporterIndex": 255,
      "X": 154,
      "Y": 109
    },
    {
      "TeleporterIndex": 13,
      "X": 191,
      "Y": 39
    },
    {
      "TeleporterIndex": 2,
      "X": 186,
      "Y": 122
    },
    {
      "TeleporterIndex": 3,
      "X": 119,
      "Y": 183
    },
    {
      "TeleporterIndex": 10,
      "X": 119,
      "Y": 183
    },
    {
      "TeleporterIndex": 23,
      "X": 191,
      "Y": 39
    },
    {
      "TeleporterIndex": 11,
      "X": 186,
      "Y": 122
    },
    {
      "TeleporterIndex": 4,
      "X": 159,
      "Y": 202
    },
    {
      "TeleporterIndex": 5,
      "X": 166,
      "Y": 173
    },
    {
      "TeleporterIndex": 8,
      "X": 191,
      "Y": 39
    },
    {
      "TeleporterIndex": 28,
      "X": 166,
      "Y": 173
    }
  ],
  "TeleporterFixups": [
    {
      "Type": 1,
      "Index": 0,
      "From": null,
      "To": {
        "Map": 255,
        "X": 187,
        "Y": 107
      }
    },
    {
      "Type": 1,
      "Index": 1,
      "From": null,
      "To": {
        "Map": 255,
        "X": 107,
        "Y": 55
      }
    },
    {
      "Type": 1,
      "Index": 2,
      "From": null,
      "To": {
        "Map": 255,
        "X": 139,
        "Y": 188
      }
    },
    {
      "Type": 1,
      "Index": 3,
      "From": null,
      "To": {
        "Map": 255,
        "X": 215,
        "Y": 138
      }
    },
    {
      "Type": 1,
      "Index": 4,
      "From": null,
      "To": {
        "Map": 255,
        "X": 160,
        "Y": 71
      }
    },
    {
      "Type": 1,
      "Index": 5,
      "From": null,
      "To": {
        "Map": 255,
        "X": 193,
        "Y": 210
      }
    },
    {
      "Type": 1,
      "Index": 6,
      "From": null,
      "To": {
        "Map": 255,
        "X": 194,
        "Y": 191
      }
    },
    {
      "Type": 1,
      "Index": 7,
      "From": null,
      "To": {
        "Map": 255,
        "X": 230,
        "Y": 140
      }
    },
    {
      "Type": 1,
      "Index": 8,
      "From": null,
      "To": {
        "Map": 255,
        "X": 134,
        "Y": 27
      }
    }
  ],
  "DomainFixups": [],
  "DomainUpdates": [
    {
      "From": 10,
      "To": 0
    },
    {
      "From": 0,
      "To": 1
    },
    {
      "From": 0,
      "To": 2
    },
    {
      "From": 1,
      "To": 3
    },
    {
      "From": 14,
      "To": 4
    },
    {
      "From": 59,
      "To": 5
    },
    {
      "From": 11,
      "To": 6
    },
    {
      "From": 0,
      "To": 7
    },
    {
      "From": 10,
      "To": 8
    },
    {
      "From": 10,
      "To": 9
    },
    {
      "From": 1,
      "To": 10
    },
    {
      "From": 14,
      "To": 11
    },
    {
      "From": 59,
      "To": 12
    },
    {
      "From": 59,
      "To": 13
    },
    {
      "From": 28,
      "To": 14
    },
    {
      "From": 28,
      "To": 15
    },
    {
      "From": 0,
      "To": 16
    },
    {
      "From": 0,
      "To": 17
    },
    {
      "From": 0,
      "To": 18
    },
    {
      "From": 1,
      "To": 19
    },
    {
      "From": 36,
      "To": 20
    },
    {
      "From": 36,
      "To": 21
    },
    {
      "From": 28,
      "To": 22
    },
    {
      "From": 0,
      "To": 23
    },
    {
      "From": 0,
      "To": 24
    },
    {
      "From": 0,
      "To": 25
    },
    {
      "From": 0,
      "To": 26
    },
    {
      "From": 0,
      "To": 27
    },
    {
      "From": 36,
      "To": 28
    },
    {
      "From": 40,
      "To": 29
    },
    {
      "From": 43,
      "To": 30
    },
    {
      "From": 43,
      "To": 31
    },
    {
      "From": 0,
      "To": 32
    },
    {
      "From": 0,
      "To": 33
    },
    {
      "From": 52,
      "To": 34
    },
    {
      "From": 52,
      "To": 35
    },
    {
      "From": 0,
      "To": 36
    },
    {
      "From": 11,
      "To": 37
    },
    {
      "From": 12,
      "To": 38
    },
    {
      "From": 9,
      "To": 39
    },
    {
      "From": 0,
      "To": 40
    },
    {
      "From": 0,
      "To": 41
    },
    {
      "From": 52,
      "To": 42
    },
    {
      "From": 52,
      "To": 43
    },
    {
      "From": 54,
      "To": 44
    },
    {
      "From": 11,
      "To": 45
    },
    {
      "From": 11,
      "To": 46
    },
    {
      "From": 11,
      "To": 47
    },
    {
      "From": 11,
      "To": 48
    },
    {
      "From": 11,
      "To": 49
    },
    {
      "From": 52,
      "To": 50
    },
    {
      "From": 52,
      "To": 51
    },
    {
      "From": 42,
      "To": 52
    },
    {
      "From": 42,
      "To": 53
    },
    {
      "From": 42,
      "To": 54
    },
    {
      "From": 42,
      "To": 55
    },
    {
      "From": 10,
      "To": 56
    },
    {
      "From": 10,
      "To": 57
    },
    {
      "From": 52,
      "To": 58
    },
    {
      "From": 52,
      "To": 59
    },
    {
      "From": 0,
      "To": 60
    },
    {
      "From": 42,
      "To": 61
    },
    {
      "From": 42,
      "To": 62
    },
    {
      "From": 0,
      "To": 63
    }
  ],
  "OverworldCoordinates": {
    "Coneria": {
      "X": 159,
      "Y": 72
    },
    "ConeriaCastle1": {
      "X": 160,
      "Y": 71
    },
    "TempleOfFiends1": {
      "X": 197,
      "Y": 57
    },
    "Pravoka": {
      "X": 187,
      "Y": 118
    },
    "Gaia": {
      "X": 37,
      "Y": 49
    },
    "CastleOrdeals1": {
      "X": 215,
      "Y": 138
    },
    "TitansTunnelWest": {
      "X": 107,
      "Y": 55
    },
    "SardasCave": {
      "X": 105,
      "Y": 55
    },
    "EarthCave1": {
      "X": 193,
      "Y": 210
    },
    "MirageTower1": {
      "X": 134,
      "Y": 27
    },
    "Onrac": {
      "X": 230,
      "Y": 140
    },
    "TitansTunnelEast": {
      "X": 187,
      "Y": 107
    },
    "MatoyasCave": {
      "X": 211,
      "Y": 161
    },
    "DwarfCave": {
      "X": 197,
      "Y": 166
    },
    "Elfland": {
      "X": 96,
      "Y": 203
    },
    "ElflandCastle": {
      "X": 97,
      "Y": 202
    },
    "MarshCave1": {
      "X": 160,
      "Y": 43
    },
    "NorthwestCastle": {
      "X": 199,
      "Y": 118
    },
    "Melmond": {
      "X": 142,
      "Y": 209
    },
    "CrescentLake": {
      "X": 164,
      "Y": 186
    },
    "Lefein": {
      "X": 180,
      "Y": 67
    },
    "BahamutCave1": {
      "X": 215,
      "Y": 24
    },
    "Cardia1": {
      "X": 22,
      "Y": 28
    },
    "Cardia2": {
      "X": 43,
      "Y": 232
    },
    "Cardia4": {
      "X": 128,
      "Y": 219
    },
    "Cardia5": {
      "X": 184,
      "Y": 177
    },
    "Cardia6": {
      "X": 34,
      "Y": 202
    },
    "Waterfall": {
      "X": 100,
      "Y": 38
    },
    "IceCave1": {
      "X": 139,
      "Y": 188
    },
    "GurguVolcano1": {
      "X": 194,
      "Y": 191
    }
  }
}