﻿{
  "StartingLocation": {
    "X": 28,
    "Y": 110
  },
  "AirShipLocation": {
    "X": 91,
    "Y": 154
  },
  "BridgeLocation": {
    "X": 46,
    "Y": 126
  },
  "CanalLocation": {
    "X": 205,
    "Y": 48
  },
  "ShipLocations": [
    {
      "TeleporterIndex": 1,
      "X": 25,
      "Y": 136
    },
    {
      "TeleporterIndex": 9,
      "X": 25,
      "Y": 136
    },
    {
      "TeleporterIndex": 255,
      "X": 25,
      "Y": 136
    },
    {
      "TeleporterIndex": 13,
      "X": 45,
      "Y": 133
    },
    {
      "TeleporterIndex": 2,
      "X": 45,
      "Y": 133
    },
    {
      "TeleporterIndex": 24,
      "X": 45,
      "Y": 133
    },
    {
      "TeleporterIndex": 3,
      "X": 40,
      "Y": 228
    },
    {
      "TeleporterIndex": 10,
      "X": 40,
      "Y": 228
    },
    {
      "TeleporterIndex": 23,
      "X": 113,
      "Y": 128
    },
    {
      "TeleporterIndex": 11,
      "X": 230,
      "Y": 100
    },
    {
      "TeleporterIndex": 4,
      "X": 237,
      "Y": 167
    },
    {
      "TeleporterIndex": 5,
      "X": 113,
      "Y": 128
    }
  ],
  "TeleporterFixups": [
    {
      "Type": 1,
      "Index": 0,
      "From": null,
      "To": {
        "Map": 255,
        "X": 222,
        "Y": 114
      }
    },
    {
      "Type": 1,
      "Index": 1,
      "From": null,
      "To": {
        "Map": 255,
        "X": 79,
        "Y": 124
      }
    },
    {
      "Type": 1,
      "Index": 2,
      "From": null,
      "To": {
        "Map": 255,
        "X": 85,
        "Y": 87
      }
    },
    {
      "Type": 1,
      "Index": 3,
      "From": null,
      "To": {
        "Map": 255,
        "X": 177,
        "Y": 145
      }
    },
    {
      "Type": 1,
      "Index": 4,
      "From": null,
      "To": {
        "Map": 255,
        "X": 28,
        "Y": 108
      }
    },
    {
      "Type": 1,
      "Index": 5,
      "From": null,
      "To": {
        "Map": 255,
        "X": 204,
        "Y": 68
      }
    },
    {
      "Type": 1,
      "Index": 6,
      "From": null,
      "To": {
        "Map": 255,
        "X": 187,
        "Y": 109
      }
    },
    {
      "Type": 1,
      "Index": 7,
      "From": null,
      "To": {
        "Map": 255,
        "X": 103,
        "Y": 157
      }
    },
    {
      "Type": 1,
      "Index": 8,
      "From": null,
      "To": {
        "Map": 255,
        "X": 59,
        "Y": 120
      }
    }
  ],
  "DomainFixups": [],
  "DomainUpdates": [
    {
      "From": 0,
      "To": 0
    },
    {
      "From": 35,
      "To": 1
    },
    {
      "From": 35,
      "To": 2
    },
    {
      "From": 10,
      "To": 3
    },
    {
      "From": 11,
      "To": 4
    },
    {
      "From": 0,
      "To": 5
    },
    {
      "From": 0,
      "To": 6
    },
    {
      "From": 0,
      "To": 7
    },
    {
      "From": 0,
      "To": 8
    },
    {
      "From": 0,
      "To": 9
    },
    {
      "From": 35,
      "To": 10
    },
    {
      "From": 35,
      "To": 11
    },
    {
      "From": 0,
      "To": 12
    },
    {
      "From": 11,
      "To": 13
    },
    {
      "From": 42,
      "To": 14
    },
    {
      "From": 43,
      "To": 15
    },
    {
      "From": 36,
      "To": 16
    },
    {
      "From": 28,
      "To": 17
    },
    {
      "From": 54,
      "To": 18
    },
    {
      "From": 59,
      "To": 19
    },
    {
      "From": 0,
      "To": 20
    },
    {
      "From": 42,
      "To": 21
    },
    {
      "From": 42,
      "To": 22
    },
    {
      "From": 43,
      "To": 23
    },
    {
      "From": 36,
      "To": 24
    },
    {
      "From": 28,
      "To": 25
    },
    {
      "From": 14,
      "To": 26
    },
    {
      "From": 59,
      "To": 27
    },
    {
      "From": 59,
      "To": 28
    },
    {
      "From": 11,
      "To": 29
    },
    {
      "From": 40,
      "To": 30
    },
    {
      "From": 40,
      "To": 31
    },
    {
      "From": 36,
      "To": 32
    },
    {
      "From": 29,
      "To": 33
    },
    {
      "From": 9,
      "To": 34
    },
    {
      "From": 9,
      "To": 35
    },
    {
      "From": 11,
      "To": 36
    },
    {
      "From": 12,
      "To": 37
    },
    {
      "From": 12,
      "To": 38
    },
    {
      "From": 42,
      "To": 39
    },
    {
      "From": 0,
      "To": 40
    },
    {
      "From": 0,
      "To": 41
    },
    {
      "From": 9,
      "To": 42
    },
    {
      "From": 9,
      "To": 43
    },
    {
      "From": 0,
      "To": 44
    },
    {
      "From": 12,
      "To": 45
    },
    {
      "From": 42,
      "To": 46
    },
    {
      "From": 42,
      "To": 47
    },
    {
      "From": 52,
      "To": 48
    },
    {
      "From": 52,
      "To": 49
    },
    {
      "From": 0,
      "To": 50
    },
    {
      "From": 0,
      "To": 51
    },
    {
      "From": 0,
      "To": 52
    },
    {
      "From": 0,
      "To": 53
    },
    {
      "From": 0,
      "To": 54
    },
    {
      "From": 0,
      "To": 55
    },
    {
      "From": 52,
      "To": 56
    },
    {
      "From": 52,
      "To": 57
    },
    {
      "From": 10,
      "To": 58
    },
    {
      "From": 6,
      "To": 59
    },
    {
      "From": 10,
      "To": 60
    },
    {
      "From": 10,
      "To": 61
    },
    {
      "From": 0,
      "To": 62
    },
    {
      "From": 0,
      "To": 63
    }
  ],
  "OverworldCoordinates": {
    "Coneria": {
      "X": 27,
      "Y": 109
    },
    "ConeriaCastle1": {
      "X": 28,
      "Y": 108
    },
    "TempleOfFiends1": {
      "X": 51,
      "Y": 102
    },
    "Pravoka": {
      "X": 46,
      "Y": 129
    },
    "Gaia": {
      "X": 103,
      "Y": 237
    },
    "CastleOrdeals1": {
      "X": 177,
      "Y": 145
    },
    "TitansTunnelWest": {
      "X": 79,
      "Y": 124
    },
    "SardasCave": {
      "X": 81,
      "Y": 124
    },
    "EarthCave1": {
      "X": 204,
      "Y": 68
    },
    "MirageTower1": {
      "X": 59,
      "Y": 120
    },
    "Onrac": {
      "X": 103,
      "Y": 157
    },
    "TitansTunnelEast": {
      "X": 222,
      "Y": 114
    },
    "MatoyasCave": {
      "X": 52,
      "Y": 139
    },
    "DwarfCave": {
      "X": 77,
      "Y": 38
    },
    "Elfland": {
      "X": 15,
      "Y": 204
    },
    "ElflandCastle": {
      "X": 16,
      "Y": 203
    },
    "MarshCave1": {
      "X": 109,
      "Y": 107
    },
    "NorthwestCastle": {
      "X": 240,
      "Y": 80
    },
    "Melmond": {
      "X": 227,
      "Y": 151
    },
    "CrescentLake": {
      "X": 84,
      "Y": 73
    },
    "Lefein": {
      "X": 176,
      "Y": 91
    },
    "BahamutCave1": {
      "X": 134,
      "Y": 13
    },
    "Cardia1": {
      "X": 116,
      "Y": 15
    },
    "Cardia2": {
      "X": 60,
      "Y": 237
    },
    "Cardia4": {
      "X": 160,
      "Y": 233
    },
    "Cardia5": {
      "X": 166,
      "Y": 112
    },
    "Cardia6": {
      "X": 186,
      "Y": 48
    },
    "Waterfall": {
      "X": 202,
      "Y": 93
    },
    "IceCave1": {
      "X": 85,
      "Y": 87
    },
    "GurguVolcano1": {
      "X": 187,
      "Y": 109
    }
  }
}