﻿{
  "StartingLocation": {
    "X": 17,
    "Y": 41
  },
  "AirShipLocation": {
    "X": 108,
    "Y": 18
  },
  "BridgeLocation": {
    "X": 55,
    "Y": 33
  },
  "CanalLocation": {
    "X": 73,
    "Y": 231
  },
  "ShipLocations": [
    {
      "TeleporterIndex": 255,
      "X": 54,
      "Y": 40
    }
  ],
  "TeleporterFixups": [
    {
      "Type": 1,
      "Index": 0,
      "From": null,
      "To": {
        "Map": 255,
        "X": 47,
        "Y": 190
      }
    },
    {
      "Type": 1,
      "Index": 1,
      "From": null,
      "To": {
        "Map": 255,
        "X": 193,
        "Y": 85
      }
    },
    {
      "Type": 1,
      "Index": 2,
      "From": null,
      "To": {
        "Map": 255,
        "X": 41,
        "Y": 147
      }
    },
    {
      "Type": 1,
      "Index": 3,
      "From": null,
      "To": {
        "Map": 255,
        "X": 67,
        "Y": 110
      }
    },
    {
      "Type": 1,
      "Index": 4,
      "From": null,
      "To": {
        "Map": 255,
        "X": 17,
        "Y": 39
      }
    },
    {
      "Type": 1,
      "Index": 5,
      "From": null,
      "To": {
        "Map": 255,
        "X": 61,
        "Y": 203
      }
    },
    {
      "Type": 1,
      "Index": 6,
      "From": null,
      "To": {
        "Map": 255,
        "X": 86,
        "Y": 125
      }
    },
    {
      "Type": 1,
      "Index": 7,
      "From": null,
      "To": {
        "Map": 255,
        "X": 238,
        "Y": 156
      }
    },
    {
      "Type": 1,
      "Index": 8,
      "From": null,
      "To": {
        "Map": 255,
        "X": 100,
        "Y": 140
      }
    }
  ],
  "DomainFixups": [],
  "DomainUpdates": [
    {
      "From": 0,
      "To": 0
    },
    {
      "From": 29,
      "To": 1
    },
    {
      "From": 52,
      "To": 2
    },
    {
      "From": 54,
      "To": 3
    },
    {
      "From": 10,
      "To": 4
    },
    {
      "From": 11,
      "To": 5
    },
    {
      "From": 0,
      "To": 6
    },
    {
      "From": 0,
      "To": 7
    },
    {
      "From": 35,
      "To": 8
    },
    {
      "From": 28,
      "To": 9
    },
    {
      "From": 29,
      "To": 10
    },
    {
      "From": 29,
      "To": 11
    },
    {
      "From": 11,
      "To": 12
    },
    {
      "From": 11,
      "To": 13
    },
    {
      "From": 11,
      "To": 14
    },
    {
      "From": 0,
      "To": 15
    },
    {
      "From": 28,
      "To": 16
    },
    {
      "From": 28,
      "To": 17
    },
    {
      "From": 59,
      "To": 18
    },
    {
      "From": 59,
      "To": 19
    },
    {
      "From": 40,
      "To": 20
    },
    {
      "From": 40,
      "To": 21
    },
    {
      "From": 40,
      "To": 22
    },
    {
      "From": 0,
      "To": 23
    },
    {
      "From": 42,
      "To": 24
    },
    {
      "From": 28,
      "To": 25
    },
    {
      "From": 43,
      "To": 26
    },
    {
      "From": 43,
      "To": 27
    },
    {
      "From": 0,
      "To": 28
    },
    {
      "From": 0,
      "To": 29
    },
    {
      "From": 0,
      "To": 30
    },
    {
      "From": 0,
      "To": 31
    },
    {
      "From": 40,
      "To": 32
    },
    {
      "From": 40,
      "To": 33
    },
    {
      "From": 14,
      "To": 34
    },
    {
      "From": 14,
      "To": 35
    },
    {
      "From": 0,
      "To": 36
    },
    {
      "From": 0,
      "To": 37
    },
    {
      "From": 10,
      "To": 38
    },
    {
      "From": 9,
      "To": 39
    },
    {
      "From": 40,
      "To": 40
    },
    {
      "From": 1,
      "To": 41
    },
    {
      "From": 42,
      "To": 42
    },
    {
      "From": 0,
      "To": 43
    },
    {
      "From": 0,
      "To": 44
    },
    {
      "From": 0,
      "To": 45
    },
    {
      "From": 10,
      "To": 46
    },
    {
      "From": 10,
      "To": 47
    },
    {
      "From": 40,
      "To": 48
    },
    {
      "From": 40,
      "To": 49
    },
    {
      "From": 42,
      "To": 50
    },
    {
      "From": 42,
      "To": 51
    },
    {
      "From": 0,
      "To": 52
    },
    {
      "From": 0,
      "To": 53
    },
    {
      "From": 11,
      "To": 54
    },
    {
      "From": 11,
      "To": 55
    },
    {
      "From": 0,
      "To": 56
    },
    {
      "From": 11,
      "To": 57
    },
    {
      "From": 42,
      "To": 58
    },
    {
      "From": 42,
      "To": 59
    },
    {
      "From": 0,
      "To": 60
    },
    {
      "From": 6,
      "To": 61
    },
    {
      "From": 0,
      "To": 62
    },
    {
      "From": 0,
      "To": 63
    }
  ],
  "OverworldCoordinates": {
    "Coneria": {
      "X": 16,
      "Y": 40
    },
    "ConeriaCastle1": {
      "X": 17,
      "Y": 39
    },
    "TempleOfFiends1": {
      "X": 49,
      "Y": 62
    },
    "Pravoka": {
      "X": 55,
      "Y": 36
    },
    "Gaia": {
      "X": 185,
      "Y": 232
    },
    "CastleOrdeals1": {
      "X": 67,
      "Y": 110
    },
    "TitansTunnelWest": {
      "X": 193,
      "Y": 85
    },
    "SardasCave": {
      "X": 187,
      "Y": 86
    },
    "EarthCave1": {
      "X": 61,
      "Y": 203
    },
    "MirageTower1": {
      "X": 100,
      "Y": 140
    },
    "Onrac": {
      "X": 238,
      "Y": 156
    },
    "TitansTunnelEast": {
      "X": 47,
      "Y": 190
    },
    "MatoyasCave": {
      "X": 76,
      "Y": 38
    },
    "DwarfCave": {
      "X": 20,
      "Y": 49
    },
    "Elfland": {
      "X": 72,
      "Y": 20
    },
    "ElflandCastle": {
      "X": 73,
      "Y": 19
    },
    "MarshCave1": {
      "X": 96,
      "Y": 92
    },
    "NorthwestCastle": {
      "X": 95,
      "Y": 107
    },
    "Melmond": {
      "X": 18,
      "Y": 107
    },
    "CrescentLake": {
      "X": 86,
      "Y": 18
    },
    "Lefein": {
      "X": 84,
      "Y": 185
    },
    "BahamutCave1": {
      "X": 38,
      "Y": 228
    },
    "Cardia1": {
      "X": 218,
      "Y": 165
    },
    "Cardia2": {
      "X": 152,
      "Y": 13
    },
    "Cardia4": {
      "X": 58,
      "Y": 240
    },
    "Cardia5": {
      "X": 224,
      "Y": 195
    },
    "Cardia6": {
      "X": 199,
      "Y": 52
    },
    "Waterfall": {
      "X": 59,
      "Y": 147
    },
    "IceCave1": {
      "X": 41,
      "Y": 147
    },
    "GurguVolcano1": {
      "X": 86,
      "Y": 125
    }
  }
}