﻿{
  "StartingLocation": {
    "X": 132,
    "Y": 115
  },
  "AirShipLocation": {
    "X": 235,
    "Y": 135
  },
  "BridgeLocation": {
    "X": 121,
    "Y": 64
  },
  "CanalLocation": {
    "X": 232,
    "Y": 117
  },
  "ShipLocations": [
    {
      "TeleporterIndex": 255,
      "X": 120,
      "Y": 71
    }
  ],
  "TeleporterFixups": [
    {
      "Type": 1,
      "Index": 0,
      "From": null,
      "To": {
        "Map": 255,
        "X": 28,
        "Y": 69
      }
    },
    {
      "Type": 1,
      "Index": 1,
      "From": null,
      "To": {
        "Map": 255,
        "X": 91,
        "Y": 46
      }
    },
    {
      "Type": 1,
      "Index": 2,
      "From": null,
      "To": {
        "Map": 255,
        "X": 118,
        "Y": 28
      }
    },
    {
      "Type": 1,
      "Index": 3,
      "From": null,
      "To": {
        "Map": 255,
        "X": 155,
        "Y": 19
      }
    },
    {
      "Type": 1,
      "Index": 4,
      "From": null,
      "To": {
        "Map": 255,
        "X": 132,
        "Y": 113
      }
    },
    {
      "Type": 1,
      "Index": 5,
      "From": null,
      "To": {
        "Map": 255,
        "X": 147,
        "Y": 189
      }
    },
    {
      "Type": 1,
      "Index": 6,
      "From": null,
      "To": {
        "Map": 255,
        "X": 89,
        "Y": 70
      }
    },
    {
      "Type": 1,
      "Index": 7,
      "From": null,
      "To": {
        "Map": 255,
        "X": 238,
        "Y": 35
      }
    },
    {
      "Type": 1,
      "Index": 8,
      "From": null,
      "To": {
        "Map": 255,
        "X": 47,
        "Y": 86
      }
    }
  ],
  "DomainFixups": [],
  "DomainUpdates": [
    {
      "From": 0,
      "To": 0
    },
    {
      "From": 59,
      "To": 1
    },
    {
      "From": 52,
      "To": 2
    },
    {
      "From": 54,
      "To": 3
    },
    {
      "From": 12,
      "To": 4
    },
    {
      "From": 12,
      "To": 5
    },
    {
      "From": 6,
      "To": 6
    },
    {
      "From": 6,
      "To": 7
    },
    {
      "From": 40,
      "To": 8
    },
    {
      "From": 40,
      "To": 9
    },
    {
      "From": 1,
      "To": 10
    },
    {
      "From": 54,
      "To": 11
    },
    {
      "From": 43,
      "To": 12
    },
    {
      "From": 43,
      "To": 13
    },
    {
      "From": 0,
      "To": 14
    },
    {
      "From": 9,
      "To": 15
    },
    {
      "From": 40,
      "To": 16
    },
    {
      "From": 14,
      "To": 17
    },
    {
      "From": 35,
      "To": 18
    },
    {
      "From": 29,
      "To": 19
    },
    {
      "From": 36,
      "To": 20
    },
    {
      "From": 0,
      "To": 21
    },
    {
      "From": 0,
      "To": 22
    },
    {
      "From": 9,
      "To": 23
    },
    {
      "From": 10,
      "To": 24
    },
    {
      "From": 28,
      "To": 25
    },
    {
      "From": 29,
      "To": 26
    },
    {
      "From": 36,
      "To": 27
    },
    {
      "From": 36,
      "To": 28
    },
    {
      "From": 0,
      "To": 29
    },
    {
      "From": 10,
      "To": 30
    },
    {
      "From": 42,
      "To": 31
    },
    {
      "From": 11,
      "To": 32
    },
    {
      "From": 0,
      "To": 33
    },
    {
      "From": 0,
      "To": 34
    },
    {
      "From": 42,
      "To": 35
    },
    {
      "From": 42,
      "To": 36
    },
    {
      "From": 42,
      "To": 37
    },
    {
      "From": 42,
      "To": 38
    },
    {
      "From": 42,
      "To": 39
    },
    {
      "From": 0,
      "To": 40
    },
    {
      "From": 0,
      "To": 41
    },
    {
      "From": 0,
      "To": 42
    },
    {
      "From": 42,
      "To": 43
    },
    {
      "From": 42,
      "To": 44
    },
    {
      "From": 42,
      "To": 45
    },
    {
      "From": 42,
      "To": 46
    },
    {
      "From": 42,
      "To": 47
    },
    {
      "From": 0,
      "To": 48
    },
    {
      "From": 0,
      "To": 49
    },
    {
      "From": 0,
      "To": 50
    },
    {
      "From": 42,
      "To": 51
    },
    {
      "From": 42,
      "To": 52
    },
    {
      "From": 42,
      "To": 53
    },
    {
      "From": 11,
      "To": 54
    },
    {
      "From": 42,
      "To": 55
    },
    {
      "From": 10,
      "To": 56
    },
    {
      "From": 10,
      "To": 57
    },
    {
      "From": 0,
      "To": 58
    },
    {
      "From": 11,
      "To": 59
    },
    {
      "From": 0,
      "To": 60
    },
    {
      "From": 0,
      "To": 61
    },
    {
      "From": 42,
      "To": 62
    },
    {
      "From": 42,
      "To": 63
    }
  ],
  "OverworldCoordinates": {
    "Coneria": {
      "X": 131,
      "Y": 114
    },
    "ConeriaCastle1": {
      "X": 132,
      "Y": 113
    },
    "TempleOfFiends1": {
      "X": 57,
      "Y": 112
    },
    "Pravoka": {
      "X": 121,
      "Y": 67
    },
    "Gaia": {
      "X": 225,
      "Y": 11
    },
    "CastleOrdeals1": {
      "X": 155,
      "Y": 19
    },
    "TitansTunnelWest": {
      "X": 91,
      "Y": 46
    },
    "SardasCave": {
      "X": 93,
      "Y": 46
    },
    "EarthCave1": {
      "X": 147,
      "Y": 189
    },
    "MirageTower1": {
      "X": 47,
      "Y": 86
    },
    "Onrac": {
      "X": 238,
      "Y": 35
    },
    "TitansTunnelEast": {
      "X": 28,
      "Y": 69
    },
    "MatoyasCave": {
      "X": 101,
      "Y": 86
    },
    "DwarfCave": {
      "X": 66,
      "Y": 80
    },
    "Elfland": {
      "X": 67,
      "Y": 26
    },
    "ElflandCastle": {
      "X": 68,
      "Y": 25
    },
    "MarshCave1": {
      "X": 50,
      "Y": 14
    },
    "NorthwestCastle": {
      "X": 150,
      "Y": 41
    },
    "Melmond": {
      "X": 223,
      "Y": 228
    },
    "CrescentLake": {
      "X": 126,
      "Y": 16
    },
    "Lefein": {
      "X": 240,
      "Y": 153
    },
    "BahamutCave1": {
      "X": 17,
      "Y": 154
    },
    "Cardia1": {
      "X": 31,
      "Y": 227
    },
    "Cardia2": {
      "X": 201,
      "Y": 105
    },
    "Cardia4": {
      "X": 17,
      "Y": 114
    },
    "Cardia5": {
      "X": 220,
      "Y": 199
    },
    "Cardia6": {
      "X": 112,
      "Y": 230
    },
    "Waterfall": {
      "X": 82,
      "Y": 44
    },
    "IceCave1": {
      "X": 118,
      "Y": 28
    },
    "GurguVolcano1": {
      "X": 89,
      "Y": 70
    }
  }
}