﻿{
  "StartingLocation": {
    "X": 188,
    "Y": 70
  },
  "AirShipLocation": {
    "X": 146,
    "Y": 115
  },
  "BridgeLocation": {
    "X": 135,
    "Y": 104
  },
  "CanalLocation": {
    "X": 228,
    "Y": 146
  },
  "ShipLocations": [
    {
      "TeleporterIndex": 255,
      "X": 134,
      "Y": 111
    }
  ],
  "TeleporterFixups": [
    {
      "Type": 1,
      "Index": 0,
      "From": null,
      "To": {
        "Map": 255,
        "X": 81,
        "Y": 144
      }
    },
    {
      "Type": 1,
      "Index": 1,
      "From": null,
      "To": {
        "Map": 255,
        "X": 66,
        "Y": 57
      }
    },
    {
      "Type": 1,
      "Index": 2,
      "From": null,
      "To": {
        "Map": 255,
        "X": 207,
        "Y": 96
      }
    },
    {
      "Type": 1,
      "Index": 3,
      "From": null,
      "To": {
        "Map": 255,
        "X": 147,
        "Y": 30
      }
    },
    {
      "Type": 1,
      "Index": 4,
      "From": null,
      "To": {
        "Map": 255,
        "X": 188,
        "Y": 68
      }
    },
    {
      "Type": 1,
      "Index": 5,
      "From": null,
      "To": {
        "Map": 255,
        "X": 192,
        "Y": 136
      }
    },
    {
      "Type": 1,
      "Index": 6,
      "From": null,
      "To": {
        "Map": 255,
        "X": 228,
        "Y": 102
      }
    },
    {
      "Type": 1,
      "Index": 7,
      "From": null,
      "To": {
        "Map": 255,
        "X": 166,
        "Y": 39
      }
    },
    {
      "Type": 1,
      "Index": 8,
      "From": null,
      "To": {
        "Map": 255,
        "X": 21,
        "Y": 199
      }
    }
  ],
  "DomainFixups": [],
  "DomainUpdates": [
    {
      "From": 10,
      "To": 0
    },
    {
      "From": 10,
      "To": 1
    },
    {
      "From": 40,
      "To": 2
    },
    {
      "From": 11,
      "To": 3
    },
    {
      "From": 12,
      "To": 4
    },
    {
      "From": 9,
      "To": 5
    },
    {
      "From": 28,
      "To": 6
    },
    {
      "From": 28,
      "To": 7
    },
    {
      "From": 10,
      "To": 8
    },
    {
      "From": 10,
      "To": 9
    },
    {
      "From": 40,
      "To": 10
    },
    {
      "From": 0,
      "To": 11
    },
    {
      "From": 12,
      "To": 12
    },
    {
      "From": 9,
      "To": 13
    },
    {
      "From": 42,
      "To": 14
    },
    {
      "From": 42,
      "To": 15
    },
    {
      "From": 10,
      "To": 16
    },
    {
      "From": 40,
      "To": 17
    },
    {
      "From": 40,
      "To": 18
    },
    {
      "From": 0,
      "To": 19
    },
    {
      "From": 11,
      "To": 20
    },
    {
      "From": 36,
      "To": 21
    },
    {
      "From": 36,
      "To": 22
    },
    {
      "From": 59,
      "To": 23
    },
    {
      "From": 0,
      "To": 24
    },
    {
      "From": 0,
      "To": 25
    },
    {
      "From": 0,
      "To": 26
    },
    {
      "From": 11,
      "To": 27
    },
    {
      "From": 11,
      "To": 28
    },
    {
      "From": 54,
      "To": 29
    },
    {
      "From": 54,
      "To": 30
    },
    {
      "From": 54,
      "To": 31
    },
    {
      "From": 0,
      "To": 32
    },
    {
      "From": 0,
      "To": 33
    },
    {
      "From": 40,
      "To": 34
    },
    {
      "From": 29,
      "To": 35
    },
    {
      "From": 35,
      "To": 36
    },
    {
      "From": 1,
      "To": 37
    },
    {
      "From": 42,
      "To": 38
    },
    {
      "From": 42,
      "To": 39
    },
    {
      "From": 0,
      "To": 40
    },
    {
      "From": 0,
      "To": 41
    },
    {
      "From": 29,
      "To": 42
    },
    {
      "From": 29,
      "To": 43
    },
    {
      "From": 0,
      "To": 44
    },
    {
      "From": 42,
      "To": 45
    },
    {
      "From": 42,
      "To": 46
    },
    {
      "From": 0,
      "To": 47
    },
    {
      "From": 14,
      "To": 48
    },
    {
      "From": 52,
      "To": 49
    },
    {
      "From": 52,
      "To": 50
    },
    {
      "From": 43,
      "To": 51
    },
    {
      "From": 54,
      "To": 52
    },
    {
      "From": 54,
      "To": 53
    },
    {
      "From": 0,
      "To": 54
    },
    {
      "From": 0,
      "To": 55
    },
    {
      "From": 0,
      "To": 56
    },
    {
      "From": 0,
      "To": 57
    },
    {
      "From": 0,
      "To": 58
    },
    {
      "From": 0,
      "To": 59
    },
    {
      "From": 54,
      "To": 60
    },
    {
      "From": 54,
      "To": 61
    },
    {
      "From": 6,
      "To": 62
    },
    {
      "From": 6,
      "To": 63
    }
  ],
  "OverworldCoordinates": {
    "Coneria": {
      "X": 187,
      "Y": 69
    },
    "ConeriaCastle1": {
      "X": 188,
      "Y": 68
    },
    "TempleOfFiends1": {
      "X": 210,
      "Y": 30
    },
    "Pravoka": {
      "X": 135,
      "Y": 107
    },
    "Gaia": {
      "X": 221,
      "Y": 236
    },
    "CastleOrdeals1": {
      "X": 147,
      "Y": 30
    },
    "TitansTunnelWest": {
      "X": 66,
      "Y": 57
    },
    "SardasCave": {
      "X": 66,
      "Y": 43
    },
    "EarthCave1": {
      "X": 192,
      "Y": 136
    },
    "MirageTower1": {
      "X": 21,
      "Y": 199
    },
    "Onrac": {
      "X": 166,
      "Y": 39
    },
    "TitansTunnelEast": {
      "X": 81,
      "Y": 144
    },
    "MatoyasCave": {
      "X": 97,
      "Y": 155
    },
    "DwarfCave": {
      "X": 148,
      "Y": 129
    },
    "Elfland": {
      "X": 72,
      "Y": 207
    },
    "ElflandCastle": {
      "X": 73,
      "Y": 206
    },
    "MarshCave1": {
      "X": 224,
      "Y": 80
    },
    "NorthwestCastle": {
      "X": 87,
      "Y": 198
    },
    "Melmond": {
      "X": 217,
      "Y": 60
    },
    "CrescentLake": {
      "X": 144,
      "Y": 224
    },
    "Lefein": {
      "X": 165,
      "Y": 132
    },
    "BahamutCave1": {
      "X": 111,
      "Y": 19
    },
    "Cardia1": {
      "X": 149,
      "Y": 46
    },
    "Cardia2": {
      "X": 86,
      "Y": 64
    },
    "Cardia4": {
      "X": 26,
      "Y": 58
    },
    "Cardia5": {
      "X": 161,
      "Y": 112
    },
    "Cardia6": {
      "X": 195,
      "Y": 17
    },
    "Waterfall": {
      "X": 185,
      "Y": 130
    },
    "IceCave1": {
      "X": 207,
      "Y": 96
    },
    "GurguVolcano1": {
      "X": 228,
      "Y": 102
    }
  }
}