﻿{
  "StartingLocation": {
    "X": 94,
    "Y": 48
  },
  "AirShipLocation": {
    "X": 150,
    "Y": 148
  },
  "BridgeLocation": {
    "X": 91,
    "Y": 57
  },
  "CanalLocation": {
    "X": 137,
    "Y": 84
  },
  "ShipLocations": [
    {
      "TeleporterIndex": 255,
      "X": 90,
      "Y": 64
    }
  ],
  "TeleporterFixups": [
    {
      "Type": 1,
      "Index": 0,
      "From": null,
      "To": {
        "Map": 255,
        "X": 26,
        "Y": 203
      }
    },
    {
      "Type": 1,
      "Index": 1,
      "From": null,
      "To": {
        "Map": 255,
        "X": 175,
        "Y": 121
      }
    },
    {
      "Type": 1,
      "Index": 2,
      "From": null,
      "To": {
        "Map": 255,
        "X": 153,
        "Y": 100
      }
    },
    {
      "Type": 1,
      "Index": 3,
      "From": null,
      "To": {
        "Map": 255,
        "X": 151,
        "Y": 125
      }
    },
    {
      "Type": 1,
      "Index": 4,
      "From": null,
      "To": {
        "Map": 255,
        "X": 94,
        "Y": 46
      }
    },
    {
      "Type": 1,
      "Index": 5,
      "From": null,
      "To": {
        "Map": 255,
        "X": 135,
        "Y": 97
      }
    },
    {
      "Type": 1,
      "Index": 6,
      "From": null,
      "To": {
        "Map": 255,
        "X": 167,
        "Y": 98
      }
    },
    {
      "Type": 1,
      "Index": 7,
      "From": null,
      "To": {
        "Map": 255,
        "X": 43,
        "Y": 194
      }
    },
    {
      "Type": 1,
      "Index": 8,
      "From": null,
      "To": {
        "Map": 255,
        "X": 229,
        "Y": 154
      }
    }
  ],
  "DomainFixups": [],
  "DomainUpdates": [
    {
      "From": 0,
      "To": 0
    },
    {
      "From": 0,
      "To": 1
    },
    {
      "From": 28,
      "To": 2
    },
    {
      "From": 10,
      "To": 3
    },
    {
      "From": 0,
      "To": 4
    },
    {
      "From": 0,
      "To": 5
    },
    {
      "From": 31,
      "To": 6
    },
    {
      "From": 0,
      "To": 7
    },
    {
      "From": 0,
      "To": 8
    },
    {
      "From": 28,
      "To": 9
    },
    {
      "From": 28,
      "To": 10
    },
    {
      "From": 36,
      "To": 11
    },
    {
      "From": 0,
      "To": 12
    },
    {
      "From": 0,
      "To": 13
    },
    {
      "From": 0,
      "To": 14
    },
    {
      "From": 0,
      "To": 15
    },
    {
      "From": 42,
      "To": 16
    },
    {
      "From": 42,
      "To": 17
    },
    {
      "From": 42,
      "To": 18
    },
    {
      "From": 36,
      "To": 19
    },
    {
      "From": 42,
      "To": 20
    },
    {
      "From": 54,
      "To": 21
    },
    {
      "From": 0,
      "To": 22
    },
    {
      "From": 0,
      "To": 23
    },
    {
      "From": 42,
      "To": 24
    },
    {
      "From": 42,
      "To": 25
    },
    {
      "From": 42,
      "To": 26
    },
    {
      "From": 11,
      "To": 27
    },
    {
      "From": 12,
      "To": 28
    },
    {
      "From": 54,
      "To": 29
    },
    {
      "From": 54,
      "To": 30
    },
    {
      "From": 14,
      "To": 31
    },
    {
      "From": 10,
      "To": 32
    },
    {
      "From": 59,
      "To": 33
    },
    {
      "From": 54,
      "To": 34
    },
    {
      "From": 11,
      "To": 35
    },
    {
      "From": 11,
      "To": 36
    },
    {
      "From": 11,
      "To": 37
    },
    {
      "From": 35,
      "To": 38
    },
    {
      "From": 14,
      "To": 39
    },
    {
      "From": 9,
      "To": 40
    },
    {
      "From": 29,
      "To": 41
    },
    {
      "From": 10,
      "To": 42
    },
    {
      "From": 0,
      "To": 43
    },
    {
      "From": 11,
      "To": 44
    },
    {
      "From": 11,
      "To": 45
    },
    {
      "From": 35,
      "To": 46
    },
    {
      "From": 14,
      "To": 47
    },
    {
      "From": 40,
      "To": 48
    },
    {
      "From": 9,
      "To": 49
    },
    {
      "From": 52,
      "To": 50
    },
    {
      "From": 0,
      "To": 51
    },
    {
      "From": 0,
      "To": 52
    },
    {
      "From": 43,
      "To": 53
    },
    {
      "From": 1,
      "To": 54
    },
    {
      "From": 6,
      "To": 55
    },
    {
      "From": 52,
      "To": 56
    },
    {
      "From": 52,
      "To": 57
    },
    {
      "From": 52,
      "To": 58
    },
    {
      "From": 0,
      "To": 59
    },
    {
      "From": 0,
      "To": 60
    },
    {
      "From": 0,
      "To": 61
    },
    {
      "From": 0,
      "To": 62
    },
    {
      "From": 0,
      "To": 63
    }
  ],
  "OverworldCoordinates": {
    "Coneria": {
      "X": 93,
      "Y": 47
    },
    "ConeriaCastle1": {
      "X": 94,
      "Y": 46
    },
    "TempleOfFiends1": {
      "X": 67,
      "Y": 30
    },
    "Pravoka": {
      "X": 91,
      "Y": 60
    },
    "Gaia": {
      "X": 236,
      "Y": 191
    },
    "CastleOrdeals1": {
      "X": 151,
      "Y": 125
    },
    "TitansTunnelWest": {
      "X": 175,
      "Y": 121
    },
    "SardasCave": {
      "X": 177,
      "Y": 121
    },
    "EarthCave1": {
      "X": 135,
      "Y": 97
    },
    "MirageTower1": {
      "X": 229,
      "Y": 154
    },
    "Onrac": {
      "X": 43,
      "Y": 194
    },
    "TitansTunnelEast": {
      "X": 26,
      "Y": 203
    },
    "MatoyasCave": {
      "X": 48,
      "Y": 188
    },
    "DwarfCave": {
      "X": 211,
      "Y": 175
    },
    "Elfland": {
      "X": 35,
      "Y": 228
    },
    "ElflandCastle": {
      "X": 36,
      "Y": 227
    },
    "MarshCave1": {
      "X": 58,
      "Y": 139
    },
    "NorthwestCastle": {
      "X": 191,
      "Y": 207
    },
    "Melmond": {
      "X": 77,
      "Y": 97
    },
    "CrescentLake": {
      "X": 84,
      "Y": 138
    },
    "Lefein": {
      "X": 207,
      "Y": 20
    },
    "BahamutCave1": {
      "X": 110,
      "Y": 118
    },
    "Cardia1": {
      "X": 118,
      "Y": 19
    },
    "Cardia2": {
      "X": 72,
      "Y": 170
    },
    "Cardia4": {
      "X": 30,
      "Y": 140
    },
    "Cardia5": {
      "X": 171,
      "Y": 145
    },
    "Cardia6": {
      "X": 143,
      "Y": 161
    },
    "Waterfall": {
      "X": 198,
      "Y": 198
    },
    "IceCave1": {
      "X": 153,
      "Y": 100
    },
    "GurguVolcano1": {
      "X": 167,
      "Y": 98
    }
  }
}