﻿{
  "StartingLocation": {
    "X": 54,
    "Y": 222
  },
  "AirShipLocation": {
    "X": 96,
    "Y": 20
  },
  "BridgeLocation": {
    "X": 59,
    "Y": 228
  },
  "CanalLocation": {
    "X": 92,
    "Y": 43
  },
  "ShipLocations": [
    {
      "TeleporterIndex": 255,
      "X": 58,
      "Y": 235
    }
  ],
  "TeleporterFixups": [
    {
      "Type": 1,
      "Index": 0,
      "From": null,
      "To": {
        "Map": 255,
        "X": 149,
        "Y": 171
      }
    },
    {
      "Type": 1,
      "Index": 1,
      "From": null,
      "To": {
        "Map": 255,
        "X": 186,
        "Y": 194
      }
    },
    {
      "Type": 1,
      "Index": 2,
      "From": null,
      "To": {
        "Map": 255,
        "X": 105,
        "Y": 95
      }
    },
    {
      "Type": 1,
      "Index": 3,
      "From": null,
      "To": {
        "Map": 255,
        "X": 96,
        "Y": 80
      }
    },
    {
      "Type": 1,
      "Index": 4,
      "From": null,
      "To": {
        "Map": 255,
        "X": 54,
        "Y": 220
      }
    },
    {
      "Type": 1,
      "Index": 5,
      "From": null,
      "To": {
        "Map": 255,
        "X": 107,
        "Y": 45
      }
    },
    {
      "Type": 1,
      "Index": 6,
      "From": null,
      "To": {
        "Map": 255,
        "X": 200,
        "Y": 174
      }
    },
    {
      "Type": 1,
      "Index": 7,
      "From": null,
      "To": {
        "Map": 255,
        "X": 69,
        "Y": 217
      }
    },
    {
      "Type": 1,
      "Index": 8,
      "From": null,
      "To": {
        "Map": 255,
        "X": 115,
        "Y": 144
      }
    }
  ],
  "DomainFixups": [],
  "DomainUpdates": [
    {
      "From": 11,
      "To": 0
    },
    {
      "From": 11,
      "To": 1
    },
    {
      "From": 42,
      "To": 2
    },
    {
      "From": 42,
      "To": 3
    },
    {
      "From": 42,
      "To": 4
    },
    {
      "From": 0,
      "To": 5
    },
    {
      "From": 0,
      "To": 6
    },
    {
      "From": 0,
      "To": 7
    },
    {
      "From": 6,
      "To": 8
    },
    {
      "From": 6,
      "To": 9
    },
    {
      "From": 42,
      "To": 10
    },
    {
      "From": 42,
      "To": 11
    },
    {
      "From": 43,
      "To": 12
    },
    {
      "From": 0,
      "To": 13
    },
    {
      "From": 0,
      "To": 14
    },
    {
      "From": 11,
      "To": 15
    },
    {
      "From": 52,
      "To": 16
    },
    {
      "From": 52,
      "To": 17
    },
    {
      "From": 12,
      "To": 18
    },
    {
      "From": 43,
      "To": 19
    },
    {
      "From": 43,
      "To": 20
    },
    {
      "From": 0,
      "To": 21
    },
    {
      "From": 10,
      "To": 22
    },
    {
      "From": 10,
      "To": 23
    },
    {
      "From": 0,
      "To": 24
    },
    {
      "From": 42,
      "To": 25
    },
    {
      "From": 42,
      "To": 26
    },
    {
      "From": 1,
      "To": 27
    },
    {
      "From": 29,
      "To": 28
    },
    {
      "From": 0,
      "To": 29
    },
    {
      "From": 0,
      "To": 30
    },
    {
      "From": 0,
      "To": 31
    },
    {
      "From": 11,
      "To": 32
    },
    {
      "From": 59,
      "To": 33
    },
    {
      "From": 59,
      "To": 34
    },
    {
      "From": 14,
      "To": 35
    },
    {
      "From": 40,
      "To": 36
    },
    {
      "From": 40,
      "To": 37
    },
    {
      "From": 54,
      "To": 38
    },
    {
      "From": 40,
      "To": 39
    },
    {
      "From": 0,
      "To": 40
    },
    {
      "From": 10,
      "To": 41
    },
    {
      "From": 54,
      "To": 42
    },
    {
      "From": 54,
      "To": 43
    },
    {
      "From": 40,
      "To": 44
    },
    {
      "From": 40,
      "To": 45
    },
    {
      "From": 54,
      "To": 46
    },
    {
      "From": 40,
      "To": 47
    },
    {
      "From": 28,
      "To": 48
    },
    {
      "From": 28,
      "To": 49
    },
    {
      "From": 9,
      "To": 50
    },
    {
      "From": 0,
      "To": 51
    },
    {
      "From": 40,
      "To": 52
    },
    {
      "From": 40,
      "To": 53
    },
    {
      "From": 40,
      "To": 54
    },
    {
      "From": 40,
      "To": 55
    },
    {
      "From": 0,
      "To": 56
    },
    {
      "From": 35,
      "To": 57
    },
    {
      "From": 9,
      "To": 58
    },
    {
      "From": 0,
      "To": 59
    },
    {
      "From": 0,
      "To": 60
    },
    {
      "From": 10,
      "To": 61
    },
    {
      "From": 0,
      "To": 62
    },
    {
      "From": 0,
      "To": 63
    }
  ],
  "OverworldCoordinates": {
    "Coneria": {
      "X": 53,
      "Y": 221
    },
    "ConeriaCastle1": {
      "X": 54,
      "Y": 220
    },
    "TempleOfFiends1": {
      "X": 30,
      "Y": 208
    },
    "Pravoka": {
      "X": 59,
      "Y": 231
    },
    "Gaia": {
      "X": 36,
      "Y": 57
    },
    "CastleOrdeals1": {
      "X": 96,
      "Y": 80
    },
    "TitansTunnelWest": {
      "X": 186,
      "Y": 194
    },
    "SardasCave": {
      "X": 216,
      "Y": 169
    },
    "EarthCave1": {
      "X": 107,
      "Y": 45
    },
    "MirageTower1": {
      "X": 115,
      "Y": 144
    },
    "Onrac": {
      "X": 69,
      "Y": 217
    },
    "TitansTunnelEast": {
      "X": 149,
      "Y": 171
    },
    "MatoyasCave": {
      "X": 130,
      "Y": 100
    },
    "DwarfCave": {
      "X": 48,
      "Y": 227
    },
    "Elfland": {
      "X": 15,
      "Y": 86
    },
    "ElflandCastle": {
      "X": 16,
      "Y": 85
    },
    "MarshCave1": {
      "X": 73,
      "Y": 142
    },
    "NorthwestCastle": {
      "X": 131,
      "Y": 76
    },
    "Melmond": {
      "X": 80,
      "Y": 113
    },
    "CrescentLake": {
      "X": 102,
      "Y": 170
    },
    "Lefein": {
      "X": 149,
      "Y": 142
    },
    "BahamutCave1": {
      "X": 238,
      "Y": 61
    },
    "Cardia1": {
      "X": 56,
      "Y": 167
    },
    "Cardia2": {
      "X": 237,
      "Y": 80
    },
    "Cardia4": {
      "X": 168,
      "Y": 234
    },
    "Cardia5": {
      "X": 22,
      "Y": 145
    },
    "Cardia6": {
      "X": 39,
      "Y": 20
    },
    "Waterfall": {
      "X": 97,
      "Y": 112
    },
    "IceCave1": {
      "X": 105,
      "Y": 95
    },
    "GurguVolcano1": {
      "X": 200,
      "Y": 174
    }
  }
}