﻿{
  "StartingLocation": {
    "X": 43,
    "Y": 214
  },
  "AirShipLocation": {
    "X": 84,
    "Y": 23
  },
  "BridgeLocation": {
    "X": 21,
    "Y": 201
  },
  "CanalLocation": {
    "X": 91,
    "Y": 153
  },
  "ShipLocations": [
    {
      "TeleporterIndex": 255,
      "X": 20,
      "Y": 208
    }
  ],
  "TeleporterFixups": [
    {
      "Type": 1,
      "Index": 0,
      "From": null,
      "To": {
        "Map": 255,
        "X": 175,
        "Y": 113
      }
    },
    {
      "Type": 1,
      "Index": 1,
      "From": null,
      "To": {
        "Map": 255,
        "X": 237,
        "Y": 87
      }
    },
    {
      "Type": 1,
      "Index": 2,
      "From": null,
      "To": {
        "Map": 255,
        "X": 68,
        "Y": 70
      }
    },
    {
      "Type": 1,
      "Index": 3,
      "From": null,
      "To": {
        "Map": 255,
        "X": 50,
        "Y": 135
      }
    },
    {
      "Type": 1,
      "Index": 4,
      "From": null,
      "To": {
        "Map": 255,
        "X": 43,
        "Y": 212
      }
    },
    {
      "Type": 1,
      "Index": 5,
      "From": null,
      "To": {
        "Map": 255,
        "X": 85,
        "Y": 144
      }
    },
    {
      "Type": 1,
      "Index": 6,
      "From": null,
      "To": {
        "Map": 255,
        "X": 41,
        "Y": 112
      }
    },
    {
      "Type": 1,
      "Index": 7,
      "From": null,
      "To": {
        "Map": 255,
        "X": 88,
        "Y": 91
      }
    },
    {
      "Type": 1,
      "Index": 8,
      "From": null,
      "To": {
        "Map": 255,
        "X": 32,
        "Y": 59
      }
    }
  ],
  "DomainFixups": [],
  "DomainUpdates": [
    {
      "From": 0,
      "To": 0
    },
    {
      "From": 10,
      "To": 1
    },
    {
      "From": 54,
      "To": 2
    },
    {
      "From": 54,
      "To": 3
    },
    {
      "From": 0,
      "To": 4
    },
    {
      "From": 0,
      "To": 5
    },
    {
      "From": 52,
      "To": 6
    },
    {
      "From": 52,
      "To": 7
    },
    {
      "From": 10,
      "To": 8
    },
    {
      "From": 14,
      "To": 9
    },
    {
      "From": 54,
      "To": 10
    },
    {
      "From": 54,
      "To": 11
    },
    {
      "From": 0,
      "To": 12
    },
    {
      "From": 40,
      "To": 13
    },
    {
      "From": 52,
      "To": 14
    },
    {
      "From": 52,
      "To": 15
    },
    {
      "From": 14,
      "To": 16
    },
    {
      "From": 14,
      "To": 17
    },
    {
      "From": 9,
      "To": 18
    },
    {
      "From": 54,
      "To": 19
    },
    {
      "From": 0,
      "To": 20
    },
    {
      "From": 40,
      "To": 21
    },
    {
      "From": 11,
      "To": 22
    },
    {
      "From": 11,
      "To": 23
    },
    {
      "From": 54,
      "To": 24
    },
    {
      "From": 54,
      "To": 25
    },
    {
      "From": 1,
      "To": 26
    },
    {
      "From": 9,
      "To": 27
    },
    {
      "From": 40,
      "To": 28
    },
    {
      "From": 40,
      "To": 29
    },
    {
      "From": 11,
      "To": 30
    },
    {
      "From": 40,
      "To": 31
    },
    {
      "From": 0,
      "To": 32
    },
    {
      "From": 12,
      "To": 33
    },
    {
      "From": 42,
      "To": 34
    },
    {
      "From": 42,
      "To": 35
    },
    {
      "From": 40,
      "To": 36
    },
    {
      "From": 0,
      "To": 37
    },
    {
      "From": 59,
      "To": 38
    },
    {
      "From": 59,
      "To": 39
    },
    {
      "From": 28,
      "To": 40
    },
    {
      "From": 28,
      "To": 41
    },
    {
      "From": 29,
      "To": 42
    },
    {
      "From": 0,
      "To": 43
    },
    {
      "From": 0,
      "To": 44
    },
    {
      "From": 0,
      "To": 45
    },
    {
      "From": 0,
      "To": 46
    },
    {
      "From": 59,
      "To": 47
    },
    {
      "From": 35,
      "To": 48
    },
    {
      "From": 29,
      "To": 49
    },
    {
      "From": 29,
      "To": 50
    },
    {
      "From": 0,
      "To": 51
    },
    {
      "From": 0,
      "To": 52
    },
    {
      "From": 6,
      "To": 53
    },
    {
      "From": 6,
      "To": 54
    },
    {
      "From": 0,
      "To": 55
    },
    {
      "From": 35,
      "To": 56
    },
    {
      "From": 43,
      "To": 57
    },
    {
      "From": 29,
      "To": 58
    },
    {
      "From": 0,
      "To": 59
    },
    {
      "From": 0,
      "To": 60
    },
    {
      "From": 0,
      "To": 61
    },
    {
      "From": 0,
      "To": 62
    },
    {
      "From": 0,
      "To": 63
    }
  ],
  "OverworldCoordinates": {
    "Coneria": {
      "X": 42,
      "Y": 213
    },
    "ConeriaCastle1": {
      "X": 43,
      "Y": 212
    },
    "TempleOfFiends1": {
      "X": 40,
      "Y": 191
    },
    "Pravoka": {
      "X": 21,
      "Y": 204
    },
    "Gaia": {
      "X": 193,
      "Y": 215
    },
    "CastleOrdeals1": {
      "X": 50,
      "Y": 135
    },
    "TitansTunnelWest": {
      "X": 237,
      "Y": 87
    },
    "SardasCave": {
      "X": 188,
      "Y": 60
    },
    "EarthCave1": {
      "X": 85,
      "Y": 144
    },
    "MirageTower1": {
      "X": 32,
      "Y": 59
    },
    "Onrac": {
      "X": 88,
      "Y": 91
    },
    "TitansTunnelEast": {
      "X": 175,
      "Y": 113
    },
    "MatoyasCave": {
      "X": 69,
      "Y": 217
    },
    "DwarfCave": {
      "X": 20,
      "Y": 214
    },
    "Elfland": {
      "X": 216,
      "Y": 30
    },
    "ElflandCastle": {
      "X": 217,
      "Y": 29
    },
    "MarshCave1": {
      "X": 231,
      "Y": 146
    },
    "NorthwestCastle": {
      "X": 58,
      "Y": 236
    },
    "Melmond": {
      "X": 85,
      "Y": 227
    },
    "CrescentLake": {
      "X": 87,
      "Y": 43
    },
    "Lefein": {
      "X": 53,
      "Y": 59
    },
    "BahamutCave1": {
      "X": 181,
      "Y": 39
    },
    "Cardia1": {
      "X": 196,
      "Y": 110
    },
    "Cardia2": {
      "X": 51,
      "Y": 16
    },
    "Cardia4": {
      "X": 26,
      "Y": 37
    },
    "Cardia5": {
      "X": 217,
      "Y": 81
    },
    "Cardia6": {
      "X": 75,
      "Y": 241
    },
    "Waterfall": {
      "X": 59,
      "Y": 108
    },
    "IceCave1": {
      "X": 68,
      "Y": 70
    },
    "GurguVolcano1": {
      "X": 41,
      "Y": 112
    }
  }
}