﻿{
  "StartingLocation": {
    "X": 86,
    "Y": 119
  },
  "AirShipLocation": {
    "X": 115,
    "Y": 69
  },
  "BridgeLocation": {
    "X": 102,
    "Y": 83
  },
  "CanalLocation": {
    "X": 231,
    "Y": 196
  },
  "ShipLocations": [
    {
      "TeleporterIndex": 255,
      "X": 101,
      "Y": 90
    }
  ],
  "TeleporterFixups": [
    {
      "Type": 1,
      "Index": 0,
      "From": null,
      "To": {
        "Map": 255,
        "X": 125,
        "Y": 66
      }
    },
    {
      "Type": 1,
      "Index": 1,
      "From": null,
      "To": {
        "Map": 255,
        "X": 70,
        "Y": 240
      }
    },
    {
      "Type": 1,
      "Index": 2,
      "From": null,
      "To": {
        "Map": 255,
        "X": 202,
        "Y": 143
      }
    },
    {
      "Type": 1,
      "Index": 3,
      "From": null,
      "To": {
        "Map": 255,
        "X": 174,
        "Y": 138
      }
    },
    {
      "Type": 1,
      "Index": 4,
      "From": null,
      "To": {
        "Map": 255,
        "X": 86,
        "Y": 117
      }
    },
    {
      "Type": 1,
      "Index": 5,
      "From": null,
      "To": {
        "Map": 255,
        "X": 218,
        "Y": 188
      }
    },
    {
      "Type": 1,
      "Index": 6,
      "From": null,
      "To": {
        "Map": 255,
        "X": 200,
        "Y": 181
      }
    },
    {
      "Type": 1,
      "Index": 7,
      "From": null,
      "To": {
        "Map": 255,
        "X": 179,
        "Y": 200
      }
    },
    {
      "Type": 1,
      "Index": 8,
      "From": null,
      "To": {
        "Map": 255,
        "X": 161,
        "Y": 156
      }
    }
  ],
  "DomainFixups": [],
  "DomainUpdates": [
    {
      "From": 0,
      "To": 0
    },
    {
      "From": 10,
      "To": 1
    },
    {
      "From": 0,
      "To": 2
    },
    {
      "From": 54,
      "To": 3
    },
    {
      "From": 54,
      "To": 4
    },
    {
      "From": 43,
      "To": 5
    },
    {
      "From": 0,
      "To": 6
    },
    {
      "From": 11,
      "To": 7
    },
    {
      "From": 0,
      "To": 8
    },
    {
      "From": 0,
      "To": 9
    },
    {
      "From": 0,
      "To": 10
    },
    {
      "From": 40,
      "To": 11
    },
    {
      "From": 43,
      "To": 12
    },
    {
      "From": 43,
      "To": 13
    },
    {
      "From": 0,
      "To": 14
    },
    {
      "From": 0,
      "To": 15
    },
    {
      "From": 0,
      "To": 16
    },
    {
      "From": 0,
      "To": 17
    },
    {
      "From": 36,
      "To": 18
    },
    {
      "From": 40,
      "To": 19
    },
    {
      "From": 35,
      "To": 20
    },
    {
      "From": 35,
      "To": 21
    },
    {
      "From": 0,
      "To": 22
    },
    {
      "From": 42,
      "To": 23
    },
    {
      "From": 0,
      "To": 24
    },
    {
      "From": 0,
      "To": 25
    },
    {
      "From": 36,
      "To": 26
    },
    {
      "From": 36,
      "To": 27
    },
    {
      "From": 1,
      "To": 28
    },
    {
      "From": 12,
      "To": 29
    },
    {
      "From": 12,
      "To": 30
    },
    {
      "From": 42,
      "To": 31
    },
    {
      "From": 0,
      "To": 32
    },
    {
      "From": 59,
      "To": 33
    },
    {
      "From": 59,
      "To": 34
    },
    {
      "From": 59,
      "To": 35
    },
    {
      "From": 14,
      "To": 36
    },
    {
      "From": 12,
      "To": 37
    },
    {
      "From": 54,
      "To": 38
    },
    {
      "From": 42,
      "To": 39
    },
    {
      "From": 0,
      "To": 40
    },
    {
      "From": 0,
      "To": 41
    },
    {
      "From": 0,
      "To": 42
    },
    {
      "From": 0,
      "To": 43
    },
    {
      "From": 0,
      "To": 44
    },
    {
      "From": 14,
      "To": 45
    },
    {
      "From": 54,
      "To": 46
    },
    {
      "From": 29,
      "To": 47
    },
    {
      "From": 11,
      "To": 48
    },
    {
      "From": 0,
      "To": 49
    },
    {
      "From": 40,
      "To": 50
    },
    {
      "From": 0,
      "To": 51
    },
    {
      "From": 10,
      "To": 52
    },
    {
      "From": 10,
      "To": 53
    },
    {
      "From": 52,
      "To": 54
    },
    {
      "From": 42,
      "To": 55
    },
    {
      "From": 0,
      "To": 56
    },
    {
      "From": 40,
      "To": 57
    },
    {
      "From": 40,
      "To": 58
    },
    {
      "From": 0,
      "To": 59
    },
    {
      "From": 6,
      "To": 60
    },
    {
      "From": 0,
      "To": 61
    },
    {
      "From": 52,
      "To": 62
    },
    {
      "From": 42,
      "To": 63
    }
  ],
  "OverworldCoordinates": {
    "Coneria": {
      "X": 85,
      "Y": 118
    },
    "ConeriaCastle1": {
      "X": 86,
      "Y": 117
    },
    "TempleOfFiends1": {
      "X": 139,
      "Y": 67
    },
    "Pravoka": {
      "X": 102,
      "Y": 86
    },
    "Gaia": {
      "X": 152,
      "Y": 231
    },
    "CastleOrdeals1": {
      "X": 174,
      "Y": 138
    },
    "TitansTunnelWest": {
      "X": 70,
      "Y": 240
    },
    "SardasCave": {
      "X": 67,
      "Y": 238
    },
    "EarthCave1": {
      "X": 218,
      "Y": 188
    },
    "MirageTower1": {
      "X": 161,
      "Y": 156
    },
    "Onrac": {
      "X": 179,
      "Y": 200
    },
    "TitansTunnelEast": {
      "X": 125,
      "Y": 66
    },
    "MatoyasCave": {
      "X": 223,
      "Y": 167
    },
    "DwarfCave": {
      "X": 142,
      "Y": 101
    },
    "Elfland": {
      "X": 195,
      "Y": 219
    },
    "ElflandCastle": {
      "X": 196,
      "Y": 218
    },
    "MarshCave1": {
      "X": 82,
      "Y": 136
    },
    "NorthwestCastle": {
      "X": 151,
      "Y": 53
    },
    "Melmond": {
      "X": 239,
      "Y": 150
    },
    "CrescentLake": {
      "X": 128,
      "Y": 20
    },
    "Lefein": {
      "X": 181,
      "Y": 157
    },
    "BahamutCave1": {
      "X": 87,
      "Y": 154
    },
    "Cardia1": {
      "X": 104,
      "Y": 155
    },
    "Cardia2": {
      "X": 161,
      "Y": 205
    },
    "Cardia4": {
      "X": 59,
      "Y": 12
    },
    "Cardia5": {
      "X": 14,
      "Y": 204
    },
    "Cardia6": {
      "X": 241,
      "Y": 13
    },
    "Waterfall": {
      "X": 149,
      "Y": 116
    },
    "IceCave1": {
      "X": 202,
      "Y": 143
    },
    "GurguVolcano1": {
      "X": 200,
      "Y": 181
    }
  }
}