﻿{
  "StartingLocation": {
    "X": 37,
    "Y": 193
  },
  "AirShipLocation": {
    "X": 56,
    "Y": 177
  },
  "BridgeLocation": {
    "X": 25,
    "Y": 207
  },
  "CanalLocation": {
    "X": 126,
    "Y": 111
  },
  "ShipLocations": [
    {
      "TeleporterIndex": 255,
      "X": 24,
      "Y": 214
    }
  ],
  "TeleporterFixups": [
    {
      "Type": 1,
      "Index": 0,
      "From": null,
      "To": {
        "Map": 255,
        "X": 212,
        "Y": 61
      }
    },
    {
      "Type": 1,
      "Index": 1,
      "From": null,
      "To": {
        "Map": 255,
        "X": 163,
        "Y": 203
      }
    },
    {
      "Type": 1,
      "Index": 2,
      "From": null,
      "To": {
        "Map": 255,
        "X": 105,
        "Y": 56
      }
    },
    {
      "Type": 1,
      "Index": 3,
      "From": null,
      "To": {
        "Map": 255,
        "X": 185,
        "Y": 82
      }
    },
    {
      "Type": 1,
      "Index": 4,
      "From": null,
      "To": {
        "Map": 255,
        "X": 37,
        "Y": 191
      }
    },
    {
      "Type": 1,
      "Index": 5,
      "From": null,
      "To": {
        "Map": 255,
        "X": 110,
        "Y": 92
      }
    },
    {
      "Type": 1,
      "Index": 6,
      "From": null,
      "To": {
        "Map": 255,
        "X": 122,
        "Y": 70
      }
    },
    {
      "Type": 1,
      "Index": 7,
      "From": null,
      "To": {
        "Map": 255,
        "X": 94,
        "Y": 173
      }
    },
    {
      "Type": 1,
      "Index": 8,
      "From": null,
      "To": {
        "Map": 255,
        "X": 34,
        "Y": 215
      }
    }
  ],
  "DomainFixups": [],
  "DomainUpdates": [
    {
      "From": 10,
      "To": 0
    },
    {
      "From": 10,
      "To": 1
    },
    {
      "From": 54,
      "To": 2
    },
    {
      "From": 54,
      "To": 3
    },
    {
      "From": 42,
      "To": 4
    },
    {
      "From": 35,
      "To": 5
    },
    {
      "From": 0,
      "To": 6
    },
    {
      "From": 0,
      "To": 7
    },
    {
      "From": 0,
      "To": 8
    },
    {
      "From": 0,
      "To": 9
    },
    {
      "From": 54,
      "To": 10
    },
    {
      "From": 42,
      "To": 11
    },
    {
      "From": 35,
      "To": 12
    },
    {
      "From": 1,
      "To": 13
    },
    {
      "From": 40,
      "To": 14
    },
    {
      "From": 40,
      "To": 15
    },
    {
      "From": 0,
      "To": 16
    },
    {
      "From": 0,
      "To": 17
    },
    {
      "From": 54,
      "To": 18
    },
    {
      "From": 42,
      "To": 19
    },
    {
      "From": 54,
      "To": 20
    },
    {
      "From": 43,
      "To": 21
    },
    {
      "From": 52,
      "To": 22
    },
    {
      "From": 52,
      "To": 23
    },
    {
      "From": 29,
      "To": 24
    },
    {
      "From": 29,
      "To": 25
    },
    {
      "From": 29,
      "To": 26
    },
    {
      "From": 42,
      "To": 27
    },
    {
      "From": 43,
      "To": 28
    },
    {
      "From": 43,
      "To": 29
    },
    {
      "From": 52,
      "To": 30
    },
    {
      "From": 11,
      "To": 31
    },
    {
      "From": 29,
      "To": 32
    },
    {
      "From": 29,
      "To": 33
    },
    {
      "From": 29,
      "To": 34
    },
    {
      "From": 6,
      "To": 35
    },
    {
      "From": 0,
      "To": 36
    },
    {
      "From": 40,
      "To": 37
    },
    {
      "From": 0,
      "To": 38
    },
    {
      "From": 0,
      "To": 39
    },
    {
      "From": 36,
      "To": 40
    },
    {
      "From": 36,
      "To": 41
    },
    {
      "From": 9,
      "To": 42
    },
    {
      "From": 9,
      "To": 43
    },
    {
      "From": 40,
      "To": 44
    },
    {
      "From": 40,
      "To": 45
    },
    {
      "From": 10,
      "To": 46
    },
    {
      "From": 0,
      "To": 47
    },
    {
      "From": 14,
      "To": 48
    },
    {
      "From": 14,
      "To": 49
    },
    {
      "From": 59,
      "To": 50
    },
    {
      "From": 59,
      "To": 51
    },
    {
      "From": 40,
      "To": 52
    },
    {
      "From": 40,
      "To": 53
    },
    {
      "From": 10,
      "To": 54
    },
    {
      "From": 0,
      "To": 55
    },
    {
      "From": 0,
      "To": 56
    },
    {
      "From": 14,
      "To": 57
    },
    {
      "From": 59,
      "To": 58
    },
    {
      "From": 0,
      "To": 59
    },
    {
      "From": 11,
      "To": 60
    },
    {
      "From": 11,
      "To": 61
    },
    {
      "From": 0,
      "To": 62
    },
    {
      "From": 0,
      "To": 63
    }
  ],
  "OverworldCoordinates": {
    "Coneria": {
      "X": 36,
      "Y": 192
    },
    "ConeriaCastle1": {
      "X": 37,
      "Y": 191
    },
    "TempleOfFiends1": {
      "X": 72,
      "Y": 169
    },
    "Pravoka": {
      "X": 25,
      "Y": 210
    },
    "Gaia": {
      "X": 107,
      "Y": 137
    },
    "CastleOrdeals1": {
      "X": 185,
      "Y": 82
    },
    "TitansTunnelWest": {
      "X": 163,
      "Y": 203
    },
    "SardasCave": {
      "X": 168,
      "Y": 203
    },
    "EarthCave1": {
      "X": 110,
      "Y": 92
    },
    "MirageTower1": {
      "X": 34,
      "Y": 215
    },
    "Onrac": {
      "X": 94,
      "Y": 173
    },
    "TitansTunnelEast": {
      "X": 212,
      "Y": 61
    },
    "MatoyasCave": {
      "X": 38,
      "Y": 132
    },
    "DwarfCave": {
      "X": 157,
      "Y": 42
    },
    "Elfland": {
      "X": 209,
      "Y": 79
    },
    "ElflandCastle": {
      "X": 210,
      "Y": 78
    },
    "MarshCave1": {
      "X": 73,
      "Y": 200
    },
    "NorthwestCastle": {
      "X": 162,
      "Y": 91
    },
    "Melmond": {
      "X": 128,
      "Y": 26
    },
    "CrescentLake": {
      "X": 97,
      "Y": 28
    },
    "Lefein": {
      "X": 139,
      "Y": 52
    },
    "BahamutCave1": {
      "X": 225,
      "Y": 109
    },
    "Cardia1": {
      "X": 32,
      "Y": 27
    },
    "Cardia2": {
      "X": 182,
      "Y": 28
    },
    "Cardia4": {
      "X": 212,
      "Y": 186
    },
    "Cardia5": {
      "X": 71,
      "Y": 18
    },
    "Cardia6": {
      "X": 157,
      "Y": 228
    },
    "Waterfall": {
      "X": 172,
      "Y": 51
    },
    "IceCave1": {
      "X": 105,
      "Y": 56
    },
    "GurguVolcano1": {
      "X": 122,
      "Y": 70
    }
  }
}