﻿{
  "StartingLocation": {
    "X": 192,
    "Y": 164
  },
  "AirShipLocation": {
    "X": 77,
    "Y": 57
  },
  "BridgeLocation": {
    "X": 211,
    "Y": 109
  },
  "CanalLocation": {
    "X": 48,
    "Y": 135
  },
  "ShipLocations": [
    {
      "TeleporterIndex": 255,
      "X": 210,
      "Y": 116
    }
  ],
  "TeleporterFixups": [
    {
      "Type": 1,
      "Index": 0,
      "From": null,
      "To": {
        "Map": 255,
        "X": 94,
        "Y": 143
      }
    },
    {
      "Type": 1,
      "Index": 1,
      "From": null,
      "To": {
        "Map": 255,
        "X": 182,
        "Y": 99
      }
    },
    {
      "Type": 1,
      "Index": 2,
      "From": null,
      "To": {
        "Map": 255,
        "X": 187,
        "Y": 72
      }
    },
    {
      "Type": 1,
      "Index": 3,
      "From": null,
      "To": {
        "Map": 255,
        "X": 195,
        "Y": 55
      }
    },
    {
      "Type": 1,
      "Index": 4,
      "From": null,
      "To": {
        "Map": 255,
        "X": 192,
        "Y": 162
      }
    },
    {
      "Type": 1,
      "Index": 5,
      "From": null,
      "To": {
        "Map": 255,
        "X": 54,
        "Y": 138
      }
    },
    {
      "Type": 1,
      "Index": 6,
      "From": null,
      "To": {
        "Map": 255,
        "X": 202,
        "Y": 81
      }
    },
    {
      "Type": 1,
      "Index": 7,
      "From": null,
      "To": {
        "Map": 255,
        "X": 197,
        "Y": 20
      }
    },
    {
      "Type": 1,
      "Index": 8,
      "From": null,
      "To": {
        "Map": 255,
        "X": 119,
        "Y": 117
      }
    }
  ],
  "DomainFixups": [],
  "DomainUpdates": [
    {
      "From": 10,
      "To": 0
    },
    {
      "From": 10,
      "To": 1
    },
    {
      "From": 0,
      "To": 2
    },
    {
      "From": 0,
      "To": 3
    },
    {
      "From": 35,
      "To": 4
    },
    {
      "From": 35,
      "To": 5
    },
    {
      "From": 9,
      "To": 6
    },
    {
      "From": 0,
      "To": 7
    },
    {
      "From": 42,
      "To": 8
    },
    {
      "From": 42,
      "To": 9
    },
    {
      "From": 52,
      "To": 10
    },
    {
      "From": 52,
      "To": 11
    },
    {
      "From": 35,
      "To": 12
    },
    {
      "From": 35,
      "To": 13
    },
    {
      "From": 12,
      "To": 14
    },
    {
      "From": 0,
      "To": 15
    },
    {
      "From": 42,
      "To": 16
    },
    {
      "From": 42,
      "To": 17
    },
    {
      "From": 52,
      "To": 18
    },
    {
      "From": 52,
      "To": 19
    },
    {
      "From": 14,
      "To": 20
    },
    {
      "From": 1,
      "To": 21
    },
    {
      "From": 54,
      "To": 22
    },
    {
      "From": 54,
      "To": 23
    },
    {
      "From": 6,
      "To": 24
    },
    {
      "From": 42,
      "To": 25
    },
    {
      "From": 52,
      "To": 26
    },
    {
      "From": 14,
      "To": 27
    },
    {
      "From": 14,
      "To": 28
    },
    {
      "From": 29,
      "To": 29
    },
    {
      "From": 29,
      "To": 30
    },
    {
      "From": 54,
      "To": 31
    },
    {
      "From": 10,
      "To": 32
    },
    {
      "From": 42,
      "To": 33
    },
    {
      "From": 42,
      "To": 34
    },
    {
      "From": 40,
      "To": 35
    },
    {
      "From": 0,
      "To": 36
    },
    {
      "From": 36,
      "To": 37
    },
    {
      "From": 59,
      "To": 38
    },
    {
      "From": 28,
      "To": 39
    },
    {
      "From": 11,
      "To": 40
    },
    {
      "From": 42,
      "To": 41
    },
    {
      "From": 42,
      "To": 42
    },
    {
      "From": 40,
      "To": 43
    },
    {
      "From": 43,
      "To": 44
    },
    {
      "From": 43,
      "To": 45
    },
    {
      "From": 54,
      "To": 46
    },
    {
      "From": 0,
      "To": 47
    },
    {
      "From": 0,
      "To": 48
    },
    {
      "From": 0,
      "To": 49
    },
    {
      "From": 0,
      "To": 50
    },
    {
      "From": 11,
      "To": 51
    },
    {
      "From": 43,
      "To": 52
    },
    {
      "From": 43,
      "To": 53
    },
    {
      "From": 54,
      "To": 54
    },
    {
      "From": 0,
      "To": 55
    },
    {
      "From": 0,
      "To": 56
    },
    {
      "From": 0,
      "To": 57
    },
    {
      "From": 0,
      "To": 58
    },
    {
      "From": 0,
      "To": 59
    },
    {
      "From": 0,
      "To": 60
    },
    {
      "From": 0,
      "To": 61
    },
    {
      "From": 0,
      "To": 62
    },
    {
      "From": 0,
      "To": 63
    }
  ],
  "OverworldCoordinates": {
    "Coneria": {
      "X": 191,
      "Y": 163
    },
    "ConeriaCastle1": {
      "X": 192,
      "Y": 162
    },
    "TempleOfFiends1": {
      "X": 214,
      "Y": 158
    },
    "Pravoka": {
      "X": 211,
      "Y": 112
    },
    "Gaia": {
      "X": 18,
      "Y": 96
    },
    "CastleOrdeals1": {
      "X": 195,
      "Y": 55
    },
    "TitansTunnelWest": {
      "X": 182,
      "Y": 99
    },
    "SardasCave": {
      "X": 184,
      "Y": 99
    },
    "EarthCave1": {
      "X": 54,
      "Y": 138
    },
    "MirageTower1": {
      "X": 119,
      "Y": 117
    },
    "Onrac": {
      "X": 197,
      "Y": 20
    },
    "TitansTunnelEast": {
      "X": 94,
      "Y": 143
    },
    "MatoyasCave": {
      "X": 173,
      "Y": 106
    },
    "DwarfCave": {
      "X": 186,
      "Y": 24
    },
    "Elfland": {
      "X": 81,
      "Y": 113
    },
    "ElflandCastle": {
      "X": 82,
      "Y": 112
    },
    "MarshCave1": {
      "X": 212,
      "Y": 139
    },
    "NorthwestCastle": {
      "X": 171,
      "Y": 181
    },
    "Melmond": {
      "X": 59,
      "Y": 155
    },
    "CrescentLake": {
      "X": 189,
      "Y": 176
    },
    "Lefein": {
      "X": 55,
      "Y": 85
    },
    "BahamutCave1": {
      "X": 38,
      "Y": 187
    },
    "Cardia1": {
      "X": 27,
      "Y": 24
    },
    "Cardia2": {
      "X": 18,
      "Y": 160
    },
    "Cardia4": {
      "X": 109,
      "Y": 96
    },
    "Cardia5": {
      "X": 112,
      "Y": 211
    },
    "Cardia6": {
      "X": 238,
      "Y": 144
    },
    "Waterfall": {
      "X": 165,
      "Y": 88
    },
    "IceCave1": {
      "X": 187,
      "Y": 72
    },
    "GurguVolcano1": {
      "X": 202,
      "Y": 81
    }
  }
}