﻿{
  "StartingLocation": {
    "X": 119,
    "Y": 196
  },
  "AirShipLocation": {
    "X": 226,
    "Y": 156
  },
  "BridgeLocation": {
    "X": 131,
    "Y": 210
  },
  "CanalLocation": {
    "X": 102,
    "Y": 228
  },
  "ShipLocations": [
    {
      "TeleporterIndex": 1,
      "X": 102,
      "Y": 178
    },
    {
      "TeleporterIndex": 9,
      "X": 102,
      "Y": 178
    },
    {
      "TeleporterIndex": 255,
      "X": 102,
      "Y": 178
    },
    {
      "TeleporterIndex": 13,
      "X": 102,
      "Y": 178
    },
    {
      "TeleporterIndex": 2,
      "X": 130,
      "Y": 217
    },
    {
      "TeleporterIndex": 24,
      "X": 83,
      "Y": 94
    },
    {
      "TeleporterIndex": 7,
      "X": 130,
      "Y": 217
    },
    {
      "TeleporterIndex": 3,
      "X": 203,
      "Y": 169
    },
    {
      "TeleporterIndex": 10,
      "X": 203,
      "Y": 169
    },
    {
      "TeleporterIndex": 23,
      "X": 240,
      "Y": 127
    },
    {
      "TeleporterIndex": 11,
      "X": 86,
      "Y": 36
    },
    {
      "TeleporterIndex": 4,
      "X": 165,
      "Y": 116
    },
    {
      "TeleporterIndex": 5,
      "X": 83,
      "Y": 94
    },
    {
      "TeleporterIndex": 29,
      "X": 223,
      "Y": 108
    }
  ],
  "TeleporterFixups": [
    {
      "Type": 1,
      "Index": 0,
      "From": null,
      "To": {
        "Map": 255,
        "X": 140,
        "Y": 174
      }
    },
    {
      "Type": 1,
      "Index": 1,
      "From": null,
      "To": {
        "Map": 255,
        "X": 183,
        "Y": 137
      }
    },
    {
      "Type": 1,
      "Index": 2,
      "From": null,
      "To": {
        "Map": 255,
        "X": 150,
        "Y": 150
      }
    },
    {
      "Type": 1,
      "Index": 3,
      "From": null,
      "To": {
        "Map": 255,
        "X": 180,
        "Y": 102
      }
    },
    {
      "Type": 1,
      "Index": 4,
      "From": null,
      "To": {
        "Map": 255,
        "X": 119,
        "Y": 194
      }
    },
    {
      "Type": 1,
      "Index": 5,
      "From": null,
      "To": {
        "Map": 255,
        "X": 93,
        "Y": 212
      }
    },
    {
      "Type": 1,
      "Index": 6,
      "From": null,
      "To": {
        "Map": 255,
        "X": 100,
        "Y": 80
      }
    },
    {
      "Type": 1,
      "Index": 7,
      "From": null,
      "To": {
        "Map": 255,
        "X": 128,
        "Y": 230
      }
    },
    {
      "Type": 1,
      "Index": 8,
      "From": null,
      "To": {
        "Map": 255,
        "X": 57,
        "Y": 101
      }
    }
  ],
  "DomainFixups": [],
  "DomainUpdates": [
    {
      "From": 10,
      "To": 0
    },
    {
      "From": 43,
      "To": 1
    },
    {
      "From": 43,
      "To": 2
    },
    {
      "From": 43,
      "To": 3
    },
    {
      "From": 10,
      "To": 4
    },
    {
      "From": 10,
      "To": 5
    },
    {
      "From": 6,
      "To": 6
    },
    {
      "From": 0,
      "To": 7
    },
    {
      "From": 43,
      "To": 8
    },
    {
      "From": 43,
      "To": 9
    },
    {
      "From": 43,
      "To": 10
    },
    {
      "From": 54,
      "To": 11
    },
    {
      "From": 54,
      "To": 12
    },
    {
      "From": 10,
      "To": 13
    },
    {
      "From": 0,
      "To": 14
    },
    {
      "From": 0,
      "To": 15
    },
    {
      "From": 43,
      "To": 16
    },
    {
      "From": 43,
      "To": 17
    },
    {
      "From": 43,
      "To": 18
    },
    {
      "From": 54,
      "To": 19
    },
    {
      "From": 54,
      "To": 20
    },
    {
      "From": 0,
      "To": 21
    },
    {
      "From": 1,
      "To": 22
    },
    {
      "From": 1,
      "To": 23
    },
    {
      "From": 14,
      "To": 24
    },
    {
      "From": 14,
      "To": 25
    },
    {
      "From": 14,
      "To": 26
    },
    {
      "From": 54,
      "To": 27
    },
    {
      "From": 42,
      "To": 28
    },
    {
      "From": 12,
      "To": 29
    },
    {
      "From": 1,
      "To": 30
    },
    {
      "From": 59,
      "To": 31
    },
    {
      "From": 0,
      "To": 32
    },
    {
      "From": 54,
      "To": 33
    },
    {
      "From": 54,
      "To": 34
    },
    {
      "From": 28,
      "To": 35
    },
    {
      "From": 42,
      "To": 36
    },
    {
      "From": 54,
      "To": 37
    },
    {
      "From": 59,
      "To": 38
    },
    {
      "From": 59,
      "To": 39
    },
    {
      "From": 0,
      "To": 40
    },
    {
      "From": 0,
      "To": 41
    },
    {
      "From": 10,
      "To": 42
    },
    {
      "From": 29,
      "To": 43
    },
    {
      "From": 40,
      "To": 44
    },
    {
      "From": 52,
      "To": 45
    },
    {
      "From": 52,
      "To": 46
    },
    {
      "From": 59,
      "To": 47
    },
    {
      "From": 0,
      "To": 48
    },
    {
      "From": 0,
      "To": 49
    },
    {
      "From": 42,
      "To": 50
    },
    {
      "From": 36,
      "To": 51
    },
    {
      "From": 36,
      "To": 52
    },
    {
      "From": 31,
      "To": 53
    },
    {
      "From": 0,
      "To": 54
    },
    {
      "From": 0,
      "To": 55
    },
    {
      "From": 0,
      "To": 56
    },
    {
      "From": 11,
      "To": 57
    },
    {
      "From": 42,
      "To": 58
    },
    {
      "From": 42,
      "To": 59
    },
    {
      "From": 9,
      "To": 60
    },
    {
      "From": 0,
      "To": 61
    },
    {
      "From": 0,
      "To": 62
    },
    {
      "From": 11,
      "To": 63
    }
  ],
  "OverworldCoordinates": {
    "Coneria": {
      "X": 118,
      "Y": 195
    },
    "ConeriaCastle1": {
      "X": 119,
      "Y": 194
    },
    "TempleOfFiends1": {
      "X": 115,
      "Y": 162
    },
    "Pravoka": {
      "X": 131,
      "Y": 213
    },
    "Gaia": {
      "X": 215,
      "Y": 20
    },
    "CastleOrdeals1": {
      "X": 180,
      "Y": 102
    },
    "TitansTunnelWest": {
      "X": 183,
      "Y": 137
    },
    "SardasCave": {
      "X": 181,
      "Y": 137
    },
    "EarthCave1": {
      "X": 93,
      "Y": 212
    },
    "MirageTower1": {
      "X": 57,
      "Y": 101
    },
    "Onrac": {
      "X": 128,
      "Y": 230
    },
    "TitansTunnelEast": {
      "X": 140,
      "Y": 174
    },
    "MatoyasCave": {
      "X": 120,
      "Y": 170
    },
    "DwarfCave": {
      "X": 155,
      "Y": 169
    },
    "Elfland": {
      "X": 178,
      "Y": 172
    },
    "ElflandCastle": {
      "X": 179,
      "Y": 171
    },
    "MarshCave1": {
      "X": 219,
      "Y": 132
    },
    "NorthwestCastle": {
      "X": 59,
      "Y": 68
    },
    "Melmond": {
      "X": 141,
      "Y": 132
    },
    "CrescentLake": {
      "X": 69,
      "Y": 137
    },
    "Lefein": {
      "X": 190,
      "Y": 216
    },
    "BahamutCave1": {
      "X": 234,
      "Y": 239
    },
    "Cardia1": {
      "X": 81,
      "Y": 160
    },
    "Cardia2": {
      "X": 157,
      "Y": 32
    },
    "Cardia4": {
      "X": 32,
      "Y": 25
    },
    "Cardia5": {
      "X": 64,
      "Y": 225
    },
    "Cardia6": {
      "X": 206,
      "Y": 118
    },
    "Waterfall": {
      "X": 192,
      "Y": 103
    },
    "IceCave1": {
      "X": 150,
      "Y": 150
    },
    "GurguVolcano1": {
      "X": 100,
      "Y": 80
    }
  }
}