﻿{
  "StartingLocation": {
    "X": 135,
    "Y": 87
  },
  "AirShipLocation": {
    "X": 66,
    "Y": 99
  },
  "BridgeLocation": {
    "X": 138,
    "Y": 97
  },
  "CanalLocation": {
    "X": 28,
    "Y": 113
  },
  "ShipLocations": [
    {
      "TeleporterIndex": 1,
      "X": 137,
      "Y": 104
    },
    {
      "TeleporterIndex": 9,
      "X": 137,
      "Y": 104
    },
    {
      "TeleporterIndex": 255,
      "X": 137,
      "Y": 104
    },
    {
      "TeleporterIndex": 13,
      "X": 137,
      "Y": 104
    },
    {
      "TeleporterIndex": 2,
      "X": 137,
      "Y": 104
    },
    {
      "TeleporterIndex": 3,
      "X": 123,
      "Y": 224
    },
    {
      "TeleporterIndex": 10,
      "X": 123,
      "Y": 224
    },
    {
      "TeleporterIndex": 23,
      "X": 101,
      "Y": 160
    },
    {
      "TeleporterIndex": 11,
      "X": 200,
      "Y": 238
    },
    {
      "TeleporterIndex": 4,
      "X": 82,
      "Y": 63
    },
    {
      "TeleporterIndex": 5,
      "X": 111,
      "Y": 44
    }
  ],
  "TeleporterFixups": [
    {
      "Type": 1,
      "Index": 0,
      "From": null,
      "To": {
        "Map": 255,
        "X": 229,
        "Y": 218
      }
    },
    {
      "Type": 1,
      "Index": 1,
      "From": null,
      "To": {
        "Map": 255,
        "X": 26,
        "Y": 218
      }
    },
    {
      "Type": 1,
      "Index": 2,
      "From": null,
      "To": {
        "Map": 255,
        "X": 118,
        "Y": 67
      }
    },
    {
      "Type": 1,
      "Index": 3,
      "From": null,
      "To": {
        "Map": 255,
        "X": 155,
        "Y": 209
      }
    },
    {
      "Type": 1,
      "Index": 4,
      "From": null,
      "To": {
        "Map": 255,
        "X": 135,
        "Y": 85
      }
    },
    {
      "Type": 1,
      "Index": 5,
      "From": null,
      "To": {
        "Map": 255,
        "X": 22,
        "Y": 110
      }
    },
    {
      "Type": 1,
      "Index": 6,
      "From": null,
      "To": {
        "Map": 255,
        "X": 134,
        "Y": 178
      }
    },
    {
      "Type": 1,
      "Index": 7,
      "From": null,
      "To": {
        "Map": 255,
        "X": 82,
        "Y": 95
      }
    },
    {
      "Type": 1,
      "Index": 8,
      "From": null,
      "To": {
        "Map": 255,
        "X": 12,
        "Y": 30
      }
    }
  ],
  "DomainFixups": [],
  "DomainUpdates": [
    {
      "From": 14,
      "To": 0
    },
    {
      "From": 11,
      "To": 1
    },
    {
      "From": 11,
      "To": 2
    },
    {
      "From": 28,
      "To": 3
    },
    {
      "From": 10,
      "To": 4
    },
    {
      "From": 0,
      "To": 5
    },
    {
      "From": 0,
      "To": 6
    },
    {
      "From": 0,
      "To": 7
    },
    {
      "From": 9,
      "To": 8
    },
    {
      "From": 9,
      "To": 9
    },
    {
      "From": 54,
      "To": 10
    },
    {
      "From": 54,
      "To": 11
    },
    {
      "From": 28,
      "To": 12
    },
    {
      "From": 0,
      "To": 13
    },
    {
      "From": 0,
      "To": 14
    },
    {
      "From": 0,
      "To": 15
    },
    {
      "From": 9,
      "To": 16
    },
    {
      "From": 9,
      "To": 17
    },
    {
      "From": 54,
      "To": 18
    },
    {
      "From": 42,
      "To": 19
    },
    {
      "From": 36,
      "To": 20
    },
    {
      "From": 0,
      "To": 21
    },
    {
      "From": 0,
      "To": 22
    },
    {
      "From": 0,
      "To": 23
    },
    {
      "From": 42,
      "To": 24
    },
    {
      "From": 9,
      "To": 25
    },
    {
      "From": 9,
      "To": 26
    },
    {
      "From": 36,
      "To": 27
    },
    {
      "From": 36,
      "To": 28
    },
    {
      "From": 0,
      "To": 29
    },
    {
      "From": 0,
      "To": 30
    },
    {
      "From": 0,
      "To": 31
    },
    {
      "From": 0,
      "To": 32
    },
    {
      "From": 0,
      "To": 33
    },
    {
      "From": 0,
      "To": 34
    },
    {
      "From": 59,
      "To": 35
    },
    {
      "From": 0,
      "To": 36
    },
    {
      "From": 0,
      "To": 37
    },
    {
      "From": 10,
      "To": 38
    },
    {
      "From": 10,
      "To": 39
    },
    {
      "From": 0,
      "To": 40
    },
    {
      "From": 0,
      "To": 41
    },
    {
      "From": 59,
      "To": 42
    },
    {
      "From": 59,
      "To": 43
    },
    {
      "From": 54,
      "To": 44
    },
    {
      "From": 1,
      "To": 45
    },
    {
      "From": 29,
      "To": 46
    },
    {
      "From": 29,
      "To": 47
    },
    {
      "From": 40,
      "To": 48
    },
    {
      "From": 6,
      "To": 49
    },
    {
      "From": 6,
      "To": 50
    },
    {
      "From": 52,
      "To": 51
    },
    {
      "From": 12,
      "To": 52
    },
    {
      "From": 1,
      "To": 53
    },
    {
      "From": 35,
      "To": 54
    },
    {
      "From": 40,
      "To": 55
    },
    {
      "From": 40,
      "To": 56
    },
    {
      "From": 40,
      "To": 57
    },
    {
      "From": 0,
      "To": 58
    },
    {
      "From": 10,
      "To": 59
    },
    {
      "From": 0,
      "To": 60
    },
    {
      "From": 43,
      "To": 61
    },
    {
      "From": 43,
      "To": 62
    },
    {
      "From": 40,
      "To": 63
    }
  ],
  "OverworldCoordinates": {
    "Coneria": {
      "X": 134,
      "Y": 86
    },
    "ConeriaCastle1": {
      "X": 135,
      "Y": 85
    },
    "TempleOfFiends1": {
      "X": 134,
      "Y": 29
    },
    "Pravoka": {
      "X": 138,
      "Y": 100
    },
    "Gaia": {
      "X": 64,
      "Y": 216
    },
    "CastleOrdeals1": {
      "X": 155,
      "Y": 209
    },
    "TitansTunnelWest": {
      "X": 26,
      "Y": 218
    },
    "SardasCave": {
      "X": 28,
      "Y": 218
    },
    "EarthCave1": {
      "X": 22,
      "Y": 110
    },
    "MirageTower1": {
      "X": 12,
      "Y": 30
    },
    "Onrac": {
      "X": 82,
      "Y": 95
    },
    "TitansTunnelEast": {
      "X": 229,
      "Y": 218
    },
    "MatoyasCave": {
      "X": 230,
      "Y": 188
    },
    "DwarfCave": {
      "X": 212,
      "Y": 217
    },
    "Elfland": {
      "X": 116,
      "Y": 207
    },
    "ElflandCastle": {
      "X": 117,
      "Y": 206
    },
    "MarshCave1": {
      "X": 105,
      "Y": 173
    },
    "NorthwestCastle": {
      "X": 213,
      "Y": 239
    },
    "Melmond": {
      "X": 99,
      "Y": 89
    },
    "CrescentLake": {
      "X": 92,
      "Y": 48
    },
    "Lefein": {
      "X": 17,
      "Y": 53
    },
    "BahamutCave1": {
      "X": 72,
      "Y": 21
    },
    "Cardia1": {
      "X": 148,
      "Y": 21
    },
    "Cardia2": {
      "X": 102,
      "Y": 227
    },
    "Cardia4": {
      "X": 228,
      "Y": 161
    },
    "Cardia5": {
      "X": 51,
      "Y": 25
    },
    "Cardia6": {
      "X": 125,
      "Y": 123
    },
    "Waterfall": {
      "X": 157,
      "Y": 196
    },
    "IceCave1": {
      "X": 118,
      "Y": 67
    },
    "GurguVolcano1": {
      "X": 134,
      "Y": 178
    }
  }
}