﻿{
  "StartingLocation": {
    "X": 201,
    "Y": 123
  },
  "AirShipLocation": {
    "X": 213,
    "Y": 105
  },
  "BridgeLocation": {
    "X": 164,
    "Y": 37
  },
  "CanalLocation": {
    "X": 150,
    "Y": 136
  },
  "ShipLocations": [
    {
      "TeleporterIndex": 1,
      "X": 214,
      "Y": 66
    },
    {
      "TeleporterIndex": 9,
      "X": 214,
      "Y": 66
    },
    {
      "TeleporterIndex": 255,
      "X": 214,
      "Y": 66
    },
    {
      "TeleporterIndex": 13,
      "X": 67,
      "Y": 36
    },
    {
      "TeleporterIndex": 2,
      "X": 163,
      "Y": 44
    },
    {
      "TeleporterIndex": 24,
      "X": 119,
      "Y": 17
    },
    {
      "TeleporterIndex": 3,
      "X": 214,
      "Y": 66
    },
    {
      "TeleporterIndex": 10,
      "X": 214,
      "Y": 66
    },
    {
      "TeleporterIndex": 23,
      "X": 57,
      "Y": 136
    },
    {
      "TeleporterIndex": 11,
      "X": 145,
      "Y": 25
    },
    {
      "TeleporterIndex": 4,
      "X": 163,
      "Y": 44
    },
    {
      "TeleporterIndex": 5,
      "X": 57,
      "Y": 65
    },
    {
      "TeleporterIndex": 18,
      "X": 91,
      "Y": 164
    },
    {
      "TeleporterIndex": 0,
      "X": 214,
      "Y": 66
    },
    {
      "TeleporterIndex": 17,
      "X": 214,
      "Y": 66
    },
    {
      "TeleporterIndex": 27,
      "X": 163,
      "Y": 44
    },
    {
      "TeleporterIndex": 28,
      "X": 163,
      "Y": 44
    },
    {
      "TeleporterIndex": 19,
      "X": 163,
      "Y": 44
    }
  ],
  "TeleporterFixups": [
    {
      "Type": 1,
      "Index": 0,
      "From": null,
      "To": {
        "Map": 255,
        "X": 173,
        "Y": 91
      }
    },
    {
      "Type": 1,
      "Index": 1,
      "From": null,
      "To": {
        "Map": 255,
        "X": 170,
        "Y": 120
      }
    },
    {
      "Type": 1,
      "Index": 2,
      "From": null,
      "To": {
        "Map": 255,
        "X": 118,
        "Y": 90
      }
    },
    {
      "Type": 1,
      "Index": 3,
      "From": null,
      "To": {
        "Map": 255,
        "X": 137,
        "Y": 71
      }
    },
    {
      "Type": 1,
      "Index": 4,
      "From": null,
      "To": {
        "Map": 255,
        "X": 201,
        "Y": 121
      }
    },
    {
      "Type": 1,
      "Index": 5,
      "From": null,
      "To": {
        "Map": 255,
        "X": 165,
        "Y": 143
      }
    },
    {
      "Type": 1,
      "Index": 6,
      "From": null,
      "To": {
        "Map": 255,
        "X": 148,
        "Y": 111
      }
    },
    {
      "Type": 1,
      "Index": 7,
      "From": null,
      "To": {
        "Map": 255,
        "X": 28,
        "Y": 154
      }
    },
    {
      "Type": 1,
      "Index": 8,
      "From": null,
      "To": {
        "Map": 255,
        "X": 108,
        "Y": 37
      }
    }
  ],
  "DomainFixups": [],
  "DomainUpdates": [
    {
      "From": 0,
      "To": 0
    },
    {
      "From": 0,
      "To": 1
    },
    {
      "From": 14,
      "To": 2
    },
    {
      "From": 14,
      "To": 3
    },
    {
      "From": 43,
      "To": 4
    },
    {
      "From": 42,
      "To": 5
    },
    {
      "From": 0,
      "To": 6
    },
    {
      "From": 0,
      "To": 7
    },
    {
      "From": 0,
      "To": 8
    },
    {
      "From": 28,
      "To": 9
    },
    {
      "From": 28,
      "To": 10
    },
    {
      "From": 14,
      "To": 11
    },
    {
      "From": 43,
      "To": 12
    },
    {
      "From": 42,
      "To": 13
    },
    {
      "From": 11,
      "To": 14
    },
    {
      "From": 0,
      "To": 15
    },
    {
      "From": 29,
      "To": 16
    },
    {
      "From": 29,
      "To": 17
    },
    {
      "From": 54,
      "To": 18
    },
    {
      "From": 11,
      "To": 19
    },
    {
      "From": 12,
      "To": 20
    },
    {
      "From": 11,
      "To": 21
    },
    {
      "From": 10,
      "To": 22
    },
    {
      "From": 0,
      "To": 23
    },
    {
      "From": 29,
      "To": 24
    },
    {
      "From": 29,
      "To": 25
    },
    {
      "From": 59,
      "To": 26
    },
    {
      "From": 59,
      "To": 27
    },
    {
      "From": 54,
      "To": 28
    },
    {
      "From": 10,
      "To": 29
    },
    {
      "From": 52,
      "To": 30
    },
    {
      "From": 52,
      "To": 31
    },
    {
      "From": 9,
      "To": 32
    },
    {
      "From": 35,
      "To": 33
    },
    {
      "From": 35,
      "To": 34
    },
    {
      "From": 11,
      "To": 35
    },
    {
      "From": 42,
      "To": 36
    },
    {
      "From": 42,
      "To": 37
    },
    {
      "From": 36,
      "To": 38
    },
    {
      "From": 0,
      "To": 39
    },
    {
      "From": 9,
      "To": 40
    },
    {
      "From": 35,
      "To": 41
    },
    {
      "From": 11,
      "To": 42
    },
    {
      "From": 11,
      "To": 43
    },
    {
      "From": 0,
      "To": 44
    },
    {
      "From": 0,
      "To": 45
    },
    {
      "From": 0,
      "To": 46
    },
    {
      "From": 0,
      "To": 47
    },
    {
      "From": 0,
      "To": 48
    },
    {
      "From": 35,
      "To": 49
    },
    {
      "From": 35,
      "To": 50
    },
    {
      "From": 0,
      "To": 51
    },
    {
      "From": 0,
      "To": 52
    },
    {
      "From": 0,
      "To": 53
    },
    {
      "From": 0,
      "To": 54
    },
    {
      "From": 0,
      "To": 55
    },
    {
      "From": 0,
      "To": 56
    },
    {
      "From": 0,
      "To": 57
    },
    {
      "From": 0,
      "To": 58
    },
    {
      "From": 0,
      "To": 59
    },
    {
      "From": 0,
      "To": 60
    },
    {
      "From": 0,
      "To": 61
    },
    {
      "From": 0,
      "To": 62
    },
    {
      "From": 0,
      "To": 63
    }
  ],
  "OverworldCoordinates": {
    "Coneria": {
      "X": 200,
      "Y": 122
    },
    "ConeriaCastle1": {
      "X": 201,
      "Y": 121
    },
    "TempleOfFiends1": {
      "X": 91,
      "Y": 60
    },
    "Pravoka": {
      "X": 164,
      "Y": 40
    },
    "Gaia": {
      "X": 30,
      "Y": 182
    },
    "CastleOrdeals1": {
      "X": 137,
      "Y": 71
    },
    "TitansTunnelWest": {
      "X": 170,
      "Y": 120
    },
    "SardasCave": {
      "X": 168,
      "Y": 120
    },
    "EarthCave1": {
      "X": 165,
      "Y": 143
    },
    "MirageTower1": {
      "X": 108,
      "Y": 37
    },
    "Onrac": {
      "X": 28,
      "Y": 154
    },
    "TitansTunnelEast": {
      "X": 173,
      "Y": 91
    },
    "MatoyasCave": {
      "X": 36,
      "Y": 115
    },
    "DwarfCave": {
      "X": 86,
      "Y": 128
    },
    "Elfland": {
      "X": 223,
      "Y": 113
    },
    "ElflandCastle": {
      "X": 224,
      "Y": 112
    },
    "MarshCave1": {
      "X": 101,
      "Y": 116
    },
    "NorthwestCastle": {
      "X": 135,
      "Y": 45
    },
    "Melmond": {
      "X": 163,
      "Y": 63
    },
    "CrescentLake": {
      "X": 79,
      "Y": 95
    },
    "Lefein": {
      "X": 112,
      "Y": 64
    },
    "BahamutCave1": {
      "X": 102,
      "Y": 137
    },
    "Cardia1": {
      "X": 186,
      "Y": 105
    },
    "Cardia2": {
      "X": 191,
      "Y": 87
    },
    "Cardia4": {
      "X": 161,
      "Y": 78
    },
    "Cardia5": {
      "X": 179,
      "Y": 65
    },
    "Cardia6": {
      "X": 98,
      "Y": 77
    },
    "Waterfall": {
      "X": 153,
      "Y": 73
    },
    "IceCave1": {
      "X": 118,
      "Y": 90
    },
    "GurguVolcano1": {
      "X": 148,
      "Y": 111
    }
  }
}