﻿{
  "StartingLocation": {
    "X": 220,
    "Y": 117
  },
  "AirShipLocation": {
    "X": 189,
    "Y": 172
  },
  "BridgeLocation": {
    "X": 232,
    "Y": 165
  },
  "CanalLocation": {
    "X": 24,
    "Y": 103
  },
  "ShipLocations": [
    {
      "TeleporterIndex": 255,
      "X": 231,
      "Y": 172
    }
  ],
  "TeleporterFixups": [
    {
      "Type": 1,
      "Index": 0,
      "From": null,
      "To": {
        "Map": 255,
        "X": 237,
        "Y": 134
      }
    },
    {
      "Type": 1,
      "Index": 1,
      "From": null,
      "To": {
        "Map": 255,
        "X": 22,
        "Y": 183
      }
    },
    {
      "Type": 1,
      "Index": 2,
      "From": null,
      "To": {
        "Map": 255,
        "X": 174,
        "Y": 76
      }
    },
    {
      "Type": 1,
      "Index": 3,
      "From": null,
      "To": {
        "Map": 255,
        "X": 196,
        "Y": 110
      }
    },
    {
      "Type": 1,
      "Index": 4,
      "From": null,
      "To": {
        "Map": 255,
        "X": 220,
        "Y": 115
      }
    },
    {
      "Type": 1,
      "Index": 5,
      "From": null,
      "To": {
        "Map": 255,
        "X": 26,
        "Y": 128
      }
    },
    {
      "Type": 1,
      "Index": 6,
      "From": null,
      "To": {
        "Map": 255,
        "X": 197,
        "Y": 134
      }
    },
    {
      "Type": 1,
      "Index": 7,
      "From": null,
      "To": {
        "Map": 255,
        "X": 237,
        "Y": 111
      }
    },
    {
      "Type": 1,
      "Index": 8,
      "From": null,
      "To": {
        "Map": 255,
        "X": 35,
        "Y": 113
      }
    }
  ],
  "DomainFixups": [],
  "DomainUpdates": [
    {
      "From": 0,
      "To": 0
    },
    {
      "From": 43,
      "To": 1
    },
    {
      "From": 35,
      "To": 2
    },
    {
      "From": 11,
      "To": 3
    },
    {
      "From": 11,
      "To": 4
    },
    {
      "From": 10,
      "To": 5
    },
    {
      "From": 42,
      "To": 6
    },
    {
      "From": 42,
      "To": 7
    },
    {
      "From": 43,
      "To": 8
    },
    {
      "From": 43,
      "To": 9
    },
    {
      "From": 35,
      "To": 10
    },
    {
      "From": 0,
      "To": 11
    },
    {
      "From": 54,
      "To": 12
    },
    {
      "From": 1,
      "To": 13
    },
    {
      "From": 42,
      "To": 14
    },
    {
      "From": 42,
      "To": 15
    },
    {
      "From": 14,
      "To": 16
    },
    {
      "From": 14,
      "To": 17
    },
    {
      "From": 54,
      "To": 18
    },
    {
      "From": 0,
      "To": 19
    },
    {
      "From": 54,
      "To": 20
    },
    {
      "From": 54,
      "To": 21
    },
    {
      "From": 1,
      "To": 22
    },
    {
      "From": 6,
      "To": 23
    },
    {
      "From": 14,
      "To": 24
    },
    {
      "From": 14,
      "To": 25
    },
    {
      "From": 0,
      "To": 26
    },
    {
      "From": 0,
      "To": 27
    },
    {
      "From": 54,
      "To": 28
    },
    {
      "From": 12,
      "To": 29
    },
    {
      "From": 12,
      "To": 30
    },
    {
      "From": 9,
      "To": 31
    },
    {
      "From": 42,
      "To": 32
    },
    {
      "From": 11,
      "To": 33
    },
    {
      "From": 11,
      "To": 34
    },
    {
      "From": 0,
      "To": 35
    },
    {
      "From": 29,
      "To": 36
    },
    {
      "From": 29,
      "To": 37
    },
    {
      "From": 54,
      "To": 38
    },
    {
      "From": 40,
      "To": 39
    },
    {
      "From": 40,
      "To": 40
    },
    {
      "From": 40,
      "To": 41
    },
    {
      "From": 11,
      "To": 42
    },
    {
      "From": 0,
      "To": 43
    },
    {
      "From": 0,
      "To": 44
    },
    {
      "From": 54,
      "To": 45
    },
    {
      "From": 54,
      "To": 46
    },
    {
      "From": 40,
      "To": 47
    },
    {
      "From": 10,
      "To": 48
    },
    {
      "From": 40,
      "To": 49
    },
    {
      "From": 40,
      "To": 50
    },
    {
      "From": 52,
      "To": 51
    },
    {
      "From": 59,
      "To": 52
    },
    {
      "From": 0,
      "To": 53
    },
    {
      "From": 0,
      "To": 54
    },
    {
      "From": 10,
      "To": 55
    },
    {
      "From": 10,
      "To": 56
    },
    {
      "From": 40,
      "To": 57
    },
    {
      "From": 40,
      "To": 58
    },
    {
      "From": 52,
      "To": 59
    },
    {
      "From": 0,
      "To": 60
    },
    {
      "From": 0,
      "To": 61
    },
    {
      "From": 0,
      "To": 62
    },
    {
      "From": 0,
      "To": 63
    }
  ],
  "OverworldCoordinates": {
    "Coneria": {
      "X": 219,
      "Y": 116
    },
    "ConeriaCastle1": {
      "X": 220,
      "Y": 115
    },
    "TempleOfFiends1": {
      "X": 220,
      "Y": 134
    },
    "Pravoka": {
      "X": 232,
      "Y": 168
    },
    "Gaia": {
      "X": 230,
      "Y": 65
    },
    "CastleOrdeals1": {
      "X": 196,
      "Y": 110
    },
    "TitansTunnelWest": {
      "X": 22,
      "Y": 183
    },
    "SardasCave": {
      "X": 37,
      "Y": 199
    },
    "EarthCave1": {
      "X": 26,
      "Y": 128
    },
    "MirageTower1": {
      "X": 35,
      "Y": 113
    },
    "Onrac": {
      "X": 237,
      "Y": 111
    },
    "TitansTunnelEast": {
      "X": 237,
      "Y": 134
    },
    "MatoyasCave": {
      "X": 171,
      "Y": 142
    },
    "DwarfCave": {
      "X": 81,
      "Y": 39
    },
    "Elfland": {
      "X": 100,
      "Y": 218
    },
    "ElflandCastle": {
      "X": 101,
      "Y": 217
    },
    "MarshCave1": {
      "X": 136,
      "Y": 213
    },
    "NorthwestCastle": {
      "X": 58,
      "Y": 52
    },
    "Melmond": {
      "X": 230,
      "Y": 25
    },
    "CrescentLake": {
      "X": 74,
      "Y": 61
    },
    "Lefein": {
      "X": 218,
      "Y": 37
    },
    "BahamutCave1": {
      "X": 127,
      "Y": 15
    },
    "Cardia1": {
      "X": 231,
      "Y": 204
    },
    "Cardia2": {
      "X": 19,
      "Y": 217
    },
    "Cardia4": {
      "X": 183,
      "Y": 15
    },
    "Cardia5": {
      "X": 62,
      "Y": 164
    },
    "Cardia6": {
      "X": 42,
      "Y": 126
    },
    "Waterfall": {
      "X": 190,
      "Y": 70
    },
    "IceCave1": {
      "X": 174,
      "Y": 76
    },
    "GurguVolcano1": {
      "X": 197,
      "Y": 134
    }
  }
}