﻿{
  "StartingLocation": {
    "X": 104,
    "Y": 64
  },
  "AirShipLocation": {
    "X": 175,
    "Y": 113
  },
  "BridgeLocation": {
    "X": 126,
    "Y": 70
  },
  "CanalLocation": {
    "X": 24,
    "Y": 86
  },
  "ShipLocations": [
    {
      "TeleporterIndex": 255,
      "X": 125,
      "Y": 77
    }
  ],
  "TeleporterFixups": [
    {
      "Type": 1,
      "Index": 0,
      "From": null,
      "To": {
        "Map": 255,
        "X": 134,
        "Y": 39
      }
    },
    {
      "Type": 1,
      "Index": 1,
      "From": null,
      "To": {
        "Map": 255,
        "X": 56,
        "Y": 72
      }
    },
    {
      "Type": 1,
      "Index": 2,
      "From": null,
      "To": {
        "Map": 255,
        "X": 143,
        "Y": 97
      }
    },
    {
      "Type": 1,
      "Index": 3,
      "From": null,
      "To": {
        "Map": 255,
        "X": 136,
        "Y": 118
      }
    },
    {
      "Type": 1,
      "Index": 4,
      "From": null,
      "To": {
        "Map": 255,
        "X": 104,
        "Y": 62
      }
    },
    {
      "Type": 1,
      "Index": 5,
      "From": null,
      "To": {
        "Map": 255,
        "X": 30,
        "Y": 76
      }
    },
    {
      "Type": 1,
      "Index": 6,
      "From": null,
      "To": {
        "Map": 255,
        "X": 86,
        "Y": 42
      }
    },
    {
      "Type": 1,
      "Index": 7,
      "From": null,
      "To": {
        "Map": 255,
        "X": 199,
        "Y": 127
      }
    },
    {
      "Type": 1,
      "Index": 8,
      "From": null,
      "To": {
        "Map": 255,
        "X": 99,
        "Y": 13
      }
    }
  ],
  "DomainFixups": [],
  "DomainUpdates": [
    {
      "From": 0,
      "To": 0
    },
    {
      "From": 28,
      "To": 1
    },
    {
      "From": 28,
      "To": 2
    },
    {
      "From": 14,
      "To": 3
    },
    {
      "From": 0,
      "To": 4
    },
    {
      "From": 0,
      "To": 5
    },
    {
      "From": 0,
      "To": 6
    },
    {
      "From": 0,
      "To": 7
    },
    {
      "From": 59,
      "To": 8
    },
    {
      "From": 59,
      "To": 9
    },
    {
      "From": 28,
      "To": 10
    },
    {
      "From": 40,
      "To": 11
    },
    {
      "From": 40,
      "To": 12
    },
    {
      "From": 54,
      "To": 13
    },
    {
      "From": 29,
      "To": 14
    },
    {
      "From": 29,
      "To": 15
    },
    {
      "From": 42,
      "To": 16
    },
    {
      "From": 42,
      "To": 17
    },
    {
      "From": 40,
      "To": 18
    },
    {
      "From": 36,
      "To": 19
    },
    {
      "From": 54,
      "To": 20
    },
    {
      "From": 54,
      "To": 21
    },
    {
      "From": 29,
      "To": 22
    },
    {
      "From": 42,
      "To": 23
    },
    {
      "From": 0,
      "To": 24
    },
    {
      "From": 0,
      "To": 25
    },
    {
      "From": 0,
      "To": 26
    },
    {
      "From": 12,
      "To": 27
    },
    {
      "From": 12,
      "To": 28
    },
    {
      "From": 35,
      "To": 29
    },
    {
      "From": 9,
      "To": 30
    },
    {
      "From": 43,
      "To": 31
    },
    {
      "From": 10,
      "To": 32
    },
    {
      "From": 0,
      "To": 33
    },
    {
      "From": 0,
      "To": 34
    },
    {
      "From": 11,
      "To": 35
    },
    {
      "From": 0,
      "To": 36
    },
    {
      "From": 9,
      "To": 37
    },
    {
      "From": 9,
      "To": 38
    },
    {
      "From": 52,
      "To": 39
    },
    {
      "From": 10,
      "To": 40
    },
    {
      "From": 0,
      "To": 41
    },
    {
      "From": 0,
      "To": 42
    },
    {
      "From": 11,
      "To": 43
    },
    {
      "From": 0,
      "To": 44
    },
    {
      "From": 0,
      "To": 45
    },
    {
      "From": 0,
      "To": 46
    },
    {
      "From": 0,
      "To": 47
    },
    {
      "From": 11,
      "To": 48
    },
    {
      "From": 6,
      "To": 49
    },
    {
      "From": 6,
      "To": 50
    },
    {
      "From": 0,
      "To": 51
    },
    {
      "From": 0,
      "To": 52
    },
    {
      "From": 0,
      "To": 53
    },
    {
      "From": 31,
      "To": 54
    },
    {
      "From": 0,
      "To": 55
    },
    {
      "From": 0,
      "To": 56
    },
    {
      "From": 11,
      "To": 57
    },
    {
      "From": 11,
      "To": 58
    },
    {
      "From": 0,
      "To": 59
    },
    {
      "From": 10,
      "To": 60
    },
    {
      "From": 0,
      "To": 61
    },
    {
      "From": 0,
      "To": 62
    },
    {
      "From": 0,
      "To": 63
    }
  ],
  "OverworldCoordinates": {
    "Coneria": {
      "X": 103,
      "Y": 63
    },
    "ConeriaCastle1": {
      "X": 104,
      "Y": 62
    },
    "TempleOfFiends1": {
      "X": 69,
      "Y": 21
    },
    "Pravoka": {
      "X": 126,
      "Y": 73
    },
    "Gaia": {
      "X": 66,
      "Y": 208
    },
    "CastleOrdeals1": {
      "X": 136,
      "Y": 118
    },
    "TitansTunnelWest": {
      "X": 56,
      "Y": 72
    },
    "SardasCave": {
      "X": 70,
      "Y": 69
    },
    "EarthCave1": {
      "X": 30,
      "Y": 76
    },
    "MirageTower1": {
      "X": 99,
      "Y": 13
    },
    "Onrac": {
      "X": 199,
      "Y": 127
    },
    "TitansTunnelEast": {
      "X": 134,
      "Y": 39
    },
    "MatoyasCave": {
      "X": 219,
      "Y": 76
    },
    "DwarfCave": {
      "X": 172,
      "Y": 104
    },
    "Elfland": {
      "X": 239,
      "Y": 132
    },
    "ElflandCastle": {
      "X": 240,
      "Y": 131
    },
    "MarshCave1": {
      "X": 25,
      "Y": 45
    },
    "NorthwestCastle": {
      "X": 214,
      "Y": 117
    },
    "Melmond": {
      "X": 240,
      "Y": 83
    },
    "CrescentLake": {
      "X": 164,
      "Y": 77
    },
    "Lefein": {
      "X": 223,
      "Y": 208
    },
    "BahamutCave1": {
      "X": 110,
      "Y": 161
    },
    "Cardia1": {
      "X": 22,
      "Y": 179
    },
    "Cardia2": {
      "X": 231,
      "Y": 149
    },
    "Cardia4": {
      "X": 157,
      "Y": 238
    },
    "Cardia5": {
      "X": 63,
      "Y": 232
    },
    "Cardia6": {
      "X": 19,
      "Y": 215
    },
    "Waterfall": {
      "X": 161,
      "Y": 93
    },
    "IceCave1": {
      "X": 143,
      "Y": 97
    },
    "GurguVolcano1": {
      "X": 86,
      "Y": 42
    }
  }
}