﻿{
  "StartingLocation": {
    "X": 109,
    "Y": 39
  },
  "AirShipLocation": {
    "X": 180,
    "Y": 190
  },
  "BridgeLocation": {
    "X": 128,
    "Y": 88
  },
  "CanalLocation": {
    "X": 32,
    "Y": 160
  },
  "ShipLocations": [
    {
      "TeleporterIndex": 255,
      "X": 127,
      "Y": 95
    }
  ],
  "TeleporterFixups": [
    {
      "Type": 1,
      "Index": 0,
      "From": null,
      "To": {
        "Map": 255,
        "X": 80,
        "Y": 155
      }
    },
    {
      "Type": 1,
      "Index": 1,
      "From": null,
      "To": {
        "Map": 255,
        "X": 127,
        "Y": 231
      }
    },
    {
      "Type": 1,
      "Index": 2,
      "From": null,
      "To": {
        "Map": 255,
        "X": 230,
        "Y": 187
      }
    },
    {
      "Type": 1,
      "Index": 3,
      "From": null,
      "To": {
        "Map": 255,
        "X": 120,
        "Y": 191
      }
    },
    {
      "Type": 1,
      "Index": 4,
      "From": null,
      "To": {
        "Map": 255,
        "X": 109,
        "Y": 37
      }
    },
    {
      "Type": 1,
      "Index": 5,
      "From": null,
      "To": {
        "Map": 255,
        "X": 34,
        "Y": 158
      }
    },
    {
      "Type": 1,
      "Index": 6,
      "From": null,
      "To": {
        "Map": 255,
        "X": 63,
        "Y": 80
      }
    },
    {
      "Type": 1,
      "Index": 7,
      "From": null,
      "To": {
        "Map": 255,
        "X": 168,
        "Y": 119
      }
    },
    {
      "Type": 1,
      "Index": 8,
      "From": null,
      "To": {
        "Map": 255,
        "X": 82,
        "Y": 140
      }
    }
  ],
  "DomainFixups": [],
  "DomainUpdates": [
    {
      "From": 0,
      "To": 0
    },
    {
      "From": 11,
      "To": 1
    },
    {
      "From": 11,
      "To": 2
    },
    {
      "From": 36,
      "To": 3
    },
    {
      "From": 36,
      "To": 4
    },
    {
      "From": 1,
      "To": 5
    },
    {
      "From": 0,
      "To": 6
    },
    {
      "From": 0,
      "To": 7
    },
    {
      "From": 0,
      "To": 8
    },
    {
      "From": 0,
      "To": 9
    },
    {
      "From": 36,
      "To": 10
    },
    {
      "From": 36,
      "To": 11
    },
    {
      "From": 36,
      "To": 12
    },
    {
      "From": 1,
      "To": 13
    },
    {
      "From": 59,
      "To": 14
    },
    {
      "From": 0,
      "To": 15
    },
    {
      "From": 10,
      "To": 16
    },
    {
      "From": 54,
      "To": 17
    },
    {
      "From": 54,
      "To": 18
    },
    {
      "From": 43,
      "To": 19
    },
    {
      "From": 54,
      "To": 20
    },
    {
      "From": 59,
      "To": 21
    },
    {
      "From": 59,
      "To": 22
    },
    {
      "From": 59,
      "To": 23
    },
    {
      "From": 0,
      "To": 24
    },
    {
      "From": 0,
      "To": 25
    },
    {
      "From": 43,
      "To": 26
    },
    {
      "From": 43,
      "To": 27
    },
    {
      "From": 10,
      "To": 28
    },
    {
      "From": 59,
      "To": 29
    },
    {
      "From": 59,
      "To": 30
    },
    {
      "From": 59,
      "To": 31
    },
    {
      "From": 42,
      "To": 32
    },
    {
      "From": 42,
      "To": 33
    },
    {
      "From": 14,
      "To": 34
    },
    {
      "From": 35,
      "To": 35
    },
    {
      "From": 29,
      "To": 36
    },
    {
      "From": 10,
      "To": 37
    },
    {
      "From": 0,
      "To": 38
    },
    {
      "From": 0,
      "To": 39
    },
    {
      "From": 42,
      "To": 40
    },
    {
      "From": 42,
      "To": 41
    },
    {
      "From": 42,
      "To": 42
    },
    {
      "From": 35,
      "To": 43
    },
    {
      "From": 11,
      "To": 44
    },
    {
      "From": 52,
      "To": 45
    },
    {
      "From": 52,
      "To": 46
    },
    {
      "From": 54,
      "To": 47
    },
    {
      "From": 0,
      "To": 48
    },
    {
      "From": 0,
      "To": 49
    },
    {
      "From": 42,
      "To": 50
    },
    {
      "From": 12,
      "To": 51
    },
    {
      "From": 40,
      "To": 52
    },
    {
      "From": 52,
      "To": 53
    },
    {
      "From": 52,
      "To": 54
    },
    {
      "From": 54,
      "To": 55
    },
    {
      "From": 0,
      "To": 56
    },
    {
      "From": 0,
      "To": 57
    },
    {
      "From": 0,
      "To": 58
    },
    {
      "From": 40,
      "To": 59
    },
    {
      "From": 40,
      "To": 60
    },
    {
      "From": 0,
      "To": 61
    },
    {
      "From": 0,
      "To": 62
    },
    {
      "From": 0,
      "To": 63
    }
  ],
  "OverworldCoordinates": {
    "Coneria": {
      "X": 108,
      "Y": 38
    },
    "ConeriaCastle1": {
      "X": 109,
      "Y": 37
    },
    "TempleOfFiends1": {
      "X": 104,
      "Y": 122
    },
    "Pravoka": {
      "X": 128,
      "Y": 91
    },
    "Gaia": {
      "X": 143,
      "Y": 107
    },
    "CastleOrdeals1": {
      "X": 120,
      "Y": 191
    },
    "TitansTunnelWest": {
      "X": 127,
      "Y": 231
    },
    "SardasCave": {
      "X": 108,
      "Y": 218
    },
    "EarthCave1": {
      "X": 34,
      "Y": 158
    },
    "MirageTower1": {
      "X": 82,
      "Y": 140
    },
    "Onrac": {
      "X": 168,
      "Y": 119
    },
    "TitansTunnelEast": {
      "X": 80,
      "Y": 155
    },
    "MatoyasCave": {
      "X": 131,
      "Y": 174
    },
    "DwarfCave": {
      "X": 115,
      "Y": 162
    },
    "Elfland": {
      "X": 210,
      "Y": 198
    },
    "ElflandCastle": {
      "X": 211,
      "Y": 197
    },
    "MarshCave1": {
      "X": 178,
      "Y": 83
    },
    "NorthwestCastle": {
      "X": 88,
      "Y": 109
    },
    "Melmond": {
      "X": 90,
      "Y": 185
    },
    "CrescentLake": {
      "X": 155,
      "Y": 82
    },
    "Lefein": {
      "X": 105,
      "Y": 176
    },
    "BahamutCave1": {
      "X": 151,
      "Y": 171
    },
    "Cardia1": {
      "X": 28,
      "Y": 88
    },
    "Cardia2": {
      "X": 150,
      "Y": 126
    },
    "Cardia4": {
      "X": 192,
      "Y": 205
    },
    "Cardia5": {
      "X": 135,
      "Y": 137
    },
    "Cardia6": {
      "X": 63,
      "Y": 25
    },
    "Waterfall": {
      "X": 170,
      "Y": 68
    },
    "IceCave1": {
      "X": 230,
      "Y": 187
    },
    "GurguVolcano1": {
      "X": 63,
      "Y": 80
    }
  }
}