﻿{
  "StartingLocation": {
    "X": 36,
    "Y": 45
  },
  "AirShipLocation": {
    "X": 209,
    "Y": 123
  },
  "BridgeLocation": {
    "X": 33,
    "Y": 70
  },
  "CanalLocation": {
    "X": 184,
    "Y": 94
  },
  "ShipLocations": [
    {
      "TeleporterIndex": 255,
      "X": 32,
      "Y": 77
    }
  ],
  "TeleporterFixups": [
    {
      "Type": 1,
      "Index": 0,
      "From": null,
      "To": {
        "Map": 255,
        "X": 78,
        "Y": 158
      }
    },
    {
      "Type": 1,
      "Index": 1,
      "From": null,
      "To": {
        "Map": 255,
        "X": 66,
        "Y": 147
      }
    },
    {
      "Type": 1,
      "Index": 2,
      "From": null,
      "To": {
        "Map": 255,
        "X": 162,
        "Y": 182
      }
    },
    {
      "Type": 1,
      "Index": 3,
      "From": null,
      "To": {
        "Map": 255,
        "X": 73,
        "Y": 115
      }
    },
    {
      "Type": 1,
      "Index": 4,
      "From": null,
      "To": {
        "Map": 255,
        "X": 36,
        "Y": 43
      }
    },
    {
      "Type": 1,
      "Index": 5,
      "From": null,
      "To": {
        "Map": 255,
        "X": 210,
        "Y": 107
      }
    },
    {
      "Type": 1,
      "Index": 6,
      "From": null,
      "To": {
        "Map": 255,
        "X": 180,
        "Y": 203
      }
    },
    {
      "Type": 1,
      "Index": 7,
      "From": null,
      "To": {
        "Map": 255,
        "X": 92,
        "Y": 32
      }
    },
    {
      "Type": 1,
      "Index": 8,
      "From": null,
      "To": {
        "Map": 255,
        "X": 233,
        "Y": 203
      }
    }
  ],
  "DomainFixups": [],
  "DomainUpdates": [
    {
      "From": 0,
      "To": 0
    },
    {
      "From": 36,
      "To": 1
    },
    {
      "From": 9,
      "To": 2
    },
    {
      "From": 11,
      "To": 3
    },
    {
      "From": 0,
      "To": 4
    },
    {
      "From": 0,
      "To": 5
    },
    {
      "From": 0,
      "To": 6
    },
    {
      "From": 0,
      "To": 7
    },
    {
      "From": 42,
      "To": 8
    },
    {
      "From": 36,
      "To": 9
    },
    {
      "From": 9,
      "To": 10
    },
    {
      "From": 11,
      "To": 11
    },
    {
      "From": 0,
      "To": 12
    },
    {
      "From": 0,
      "To": 13
    },
    {
      "From": 10,
      "To": 14
    },
    {
      "From": 0,
      "To": 15
    },
    {
      "From": 42,
      "To": 16
    },
    {
      "From": 28,
      "To": 17
    },
    {
      "From": 0,
      "To": 18
    },
    {
      "From": 10,
      "To": 19
    },
    {
      "From": 0,
      "To": 20
    },
    {
      "From": 42,
      "To": 21
    },
    {
      "From": 42,
      "To": 22
    },
    {
      "From": 10,
      "To": 23
    },
    {
      "From": 0,
      "To": 24
    },
    {
      "From": 28,
      "To": 25
    },
    {
      "From": 12,
      "To": 26
    },
    {
      "From": 29,
      "To": 27
    },
    {
      "From": 0,
      "To": 28
    },
    {
      "From": 42,
      "To": 29
    },
    {
      "From": 42,
      "To": 30
    },
    {
      "From": 42,
      "To": 31
    },
    {
      "From": 35,
      "To": 32
    },
    {
      "From": 35,
      "To": 33
    },
    {
      "From": 29,
      "To": 34
    },
    {
      "From": 29,
      "To": 35
    },
    {
      "From": 54,
      "To": 36
    },
    {
      "From": 42,
      "To": 37
    },
    {
      "From": 42,
      "To": 38
    },
    {
      "From": 42,
      "To": 39
    },
    {
      "From": 35,
      "To": 40
    },
    {
      "From": 35,
      "To": 41
    },
    {
      "From": 40,
      "To": 42
    },
    {
      "From": 29,
      "To": 43
    },
    {
      "From": 54,
      "To": 44
    },
    {
      "From": 43,
      "To": 45
    },
    {
      "From": 43,
      "To": 46
    },
    {
      "From": 42,
      "To": 47
    },
    {
      "From": 54,
      "To": 48
    },
    {
      "From": 54,
      "To": 49
    },
    {
      "From": 0,
      "To": 50
    },
    {
      "From": 0,
      "To": 51
    },
    {
      "From": 54,
      "To": 52
    },
    {
      "From": 54,
      "To": 53
    },
    {
      "From": 59,
      "To": 54
    },
    {
      "From": 14,
      "To": 55
    },
    {
      "From": 54,
      "To": 56
    },
    {
      "From": 54,
      "To": 57
    },
    {
      "From": 0,
      "To": 58
    },
    {
      "From": 0,
      "To": 59
    },
    {
      "From": 11,
      "To": 60
    },
    {
      "From": 59,
      "To": 61
    },
    {
      "From": 59,
      "To": 62
    },
    {
      "From": 59,
      "To": 63
    }
  ],
  "OverworldCoordinates": {
    "Coneria": {
      "X": 35,
      "Y": 44
    },
    "ConeriaCastle1": {
      "X": 36,
      "Y": 43
    },
    "TempleOfFiends1": {
      "X": 45,
      "Y": 100
    },
    "Pravoka": {
      "X": 33,
      "Y": 73
    },
    "Gaia": {
      "X": 233,
      "Y": 175
    },
    "CastleOrdeals1": {
      "X": 73,
      "Y": 115
    },
    "TitansTunnelWest": {
      "X": 66,
      "Y": 147
    },
    "SardasCave": {
      "X": 69,
      "Y": 148
    },
    "EarthCave1": {
      "X": 210,
      "Y": 107
    },
    "MirageTower1": {
      "X": 233,
      "Y": 203
    },
    "Onrac": {
      "X": 92,
      "Y": 32
    },
    "TitansTunnelEast": {
      "X": 78,
      "Y": 158
    },
    "MatoyasCave": {
      "X": 106,
      "Y": 152
    },
    "DwarfCave": {
      "X": 41,
      "Y": 152
    },
    "Elfland": {
      "X": 196,
      "Y": 156
    },
    "ElflandCastle": {
      "X": 197,
      "Y": 155
    },
    "MarshCave1": {
      "X": 218,
      "Y": 237
    },
    "NorthwestCastle": {
      "X": 204,
      "Y": 186
    },
    "Melmond": {
      "X": 16,
      "Y": 51
    },
    "CrescentLake": {
      "X": 28,
      "Y": 219
    },
    "Lefein": {
      "X": 170,
      "Y": 167
    },
    "BahamutCave1": {
      "X": 156,
      "Y": 236
    },
    "Cardia1": {
      "X": 116,
      "Y": 97
    },
    "Cardia2": {
      "X": 204,
      "Y": 52
    },
    "Cardia4": {
      "X": 236,
      "Y": 78
    },
    "Cardia5": {
      "X": 53,
      "Y": 18
    },
    "Cardia6": {
      "X": 110,
      "Y": 30
    },
    "Waterfall": {
      "X": 63,
      "Y": 129
    },
    "IceCave1": {
      "X": 162,
      "Y": 182
    },
    "GurguVolcano1": {
      "X": 180,
      "Y": 203
    }
  }
}