﻿{
  "StartingLocation": {
    "X": 213,
    "Y": 48
  },
  "AirShipLocation": {
    "X": 82,
    "Y": 33
  },
  "BridgeLocation": {
    "X": 206,
    "Y": 55
  },
  "CanalLocation": {
    "X": 87,
    "Y": 224
  },
  "ShipLocations": [
    {
      "TeleporterIndex": 1,
      "X": 205,
      "Y": 62
    },
    {
      "TeleporterIndex": 9,
      "X": 205,
      "Y": 62
    },
    {
      "TeleporterIndex": 255,
      "X": 205,
      "Y": 62
    },
    {
      "TeleporterIndex": 13,
      "X": 228,
      "Y": 57
    },
    {
      "TeleporterIndex": 2,
      "X": 205,
      "Y": 62
    },
    {
      "TeleporterIndex": 24,
      "X": 78,
      "Y": 64
    },
    {
      "TeleporterIndex": 3,
      "X": 69,
      "Y": 144
    },
    {
      "TeleporterIndex": 10,
      "X": 69,
      "Y": 144
    },
    {
      "TeleporterIndex": 23,
      "X": 169,
      "Y": 51
    },
    {
      "TeleporterIndex": 11,
      "X": 64,
      "Y": 20
    },
    {
      "TeleporterIndex": 4,
      "X": 170,
      "Y": 12
    },
    {
      "TeleporterIndex": 5,
      "X": 64,
      "Y": 20
    },
    {
      "TeleporterIndex": 8,
      "X": 78,
      "Y": 64
    }
  ],
  "TeleporterFixups": [
    {
      "Type": 1,
      "Index": 0,
      "From": null,
      "To": {
        "Map": 255,
        "X": 230,
        "Y": 27
      }
    },
    {
      "Type": 1,
      "Index": 1,
      "From": null,
      "To": {
        "Map": 255,
        "X": 181,
        "Y": 28
      }
    },
    {
      "Type": 1,
      "Index": 2,
      "From": null,
      "To": {
        "Map": 255,
        "X": 137,
        "Y": 174
      }
    },
    {
      "Type": 1,
      "Index": 3,
      "From": null,
      "To": {
        "Map": 255,
        "X": 99,
        "Y": 203
      }
    },
    {
      "Type": 1,
      "Index": 4,
      "From": null,
      "To": {
        "Map": 255,
        "X": 213,
        "Y": 46
      }
    },
    {
      "Type": 1,
      "Index": 5,
      "From": null,
      "To": {
        "Map": 255,
        "X": 67,
        "Y": 222
      }
    },
    {
      "Type": 1,
      "Index": 6,
      "From": null,
      "To": {
        "Map": 255,
        "X": 101,
        "Y": 181
      }
    },
    {
      "Type": 1,
      "Index": 7,
      "From": null,
      "To": {
        "Map": 255,
        "X": 226,
        "Y": 167
      }
    },
    {
      "Type": 1,
      "Index": 8,
      "From": null,
      "To": {
        "Map": 255,
        "X": 36,
        "Y": 60
      }
    }
  ],
  "DomainFixups": [],
  "DomainUpdates": [
    {
      "From": 54,
      "To": 0
    },
    {
      "From": 54,
      "To": 1
    },
    {
      "From": 14,
      "To": 2
    },
    {
      "From": 14,
      "To": 3
    },
    {
      "From": 42,
      "To": 4
    },
    {
      "From": 42,
      "To": 5
    },
    {
      "From": 59,
      "To": 6
    },
    {
      "From": 40,
      "To": 7
    },
    {
      "From": 29,
      "To": 8
    },
    {
      "From": 14,
      "To": 9
    },
    {
      "From": 14,
      "To": 10
    },
    {
      "From": 14,
      "To": 11
    },
    {
      "From": 42,
      "To": 12
    },
    {
      "From": 35,
      "To": 13
    },
    {
      "From": 36,
      "To": 14
    },
    {
      "From": 40,
      "To": 15
    },
    {
      "From": 14,
      "To": 16
    },
    {
      "From": 14,
      "To": 17
    },
    {
      "From": 14,
      "To": 18
    },
    {
      "From": 14,
      "To": 19
    },
    {
      "From": 0,
      "To": 20
    },
    {
      "From": 10,
      "To": 21
    },
    {
      "From": 28,
      "To": 22
    },
    {
      "From": 28,
      "To": 23
    },
    {
      "From": 14,
      "To": 24
    },
    {
      "From": 14,
      "To": 25
    },
    {
      "From": 0,
      "To": 26
    },
    {
      "From": 11,
      "To": 27
    },
    {
      "From": 0,
      "To": 28
    },
    {
      "From": 0,
      "To": 29
    },
    {
      "From": 0,
      "To": 30
    },
    {
      "From": 0,
      "To": 31
    },
    {
      "From": 0,
      "To": 32
    },
    {
      "From": 52,
      "To": 33
    },
    {
      "From": 52,
      "To": 34
    },
    {
      "From": 52,
      "To": 35
    },
    {
      "From": 54,
      "To": 36
    },
    {
      "From": 10,
      "To": 37
    },
    {
      "From": 9,
      "To": 38
    },
    {
      "From": 0,
      "To": 39
    },
    {
      "From": 0,
      "To": 40
    },
    {
      "From": 52,
      "To": 41
    },
    {
      "From": 52,
      "To": 42
    },
    {
      "From": 52,
      "To": 43
    },
    {
      "From": 54,
      "To": 44
    },
    {
      "From": 54,
      "To": 45
    },
    {
      "From": 9,
      "To": 46
    },
    {
      "From": 10,
      "To": 47
    },
    {
      "From": 42,
      "To": 48
    },
    {
      "From": 42,
      "To": 49
    },
    {
      "From": 12,
      "To": 50
    },
    {
      "From": 1,
      "To": 51
    },
    {
      "From": 54,
      "To": 52
    },
    {
      "From": 0,
      "To": 53
    },
    {
      "From": 0,
      "To": 54
    },
    {
      "From": 0,
      "To": 55
    },
    {
      "From": 42,
      "To": 56
    },
    {
      "From": 42,
      "To": 57
    },
    {
      "From": 42,
      "To": 58
    },
    {
      "From": 11,
      "To": 59
    },
    {
      "From": 6,
      "To": 60
    },
    {
      "From": 0,
      "To": 61
    },
    {
      "From": 0,
      "To": 62
    },
    {
      "From": 0,
      "To": 63
    }
  ],
  "OverworldCoordinates": {
    "Coneria": {
      "X": 212,
      "Y": 47
    },
    "ConeriaCastle1": {
      "X": 213,
      "Y": 46
    },
    "TempleOfFiends1": {
      "X": 222,
      "Y": 72
    },
    "Pravoka": {
      "X": 206,
      "Y": 58
    },
    "Gaia": {
      "X": 141,
      "Y": 237
    },
    "CastleOrdeals1": {
      "X": 99,
      "Y": 203
    },
    "TitansTunnelWest": {
      "X": 181,
      "Y": 28
    },
    "SardasCave": {
      "X": 183,
      "Y": 29
    },
    "EarthCave1": {
      "X": 67,
      "Y": 222
    },
    "MirageTower1": {
      "X": 36,
      "Y": 60
    },
    "Onrac": {
      "X": 226,
      "Y": 167
    },
    "TitansTunnelEast": {
      "X": 230,
      "Y": 27
    },
    "MatoyasCave": {
      "X": 38,
      "Y": 42
    },
    "DwarfCave": {
      "X": 166,
      "Y": 43
    },
    "Elfland": {
      "X": 75,
      "Y": 165
    },
    "ElflandCastle": {
      "X": 76,
      "Y": 164
    },
    "MarshCave1": {
      "X": 198,
      "Y": 19
    },
    "NorthwestCastle": {
      "X": 53,
      "Y": 34
    },
    "Melmond": {
      "X": 155,
      "Y": 23
    },
    "CrescentLake": {
      "X": 32,
      "Y": 23
    },
    "Lefein": {
      "X": 91,
      "Y": 76
    },
    "BahamutCave1": {
      "X": 116,
      "Y": 233
    },
    "Cardia1": {
      "X": 237,
      "Y": 185
    },
    "Cardia2": {
      "X": 170,
      "Y": 152
    },
    "Cardia4": {
      "X": 192,
      "Y": 78
    },
    "Cardia5": {
      "X": 18,
      "Y": 85
    },
    "Cardia6": {
      "X": 125,
      "Y": 115
    },
    "Waterfall": {
      "X": 106,
      "Y": 200
    },
    "IceCave1": {
      "X": 137,
      "Y": 174
    },
    "GurguVolcano1": {
      "X": 101,
      "Y": 181
    }
  }
}