﻿{
  "StartingLocation": {
    "X": 180,
    "Y": 193
  },
  "AirShipLocation": {
    "X": 199,
    "Y": 237
  },
  "BridgeLocation": {
    "X": 182,
    "Y": 222
  },
  "CanalLocation": {
    "X": 146,
    "Y": 71
  },
  "ShipLocations": [
    {
      "TeleporterIndex": 255,
      "X": 181,
      "Y": 229
    }
  ],
  "TeleporterFixups": [
    {
      "Type": 1,
      "Index": 0,
      "From": null,
      "To": {
        "Map": 255,
        "X": 200,
        "Y": 108
      }
    },
    {
      "Type": 1,
      "Index": 1,
      "From": null,
      "To": {
        "Map": 255,
        "X": 56,
        "Y": 193
      }
    },
    {
      "Type": 1,
      "Index": 2,
      "From": null,
      "To": {
        "Map": 255,
        "X": 186,
        "Y": 45
      }
    },
    {
      "Type": 1,
      "Index": 3,
      "From": null,
      "To": {
        "Map": 255,
        "X": 153,
        "Y": 92
      }
    },
    {
      "Type": 1,
      "Index": 4,
      "From": null,
      "To": {
        "Map": 255,
        "X": 180,
        "Y": 191
      }
    },
    {
      "Type": 1,
      "Index": 5,
      "From": null,
      "To": {
        "Map": 255,
        "X": 149,
        "Y": 55
      }
    },
    {
      "Type": 1,
      "Index": 6,
      "From": null,
      "To": {
        "Map": 255,
        "X": 167,
        "Y": 57
      }
    },
    {
      "Type": 1,
      "Index": 7,
      "From": null,
      "To": {
        "Map": 255,
        "X": 210,
        "Y": 149
      }
    },
    {
      "Type": 1,
      "Index": 8,
      "From": null,
      "To": {
        "Map": 255,
        "X": 75,
        "Y": 193
      }
    }
  ],
  "DomainFixups": [],
  "DomainUpdates": [
    {
      "From": 42,
      "To": 0
    },
    {
      "From": 42,
      "To": 1
    },
    {
      "From": 0,
      "To": 2
    },
    {
      "From": 0,
      "To": 3
    },
    {
      "From": 10,
      "To": 4
    },
    {
      "From": 10,
      "To": 5
    },
    {
      "From": 52,
      "To": 6
    },
    {
      "From": 59,
      "To": 7
    },
    {
      "From": 42,
      "To": 8
    },
    {
      "From": 11,
      "To": 9
    },
    {
      "From": 11,
      "To": 10
    },
    {
      "From": 0,
      "To": 11
    },
    {
      "From": 42,
      "To": 12
    },
    {
      "From": 54,
      "To": 13
    },
    {
      "From": 52,
      "To": 14
    },
    {
      "From": 59,
      "To": 15
    },
    {
      "From": 0,
      "To": 16
    },
    {
      "From": 11,
      "To": 17
    },
    {
      "From": 11,
      "To": 18
    },
    {
      "From": 0,
      "To": 19
    },
    {
      "From": 12,
      "To": 20
    },
    {
      "From": 1,
      "To": 21
    },
    {
      "From": 1,
      "To": 22
    },
    {
      "From": 35,
      "To": 23
    },
    {
      "From": 0,
      "To": 24
    },
    {
      "From": 0,
      "To": 25
    },
    {
      "From": 0,
      "To": 26
    },
    {
      "From": 0,
      "To": 27
    },
    {
      "From": 12,
      "To": 28
    },
    {
      "From": 29,
      "To": 29
    },
    {
      "From": 40,
      "To": 30
    },
    {
      "From": 0,
      "To": 31
    },
    {
      "From": 0,
      "To": 32
    },
    {
      "From": 0,
      "To": 33
    },
    {
      "From": 0,
      "To": 34
    },
    {
      "From": 0,
      "To": 35
    },
    {
      "From": 0,
      "To": 36
    },
    {
      "From": 10,
      "To": 37
    },
    {
      "From": 10,
      "To": 38
    },
    {
      "From": 28,
      "To": 39
    },
    {
      "From": 11,
      "To": 40
    },
    {
      "From": 10,
      "To": 41
    },
    {
      "From": 11,
      "To": 42
    },
    {
      "From": 0,
      "To": 43
    },
    {
      "From": 0,
      "To": 44
    },
    {
      "From": 10,
      "To": 45
    },
    {
      "From": 10,
      "To": 46
    },
    {
      "From": 28,
      "To": 47
    },
    {
      "From": 11,
      "To": 48
    },
    {
      "From": 40,
      "To": 49
    },
    {
      "From": 14,
      "To": 50
    },
    {
      "From": 0,
      "To": 51
    },
    {
      "From": 0,
      "To": 52
    },
    {
      "From": 36,
      "To": 53
    },
    {
      "From": 43,
      "To": 54
    },
    {
      "From": 0,
      "To": 55
    },
    {
      "From": 0,
      "To": 56
    },
    {
      "From": 40,
      "To": 57
    },
    {
      "From": 14,
      "To": 58
    },
    {
      "From": 0,
      "To": 59
    },
    {
      "From": 0,
      "To": 60
    },
    {
      "From": 36,
      "To": 61
    },
    {
      "From": 43,
      "To": 62
    },
    {
      "From": 0,
      "To": 63
    }
  ],
  "OverworldCoordinates": {
    "Coneria": {
      "X": 179,
      "Y": 192
    },
    "ConeriaCastle1": {
      "X": 180,
      "Y": 191
    },
    "TempleOfFiends1": {
      "X": 232,
      "Y": 167
    },
    "Pravoka": {
      "X": 182,
      "Y": 225
    },
    "Gaia": {
      "X": 140,
      "Y": 117
    },
    "CastleOrdeals1": {
      "X": 153,
      "Y": 92
    },
    "TitansTunnelWest": {
      "X": 56,
      "Y": 193
    },
    "SardasCave": {
      "X": 52,
      "Y": 202
    },
    "EarthCave1": {
      "X": 149,
      "Y": 55
    },
    "MirageTower1": {
      "X": 75,
      "Y": 193
    },
    "Onrac": {
      "X": 210,
      "Y": 149
    },
    "TitansTunnelEast": {
      "X": 200,
      "Y": 108
    },
    "MatoyasCave": {
      "X": 189,
      "Y": 102
    },
    "DwarfCave": {
      "X": 228,
      "Y": 68
    },
    "Elfland": {
      "X": 206,
      "Y": 47
    },
    "ElflandCastle": {
      "X": 207,
      "Y": 46
    },
    "MarshCave1": {
      "X": 221,
      "Y": 47
    },
    "NorthwestCastle": {
      "X": 205,
      "Y": 193
    },
    "Melmond": {
      "X": 40,
      "Y": 24
    },
    "CrescentLake": {
      "X": 40,
      "Y": 48
    },
    "Lefein": {
      "X": 69,
      "Y": 215
    },
    "BahamutCave1": {
      "X": 16,
      "Y": 183
    },
    "Cardia1": {
      "X": 160,
      "Y": 32
    },
    "Cardia2": {
      "X": 40,
      "Y": 173
    },
    "Cardia4": {
      "X": 202,
      "Y": 175
    },
    "Cardia5": {
      "X": 61,
      "Y": 52
    },
    "Cardia6": {
      "X": 67,
      "Y": 174
    },
    "Waterfall": {
      "X": 198,
      "Y": 89
    },
    "IceCave1": {
      "X": 186,
      "Y": 45
    },
    "GurguVolcano1": {
      "X": 167,
      "Y": 57
    }
  }
}