﻿{
  "StartingLocation": {
    "X": 196,
    "Y": 200
  },
  "AirShipLocation": {
    "X": 43,
    "Y": 223
  },
  "BridgeLocation": {
    "X": 149,
    "Y": 156
  },
  "CanalLocation": {
    "X": 108,
    "Y": 140
  },
  "ShipLocations": [
    {
      "TeleporterIndex": 255,
      "X": 148,
      "Y": 163
    }
  ],
  "TeleporterFixups": [
    {
      "Type": 1,
      "Index": 0,
      "From": null,
      "To": {
        "Map": 255,
        "X": 56,
        "Y": 100
      }
    },
    {
      "Type": 1,
      "Index": 1,
      "From": null,
      "To": {
        "Map": 255,
        "X": 70,
        "Y": 87
      }
    },
    {
      "Type": 1,
      "Index": 2,
      "From": null,
      "To": {
        "Map": 255,
        "X": 44,
        "Y": 156
      }
    },
    {
      "Type": 1,
      "Index": 3,
      "From": null,
      "To": {
        "Map": 255,
        "X": 88,
        "Y": 171
      }
    },
    {
      "Type": 1,
      "Index": 4,
      "From": null,
      "To": {
        "Map": 255,
        "X": 196,
        "Y": 198
      }
    },
    {
      "Type": 1,
      "Index": 5,
      "From": null,
      "To": {
        "Map": 255,
        "X": 87,
        "Y": 147
      }
    },
    {
      "Type": 1,
      "Index": 6,
      "From": null,
      "To": {
        "Map": 255,
        "X": 68,
        "Y": 143
      }
    },
    {
      "Type": 1,
      "Index": 7,
      "From": null,
      "To": {
        "Map": 255,
        "X": 125,
        "Y": 98
      }
    },
    {
      "Type": 1,
      "Index": 8,
      "From": null,
      "To": {
        "Map": 255,
        "X": 99,
        "Y": 94
      }
    }
  ],
  "DomainFixups": [],
  "DomainUpdates": [
    {
      "From": 40,
      "To": 0
    },
    {
      "From": 40,
      "To": 1
    },
    {
      "From": 11,
      "To": 2
    },
    {
      "From": 0,
      "To": 3
    },
    {
      "From": 0,
      "To": 4
    },
    {
      "From": 11,
      "To": 5
    },
    {
      "From": 11,
      "To": 6
    },
    {
      "From": 0,
      "To": 7
    },
    {
      "From": 40,
      "To": 8
    },
    {
      "From": 40,
      "To": 9
    },
    {
      "From": 43,
      "To": 10
    },
    {
      "From": 43,
      "To": 11
    },
    {
      "From": 6,
      "To": 12
    },
    {
      "From": 11,
      "To": 13
    },
    {
      "From": 0,
      "To": 14
    },
    {
      "From": 0,
      "To": 15
    },
    {
      "From": 40,
      "To": 16
    },
    {
      "From": 40,
      "To": 17
    },
    {
      "From": 14,
      "To": 18
    },
    {
      "From": 14,
      "To": 19
    },
    {
      "From": 0,
      "To": 20
    },
    {
      "From": 0,
      "To": 21
    },
    {
      "From": 0,
      "To": 22
    },
    {
      "From": 0,
      "To": 23
    },
    {
      "From": 59,
      "To": 24
    },
    {
      "From": 40,
      "To": 25
    },
    {
      "From": 14,
      "To": 26
    },
    {
      "From": 14,
      "To": 27
    },
    {
      "From": 0,
      "To": 28
    },
    {
      "From": 0,
      "To": 29
    },
    {
      "From": 0,
      "To": 30
    },
    {
      "From": 0,
      "To": 31
    },
    {
      "From": 59,
      "To": 32
    },
    {
      "From": 29,
      "To": 33
    },
    {
      "From": 42,
      "To": 34
    },
    {
      "From": 42,
      "To": 35
    },
    {
      "From": 42,
      "To": 36
    },
    {
      "From": 42,
      "To": 37
    },
    {
      "From": 0,
      "To": 38
    },
    {
      "From": 0,
      "To": 39
    },
    {
      "From": 54,
      "To": 40
    },
    {
      "From": 54,
      "To": 41
    },
    {
      "From": 12,
      "To": 42
    },
    {
      "From": 0,
      "To": 43
    },
    {
      "From": 42,
      "To": 44
    },
    {
      "From": 52,
      "To": 45
    },
    {
      "From": 1,
      "To": 46
    },
    {
      "From": 28,
      "To": 47
    },
    {
      "From": 54,
      "To": 48
    },
    {
      "From": 12,
      "To": 49
    },
    {
      "From": 12,
      "To": 50
    },
    {
      "From": 10,
      "To": 51
    },
    {
      "From": 10,
      "To": 52
    },
    {
      "From": 54,
      "To": 53
    },
    {
      "From": 36,
      "To": 54
    },
    {
      "From": 35,
      "To": 55
    },
    {
      "From": 54,
      "To": 56
    },
    {
      "From": 54,
      "To": 57
    },
    {
      "From": 0,
      "To": 58
    },
    {
      "From": 10,
      "To": 59
    },
    {
      "From": 10,
      "To": 60
    },
    {
      "From": 0,
      "To": 61
    },
    {
      "From": 35,
      "To": 62
    },
    {
      "From": 35,
      "To": 63
    }
  ],
  "OverworldCoordinates": {
    "Coneria": {
      "X": 195,
      "Y": 199
    },
    "ConeriaCastle1": {
      "X": 196,
      "Y": 198
    },
    "TempleOfFiends1": {
      "X": 227,
      "Y": 177
    },
    "Pravoka": {
      "X": 149,
      "Y": 159
    },
    "Gaia": {
      "X": 138,
      "Y": 36
    },
    "CastleOrdeals1": {
      "X": 88,
      "Y": 171
    },
    "TitansTunnelWest": {
      "X": 70,
      "Y": 87
    },
    "SardasCave": {
      "X": 72,
      "Y": 87
    },
    "EarthCave1": {
      "X": 87,
      "Y": 147
    },
    "MirageTower1": {
      "X": 99,
      "Y": 94
    },
    "Onrac": {
      "X": 125,
      "Y": 98
    },
    "TitansTunnelEast": {
      "X": 56,
      "Y": 100
    },
    "MatoyasCave": {
      "X": 44,
      "Y": 135
    },
    "DwarfCave": {
      "X": 222,
      "Y": 188
    },
    "Elfland": {
      "X": 165,
      "Y": 181
    },
    "ElflandCastle": {
      "X": 166,
      "Y": 180
    },
    "MarshCave1": {
      "X": 23,
      "Y": 136
    },
    "NorthwestCastle": {
      "X": 82,
      "Y": 47
    },
    "Melmond": {
      "X": 166,
      "Y": 160
    },
    "CrescentLake": {
      "X": 176,
      "Y": 190
    },
    "Lefein": {
      "X": 81,
      "Y": 195
    },
    "BahamutCave1": {
      "X": 179,
      "Y": 26
    },
    "Cardia1": {
      "X": 133,
      "Y": 225
    },
    "Cardia2": {
      "X": 94,
      "Y": 197
    },
    "Cardia4": {
      "X": 59,
      "Y": 22
    },
    "Cardia5": {
      "X": 140,
      "Y": 239
    },
    "Cardia6": {
      "X": 87,
      "Y": 24
    },
    "Waterfall": {
      "X": 203,
      "Y": 175
    },
    "IceCave1": {
      "X": 44,
      "Y": 156
    },
    "GurguVolcano1": {
      "X": 68,
      "Y": 143
    }
  }
}