﻿{
  "StartingLocation": {
    "X": 162,
    "Y": 193
  },
  "AirShipLocation": {
    "X": 118,
    "Y": 82
  },
  "BridgeLocation": {
    "X": 179,
    "Y": 216
  },
  "CanalLocation": {
    "X": 149,
    "Y": 48
  },
  "ShipLocations": [
    {
      "TeleporterIndex": 255,
      "X": 178,
      "Y": 223
    }
  ],
  "TeleporterFixups": [
    {
      "Type": 1,
      "Index": 0,
      "From": null,
      "To": {
        "Map": 255,
        "X": 114,
        "Y": 189
      }
    },
    {
      "Type": 1,
      "Index": 1,
      "From": null,
      "To": {
        "Map": 255,
        "X": 127,
        "Y": 170
      }
    },
    {
      "Type": 1,
      "Index": 2,
      "From": null,
      "To": {
        "Map": 255,
        "X": 54,
        "Y": 134
      }
    },
    {
      "Type": 1,
      "Index": 3,
      "From": null,
      "To": {
        "Map": 255,
        "X": 73,
        "Y": 121
      }
    },
    {
      "Type": 1,
      "Index": 4,
      "From": null,
      "To": {
        "Map": 255,
        "X": 162,
        "Y": 191
      }
    },
    {
      "Type": 1,
      "Index": 5,
      "From": null,
      "To": {
        "Map": 255,
        "X": 145,
        "Y": 23
      }
    },
    {
      "Type": 1,
      "Index": 6,
      "From": null,
      "To": {
        "Map": 255,
        "X": 48,
        "Y": 112
      }
    },
    {
      "Type": 1,
      "Index": 7,
      "From": null,
      "To": {
        "Map": 255,
        "X": 163,
        "Y": 27
      }
    },
    {
      "Type": 1,
      "Index": 8,
      "From": null,
      "To": {
        "Map": 255,
        "X": 12,
        "Y": 67
      }
    }
  ],
  "DomainFixups": [],
  "DomainUpdates": [
    {
      "From": 0,
      "To": 0
    },
    {
      "From": 0,
      "To": 1
    },
    {
      "From": 0,
      "To": 2
    },
    {
      "From": 42,
      "To": 3
    },
    {
      "From": 42,
      "To": 4
    },
    {
      "From": 9,
      "To": 5
    },
    {
      "From": 10,
      "To": 6
    },
    {
      "From": 10,
      "To": 7
    },
    {
      "From": 14,
      "To": 8
    },
    {
      "From": 0,
      "To": 9
    },
    {
      "From": 0,
      "To": 10
    },
    {
      "From": 42,
      "To": 11
    },
    {
      "From": 42,
      "To": 12
    },
    {
      "From": 42,
      "To": 13
    },
    {
      "From": 0,
      "To": 14
    },
    {
      "From": 0,
      "To": 15
    },
    {
      "From": 14,
      "To": 16
    },
    {
      "From": 14,
      "To": 17
    },
    {
      "From": 11,
      "To": 18
    },
    {
      "From": 11,
      "To": 19
    },
    {
      "From": 11,
      "To": 20
    },
    {
      "From": 0,
      "To": 21
    },
    {
      "From": 0,
      "To": 22
    },
    {
      "From": 0,
      "To": 23
    },
    {
      "From": 29,
      "To": 24
    },
    {
      "From": 54,
      "To": 25
    },
    {
      "From": 12,
      "To": 26
    },
    {
      "From": 11,
      "To": 27
    },
    {
      "From": 42,
      "To": 28
    },
    {
      "From": 0,
      "To": 29
    },
    {
      "From": 0,
      "To": 30
    },
    {
      "From": 0,
      "To": 31
    },
    {
      "From": 29,
      "To": 32
    },
    {
      "From": 54,
      "To": 33
    },
    {
      "From": 12,
      "To": 34
    },
    {
      "From": 59,
      "To": 35
    },
    {
      "From": 1,
      "To": 36
    },
    {
      "From": 0,
      "To": 37
    },
    {
      "From": 0,
      "To": 38
    },
    {
      "From": 0,
      "To": 39
    },
    {
      "From": 43,
      "To": 40
    },
    {
      "From": 43,
      "To": 41
    },
    {
      "From": 35,
      "To": 42
    },
    {
      "From": 59,
      "To": 43
    },
    {
      "From": 1,
      "To": 44
    },
    {
      "From": 36,
      "To": 45
    },
    {
      "From": 52,
      "To": 46
    },
    {
      "From": 52,
      "To": 47
    },
    {
      "From": 43,
      "To": 48
    },
    {
      "From": 54,
      "To": 49
    },
    {
      "From": 54,
      "To": 50
    },
    {
      "From": 40,
      "To": 51
    },
    {
      "From": 36,
      "To": 52
    },
    {
      "From": 36,
      "To": 53
    },
    {
      "From": 28,
      "To": 54
    },
    {
      "From": 28,
      "To": 55
    },
    {
      "From": 0,
      "To": 56
    },
    {
      "From": 54,
      "To": 57
    },
    {
      "From": 54,
      "To": 58
    },
    {
      "From": 11,
      "To": 59
    },
    {
      "From": 0,
      "To": 60
    },
    {
      "From": 36,
      "To": 61
    },
    {
      "From": 11,
      "To": 62
    },
    {
      "From": 10,
      "To": 63
    }
  ],
  "OverworldCoordinates": {
    "Coneria": {
      "X": 161,
      "Y": 192
    },
    "ConeriaCastle1": {
      "X": 162,
      "Y": 191
    },
    "TempleOfFiends1": {
      "X": 211,
      "Y": 192
    },
    "Pravoka": {
      "X": 179,
      "Y": 219
    },
    "Gaia": {
      "X": 34,
      "Y": 238
    },
    "CastleOrdeals1": {
      "X": 73,
      "Y": 121
    },
    "TitansTunnelWest": {
      "X": 127,
      "Y": 170
    },
    "SardasCave": {
      "X": 125,
      "Y": 170
    },
    "EarthCave1": {
      "X": 145,
      "Y": 23
    },
    "MirageTower1": {
      "X": 12,
      "Y": 67
    },
    "Onrac": {
      "X": 163,
      "Y": 27
    },
    "TitansTunnelEast": {
      "X": 114,
      "Y": 189
    },
    "MatoyasCave": {
      "X": 25,
      "Y": 125
    },
    "DwarfCave": {
      "X": 80,
      "Y": 173
    },
    "Elfland": {
      "X": 218,
      "Y": 177
    },
    "ElflandCastle": {
      "X": 219,
      "Y": 176
    },
    "MarshCave1": {
      "X": 95,
      "Y": 163
    },
    "NorthwestCastle": {
      "X": 20,
      "Y": 179
    },
    "Melmond": {
      "X": 128,
      "Y": 111
    },
    "CrescentLake": {
      "X": 73,
      "Y": 207
    },
    "Lefein": {
      "X": 37,
      "Y": 76
    },
    "BahamutCave1": {
      "X": 216,
      "Y": 227
    },
    "Cardia1": {
      "X": 50,
      "Y": 242
    },
    "Cardia2": {
      "X": 230,
      "Y": 17
    },
    "Cardia4": {
      "X": 236,
      "Y": 239
    },
    "Cardia5": {
      "X": 98,
      "Y": 231
    },
    "Cardia6": {
      "X": 116,
      "Y": 95
    },
    "Waterfall": {
      "X": 134,
      "Y": 165
    },
    "IceCave1": {
      "X": 54,
      "Y": 134
    },
    "GurguVolcano1": {
      "X": 48,
      "Y": 112
    }
  }
}