﻿{
  "StartingLocation": {
    "X": 105,
    "Y": 212
  },
  "AirShipLocation": {
    "X": 213,
    "Y": 135
  },
  "BridgeLocation": {
    "X": 72,
    "Y": 204
  },
  "CanalLocation": {
    "X": 196,
    "Y": 87
  },
  "ShipLocations": [
    {
      "TeleporterIndex": 1,
      "X": 93,
      "Y": 225
    },
    {
      "TeleporterIndex": 9,
      "X": 93,
      "Y": 225
    },
    {
      "TeleporterIndex": 255,
      "X": 93,
      "Y": 225
    },
    {
      "TeleporterIndex": 13,
      "X": 140,
      "Y": 143
    },
    {
      "TeleporterIndex": 2,
      "X": 71,
      "Y": 211
    },
    {
      "TeleporterIndex": 24,
      "X": 63,
      "Y": 56
    },
    {
      "TeleporterIndex": 3,
      "X": 63,
      "Y": 56
    },
    {
      "TeleporterIndex": 10,
      "X": 63,
      "Y": 56
    },
    {
      "TeleporterIndex": 23,
      "X": 207,
      "Y": 28
    },
    {
      "TeleporterIndex": 11,
      "X": 211,
      "Y": 201
    },
    {
      "TeleporterIndex": 4,
      "X": 140,
      "Y": 143
    },
    {
      "TeleporterIndex": 5,
      "X": 106,
      "Y": 168
    },
    {
      "TeleporterIndex": 0,
      "X": 71,
      "Y": 211
    },
    {
      "TeleporterIndex": 17,
      "X": 129,
      "Y": 226
    },
    {
      "TeleporterIndex": 27,
      "X": 140,
      "Y": 143
    },
    {
      "TeleporterIndex": 28,
      "X": 211,
      "Y": 201
    },
    {
      "TeleporterIndex": 29,
      "X": 63,
      "Y": 56
    }
  ],
  "TeleporterFixups": [
    {
      "Type": 1,
      "Index": 0,
      "From": null,
      "To": {
        "Map": 255,
        "X": 145,
        "Y": 160
      }
    },
    {
      "Type": 1,
      "Index": 1,
      "From": null,
      "To": {
        "Map": 255,
        "X": 176,
        "Y": 130
      }
    },
    {
      "Type": 1,
      "Index": 2,
      "From": null,
      "To": {
        "Map": 255,
        "X": 184,
        "Y": 155
      }
    },
    {
      "Type": 1,
      "Index": 3,
      "From": null,
      "To": {
        "Map": 255,
        "X": 219,
        "Y": 157
      }
    },
    {
      "Type": 1,
      "Index": 4,
      "From": null,
      "To": {
        "Map": 255,
        "X": 105,
        "Y": 210
      }
    },
    {
      "Type": 1,
      "Index": 5,
      "From": null,
      "To": {
        "Map": 255,
        "X": 120,
        "Y": 95
      }
    },
    {
      "Type": 1,
      "Index": 6,
      "From": null,
      "To": {
        "Map": 255,
        "X": 185,
        "Y": 109
      }
    },
    {
      "Type": 1,
      "Index": 7,
      "From": null,
      "To": {
        "Map": 255,
        "X": 136,
        "Y": 102
      }
    },
    {
      "Type": 1,
      "Index": 8,
      "From": null,
      "To": {
        "Map": 255,
        "X": 26,
        "Y": 55
      }
    }
  ],
  "DomainFixups": [],
  "DomainUpdates": [
    {
      "From": 0,
      "To": 0
    },
    {
      "From": 0,
      "To": 1
    },
    {
      "From": 0,
      "To": 2
    },
    {
      "From": 6,
      "To": 3
    },
    {
      "From": 6,
      "To": 4
    },
    {
      "From": 0,
      "To": 5
    },
    {
      "From": 59,
      "To": 6
    },
    {
      "From": 0,
      "To": 7
    },
    {
      "From": 14,
      "To": 8
    },
    {
      "From": 11,
      "To": 9
    },
    {
      "From": 11,
      "To": 10
    },
    {
      "From": 6,
      "To": 11
    },
    {
      "From": 6,
      "To": 12
    },
    {
      "From": 11,
      "To": 13
    },
    {
      "From": 59,
      "To": 14
    },
    {
      "From": 59,
      "To": 15
    },
    {
      "From": 52,
      "To": 16
    },
    {
      "From": 52,
      "To": 17
    },
    {
      "From": 11,
      "To": 18
    },
    {
      "From": 42,
      "To": 19
    },
    {
      "From": 9,
      "To": 20
    },
    {
      "From": 54,
      "To": 21
    },
    {
      "From": 54,
      "To": 22
    },
    {
      "From": 0,
      "To": 23
    },
    {
      "From": 0,
      "To": 24
    },
    {
      "From": 52,
      "To": 25
    },
    {
      "From": 0,
      "To": 26
    },
    {
      "From": 42,
      "To": 27
    },
    {
      "From": 9,
      "To": 28
    },
    {
      "From": 54,
      "To": 29
    },
    {
      "From": 54,
      "To": 30
    },
    {
      "From": 12,
      "To": 31
    },
    {
      "From": 0,
      "To": 32
    },
    {
      "From": 0,
      "To": 33
    },
    {
      "From": 0,
      "To": 34
    },
    {
      "From": 54,
      "To": 35
    },
    {
      "From": 40,
      "To": 36
    },
    {
      "From": 40,
      "To": 37
    },
    {
      "From": 12,
      "To": 38
    },
    {
      "From": 12,
      "To": 39
    },
    {
      "From": 0,
      "To": 40
    },
    {
      "From": 0,
      "To": 41
    },
    {
      "From": 35,
      "To": 42
    },
    {
      "From": 54,
      "To": 43
    },
    {
      "From": 28,
      "To": 44
    },
    {
      "From": 10,
      "To": 45
    },
    {
      "From": 43,
      "To": 46
    },
    {
      "From": 12,
      "To": 47
    },
    {
      "From": 0,
      "To": 48
    },
    {
      "From": 10,
      "To": 49
    },
    {
      "From": 10,
      "To": 50
    },
    {
      "From": 36,
      "To": 51
    },
    {
      "From": 29,
      "To": 52
    },
    {
      "From": 11,
      "To": 53
    },
    {
      "From": 43,
      "To": 54
    },
    {
      "From": 0,
      "To": 55
    },
    {
      "From": 0,
      "To": 56
    },
    {
      "From": 10,
      "To": 57
    },
    {
      "From": 10,
      "To": 58
    },
    {
      "From": 36,
      "To": 59
    },
    {
      "From": 10,
      "To": 60
    },
    {
      "From": 10,
      "To": 61
    },
    {
      "From": 0,
      "To": 62
    },
    {
      "From": 0,
      "To": 63
    }
  ],
  "OverworldCoordinates": {
    "Coneria": {
      "X": 104,
      "Y": 211
    },
    "ConeriaCastle1": {
      "X": 105,
      "Y": 210
    },
    "TempleOfFiends1": {
      "X": 149,
      "Y": 166
    },
    "Pravoka": {
      "X": 72,
      "Y": 207
    },
    "Gaia": {
      "X": 127,
      "Y": 20
    },
    "CastleOrdeals1": {
      "X": 219,
      "Y": 157
    },
    "TitansTunnelWest": {
      "X": 176,
      "Y": 130
    },
    "SardasCave": {
      "X": 179,
      "Y": 130
    },
    "EarthCave1": {
      "X": 120,
      "Y": 95
    },
    "MirageTower1": {
      "X": 26,
      "Y": 55
    },
    "Onrac": {
      "X": 136,
      "Y": 102
    },
    "TitansTunnelEast": {
      "X": 145,
      "Y": 160
    },
    "MatoyasCave": {
      "X": 136,
      "Y": 197
    },
    "DwarfCave": {
      "X": 100,
      "Y": 190
    },
    "Elfland": {
      "X": 29,
      "Y": 75
    },
    "ElflandCastle": {
      "X": 30,
      "Y": 74
    },
    "MarshCave1": {
      "X": 219,
      "Y": 41
    },
    "NorthwestCastle": {
      "X": 200,
      "Y": 183
    },
    "Melmond": {
      "X": 149,
      "Y": 125
    },
    "CrescentLake": {
      "X": 124,
      "Y": 168
    },
    "Lefein": {
      "X": 155,
      "Y": 97
    },
    "BahamutCave1": {
      "X": 175,
      "Y": 52
    },
    "Cardia1": {
      "X": 84,
      "Y": 202
    },
    "Cardia2": {
      "X": 170,
      "Y": 222
    },
    "Cardia4": {
      "X": 170,
      "Y": 180
    },
    "Cardia5": {
      "X": 184,
      "Y": 208
    },
    "Cardia6": {
      "X": 41,
      "Y": 59
    },
    "Waterfall": {
      "X": 176,
      "Y": 174
    },
    "IceCave1": {
      "X": 184,
      "Y": 155
    },
    "GurguVolcano1": {
      "X": 185,
      "Y": 109
    }
  }
}