﻿{
  "StartingLocation": {
    "X": 20,
    "Y": 80
  },
  "AirShipLocation": {
    "X": 219,
    "Y": 126
  },
  "BridgeLocation": {
    "X": 33,
    "Y": 75
  },
  "CanalLocation": {
    "X": 138,
    "Y": 115
  },
  "ShipLocations": [
    {
      "TeleporterIndex": 255,
      "X": 32,
      "Y": 82
    }
  ],
  "TeleporterFixups": [
    {
      "Type": 1,
      "Index": 0,
      "From": null,
      "To": {
        "Map": 255,
        "X": 47,
        "Y": 135
      }
    },
    {
      "Type": 1,
      "Index": 1,
      "From": null,
      "To": {
        "Map": 255,
        "X": 79,
        "Y": 69
      }
    },
    {
      "Type": 1,
      "Index": 2,
      "From": null,
      "To": {
        "Map": 255,
        "X": 111,
        "Y": 81
      }
    },
    {
      "Type": 1,
      "Index": 3,
      "From": null,
      "To": {
        "Map": 255,
        "X": 74,
        "Y": 100
      }
    },
    {
      "Type": 1,
      "Index": 4,
      "From": null,
      "To": {
        "Map": 255,
        "X": 20,
        "Y": 78
      }
    },
    {
      "Type": 1,
      "Index": 5,
      "From": null,
      "To": {
        "Map": 255,
        "X": 135,
        "Y": 83
      }
    },
    {
      "Type": 1,
      "Index": 6,
      "From": null,
      "To": {
        "Map": 255,
        "X": 125,
        "Y": 43
      }
    },
    {
      "Type": 1,
      "Index": 7,
      "From": null,
      "To": {
        "Map": 255,
        "X": 142,
        "Y": 66
      }
    },
    {
      "Type": 1,
      "Index": 8,
      "From": null,
      "To": {
        "Map": 255,
        "X": 113,
        "Y": 111
      }
    }
  ],
  "DomainFixups": [],
  "DomainUpdates": [
    {
      "From": 43,
      "To": 0
    },
    {
      "From": 43,
      "To": 1
    },
    {
      "From": 35,
      "To": 2
    },
    {
      "From": 35,
      "To": 3
    },
    {
      "From": 10,
      "To": 4
    },
    {
      "From": 10,
      "To": 5
    },
    {
      "From": 0,
      "To": 6
    },
    {
      "From": 0,
      "To": 7
    },
    {
      "From": 43,
      "To": 8
    },
    {
      "From": 43,
      "To": 9
    },
    {
      "From": 52,
      "To": 10
    },
    {
      "From": 54,
      "To": 11
    },
    {
      "From": 54,
      "To": 12
    },
    {
      "From": 0,
      "To": 13
    },
    {
      "From": 0,
      "To": 14
    },
    {
      "From": 0,
      "To": 15
    },
    {
      "From": 36,
      "To": 16
    },
    {
      "From": 59,
      "To": 17
    },
    {
      "From": 52,
      "To": 18
    },
    {
      "From": 1,
      "To": 19
    },
    {
      "From": 42,
      "To": 20
    },
    {
      "From": 42,
      "To": 21
    },
    {
      "From": 0,
      "To": 22
    },
    {
      "From": 0,
      "To": 23
    },
    {
      "From": 36,
      "To": 24
    },
    {
      "From": 40,
      "To": 25
    },
    {
      "From": 12,
      "To": 26
    },
    {
      "From": 14,
      "To": 27
    },
    {
      "From": 42,
      "To": 28
    },
    {
      "From": 42,
      "To": 29
    },
    {
      "From": 11,
      "To": 30
    },
    {
      "From": 11,
      "To": 31
    },
    {
      "From": 40,
      "To": 32
    },
    {
      "From": 40,
      "To": 33
    },
    {
      "From": 40,
      "To": 34
    },
    {
      "From": 0,
      "To": 35
    },
    {
      "From": 42,
      "To": 36
    },
    {
      "From": 42,
      "To": 37
    },
    {
      "From": 11,
      "To": 38
    },
    {
      "From": 11,
      "To": 39
    },
    {
      "From": 11,
      "To": 40
    },
    {
      "From": 29,
      "To": 41
    },
    {
      "From": 29,
      "To": 42
    },
    {
      "From": 0,
      "To": 43
    },
    {
      "From": 0,
      "To": 44
    },
    {
      "From": 0,
      "To": 45
    },
    {
      "From": 42,
      "To": 46
    },
    {
      "From": 42,
      "To": 47
    },
    {
      "From": 11,
      "To": 48
    },
    {
      "From": 11,
      "To": 49
    },
    {
      "From": 0,
      "To": 50
    },
    {
      "From": 0,
      "To": 51
    },
    {
      "From": 10,
      "To": 52
    },
    {
      "From": 54,
      "To": 53
    },
    {
      "From": 54,
      "To": 54
    },
    {
      "From": 0,
      "To": 55
    },
    {
      "From": 11,
      "To": 56
    },
    {
      "From": 11,
      "To": 57
    },
    {
      "From": 0,
      "To": 58
    },
    {
      "From": 0,
      "To": 59
    },
    {
      "From": 10,
      "To": 60
    },
    {
      "From": 54,
      "To": 61
    },
    {
      "From": 54,
      "To": 62
    },
    {
      "From": 0,
      "To": 63
    }
  ],
  "OverworldCoordinates": {
    "Coneria": {
      "X": 19,
      "Y": 79
    },
    "ConeriaCastle1": {
      "X": 20,
      "Y": 78
    },
    "TempleOfFiends1": {
      "X": 28,
      "Y": 62
    },
    "Pravoka": {
      "X": 33,
      "Y": 78
    },
    "Gaia": {
      "X": 80,
      "Y": 72
    },
    "CastleOrdeals1": {
      "X": 74,
      "Y": 100
    },
    "TitansTunnelWest": {
      "X": 79,
      "Y": 69
    },
    "SardasCave": {
      "X": 81,
      "Y": 69
    },
    "EarthCave1": {
      "X": 135,
      "Y": 83
    },
    "MirageTower1": {
      "X": 113,
      "Y": 111
    },
    "Onrac": {
      "X": 142,
      "Y": 66
    },
    "TitansTunnelEast": {
      "X": 47,
      "Y": 135
    },
    "MatoyasCave": {
      "X": 48,
      "Y": 173
    },
    "DwarfCave": {
      "X": 97,
      "Y": 41
    },
    "Elfland": {
      "X": 79,
      "Y": 52
    },
    "ElflandCastle": {
      "X": 80,
      "Y": 51
    },
    "MarshCave1": {
      "X": 58,
      "Y": 66
    },
    "NorthwestCastle": {
      "X": 31,
      "Y": 44
    },
    "Melmond": {
      "X": 224,
      "Y": 158
    },
    "CrescentLake": {
      "X": 190,
      "Y": 226
    },
    "Lefein": {
      "X": 157,
      "Y": 102
    },
    "BahamutCave1": {
      "X": 151,
      "Y": 143
    },
    "Cardia1": {
      "X": 167,
      "Y": 22
    },
    "Cardia2": {
      "X": 131,
      "Y": 26
    },
    "Cardia4": {
      "X": 162,
      "Y": 223
    },
    "Cardia5": {
      "X": 26,
      "Y": 172
    },
    "Cardia6": {
      "X": 238,
      "Y": 124
    },
    "Waterfall": {
      "X": 107,
      "Y": 54
    },
    "IceCave1": {
      "X": 111,
      "Y": 81
    },
    "GurguVolcano1": {
      "X": 125,
      "Y": 43
    }
  }
}