﻿{
  "StartingLocation": {
    "X": 20,
    "Y": 140
  },
  "AirShipLocation": {
    "X": 77,
    "Y": 197
  },
  "BridgeLocation": {
    "X": 52,
    "Y": 116
  },
  "CanalLocation": {
    "X": 105,
    "Y": 229
  },
  "ShipLocations": [
    {
      "TeleporterIndex": 255,
      "X": 51,
      "Y": 123
    }
  ],
  "TeleporterFixups": [
    {
      "Type": 1,
      "Index": 0,
      "From": null,
      "To": {
        "Map": 255,
        "X": 88,
        "Y": 165
      }
    },
    {
      "Type": 1,
      "Index": 1,
      "From": null,
      "To": {
        "Map": 255,
        "X": 54,
        "Y": 150
      }
    },
    {
      "Type": 1,
      "Index": 2,
      "From": null,
      "To": {
        "Map": 255,
        "X": 25,
        "Y": 157
      }
    },
    {
      "Type": 1,
      "Index": 3,
      "From": null,
      "To": {
        "Map": 255,
        "X": 86,
        "Y": 177
      }
    },
    {
      "Type": 1,
      "Index": 4,
      "From": null,
      "To": {
        "Map": 255,
        "X": 20,
        "Y": 138
      }
    },
    {
      "Type": 1,
      "Index": 5,
      "From": null,
      "To": {
        "Map": 255,
        "X": 60,
        "Y": 218
      }
    },
    {
      "Type": 1,
      "Index": 6,
      "From": null,
      "To": {
        "Map": 255,
        "X": 49,
        "Y": 165
      }
    },
    {
      "Type": 1,
      "Index": 7,
      "From": null,
      "To": {
        "Map": 255,
        "X": 156,
        "Y": 242
      }
    },
    {
      "Type": 1,
      "Index": 8,
      "From": null,
      "To": {
        "Map": 255,
        "X": 66,
        "Y": 61
      }
    }
  ],
  "DomainFixups": [],
  "DomainUpdates": [
    {
      "From": 10,
      "To": 0
    },
    {
      "From": 0,
      "To": 1
    },
    {
      "From": 0,
      "To": 2
    },
    {
      "From": 0,
      "To": 3
    },
    {
      "From": 0,
      "To": 4
    },
    {
      "From": 0,
      "To": 5
    },
    {
      "From": 0,
      "To": 6
    },
    {
      "From": 0,
      "To": 7
    },
    {
      "From": 6,
      "To": 8
    },
    {
      "From": 14,
      "To": 9
    },
    {
      "From": 14,
      "To": 10
    },
    {
      "From": 0,
      "To": 11
    },
    {
      "From": 0,
      "To": 12
    },
    {
      "From": 0,
      "To": 13
    },
    {
      "From": 0,
      "To": 14
    },
    {
      "From": 0,
      "To": 15
    },
    {
      "From": 10,
      "To": 16
    },
    {
      "From": 10,
      "To": 17
    },
    {
      "From": 14,
      "To": 18
    },
    {
      "From": 0,
      "To": 19
    },
    {
      "From": 54,
      "To": 20
    },
    {
      "From": 0,
      "To": 21
    },
    {
      "From": 52,
      "To": 22
    },
    {
      "From": 52,
      "To": 23
    },
    {
      "From": 10,
      "To": 24
    },
    {
      "From": 28,
      "To": 25
    },
    {
      "From": 28,
      "To": 26
    },
    {
      "From": 54,
      "To": 27
    },
    {
      "From": 54,
      "To": 28
    },
    {
      "From": 54,
      "To": 29
    },
    {
      "From": 52,
      "To": 30
    },
    {
      "From": 52,
      "To": 31
    },
    {
      "From": 36,
      "To": 32
    },
    {
      "From": 35,
      "To": 33
    },
    {
      "From": 59,
      "To": 34
    },
    {
      "From": 40,
      "To": 35
    },
    {
      "From": 0,
      "To": 36
    },
    {
      "From": 0,
      "To": 37
    },
    {
      "From": 11,
      "To": 38
    },
    {
      "From": 11,
      "To": 39
    },
    {
      "From": 54,
      "To": 40
    },
    {
      "From": 54,
      "To": 41
    },
    {
      "From": 12,
      "To": 42
    },
    {
      "From": 40,
      "To": 43
    },
    {
      "From": 0,
      "To": 44
    },
    {
      "From": 0,
      "To": 45
    },
    {
      "From": 43,
      "To": 46
    },
    {
      "From": 43,
      "To": 47
    },
    {
      "From": 42,
      "To": 48
    },
    {
      "From": 42,
      "To": 49
    },
    {
      "From": 12,
      "To": 50
    },
    {
      "From": 12,
      "To": 51
    },
    {
      "From": 0,
      "To": 52
    },
    {
      "From": 0,
      "To": 53
    },
    {
      "From": 42,
      "To": 54
    },
    {
      "From": 42,
      "To": 55
    },
    {
      "From": 42,
      "To": 56
    },
    {
      "From": 42,
      "To": 57
    },
    {
      "From": 42,
      "To": 58
    },
    {
      "From": 10,
      "To": 59
    },
    {
      "From": 9,
      "To": 60
    },
    {
      "From": 9,
      "To": 61
    },
    {
      "From": 42,
      "To": 62
    },
    {
      "From": 42,
      "To": 63
    }
  ],
  "OverworldCoordinates": {
    "Coneria": {
      "X": 19,
      "Y": 139
    },
    "ConeriaCastle1": {
      "X": 20,
      "Y": 138
    },
    "TempleOfFiends1": {
      "X": 80,
      "Y": 117
    },
    "Pravoka": {
      "X": 52,
      "Y": 119
    },
    "Gaia": {
      "X": 16,
      "Y": 45
    },
    "CastleOrdeals1": {
      "X": 86,
      "Y": 177
    },
    "TitansTunnelWest": {
      "X": 54,
      "Y": 150
    },
    "SardasCave": {
      "X": 56,
      "Y": 150
    },
    "EarthCave1": {
      "X": 60,
      "Y": 218
    },
    "MirageTower1": {
      "X": 66,
      "Y": 61
    },
    "Onrac": {
      "X": 156,
      "Y": 242
    },
    "TitansTunnelEast": {
      "X": 88,
      "Y": 165
    },
    "MatoyasCave": {
      "X": 86,
      "Y": 165
    },
    "DwarfCave": {
      "X": 44,
      "Y": 138
    },
    "Elfland": {
      "X": 228,
      "Y": 104
    },
    "ElflandCastle": {
      "X": 229,
      "Y": 103
    },
    "MarshCave1": {
      "X": 81,
      "Y": 133
    },
    "NorthwestCastle": {
      "X": 214,
      "Y": 176
    },
    "Melmond": {
      "X": 224,
      "Y": 214
    },
    "CrescentLake": {
      "X": 154,
      "Y": 100
    },
    "Lefein": {
      "X": 210,
      "Y": 224
    },
    "BahamutCave1": {
      "X": 240,
      "Y": 140
    },
    "Cardia1": {
      "X": 119,
      "Y": 233
    },
    "Cardia2": {
      "X": 33,
      "Y": 83
    },
    "Cardia4": {
      "X": 12,
      "Y": 27
    },
    "Cardia5": {
      "X": 194,
      "Y": 158
    },
    "Cardia6": {
      "X": 74,
      "Y": 40
    },
    "Waterfall": {
      "X": 67,
      "Y": 151
    },
    "IceCave1": {
      "X": 25,
      "Y": 157
    },
    "GurguVolcano1": {
      "X": 49,
      "Y": 165
    }
  }
}