﻿{
  "StartingLocation": {
    "X": 23,
    "Y": 78
  },
  "AirShipLocation": {
    "X": 234,
    "Y": 101
  },
  "BridgeLocation": {
    "X": 58,
    "Y": 111
  },
  "CanalLocation": {
    "X": 175,
    "Y": 144
  },
  "ShipLocations": [
    {
      "TeleporterIndex": 1,
      "X": 19,
      "Y": 54
    },
    {
      "TeleporterIndex": 9,
      "X": 19,
      "Y": 54
    },
    {
      "TeleporterIndex": 255,
      "X": 19,
      "Y": 54
    },
    {
      "TeleporterIndex": 13,
      "X": 58,
      "Y": 129
    },
    {
      "TeleporterIndex": 2,
      "X": 57,
      "Y": 118
    },
    {
      "TeleporterIndex": 24,
      "X": 58,
      "Y": 129
    },
    {
      "TeleporterIndex": 3,
      "X": 16,
      "Y": 120
    },
    {
      "TeleporterIndex": 10,
      "X": 16,
      "Y": 120
    },
    {
      "TeleporterIndex": 23,
      "X": 53,
      "Y": 31
    },
    {
      "TeleporterIndex": 11,
      "X": 103,
      "Y": 58
    },
    {
      "TeleporterIndex": 4,
      "X": 192,
      "Y": 235
    },
    {
      "TeleporterIndex": 5,
      "X": 16,
      "Y": 120
    }
  ],
  "TeleporterFixups": [
    {
      "Type": 1,
      "Index": 0,
      "From": null,
      "To": {
        "Map": 255,
        "X": 77,
        "Y": 88
      }
    },
    {
      "Type": 1,
      "Index": 1,
      "From": null,
      "To": {
        "Map": 255,
        "X": 191,
        "Y": 135
      }
    },
    {
      "Type": 1,
      "Index": 2,
      "From": null,
      "To": {
        "Map": 255,
        "X": 124,
        "Y": 94
      }
    },
    {
      "Type": 1,
      "Index": 3,
      "From": null,
      "To": {
        "Map": 255,
        "X": 91,
        "Y": 74
      }
    },
    {
      "Type": 1,
      "Index": 4,
      "From": null,
      "To": {
        "Map": 255,
        "X": 23,
        "Y": 76
      }
    },
    {
      "Type": 1,
      "Index": 5,
      "From": null,
      "To": {
        "Map": 255,
        "X": 218,
        "Y": 130
      }
    },
    {
      "Type": 1,
      "Index": 6,
      "From": null,
      "To": {
        "Map": 255,
        "X": 52,
        "Y": 61
      }
    },
    {
      "Type": 1,
      "Index": 7,
      "From": null,
      "To": {
        "Map": 255,
        "X": 242,
        "Y": 170
      }
    },
    {
      "Type": 1,
      "Index": 8,
      "From": null,
      "To": {
        "Map": 255,
        "X": 55,
        "Y": 157
      }
    }
  ],
  "DomainFixups": [],
  "DomainUpdates": [
    {
      "From": 35,
      "To": 0
    },
    {
      "From": 59,
      "To": 1
    },
    {
      "From": 0,
      "To": 2
    },
    {
      "From": 11,
      "To": 3
    },
    {
      "From": 11,
      "To": 4
    },
    {
      "From": 0,
      "To": 5
    },
    {
      "From": 10,
      "To": 6
    },
    {
      "From": 10,
      "To": 7
    },
    {
      "From": 35,
      "To": 8
    },
    {
      "From": 59,
      "To": 9
    },
    {
      "From": 59,
      "To": 10
    },
    {
      "From": 11,
      "To": 11
    },
    {
      "From": 11,
      "To": 12
    },
    {
      "From": 0,
      "To": 13
    },
    {
      "From": 0,
      "To": 14
    },
    {
      "From": 0,
      "To": 15
    },
    {
      "From": 36,
      "To": 16
    },
    {
      "From": 54,
      "To": 17
    },
    {
      "From": 12,
      "To": 18
    },
    {
      "From": 43,
      "To": 19
    },
    {
      "From": 54,
      "To": 20
    },
    {
      "From": 54,
      "To": 21
    },
    {
      "From": 42,
      "To": 22
    },
    {
      "From": 42,
      "To": 23
    },
    {
      "From": 54,
      "To": 24
    },
    {
      "From": 29,
      "To": 25
    },
    {
      "From": 40,
      "To": 26
    },
    {
      "From": 54,
      "To": 27
    },
    {
      "From": 54,
      "To": 28
    },
    {
      "From": 54,
      "To": 29
    },
    {
      "From": 42,
      "To": 30
    },
    {
      "From": 42,
      "To": 31
    },
    {
      "From": 28,
      "To": 32
    },
    {
      "From": 28,
      "To": 33
    },
    {
      "From": 14,
      "To": 34
    },
    {
      "From": 11,
      "To": 35
    },
    {
      "From": 42,
      "To": 36
    },
    {
      "From": 42,
      "To": 37
    },
    {
      "From": 42,
      "To": 38
    },
    {
      "From": 42,
      "To": 39
    },
    {
      "From": 11,
      "To": 40
    },
    {
      "From": 14,
      "To": 41
    },
    {
      "From": 14,
      "To": 42
    },
    {
      "From": 0,
      "To": 43
    },
    {
      "From": 42,
      "To": 44
    },
    {
      "From": 42,
      "To": 45
    },
    {
      "From": 9,
      "To": 46
    },
    {
      "From": 9,
      "To": 47
    },
    {
      "From": 0,
      "To": 48
    },
    {
      "From": 0,
      "To": 49
    },
    {
      "From": 0,
      "To": 50
    },
    {
      "From": 0,
      "To": 51
    },
    {
      "From": 42,
      "To": 52
    },
    {
      "From": 42,
      "To": 53
    },
    {
      "From": 0,
      "To": 54
    },
    {
      "From": 10,
      "To": 55
    },
    {
      "From": 0,
      "To": 56
    },
    {
      "From": 0,
      "To": 57
    },
    {
      "From": 0,
      "To": 58
    },
    {
      "From": 0,
      "To": 59
    },
    {
      "From": 42,
      "To": 60
    },
    {
      "From": 42,
      "To": 61
    },
    {
      "From": 42,
      "To": 62
    },
    {
      "From": 0,
      "To": 63
    }
  ],
  "OverworldCoordinates": {
    "Coneria": {
      "X": 22,
      "Y": 77
    },
    "ConeriaCastle1": {
      "X": 23,
      "Y": 76
    },
    "TempleOfFiends1": {
      "X": 37,
      "Y": 147
    },
    "Pravoka": {
      "X": 58,
      "Y": 114
    },
    "Gaia": {
      "X": 156,
      "Y": 21
    },
    "CastleOrdeals1": {
      "X": 91,
      "Y": 74
    },
    "TitansTunnelWest": {
      "X": 191,
      "Y": 135
    },
    "SardasCave": {
      "X": 189,
      "Y": 135
    },
    "EarthCave1": {
      "X": 218,
      "Y": 130
    },
    "MirageTower1": {
      "X": 55,
      "Y": 157
    },
    "Onrac": {
      "X": 242,
      "Y": 170
    },
    "TitansTunnelEast": {
      "X": 77,
      "Y": 88
    },
    "MatoyasCave": {
      "X": 58,
      "Y": 99
    },
    "DwarfCave": {
      "X": 23,
      "Y": 38
    },
    "Elfland": {
      "X": 26,
      "Y": 91
    },
    "ElflandCastle": {
      "X": 27,
      "Y": 90
    },
    "MarshCave1": {
      "X": 63,
      "Y": 49
    },
    "NorthwestCastle": {
      "X": 114,
      "Y": 80
    },
    "Melmond": {
      "X": 159,
      "Y": 225
    },
    "CrescentLake": {
      "X": 33,
      "Y": 127
    },
    "Lefein": {
      "X": 136,
      "Y": 113
    },
    "BahamutCave1": {
      "X": 115,
      "Y": 125
    },
    "Cardia1": {
      "X": 227,
      "Y": 19
    },
    "Cardia2": {
      "X": 208,
      "Y": 15
    },
    "Cardia4": {
      "X": 242,
      "Y": 197
    },
    "Cardia5": {
      "X": 127,
      "Y": 33
    },
    "Cardia6": {
      "X": 21,
      "Y": 170
    },
    "Waterfall": {
      "X": 70,
      "Y": 80
    },
    "IceCave1": {
      "X": 124,
      "Y": 94
    },
    "GurguVolcano1": {
      "X": 52,
      "Y": 61
    }
  }
}