﻿{
  "StartingLocation": {
    "X": 75,
    "Y": 120
  },
  "AirShipLocation": {
    "X": 217,
    "Y": 37
  },
  "BridgeLocation": {
    "X": 66,
    "Y": 152
  },
  "CanalLocation": {
    "X": 236,
    "Y": 80
  },
  "ShipLocations": [
    {
      "TeleporterIndex": 1,
      "X": 94,
      "Y": 94
    },
    {
      "TeleporterIndex": 9,
      "X": 94,
      "Y": 94
    },
    {
      "TeleporterIndex": 255,
      "X": 94,
      "Y": 94
    },
    {
      "TeleporterIndex": 13,
      "X": 94,
      "Y": 94
    },
    {
      "TeleporterIndex": 2,
      "X": 65,
      "Y": 159
    },
    {
      "TeleporterIndex": 24,
      "X": 94,
      "Y": 94
    },
    {
      "TeleporterIndex": 3,
      "X": 94,
      "Y": 94
    },
    {
      "TeleporterIndex": 10,
      "X": 94,
      "Y": 94
    },
    {
      "TeleporterIndex": 23,
      "X": 198,
      "Y": 149
    },
    {
      "TeleporterIndex": 11,
      "X": 235,
      "Y": 244
    },
    {
      "TeleporterIndex": 4,
      "X": 65,
      "Y": 159
    },
    {
      "TeleporterIndex": 5,
      "X": 108,
      "Y": 23
    },
    {
      "TeleporterIndex": 8,
      "X": 94,
      "Y": 94
    },
    {
      "TeleporterIndex": 29,
      "X": 65,
      "Y": 159
    }
  ],
  "TeleporterFixups": [
    {
      "Type": 1,
      "Index": 0,
      "From": null,
      "To": {
        "Map": 255,
        "X": 174,
        "Y": 133
      }
    },
    {
      "Type": 1,
      "Index": 1,
      "From": null,
      "To": {
        "Map": 255,
        "X": 127,
        "Y": 226
      }
    },
    {
      "Type": 1,
      "Index": 2,
      "From": null,
      "To": {
        "Map": 255,
        "X": 190,
        "Y": 126
      }
    },
    {
      "Type": 1,
      "Index": 3,
      "From": null,
      "To": {
        "Map": 255,
        "X": 22,
        "Y": 145
      }
    },
    {
      "Type": 1,
      "Index": 4,
      "From": null,
      "To": {
        "Map": 255,
        "X": 75,
        "Y": 118
      }
    },
    {
      "Type": 1,
      "Index": 5,
      "From": null,
      "To": {
        "Map": 255,
        "X": 226,
        "Y": 91
      }
    },
    {
      "Type": 1,
      "Index": 6,
      "From": null,
      "To": {
        "Map": 255,
        "X": 194,
        "Y": 87
      }
    },
    {
      "Type": 1,
      "Index": 7,
      "From": null,
      "To": {
        "Map": 255,
        "X": 241,
        "Y": 117
      }
    },
    {
      "Type": 1,
      "Index": 8,
      "From": null,
      "To": {
        "Map": 255,
        "X": 83,
        "Y": 128
      }
    }
  ],
  "DomainFixups": [],
  "DomainUpdates": [
    {
      "From": 0,
      "To": 0
    },
    {
      "From": 11,
      "To": 1
    },
    {
      "From": 54,
      "To": 2
    },
    {
      "From": 54,
      "To": 3
    },
    {
      "From": 0,
      "To": 4
    },
    {
      "From": 0,
      "To": 5
    },
    {
      "From": 0,
      "To": 6
    },
    {
      "From": 0,
      "To": 7
    },
    {
      "From": 0,
      "To": 8
    },
    {
      "From": 0,
      "To": 9
    },
    {
      "From": 54,
      "To": 10
    },
    {
      "From": 0,
      "To": 11
    },
    {
      "From": 0,
      "To": 12
    },
    {
      "From": 59,
      "To": 13
    },
    {
      "From": 42,
      "To": 14
    },
    {
      "From": 10,
      "To": 15
    },
    {
      "From": 6,
      "To": 16
    },
    {
      "From": 10,
      "To": 17
    },
    {
      "From": 52,
      "To": 18
    },
    {
      "From": 35,
      "To": 19
    },
    {
      "From": 35,
      "To": 20
    },
    {
      "From": 59,
      "To": 21
    },
    {
      "From": 42,
      "To": 22
    },
    {
      "From": 42,
      "To": 23
    },
    {
      "From": 0,
      "To": 24
    },
    {
      "From": 11,
      "To": 25
    },
    {
      "From": 28,
      "To": 26
    },
    {
      "From": 35,
      "To": 27
    },
    {
      "From": 35,
      "To": 28
    },
    {
      "From": 59,
      "To": 29
    },
    {
      "From": 1,
      "To": 30
    },
    {
      "From": 9,
      "To": 31
    },
    {
      "From": 12,
      "To": 32
    },
    {
      "From": 11,
      "To": 33
    },
    {
      "From": 14,
      "To": 34
    },
    {
      "From": 14,
      "To": 35
    },
    {
      "From": 40,
      "To": 36
    },
    {
      "From": 40,
      "To": 37
    },
    {
      "From": 54,
      "To": 38
    },
    {
      "From": 9,
      "To": 39
    },
    {
      "From": 12,
      "To": 40
    },
    {
      "From": 42,
      "To": 41
    },
    {
      "From": 29,
      "To": 42
    },
    {
      "From": 0,
      "To": 43
    },
    {
      "From": 0,
      "To": 44
    },
    {
      "From": 0,
      "To": 45
    },
    {
      "From": 0,
      "To": 46
    },
    {
      "From": 0,
      "To": 47
    },
    {
      "From": 11,
      "To": 48
    },
    {
      "From": 42,
      "To": 49
    },
    {
      "From": 29,
      "To": 50
    },
    {
      "From": 40,
      "To": 51
    },
    {
      "From": 40,
      "To": 52
    },
    {
      "From": 0,
      "To": 53
    },
    {
      "From": 43,
      "To": 54
    },
    {
      "From": 43,
      "To": 55
    },
    {
      "From": 11,
      "To": 56
    },
    {
      "From": 0,
      "To": 57
    },
    {
      "From": 0,
      "To": 58
    },
    {
      "From": 40,
      "To": 59
    },
    {
      "From": 40,
      "To": 60
    },
    {
      "From": 0,
      "To": 61
    },
    {
      "From": 43,
      "To": 62
    },
    {
      "From": 43,
      "To": 63
    }
  ],
  "OverworldCoordinates": {
    "Coneria": {
      "X": 74,
      "Y": 119
    },
    "ConeriaCastle1": {
      "X": 75,
      "Y": 118
    },
    "TempleOfFiends1": {
      "X": 90,
      "Y": 114
    },
    "Pravoka": {
      "X": 66,
      "Y": 155
    },
    "Gaia": {
      "X": 23,
      "Y": 94
    },
    "CastleOrdeals1": {
      "X": 22,
      "Y": 145
    },
    "TitansTunnelWest": {
      "X": 127,
      "Y": 226
    },
    "SardasCave": {
      "X": 127,
      "Y": 212
    },
    "EarthCave1": {
      "X": 226,
      "Y": 91
    },
    "MirageTower1": {
      "X": 83,
      "Y": 128
    },
    "Onrac": {
      "X": 241,
      "Y": 117
    },
    "TitansTunnelEast": {
      "X": 174,
      "Y": 133
    },
    "MatoyasCave": {
      "X": 82,
      "Y": 195
    },
    "DwarfCave": {
      "X": 116,
      "Y": 113
    },
    "Elfland": {
      "X": 76,
      "Y": 91
    },
    "ElflandCastle": {
      "X": 77,
      "Y": 90
    },
    "MarshCave1": {
      "X": 174,
      "Y": 113
    },
    "NorthwestCastle": {
      "X": 220,
      "Y": 224
    },
    "Melmond": {
      "X": 58,
      "Y": 169
    },
    "CrescentLake": {
      "X": 91,
      "Y": 21
    },
    "Lefein": {
      "X": 112,
      "Y": 91
    },
    "BahamutCave1": {
      "X": 55,
      "Y": 18
    },
    "Cardia1": {
      "X": 240,
      "Y": 57
    },
    "Cardia2": {
      "X": 37,
      "Y": 84
    },
    "Cardia4": {
      "X": 148,
      "Y": 226
    },
    "Cardia5": {
      "X": 17,
      "Y": 225
    },
    "Cardia6": {
      "X": 40,
      "Y": 142
    },
    "Waterfall": {
      "X": 183,
      "Y": 105
    },
    "IceCave1": {
      "X": 190,
      "Y": 126
    },
    "GurguVolcano1": {
      "X": 194,
      "Y": 87
    }
  }
}