﻿{
  "StartingLocation": {
    "X": 48,
    "Y": 78
  },
  "AirShipLocation": {
    "X": 39,
    "Y": 235
  },
  "BridgeLocation": {
    "X": 27,
    "Y": 65
  },
  "CanalLocation": {
    "X": 227,
    "Y": 93
  },
  "ShipLocations": [
    {
      "TeleporterIndex": 255,
      "X": 26,
      "Y": 72
    }
  ],
  "TeleporterFixups": [
    {
      "Type": 1,
      "Index": 0,
      "From": null,
      "To": {
        "Map": 255,
        "X": 65,
        "Y": 83
      }
    },
    {
      "Type": 1,
      "Index": 1,
      "From": null,
      "To": {
        "Map": 255,
        "X": 27,
        "Y": 150
      }
    },
    {
      "Type": 1,
      "Index": 2,
      "From": null,
      "To": {
        "Map": 255,
        "X": 167,
        "Y": 219
      }
    },
    {
      "Type": 1,
      "Index": 3,
      "From": null,
      "To": {
        "Map": 255,
        "X": 98,
        "Y": 127
      }
    },
    {
      "Type": 1,
      "Index": 4,
      "From": null,
      "To": {
        "Map": 255,
        "X": 48,
        "Y": 76
      }
    },
    {
      "Type": 1,
      "Index": 5,
      "From": null,
      "To": {
        "Map": 255,
        "X": 206,
        "Y": 136
      }
    },
    {
      "Type": 1,
      "Index": 6,
      "From": null,
      "To": {
        "Map": 255,
        "X": 80,
        "Y": 100
      }
    },
    {
      "Type": 1,
      "Index": 7,
      "From": null,
      "To": {
        "Map": 255,
        "X": 217,
        "Y": 110
      }
    },
    {
      "Type": 1,
      "Index": 8,
      "From": null,
      "To": {
        "Map": 255,
        "X": 80,
        "Y": 43
      }
    }
  ],
  "DomainFixups": [],
  "DomainUpdates": [
    {
      "From": 0,
      "To": 0
    },
    {
      "From": 59,
      "To": 1
    },
    {
      "From": 59,
      "To": 2
    },
    {
      "From": 29,
      "To": 3
    },
    {
      "From": 0,
      "To": 4
    },
    {
      "From": 0,
      "To": 5
    },
    {
      "From": 0,
      "To": 6
    },
    {
      "From": 0,
      "To": 7
    },
    {
      "From": 28,
      "To": 8
    },
    {
      "From": 28,
      "To": 9
    },
    {
      "From": 14,
      "To": 10
    },
    {
      "From": 52,
      "To": 11
    },
    {
      "From": 52,
      "To": 12
    },
    {
      "From": 0,
      "To": 13
    },
    {
      "From": 0,
      "To": 14
    },
    {
      "From": 0,
      "To": 15
    },
    {
      "From": 36,
      "To": 16
    },
    {
      "From": 36,
      "To": 17
    },
    {
      "From": 28,
      "To": 18
    },
    {
      "From": 52,
      "To": 19
    },
    {
      "From": 0,
      "To": 20
    },
    {
      "From": 0,
      "To": 21
    },
    {
      "From": 9,
      "To": 22
    },
    {
      "From": 9,
      "To": 23
    },
    {
      "From": 11,
      "To": 24
    },
    {
      "From": 40,
      "To": 25
    },
    {
      "From": 12,
      "To": 26
    },
    {
      "From": 12,
      "To": 27
    },
    {
      "From": 42,
      "To": 28
    },
    {
      "From": 11,
      "To": 29
    },
    {
      "From": 9,
      "To": 30
    },
    {
      "From": 9,
      "To": 31
    },
    {
      "From": 40,
      "To": 32
    },
    {
      "From": 40,
      "To": 33
    },
    {
      "From": 12,
      "To": 34
    },
    {
      "From": 12,
      "To": 35
    },
    {
      "From": 0,
      "To": 36
    },
    {
      "From": 11,
      "To": 37
    },
    {
      "From": 42,
      "To": 38
    },
    {
      "From": 42,
      "To": 39
    },
    {
      "From": 6,
      "To": 40
    },
    {
      "From": 40,
      "To": 41
    },
    {
      "From": 0,
      "To": 42
    },
    {
      "From": 0,
      "To": 43
    },
    {
      "From": 43,
      "To": 44
    },
    {
      "From": 11,
      "To": 45
    },
    {
      "From": 42,
      "To": 46
    },
    {
      "From": 10,
      "To": 47
    },
    {
      "From": 54,
      "To": 48
    },
    {
      "From": 54,
      "To": 49
    },
    {
      "From": 0,
      "To": 50
    },
    {
      "From": 0,
      "To": 51
    },
    {
      "From": 43,
      "To": 52
    },
    {
      "From": 43,
      "To": 53
    },
    {
      "From": 54,
      "To": 54
    },
    {
      "From": 10,
      "To": 55
    },
    {
      "From": 54,
      "To": 56
    },
    {
      "From": 54,
      "To": 57
    },
    {
      "From": 0,
      "To": 58
    },
    {
      "From": 0,
      "To": 59
    },
    {
      "From": 54,
      "To": 60
    },
    {
      "From": 54,
      "To": 61
    },
    {
      "From": 0,
      "To": 62
    },
    {
      "From": 0,
      "To": 63
    }
  ],
  "OverworldCoordinates": {
    "Coneria": {
      "X": 47,
      "Y": 77
    },
    "ConeriaCastle1": {
      "X": 48,
      "Y": 76
    },
    "TempleOfFiends1": {
      "X": 61,
      "Y": 54
    },
    "Pravoka": {
      "X": 27,
      "Y": 68
    },
    "Gaia": {
      "X": 13,
      "Y": 163
    },
    "CastleOrdeals1": {
      "X": 98,
      "Y": 127
    },
    "TitansTunnelWest": {
      "X": 27,
      "Y": 150
    },
    "SardasCave": {
      "X": 46,
      "Y": 158
    },
    "EarthCave1": {
      "X": 206,
      "Y": 136
    },
    "MirageTower1": {
      "X": 80,
      "Y": 43
    },
    "Onrac": {
      "X": 217,
      "Y": 110
    },
    "TitansTunnelEast": {
      "X": 65,
      "Y": 83
    },
    "MatoyasCave": {
      "X": 106,
      "Y": 30
    },
    "DwarfCave": {
      "X": 74,
      "Y": 41
    },
    "Elfland": {
      "X": 122,
      "Y": 57
    },
    "ElflandCastle": {
      "X": 123,
      "Y": 56
    },
    "MarshCave1": {
      "X": 68,
      "Y": 15
    },
    "NorthwestCastle": {
      "X": 146,
      "Y": 212
    },
    "Melmond": {
      "X": 128,
      "Y": 107
    },
    "CrescentLake": {
      "X": 15,
      "Y": 230
    },
    "Lefein": {
      "X": 79,
      "Y": 123
    },
    "BahamutCave1": {
      "X": 14,
      "Y": 113
    },
    "Cardia1": {
      "X": 15,
      "Y": 82
    },
    "Cardia2": {
      "X": 17,
      "Y": 181
    },
    "Cardia4": {
      "X": 241,
      "Y": 167
    },
    "Cardia5": {
      "X": 182,
      "Y": 139
    },
    "Cardia6": {
      "X": 21,
      "Y": 242
    },
    "Waterfall": {
      "X": 68,
      "Y": 88
    },
    "IceCave1": {
      "X": 167,
      "Y": 219
    },
    "GurguVolcano1": {
      "X": 80,
      "Y": 100
    }
  }
}