﻿{
  "StartingLocation": {
    "X": 162,
    "Y": 26
  },
  "AirShipLocation": {
    "X": 217,
    "Y": 98
  },
  "BridgeLocation": {
    "X": 236,
    "Y": 66
  },
  "CanalLocation": {
    "X": 17,
    "Y": 126
  },
  "ShipLocations": [
    {
      "TeleporterIndex": 255,
      "X": 235,
      "Y": 73
    }
  ],
  "TeleporterFixups": [
    {
      "Type": 1,
      "Index": 0,
      "From": null,
      "To": {
        "Map": 255,
        "X": 35,
        "Y": 38
      }
    },
    {
      "Type": 1,
      "Index": 1,
      "From": null,
      "To": {
        "Map": 255,
        "X": 140,
        "Y": 214
      }
    },
    {
      "Type": 1,
      "Index": 2,
      "From": null,
      "To": {
        "Map": 255,
        "X": 152,
        "Y": 67
      }
    },
    {
      "Type": 1,
      "Index": 3,
      "From": null,
      "To": {
        "Map": 255,
        "X": 131,
        "Y": 64
      }
    },
    {
      "Type": 1,
      "Index": 4,
      "From": null,
      "To": {
        "Map": 255,
        "X": 162,
        "Y": 24
      }
    },
    {
      "Type": 1,
      "Index": 5,
      "From": null,
      "To": {
        "Map": 255,
        "X": 45,
        "Y": 150
      }
    },
    {
      "Type": 1,
      "Index": 6,
      "From": null,
      "To": {
        "Map": 255,
        "X": 169,
        "Y": 60
      }
    },
    {
      "Type": 1,
      "Index": 7,
      "From": null,
      "To": {
        "Map": 255,
        "X": 166,
        "Y": 216
      }
    },
    {
      "Type": 1,
      "Index": 8,
      "From": null,
      "To": {
        "Map": 255,
        "X": 99,
        "Y": 83
      }
    }
  ],
  "DomainFixups": [],
  "DomainUpdates": [
    {
      "From": 52,
      "To": 0
    },
    {
      "From": 52,
      "To": 1
    },
    {
      "From": 52,
      "To": 2
    },
    {
      "From": 0,
      "To": 3
    },
    {
      "From": 36,
      "To": 4
    },
    {
      "From": 36,
      "To": 5
    },
    {
      "From": 0,
      "To": 6
    },
    {
      "From": 0,
      "To": 7
    },
    {
      "From": 40,
      "To": 8
    },
    {
      "From": 29,
      "To": 9
    },
    {
      "From": 35,
      "To": 10
    },
    {
      "From": 54,
      "To": 11
    },
    {
      "From": 1,
      "To": 12
    },
    {
      "From": 36,
      "To": 13
    },
    {
      "From": 28,
      "To": 14
    },
    {
      "From": 43,
      "To": 15
    },
    {
      "From": 11,
      "To": 16
    },
    {
      "From": 59,
      "To": 17
    },
    {
      "From": 42,
      "To": 18
    },
    {
      "From": 14,
      "To": 19
    },
    {
      "From": 54,
      "To": 20
    },
    {
      "From": 54,
      "To": 21
    },
    {
      "From": 43,
      "To": 22
    },
    {
      "From": 43,
      "To": 23
    },
    {
      "From": 42,
      "To": 24
    },
    {
      "From": 42,
      "To": 25
    },
    {
      "From": 59,
      "To": 26
    },
    {
      "From": 14,
      "To": 27
    },
    {
      "From": 14,
      "To": 28
    },
    {
      "From": 54,
      "To": 29
    },
    {
      "From": 43,
      "To": 30
    },
    {
      "From": 43,
      "To": 31
    },
    {
      "From": 42,
      "To": 32
    },
    {
      "From": 42,
      "To": 33
    },
    {
      "From": 6,
      "To": 34
    },
    {
      "From": 6,
      "To": 35
    },
    {
      "From": 0,
      "To": 36
    },
    {
      "From": 0,
      "To": 37
    },
    {
      "From": 0,
      "To": 38
    },
    {
      "From": 0,
      "To": 39
    },
    {
      "From": 42,
      "To": 40
    },
    {
      "From": 42,
      "To": 41
    },
    {
      "From": 6,
      "To": 42
    },
    {
      "From": 10,
      "To": 43
    },
    {
      "From": 0,
      "To": 44
    },
    {
      "From": 0,
      "To": 45
    },
    {
      "From": 11,
      "To": 46
    },
    {
      "From": 10,
      "To": 47
    },
    {
      "From": 0,
      "To": 48
    },
    {
      "From": 0,
      "To": 49
    },
    {
      "From": 0,
      "To": 50
    },
    {
      "From": 40,
      "To": 51
    },
    {
      "From": 40,
      "To": 52
    },
    {
      "From": 9,
      "To": 53
    },
    {
      "From": 0,
      "To": 54
    },
    {
      "From": 11,
      "To": 55
    },
    {
      "From": 0,
      "To": 56
    },
    {
      "From": 0,
      "To": 57
    },
    {
      "From": 0,
      "To": 58
    },
    {
      "From": 40,
      "To": 59
    },
    {
      "From": 40,
      "To": 60
    },
    {
      "From": 0,
      "To": 61
    },
    {
      "From": 10,
      "To": 62
    },
    {
      "From": 0,
      "To": 63
    }
  ],
  "OverworldCoordinates": {
    "Coneria": {
      "X": 161,
      "Y": 25
    },
    "ConeriaCastle1": {
      "X": 162,
      "Y": 24
    },
    "TempleOfFiends1": {
      "X": 196,
      "Y": 58
    },
    "Pravoka": {
      "X": 236,
      "Y": 69
    },
    "Gaia": {
      "X": 83,
      "Y": 151
    },
    "CastleOrdeals1": {
      "X": 131,
      "Y": 64
    },
    "TitansTunnelWest": {
      "X": 140,
      "Y": 214
    },
    "SardasCave": {
      "X": 139,
      "Y": 229
    },
    "EarthCave1": {
      "X": 45,
      "Y": 150
    },
    "MirageTower1": {
      "X": 99,
      "Y": 83
    },
    "Onrac": {
      "X": 166,
      "Y": 216
    },
    "TitansTunnelEast": {
      "X": 35,
      "Y": 38
    },
    "MatoyasCave": {
      "X": 42,
      "Y": 46
    },
    "DwarfCave": {
      "X": 70,
      "Y": 53
    },
    "Elfland": {
      "X": 52,
      "Y": 31
    },
    "ElflandCastle": {
      "X": 53,
      "Y": 30
    },
    "MarshCave1": {
      "X": 56,
      "Y": 69
    },
    "NorthwestCastle": {
      "X": 188,
      "Y": 94
    },
    "Melmond": {
      "X": 77,
      "Y": 68
    },
    "CrescentLake": {
      "X": 91,
      "Y": 62
    },
    "Lefein": {
      "X": 146,
      "Y": 42
    },
    "BahamutCave1": {
      "X": 225,
      "Y": 166
    },
    "Cardia1": {
      "X": 233,
      "Y": 181
    },
    "Cardia2": {
      "X": 197,
      "Y": 234
    },
    "Cardia4": {
      "X": 99,
      "Y": 162
    },
    "Cardia5": {
      "X": 239,
      "Y": 196
    },
    "Cardia6": {
      "X": 24,
      "Y": 71
    },
    "Waterfall": {
      "X": 157,
      "Y": 48
    },
    "IceCave1": {
      "X": 152,
      "Y": 67
    },
    "GurguVolcano1": {
      "X": 169,
      "Y": 60
    }
  }
}