﻿{
  "StartingLocation": {
    "X": 161,
    "Y": 80
  },
  "AirShipLocation": {
    "X": 106,
    "Y": 18
  },
  "BridgeLocation": {
    "X": 179,
    "Y": 97
  },
  "CanalLocation": {
    "X": 121,
    "Y": 108
  },
  "ShipLocations": [
    {
      "TeleporterIndex": 255,
      "X": 178,
      "Y": 104
    }
  ],
  "TeleporterFixups": [
    {
      "Type": 1,
      "Index": 0,
      "From": null,
      "To": {
        "Map": 255,
        "X": 236,
        "Y": 120
      }
    },
    {
      "Type": 1,
      "Index": 1,
      "From": null,
      "To": {
        "Map": 255,
        "X": 213,
        "Y": 94
      }
    },
    {
      "Type": 1,
      "Index": 2,
      "From": null,
      "To": {
        "Map": 255,
        "X": 74,
        "Y": 58
      }
    },
    {
      "Type": 1,
      "Index": 3,
      "From": null,
      "To": {
        "Map": 255,
        "X": 21,
        "Y": 41
      }
    },
    {
      "Type": 1,
      "Index": 4,
      "From": null,
      "To": {
        "Map": 255,
        "X": 161,
        "Y": 78
      }
    },
    {
      "Type": 1,
      "Index": 5,
      "From": null,
      "To": {
        "Map": 255,
        "X": 126,
        "Y": 116
      }
    },
    {
      "Type": 1,
      "Index": 6,
      "From": null,
      "To": {
        "Map": 255,
        "X": 122,
        "Y": 44
      }
    },
    {
      "Type": 1,
      "Index": 7,
      "From": null,
      "To": {
        "Map": 255,
        "X": 53,
        "Y": 219
      }
    },
    {
      "Type": 1,
      "Index": 8,
      "From": null,
      "To": {
        "Map": 255,
        "X": 76,
        "Y": 240
      }
    }
  ],
  "DomainFixups": [],
  "DomainUpdates": [
    {
      "From": 12,
      "To": 0
    },
    {
      "From": 52,
      "To": 1
    },
    {
      "From": 43,
      "To": 2
    },
    {
      "From": 54,
      "To": 3
    },
    {
      "From": 54,
      "To": 4
    },
    {
      "From": 0,
      "To": 5
    },
    {
      "From": 40,
      "To": 6
    },
    {
      "From": 0,
      "To": 7
    },
    {
      "From": 12,
      "To": 8
    },
    {
      "From": 1,
      "To": 9
    },
    {
      "From": 11,
      "To": 10
    },
    {
      "From": 11,
      "To": 11
    },
    {
      "From": 54,
      "To": 12
    },
    {
      "From": 40,
      "To": 13
    },
    {
      "From": 40,
      "To": 14
    },
    {
      "From": 0,
      "To": 15
    },
    {
      "From": 0,
      "To": 16
    },
    {
      "From": 1,
      "To": 17
    },
    {
      "From": 54,
      "To": 18
    },
    {
      "From": 28,
      "To": 19
    },
    {
      "From": 36,
      "To": 20
    },
    {
      "From": 36,
      "To": 21
    },
    {
      "From": 40,
      "To": 22
    },
    {
      "From": 40,
      "To": 23
    },
    {
      "From": 0,
      "To": 24
    },
    {
      "From": 54,
      "To": 25
    },
    {
      "From": 54,
      "To": 26
    },
    {
      "From": 42,
      "To": 27
    },
    {
      "From": 42,
      "To": 28
    },
    {
      "From": 36,
      "To": 29
    },
    {
      "From": 40,
      "To": 30
    },
    {
      "From": 40,
      "To": 31
    },
    {
      "From": 6,
      "To": 32
    },
    {
      "From": 0,
      "To": 33
    },
    {
      "From": 0,
      "To": 34
    },
    {
      "From": 0,
      "To": 35
    },
    {
      "From": 0,
      "To": 36
    },
    {
      "From": 11,
      "To": 37
    },
    {
      "From": 40,
      "To": 38
    },
    {
      "From": 40,
      "To": 39
    },
    {
      "From": 0,
      "To": 40
    },
    {
      "From": 0,
      "To": 41
    },
    {
      "From": 10,
      "To": 42
    },
    {
      "From": 0,
      "To": 43
    },
    {
      "From": 10,
      "To": 44
    },
    {
      "From": 29,
      "To": 45
    },
    {
      "From": 35,
      "To": 46
    },
    {
      "From": 42,
      "To": 47
    },
    {
      "From": 0,
      "To": 48
    },
    {
      "From": 9,
      "To": 49
    },
    {
      "From": 10,
      "To": 50
    },
    {
      "From": 0,
      "To": 51
    },
    {
      "From": 10,
      "To": 52
    },
    {
      "From": 29,
      "To": 53
    },
    {
      "From": 11,
      "To": 54
    },
    {
      "From": 11,
      "To": 55
    },
    {
      "From": 0,
      "To": 56
    },
    {
      "From": 9,
      "To": 57
    },
    {
      "From": 14,
      "To": 58
    },
    {
      "From": 0,
      "To": 59
    },
    {
      "From": 0,
      "To": 60
    },
    {
      "From": 0,
      "To": 61
    },
    {
      "From": 0,
      "To": 62
    },
    {
      "From": 0,
      "To": 63
    }
  ],
  "OverworldCoordinates": {
    "Coneria": {
      "X": 160,
      "Y": 79
    },
    "ConeriaCastle1": {
      "X": 161,
      "Y": 78
    },
    "TempleOfFiends1": {
      "X": 108,
      "Y": 79
    },
    "Pravoka": {
      "X": 179,
      "Y": 100
    },
    "Gaia": {
      "X": 12,
      "Y": 140
    },
    "CastleOrdeals1": {
      "X": 21,
      "Y": 41
    },
    "TitansTunnelWest": {
      "X": 213,
      "Y": 94
    },
    "SardasCave": {
      "X": 194,
      "Y": 98
    },
    "EarthCave1": {
      "X": 126,
      "Y": 116
    },
    "MirageTower1": {
      "X": 76,
      "Y": 240
    },
    "Onrac": {
      "X": 53,
      "Y": 219
    },
    "TitansTunnelEast": {
      "X": 236,
      "Y": 120
    },
    "MatoyasCave": {
      "X": 187,
      "Y": 167
    },
    "DwarfCave": {
      "X": 190,
      "Y": 165
    },
    "Elfland": {
      "X": 58,
      "Y": 13
    },
    "ElflandCastle": {
      "X": 59,
      "Y": 12
    },
    "MarshCave1": {
      "X": 212,
      "Y": 171
    },
    "NorthwestCastle": {
      "X": 72,
      "Y": 26
    },
    "Melmond": {
      "X": 228,
      "Y": 186
    },
    "CrescentLake": {
      "X": 133,
      "Y": 30
    },
    "Lefein": {
      "X": 220,
      "Y": 139
    },
    "BahamutCave1": {
      "X": 172,
      "Y": 155
    },
    "Cardia1": {
      "X": 81,
      "Y": 192
    },
    "Cardia2": {
      "X": 13,
      "Y": 17
    },
    "Cardia4": {
      "X": 159,
      "Y": 185
    },
    "Cardia5": {
      "X": 96,
      "Y": 48
    },
    "Cardia6": {
      "X": 228,
      "Y": 219
    },
    "Waterfall": {
      "X": 50,
      "Y": 52
    },
    "IceCave1": {
      "X": 74,
      "Y": 58
    },
    "GurguVolcano1": {
      "X": 122,
      "Y": 44
    }
  }
}