﻿{
  "StartingLocation": {
    "X": 48,
    "Y": 153
  },
  "AirShipLocation": {
    "X": 144,
    "Y": 234
  },
  "BridgeLocation": {
    "X": 44,
    "Y": 169
  },
  "CanalLocation": {
    "X": 83,
    "Y": 193
  },
  "ShipLocations": [
    {
      "TeleporterIndex": 255,
      "X": 43,
      "Y": 176
    }
  ],
  "TeleporterFixups": [
    {
      "Type": 1,
      "Index": 0,
      "From": null,
      "To": {
        "Map": 255,
        "X": 19,
        "Y": 83
      }
    },
    {
      "Type": 1,
      "Index": 1,
      "From": null,
      "To": {
        "Map": 255,
        "X": 127,
        "Y": 197
      }
    },
    {
      "Type": 1,
      "Index": 2,
      "From": null,
      "To": {
        "Map": 255,
        "X": 104,
        "Y": 181
      }
    },
    {
      "Type": 1,
      "Index": 3,
      "From": null,
      "To": {
        "Map": 255,
        "X": 102,
        "Y": 208
      }
    },
    {
      "Type": 1,
      "Index": 4,
      "From": null,
      "To": {
        "Map": 255,
        "X": 48,
        "Y": 151
      }
    },
    {
      "Type": 1,
      "Index": 5,
      "From": null,
      "To": {
        "Map": 255,
        "X": 87,
        "Y": 188
      }
    },
    {
      "Type": 1,
      "Index": 6,
      "From": null,
      "To": {
        "Map": 255,
        "X": 119,
        "Y": 179
      }
    },
    {
      "Type": 1,
      "Index": 7,
      "From": null,
      "To": {
        "Map": 255,
        "X": 22,
        "Y": 239
      }
    },
    {
      "Type": 1,
      "Index": 8,
      "From": null,
      "To": {
        "Map": 255,
        "X": 205,
        "Y": 38
      }
    }
  ],
  "DomainFixups": [],
  "DomainUpdates": [
    {
      "From": 0,
      "To": 0
    },
    {
      "From": 0,
      "To": 1
    },
    {
      "From": 10,
      "To": 2
    },
    {
      "From": 0,
      "To": 3
    },
    {
      "From": 54,
      "To": 4
    },
    {
      "From": 54,
      "To": 5
    },
    {
      "From": 14,
      "To": 6
    },
    {
      "From": 0,
      "To": 7
    },
    {
      "From": 40,
      "To": 8
    },
    {
      "From": 40,
      "To": 9
    },
    {
      "From": 0,
      "To": 10
    },
    {
      "From": 54,
      "To": 11
    },
    {
      "From": 54,
      "To": 12
    },
    {
      "From": 54,
      "To": 13
    },
    {
      "From": 14,
      "To": 14
    },
    {
      "From": 14,
      "To": 15
    },
    {
      "From": 40,
      "To": 16
    },
    {
      "From": 40,
      "To": 17
    },
    {
      "From": 52,
      "To": 18
    },
    {
      "From": 52,
      "To": 19
    },
    {
      "From": 54,
      "To": 20
    },
    {
      "From": 54,
      "To": 21
    },
    {
      "From": 14,
      "To": 22
    },
    {
      "From": 14,
      "To": 23
    },
    {
      "From": 40,
      "To": 24
    },
    {
      "From": 40,
      "To": 25
    },
    {
      "From": 52,
      "To": 26
    },
    {
      "From": 59,
      "To": 27
    },
    {
      "From": 0,
      "To": 28
    },
    {
      "From": 0,
      "To": 29
    },
    {
      "From": 0,
      "To": 30
    },
    {
      "From": 0,
      "To": 31
    },
    {
      "From": 28,
      "To": 32
    },
    {
      "From": 36,
      "To": 33
    },
    {
      "From": 52,
      "To": 34
    },
    {
      "From": 52,
      "To": 35
    },
    {
      "From": 42,
      "To": 36
    },
    {
      "From": 42,
      "To": 37
    },
    {
      "From": 11,
      "To": 38
    },
    {
      "From": 11,
      "To": 39
    },
    {
      "From": 29,
      "To": 40
    },
    {
      "From": 36,
      "To": 41
    },
    {
      "From": 42,
      "To": 42
    },
    {
      "From": 54,
      "To": 43
    },
    {
      "From": 54,
      "To": 44
    },
    {
      "From": 42,
      "To": 45
    },
    {
      "From": 11,
      "To": 46
    },
    {
      "From": 11,
      "To": 47
    },
    {
      "From": 9,
      "To": 48
    },
    {
      "From": 10,
      "To": 49
    },
    {
      "From": 42,
      "To": 50
    },
    {
      "From": 12,
      "To": 51
    },
    {
      "From": 43,
      "To": 52
    },
    {
      "From": 0,
      "To": 53
    },
    {
      "From": 0,
      "To": 54
    },
    {
      "From": 31,
      "To": 55
    },
    {
      "From": 9,
      "To": 56
    },
    {
      "From": 9,
      "To": 57
    },
    {
      "From": 35,
      "To": 58
    },
    {
      "From": 43,
      "To": 59
    },
    {
      "From": 43,
      "To": 60
    },
    {
      "From": 0,
      "To": 61
    },
    {
      "From": 0,
      "To": 62
    },
    {
      "From": 0,
      "To": 63
    }
  ],
  "OverworldCoordinates": {
    "Coneria": {
      "X": 47,
      "Y": 152
    },
    "ConeriaCastle1": {
      "X": 48,
      "Y": 151
    },
    "TempleOfFiends1": {
      "X": 21,
      "Y": 135
    },
    "Pravoka": {
      "X": 44,
      "Y": 172
    },
    "Gaia": {
      "X": 69,
      "Y": 184
    },
    "CastleOrdeals1": {
      "X": 102,
      "Y": 208
    },
    "TitansTunnelWest": {
      "X": 127,
      "Y": 197
    },
    "SardasCave": {
      "X": 129,
      "Y": 197
    },
    "EarthCave1": {
      "X": 87,
      "Y": 188
    },
    "MirageTower1": {
      "X": 205,
      "Y": 38
    },
    "Onrac": {
      "X": 22,
      "Y": 239
    },
    "TitansTunnelEast": {
      "X": 19,
      "Y": 83
    },
    "MatoyasCave": {
      "X": 19,
      "Y": 153
    },
    "DwarfCave": {
      "X": 103,
      "Y": 221
    },
    "Elfland": {
      "X": 88,
      "Y": 116
    },
    "ElflandCastle": {
      "X": 89,
      "Y": 115
    },
    "MarshCave1": {
      "X": 105,
      "Y": 101
    },
    "NorthwestCastle": {
      "X": 108,
      "Y": 238
    },
    "Melmond": {
      "X": 90,
      "Y": 169
    },
    "CrescentLake": {
      "X": 187,
      "Y": 47
    },
    "Lefein": {
      "X": 229,
      "Y": 200
    },
    "BahamutCave1": {
      "X": 137,
      "Y": 85
    },
    "Cardia1": {
      "X": 46,
      "Y": 209
    },
    "Cardia2": {
      "X": 220,
      "Y": 31
    },
    "Cardia4": {
      "X": 75,
      "Y": 21
    },
    "Cardia5": {
      "X": 239,
      "Y": 152
    },
    "Cardia6": {
      "X": 86,
      "Y": 239
    },
    "Waterfall": {
      "X": 113,
      "Y": 228
    },
    "IceCave1": {
      "X": 104,
      "Y": 181
    },
    "GurguVolcano1": {
      "X": 119,
      "Y": 179
    }
  }
}