﻿{
  "StartingLocation": {
    "X": 212,
    "Y": 154
  },
  "AirShipLocation": {
    "X": 157,
    "Y": 172
  },
  "BridgeLocation": {
    "X": 185,
    "Y": 144
  },
  "CanalLocation": {
    "X": 102,
    "Y": 222
  },
  "ShipLocations": [
    {
      "TeleporterIndex": 255,
      "X": 184,
      "Y": 151
    }
  ],
  "TeleporterFixups": [
    {
      "Type": 1,
      "Index": 0,
      "From": null,
      "To": {
        "Map": 255,
        "X": 115,
        "Y": 26
      }
    },
    {
      "Type": 1,
      "Index": 1,
      "From": null,
      "To": {
        "Map": 255,
        "X": 218,
        "Y": 219
      }
    },
    {
      "Type": 1,
      "Index": 2,
      "From": null,
      "To": {
        "Map": 255,
        "X": 150,
        "Y": 70
      }
    },
    {
      "Type": 1,
      "Index": 3,
      "From": null,
      "To": {
        "Map": 255,
        "X": 126,
        "Y": 145
      }
    },
    {
      "Type": 1,
      "Index": 4,
      "From": null,
      "To": {
        "Map": 255,
        "X": 212,
        "Y": 152
      }
    },
    {
      "Type": 1,
      "Index": 5,
      "From": null,
      "To": {
        "Map": 255,
        "X": 125,
        "Y": 225
      }
    },
    {
      "Type": 1,
      "Index": 6,
      "From": null,
      "To": {
        "Map": 255,
        "X": 132,
        "Y": 193
      }
    },
    {
      "Type": 1,
      "Index": 7,
      "From": null,
      "To": {
        "Map": 255,
        "X": 191,
        "Y": 240
      }
    },
    {
      "Type": 1,
      "Index": 8,
      "From": null,
      "To": {
        "Map": 255,
        "X": 207,
        "Y": 73
      }
    }
  ],
  "DomainFixups": [],
  "DomainUpdates": [
    {
      "From": 0,
      "To": 0
    },
    {
      "From": 10,
      "To": 1
    },
    {
      "From": 10,
      "To": 2
    },
    {
      "From": 42,
      "To": 3
    },
    {
      "From": 42,
      "To": 4
    },
    {
      "From": 43,
      "To": 5
    },
    {
      "From": 0,
      "To": 6
    },
    {
      "From": 0,
      "To": 7
    },
    {
      "From": 0,
      "To": 8
    },
    {
      "From": 0,
      "To": 9
    },
    {
      "From": 10,
      "To": 10
    },
    {
      "From": 40,
      "To": 11
    },
    {
      "From": 54,
      "To": 12
    },
    {
      "From": 52,
      "To": 13
    },
    {
      "From": 52,
      "To": 14
    },
    {
      "From": 14,
      "To": 15
    },
    {
      "From": 11,
      "To": 16
    },
    {
      "From": 0,
      "To": 17
    },
    {
      "From": 0,
      "To": 18
    },
    {
      "From": 29,
      "To": 19
    },
    {
      "From": 54,
      "To": 20
    },
    {
      "From": 59,
      "To": 21
    },
    {
      "From": 14,
      "To": 22
    },
    {
      "From": 14,
      "To": 23
    },
    {
      "From": 11,
      "To": 24
    },
    {
      "From": 0,
      "To": 25
    },
    {
      "From": 0,
      "To": 26
    },
    {
      "From": 29,
      "To": 27
    },
    {
      "From": 54,
      "To": 28
    },
    {
      "From": 54,
      "To": 29
    },
    {
      "From": 0,
      "To": 30
    },
    {
      "From": 0,
      "To": 31
    },
    {
      "From": 0,
      "To": 32
    },
    {
      "From": 0,
      "To": 33
    },
    {
      "From": 1,
      "To": 34
    },
    {
      "From": 12,
      "To": 35
    },
    {
      "From": 12,
      "To": 36
    },
    {
      "From": 36,
      "To": 37
    },
    {
      "From": 36,
      "To": 38
    },
    {
      "From": 28,
      "To": 39
    },
    {
      "From": 0,
      "To": 40
    },
    {
      "From": 0,
      "To": 41
    },
    {
      "From": 1,
      "To": 42
    },
    {
      "From": 1,
      "To": 43
    },
    {
      "From": 35,
      "To": 44
    },
    {
      "From": 36,
      "To": 45
    },
    {
      "From": 36,
      "To": 46
    },
    {
      "From": 28,
      "To": 47
    },
    {
      "From": 0,
      "To": 48
    },
    {
      "From": 0,
      "To": 49
    },
    {
      "From": 42,
      "To": 50
    },
    {
      "From": 42,
      "To": 51
    },
    {
      "From": 35,
      "To": 52
    },
    {
      "From": 35,
      "To": 53
    },
    {
      "From": 40,
      "To": 54
    },
    {
      "From": 40,
      "To": 55
    },
    {
      "From": 0,
      "To": 56
    },
    {
      "From": 0,
      "To": 57
    },
    {
      "From": 42,
      "To": 58
    },
    {
      "From": 42,
      "To": 59
    },
    {
      "From": 42,
      "To": 60
    },
    {
      "From": 9,
      "To": 61
    },
    {
      "From": 40,
      "To": 62
    },
    {
      "From": 40,
      "To": 63
    }
  ],
  "OverworldCoordinates": {
    "Coneria": {
      "X": 211,
      "Y": 153
    },
    "ConeriaCastle1": {
      "X": 212,
      "Y": 152
    },
    "TempleOfFiends1": {
      "X": 227,
      "Y": 163
    },
    "Pravoka": {
      "X": 185,
      "Y": 147
    },
    "Gaia": {
      "X": 157,
      "Y": 237
    },
    "CastleOrdeals1": {
      "X": 126,
      "Y": 145
    },
    "TitansTunnelWest": {
      "X": 218,
      "Y": 219
    },
    "SardasCave": {
      "X": 217,
      "Y": 240
    },
    "EarthCave1": {
      "X": 125,
      "Y": 225
    },
    "MirageTower1": {
      "X": 207,
      "Y": 73
    },
    "Onrac": {
      "X": 191,
      "Y": 240
    },
    "TitansTunnelEast": {
      "X": 115,
      "Y": 26
    },
    "MatoyasCave": {
      "X": 129,
      "Y": 76
    },
    "DwarfCave": {
      "X": 151,
      "Y": 206
    },
    "Elfland": {
      "X": 197,
      "Y": 51
    },
    "ElflandCastle": {
      "X": 198,
      "Y": 50
    },
    "MarshCave1": {
      "X": 190,
      "Y": 81
    },
    "NorthwestCastle": {
      "X": 179,
      "Y": 16
    },
    "Melmond": {
      "X": 127,
      "Y": 14
    },
    "CrescentLake": {
      "X": 157,
      "Y": 95
    },
    "Lefein": {
      "X": 218,
      "Y": 53
    },
    "BahamutCave1": {
      "X": 242,
      "Y": 212
    },
    "Cardia1": {
      "X": 62,
      "Y": 13
    },
    "Cardia2": {
      "X": 240,
      "Y": 176
    },
    "Cardia4": {
      "X": 80,
      "Y": 38
    },
    "Cardia5": {
      "X": 200,
      "Y": 208
    },
    "Cardia6": {
      "X": 17,
      "Y": 99
    },
    "Waterfall": {
      "X": 120,
      "Y": 158
    },
    "IceCave1": {
      "X": 150,
      "Y": 70
    },
    "GurguVolcano1": {
      "X": 132,
      "Y": 193
    }
  }
}