﻿{
  "StartingLocation": {
    "X": 175,
    "Y": 115
  },
  "AirShipLocation": {
    "X": 27,
    "Y": 197
  },
  "BridgeLocation": {
    "X": 182,
    "Y": 148
  },
  "CanalLocation": {
    "X": 72,
    "Y": 201
  },
  "ShipLocations": [
    {
      "TeleporterIndex": 1,
      "X": 181,
      "Y": 155
    },
    {
      "TeleporterIndex": 9,
      "X": 181,
      "Y": 155
    },
    {
      "TeleporterIndex": 255,
      "X": 181,
      "Y": 155
    },
    {
      "TeleporterIndex": 13,
      "X": 181,
      "Y": 155
    },
    {
      "TeleporterIndex": 2,
      "X": 181,
      "Y": 155
    },
    {
      "TeleporterIndex": 24,
      "X": 181,
      "Y": 155
    },
    {
      "TeleporterIndex": 3,
      "X": 225,
      "Y": 145
    },
    {
      "TeleporterIndex": 10,
      "X": 225,
      "Y": 145
    },
    {
      "TeleporterIndex": 23,
      "X": 41,
      "Y": 53
    },
    {
      "TeleporterIndex": 11,
      "X": 32,
      "Y": 25
    },
    {
      "TeleporterIndex": 4,
      "X": 74,
      "Y": 138
    },
    {
      "TeleporterIndex": 5,
      "X": 41,
      "Y": 53
    },
    {
      "TeleporterIndex": 19,
      "X": 70,
      "Y": 46
    }
  ],
  "TeleporterFixups": [
    {
      "Type": 1,
      "Index": 0,
      "From": null,
      "To": {
        "Map": 255,
        "X": 100,
        "Y": 98
      }
    },
    {
      "Type": 1,
      "Index": 1,
      "From": null,
      "To": {
        "Map": 255,
        "X": 152,
        "Y": 38
      }
    },
    {
      "Type": 1,
      "Index": 2,
      "From": null,
      "To": {
        "Map": 255,
        "X": 90,
        "Y": 66
      }
    },
    {
      "Type": 1,
      "Index": 3,
      "From": null,
      "To": {
        "Map": 255,
        "X": 121,
        "Y": 60
      }
    },
    {
      "Type": 1,
      "Index": 4,
      "From": null,
      "To": {
        "Map": 255,
        "X": 175,
        "Y": 113
      }
    },
    {
      "Type": 1,
      "Index": 5,
      "From": null,
      "To": {
        "Map": 255,
        "X": 63,
        "Y": 198
      }
    },
    {
      "Type": 1,
      "Index": 6,
      "From": null,
      "To": {
        "Map": 255,
        "X": 41,
        "Y": 189
      }
    },
    {
      "Type": 1,
      "Index": 7,
      "From": null,
      "To": {
        "Map": 255,
        "X": 87,
        "Y": 177
      }
    },
    {
      "Type": 1,
      "Index": 8,
      "From": null,
      "To": {
        "Map": 255,
        "X": 175,
        "Y": 126
      }
    }
  ],
  "DomainFixups": [],
  "DomainUpdates": [
    {
      "From": 43,
      "To": 0
    },
    {
      "From": 43,
      "To": 1
    },
    {
      "From": 10,
      "To": 2
    },
    {
      "From": 0,
      "To": 3
    },
    {
      "From": 40,
      "To": 4
    },
    {
      "From": 40,
      "To": 5
    },
    {
      "From": 10,
      "To": 6
    },
    {
      "From": 0,
      "To": 7
    },
    {
      "From": 43,
      "To": 8
    },
    {
      "From": 59,
      "To": 9
    },
    {
      "From": 1,
      "To": 10
    },
    {
      "From": 12,
      "To": 11
    },
    {
      "From": 40,
      "To": 12
    },
    {
      "From": 40,
      "To": 13
    },
    {
      "From": 0,
      "To": 14
    },
    {
      "From": 0,
      "To": 15
    },
    {
      "From": 0,
      "To": 16
    },
    {
      "From": 59,
      "To": 17
    },
    {
      "From": 54,
      "To": 18
    },
    {
      "From": 12,
      "To": 19
    },
    {
      "From": 11,
      "To": 20
    },
    {
      "From": 0,
      "To": 21
    },
    {
      "From": 0,
      "To": 22
    },
    {
      "From": 0,
      "To": 23
    },
    {
      "From": 42,
      "To": 24
    },
    {
      "From": 42,
      "To": 25
    },
    {
      "From": 35,
      "To": 26
    },
    {
      "From": 40,
      "To": 27
    },
    {
      "From": 36,
      "To": 28
    },
    {
      "From": 36,
      "To": 29
    },
    {
      "From": 52,
      "To": 30
    },
    {
      "From": 52,
      "To": 31
    },
    {
      "From": 29,
      "To": 32
    },
    {
      "From": 29,
      "To": 33
    },
    {
      "From": 29,
      "To": 34
    },
    {
      "From": 0,
      "To": 35
    },
    {
      "From": 14,
      "To": 36
    },
    {
      "From": 14,
      "To": 37
    },
    {
      "From": 28,
      "To": 38
    },
    {
      "From": 52,
      "To": 39
    },
    {
      "From": 54,
      "To": 40
    },
    {
      "From": 29,
      "To": 41
    },
    {
      "From": 9,
      "To": 42
    },
    {
      "From": 0,
      "To": 43
    },
    {
      "From": 0,
      "To": 44
    },
    {
      "From": 28,
      "To": 45
    },
    {
      "From": 28,
      "To": 46
    },
    {
      "From": 0,
      "To": 47
    },
    {
      "From": 54,
      "To": 48
    },
    {
      "From": 54,
      "To": 49
    },
    {
      "From": 42,
      "To": 50
    },
    {
      "From": 0,
      "To": 51
    },
    {
      "From": 0,
      "To": 52
    },
    {
      "From": 0,
      "To": 53
    },
    {
      "From": 11,
      "To": 54
    },
    {
      "From": 11,
      "To": 55
    },
    {
      "From": 0,
      "To": 56
    },
    {
      "From": 10,
      "To": 57
    },
    {
      "From": 0,
      "To": 58
    },
    {
      "From": 0,
      "To": 59
    },
    {
      "From": 0,
      "To": 60
    },
    {
      "From": 0,
      "To": 61
    },
    {
      "From": 11,
      "To": 62
    },
    {
      "From": 11,
      "To": 63
    }
  ],
  "OverworldCoordinates": {
    "Coneria": {
      "X": 174,
      "Y": 114
    },
    "ConeriaCastle1": {
      "X": 175,
      "Y": 113
    },
    "TempleOfFiends1": {
      "X": 197,
      "Y": 173
    },
    "Pravoka": {
      "X": 182,
      "Y": 151
    },
    "Gaia": {
      "X": 133,
      "Y": 76
    },
    "CastleOrdeals1": {
      "X": 121,
      "Y": 60
    },
    "TitansTunnelWest": {
      "X": 152,
      "Y": 38
    },
    "SardasCave": {
      "X": 155,
      "Y": 38
    },
    "EarthCave1": {
      "X": 63,
      "Y": 198
    },
    "MirageTower1": {
      "X": 175,
      "Y": 126
    },
    "Onrac": {
      "X": 87,
      "Y": 177
    },
    "TitansTunnelEast": {
      "X": 100,
      "Y": 98
    },
    "MatoyasCave": {
      "X": 52,
      "Y": 143
    },
    "DwarfCave": {
      "X": 70,
      "Y": 111
    },
    "Elfland": {
      "X": 229,
      "Y": 114
    },
    "ElflandCastle": {
      "X": 230,
      "Y": 113
    },
    "MarshCave1": {
      "X": 58,
      "Y": 66
    },
    "NorthwestCastle": {
      "X": 26,
      "Y": 37
    },
    "Melmond": {
      "X": 52,
      "Y": 126
    },
    "CrescentLake": {
      "X": 63,
      "Y": 93
    },
    "Lefein": {
      "X": 46,
      "Y": 209
    },
    "BahamutCave1": {
      "X": 233,
      "Y": 212
    },
    "Cardia1": {
      "X": 50,
      "Y": 225
    },
    "Cardia2": {
      "X": 205,
      "Y": 17
    },
    "Cardia4": {
      "X": 77,
      "Y": 23
    },
    "Cardia5": {
      "X": 236,
      "Y": 236
    },
    "Cardia6": {
      "X": 149,
      "Y": 96
    },
    "Waterfall": {
      "X": 75,
      "Y": 68
    },
    "IceCave1": {
      "X": 90,
      "Y": 66
    },
    "GurguVolcano1": {
      "X": 41,
      "Y": 189
    }
  }
}