﻿{
  "StartingLocation": {
    "X": 189,
    "Y": 154
  },
  "AirShipLocation": {
    "X": 185,
    "Y": 221
  },
  "BridgeLocation": {
    "X": 198,
    "Y": 127
  },
  "CanalLocation": {
    "X": 42,
    "Y": 191
  },
  "ShipLocations": [
    {
      "TeleporterIndex": 255,
      "X": 197,
      "Y": 134
    }
  ],
  "TeleporterFixups": [
    {
      "Type": 1,
      "Index": 0,
      "From": null,
      "To": {
        "Map": 255,
        "X": 149,
        "Y": 201
      }
    },
    {
      "Type": 1,
      "Index": 1,
      "From": null,
      "To": {
        "Map": 255,
        "X": 86,
        "Y": 189
      }
    },
    {
      "Type": 1,
      "Index": 2,
      "From": null,
      "To": {
        "Map": 255,
        "X": 173,
        "Y": 194
      }
    },
    {
      "Type": 1,
      "Index": 3,
      "From": null,
      "To": {
        "Map": 255,
        "X": 85,
        "Y": 206
      }
    },
    {
      "Type": 1,
      "Index": 4,
      "From": null,
      "To": {
        "Map": 255,
        "X": 189,
        "Y": 152
      }
    },
    {
      "Type": 1,
      "Index": 5,
      "From": null,
      "To": {
        "Map": 255,
        "X": 52,
        "Y": 187
      }
    },
    {
      "Type": 1,
      "Index": 6,
      "From": null,
      "To": {
        "Map": 255,
        "X": 214,
        "Y": 188
      }
    },
    {
      "Type": 1,
      "Index": 7,
      "From": null,
      "To": {
        "Map": 255,
        "X": 22,
        "Y": 192
      }
    },
    {
      "Type": 1,
      "Index": 8,
      "From": null,
      "To": {
        "Map": 255,
        "X": 150,
        "Y": 171
      }
    }
  ],
  "DomainFixups": [],
  "DomainUpdates": [
    {
      "From": 0,
      "To": 0
    },
    {
      "From": 0,
      "To": 1
    },
    {
      "From": 0,
      "To": 2
    },
    {
      "From": 59,
      "To": 3
    },
    {
      "From": 59,
      "To": 4
    },
    {
      "From": 0,
      "To": 5
    },
    {
      "From": 10,
      "To": 6
    },
    {
      "From": 10,
      "To": 7
    },
    {
      "From": 0,
      "To": 8
    },
    {
      "From": 31,
      "To": 9
    },
    {
      "From": 0,
      "To": 10
    },
    {
      "From": 59,
      "To": 11
    },
    {
      "From": 59,
      "To": 12
    },
    {
      "From": 0,
      "To": 13
    },
    {
      "From": 10,
      "To": 14
    },
    {
      "From": 10,
      "To": 15
    },
    {
      "From": 0,
      "To": 16
    },
    {
      "From": 0,
      "To": 17
    },
    {
      "From": 0,
      "To": 18
    },
    {
      "From": 0,
      "To": 19
    },
    {
      "From": 0,
      "To": 20
    },
    {
      "From": 0,
      "To": 21
    },
    {
      "From": 0,
      "To": 22
    },
    {
      "From": 0,
      "To": 23
    },
    {
      "From": 11,
      "To": 24
    },
    {
      "From": 11,
      "To": 25
    },
    {
      "From": 42,
      "To": 26
    },
    {
      "From": 42,
      "To": 27
    },
    {
      "From": 0,
      "To": 28
    },
    {
      "From": 28,
      "To": 29
    },
    {
      "From": 28,
      "To": 30
    },
    {
      "From": 0,
      "To": 31
    },
    {
      "From": 11,
      "To": 32
    },
    {
      "From": 11,
      "To": 33
    },
    {
      "From": 42,
      "To": 34
    },
    {
      "From": 42,
      "To": 35
    },
    {
      "From": 14,
      "To": 36
    },
    {
      "From": 36,
      "To": 37
    },
    {
      "From": 28,
      "To": 38
    },
    {
      "From": 36,
      "To": 39
    },
    {
      "From": 9,
      "To": 40
    },
    {
      "From": 42,
      "To": 41
    },
    {
      "From": 43,
      "To": 42
    },
    {
      "From": 54,
      "To": 43
    },
    {
      "From": 14,
      "To": 44
    },
    {
      "From": 1,
      "To": 45
    },
    {
      "From": 36,
      "To": 46
    },
    {
      "From": 54,
      "To": 47
    },
    {
      "From": 9,
      "To": 48
    },
    {
      "From": 42,
      "To": 49
    },
    {
      "From": 12,
      "To": 50
    },
    {
      "From": 54,
      "To": 51
    },
    {
      "From": 40,
      "To": 52
    },
    {
      "From": 54,
      "To": 53
    },
    {
      "From": 54,
      "To": 54
    },
    {
      "From": 52,
      "To": 55
    },
    {
      "From": 10,
      "To": 56
    },
    {
      "From": 10,
      "To": 57
    },
    {
      "From": 12,
      "To": 58
    },
    {
      "From": 10,
      "To": 59
    },
    {
      "From": 40,
      "To": 60
    },
    {
      "From": 54,
      "To": 61
    },
    {
      "From": 52,
      "To": 62
    },
    {
      "From": 52,
      "To": 63
    }
  ],
  "OverworldCoordinates": {
    "Coneria": {
      "X": 188,
      "Y": 153
    },
    "ConeriaCastle1": {
      "X": 189,
      "Y": 152
    },
    "TempleOfFiends1": {
      "X": 193,
      "Y": 116
    },
    "Pravoka": {
      "X": 198,
      "Y": 130
    },
    "Gaia": {
      "X": 170,
      "Y": 228
    },
    "CastleOrdeals1": {
      "X": 85,
      "Y": 206
    },
    "TitansTunnelWest": {
      "X": 86,
      "Y": 189
    },
    "SardasCave": {
      "X": 88,
      "Y": 189
    },
    "EarthCave1": {
      "X": 52,
      "Y": 187
    },
    "MirageTower1": {
      "X": 150,
      "Y": 171
    },
    "Onrac": {
      "X": 22,
      "Y": 192
    },
    "TitansTunnelEast": {
      "X": 149,
      "Y": 201
    },
    "MatoyasCave": {
      "X": 158,
      "Y": 204
    },
    "DwarfCave": {
      "X": 90,
      "Y": 210
    },
    "Elfland": {
      "X": 224,
      "Y": 207
    },
    "ElflandCastle": {
      "X": 225,
      "Y": 206
    },
    "MarshCave1": {
      "X": 117,
      "Y": 30
    },
    "NorthwestCastle": {
      "X": 85,
      "Y": 163
    },
    "Melmond": {
      "X": 100,
      "Y": 155
    },
    "CrescentLake": {
      "X": 121,
      "Y": 179
    },
    "Lefein": {
      "X": 59,
      "Y": 33
    },
    "BahamutCave1": {
      "X": 30,
      "Y": 149
    },
    "Cardia1": {
      "X": 110,
      "Y": 240
    },
    "Cardia2": {
      "X": 31,
      "Y": 229
    },
    "Cardia4": {
      "X": 220,
      "Y": 31
    },
    "Cardia5": {
      "X": 48,
      "Y": 135
    },
    "Cardia6": {
      "X": 22,
      "Y": 109
    },
    "Waterfall": {
      "X": 179,
      "Y": 178
    },
    "IceCave1": {
      "X": 173,
      "Y": 194
    },
    "GurguVolcano1": {
      "X": 214,
      "Y": 188
    }
  }
}