﻿{
  "StartingLocation": {
    "X": 96,
    "Y": 194
  },
  "AirShipLocation": {
    "X": 90,
    "Y": 137
  },
  "BridgeLocation": {
    "X": 73,
    "Y": 208
  },
  "CanalLocation": {
    "X": 104,
    "Y": 26
  },
  "ShipLocations": [
    {
      "TeleporterIndex": 255,
      "X": 72,
      "Y": 215
    }
  ],
  "TeleporterFixups": [
    {
      "Type": 1,
      "Index": 0,
      "From": null,
      "To": {
        "Map": 255,
        "X": 87,
        "Y": 203
      }
    },
    {
      "Type": 1,
      "Index": 1,
      "From": null,
      "To": {
        "Map": 255,
        "X": 223,
        "Y": 31
      }
    },
    {
      "Type": 1,
      "Index": 2,
      "From": null,
      "To": {
        "Map": 255,
        "X": 68,
        "Y": 30
      }
    },
    {
      "Type": 1,
      "Index": 3,
      "From": null,
      "To": {
        "Map": 255,
        "X": 22,
        "Y": 17
      }
    },
    {
      "Type": 1,
      "Index": 4,
      "From": null,
      "To": {
        "Map": 255,
        "X": 96,
        "Y": 192
      }
    },
    {
      "Type": 1,
      "Index": 5,
      "From": null,
      "To": {
        "Map": 255,
        "X": 97,
        "Y": 26
      }
    },
    {
      "Type": 1,
      "Index": 6,
      "From": null,
      "To": {
        "Map": 255,
        "X": 39,
        "Y": 30
      }
    },
    {
      "Type": 1,
      "Index": 7,
      "From": null,
      "To": {
        "Map": 255,
        "X": 102,
        "Y": 50
      }
    },
    {
      "Type": 1,
      "Index": 8,
      "From": null,
      "To": {
        "Map": 255,
        "X": 117,
        "Y": 184
      }
    }
  ],
  "DomainFixups": [],
  "DomainUpdates": [
    {
      "From": 12,
      "To": 0
    },
    {
      "From": 54,
      "To": 1
    },
    {
      "From": 42,
      "To": 2
    },
    {
      "From": 42,
      "To": 3
    },
    {
      "From": 0,
      "To": 4
    },
    {
      "From": 40,
      "To": 5
    },
    {
      "From": 40,
      "To": 6
    },
    {
      "From": 40,
      "To": 7
    },
    {
      "From": 10,
      "To": 8
    },
    {
      "From": 54,
      "To": 9
    },
    {
      "From": 54,
      "To": 10
    },
    {
      "From": 9,
      "To": 11
    },
    {
      "From": 0,
      "To": 12
    },
    {
      "From": 40,
      "To": 13
    },
    {
      "From": 40,
      "To": 14
    },
    {
      "From": 40,
      "To": 15
    },
    {
      "From": 29,
      "To": 16
    },
    {
      "From": 52,
      "To": 17
    },
    {
      "From": 1,
      "To": 18
    },
    {
      "From": 0,
      "To": 19
    },
    {
      "From": 0,
      "To": 20
    },
    {
      "From": 0,
      "To": 21
    },
    {
      "From": 0,
      "To": 22
    },
    {
      "From": 0,
      "To": 23
    },
    {
      "From": 29,
      "To": 24
    },
    {
      "From": 29,
      "To": 25
    },
    {
      "From": 52,
      "To": 26
    },
    {
      "From": 0,
      "To": 27
    },
    {
      "From": 0,
      "To": 28
    },
    {
      "From": 0,
      "To": 29
    },
    {
      "From": 0,
      "To": 30
    },
    {
      "From": 0,
      "To": 31
    },
    {
      "From": 43,
      "To": 32
    },
    {
      "From": 43,
      "To": 33
    },
    {
      "From": 28,
      "To": 34
    },
    {
      "From": 28,
      "To": 35
    },
    {
      "From": 42,
      "To": 36
    },
    {
      "From": 42,
      "To": 37
    },
    {
      "From": 54,
      "To": 38
    },
    {
      "From": 0,
      "To": 39
    },
    {
      "From": 0,
      "To": 40
    },
    {
      "From": 40,
      "To": 41
    },
    {
      "From": 28,
      "To": 42
    },
    {
      "From": 28,
      "To": 43
    },
    {
      "From": 11,
      "To": 44
    },
    {
      "From": 42,
      "To": 45
    },
    {
      "From": 11,
      "To": 46
    },
    {
      "From": 54,
      "To": 47
    },
    {
      "From": 0,
      "To": 48
    },
    {
      "From": 40,
      "To": 49
    },
    {
      "From": 40,
      "To": 50
    },
    {
      "From": 14,
      "To": 51
    },
    {
      "From": 6,
      "To": 52
    },
    {
      "From": 59,
      "To": 53
    },
    {
      "From": 59,
      "To": 54
    },
    {
      "From": 54,
      "To": 55
    },
    {
      "From": 0,
      "To": 56
    },
    {
      "From": 0,
      "To": 57
    },
    {
      "From": 0,
      "To": 58
    },
    {
      "From": 0,
      "To": 59
    },
    {
      "From": 10,
      "To": 60
    },
    {
      "From": 59,
      "To": 61
    },
    {
      "From": 59,
      "To": 62
    },
    {
      "From": 10,
      "To": 63
    }
  ],
  "OverworldCoordinates": {
    "Coneria": {
      "X": 95,
      "Y": 193
    },
    "ConeriaCastle1": {
      "X": 96,
      "Y": 192
    },
    "TempleOfFiends1": {
      "X": 105,
      "Y": 170
    },
    "Pravoka": {
      "X": 73,
      "Y": 211
    },
    "Gaia": {
      "X": 140,
      "Y": 196
    },
    "CastleOrdeals1": {
      "X": 22,
      "Y": 17
    },
    "TitansTunnelWest": {
      "X": 223,
      "Y": 31
    },
    "SardasCave": {
      "X": 230,
      "Y": 34
    },
    "EarthCave1": {
      "X": 97,
      "Y": 26
    },
    "MirageTower1": {
      "X": 117,
      "Y": 184
    },
    "Onrac": {
      "X": 102,
      "Y": 50
    },
    "TitansTunnelEast": {
      "X": 87,
      "Y": 203
    },
    "MatoyasCave": {
      "X": 34,
      "Y": 98
    },
    "DwarfCave": {
      "X": 51,
      "Y": 69
    },
    "Elfland": {
      "X": 46,
      "Y": 88
    },
    "ElflandCastle": {
      "X": 47,
      "Y": 87
    },
    "MarshCave1": {
      "X": 181,
      "Y": 236
    },
    "NorthwestCastle": {
      "X": 69,
      "Y": 154
    },
    "Melmond": {
      "X": 178,
      "Y": 171
    },
    "CrescentLake": {
      "X": 238,
      "Y": 209
    },
    "Lefein": {
      "X": 197,
      "Y": 236
    },
    "BahamutCave1": {
      "X": 157,
      "Y": 186
    },
    "Cardia1": {
      "X": 228,
      "Y": 230
    },
    "Cardia2": {
      "X": 155,
      "Y": 237
    },
    "Cardia4": {
      "X": 15,
      "Y": 58
    },
    "Cardia5": {
      "X": 199,
      "Y": 175
    },
    "Cardia6": {
      "X": 217,
      "Y": 55
    },
    "Waterfall": {
      "X": 57,
      "Y": 71
    },
    "IceCave1": {
      "X": 68,
      "Y": 30
    },
    "GurguVolcano1": {
      "X": 39,
      "Y": 30
    }
  }
}