﻿{
  "StartingLocation": {
    "X": 194,
    "Y": 101
  },
  "AirShipLocation": {
    "X": 90,
    "Y": 122
  },
  "BridgeLocation": {
    "X": 228,
    "Y": 133
  },
  "CanalLocation": {
    "X": 141,
    "Y": 30
  },
  "ShipLocations": [
    {
      "TeleporterIndex": 1,
      "X": 175,
      "Y": 66
    },
    {
      "TeleporterIndex": 9,
      "X": 175,
      "Y": 66
    },
    {
      "TeleporterIndex": 255,
      "X": 175,
      "Y": 66
    },
    {
      "TeleporterIndex": 13,
      "X": 175,
      "Y": 66
    },
    {
      "TeleporterIndex": 2,
      "X": 227,
      "Y": 140
    },
    {
      "TeleporterIndex": 24,
      "X": 175,
      "Y": 66
    },
    {
      "TeleporterIndex": 3,
      "X": 24,
      "Y": 112
    },
    {
      "TeleporterIndex": 10,
      "X": 24,
      "Y": 112
    },
    {
      "TeleporterIndex": 23,
      "X": 227,
      "Y": 140
    },
    {
      "TeleporterIndex": 11,
      "X": 90,
      "Y": 76
    },
    {
      "TeleporterIndex": 4,
      "X": 90,
      "Y": 76
    },
    {
      "TeleporterIndex": 5,
      "X": 167,
      "Y": 130
    }
  ],
  "TeleporterFixups": [
    {
      "Type": 1,
      "Index": 0,
      "From": null,
      "To": {
        "Map": 255,
        "X": 138,
        "Y": 55
      }
    },
    {
      "Type": 1,
      "Index": 1,
      "From": null,
      "To": {
        "Map": 255,
        "X": 135,
        "Y": 107
      }
    },
    {
      "Type": 1,
      "Index": 2,
      "From": null,
      "To": {
        "Map": 255,
        "X": 216,
        "Y": 86
      }
    },
    {
      "Type": 1,
      "Index": 3,
      "From": null,
      "To": {
        "Map": 255,
        "X": 100,
        "Y": 158
      }
    },
    {
      "Type": 1,
      "Index": 4,
      "From": null,
      "To": {
        "Map": 255,
        "X": 194,
        "Y": 99
      }
    },
    {
      "Type": 1,
      "Index": 5,
      "From": null,
      "To": {
        "Map": 255,
        "X": 142,
        "Y": 35
      }
    },
    {
      "Type": 1,
      "Index": 6,
      "From": null,
      "To": {
        "Map": 255,
        "X": 213,
        "Y": 111
      }
    },
    {
      "Type": 1,
      "Index": 7,
      "From": null,
      "To": {
        "Map": 255,
        "X": 14,
        "Y": 80
      }
    },
    {
      "Type": 1,
      "Index": 8,
      "From": null,
      "To": {
        "Map": 255,
        "X": 196,
        "Y": 51
      }
    }
  ],
  "DomainFixups": [],
  "DomainUpdates": [
    {
      "From": 1,
      "To": 0
    },
    {
      "From": 1,
      "To": 1
    },
    {
      "From": 1,
      "To": 2
    },
    {
      "From": 10,
      "To": 3
    },
    {
      "From": 42,
      "To": 4
    },
    {
      "From": 0,
      "To": 5
    },
    {
      "From": 0,
      "To": 6
    },
    {
      "From": 0,
      "To": 7
    },
    {
      "From": 1,
      "To": 8
    },
    {
      "From": 1,
      "To": 9
    },
    {
      "From": 42,
      "To": 10
    },
    {
      "From": 29,
      "To": 11
    },
    {
      "From": 42,
      "To": 12
    },
    {
      "From": 28,
      "To": 13
    },
    {
      "From": 14,
      "To": 14
    },
    {
      "From": 14,
      "To": 15
    },
    {
      "From": 9,
      "To": 16
    },
    {
      "From": 35,
      "To": 17
    },
    {
      "From": 35,
      "To": 18
    },
    {
      "From": 40,
      "To": 19
    },
    {
      "From": 40,
      "To": 20
    },
    {
      "From": 36,
      "To": 21
    },
    {
      "From": 54,
      "To": 22
    },
    {
      "From": 54,
      "To": 23
    },
    {
      "From": 52,
      "To": 24
    },
    {
      "From": 52,
      "To": 25
    },
    {
      "From": 52,
      "To": 26
    },
    {
      "From": 6,
      "To": 27
    },
    {
      "From": 40,
      "To": 28
    },
    {
      "From": 36,
      "To": 29
    },
    {
      "From": 54,
      "To": 30
    },
    {
      "From": 54,
      "To": 31
    },
    {
      "From": 52,
      "To": 32
    },
    {
      "From": 52,
      "To": 33
    },
    {
      "From": 52,
      "To": 34
    },
    {
      "From": 12,
      "To": 35
    },
    {
      "From": 54,
      "To": 36
    },
    {
      "From": 54,
      "To": 37
    },
    {
      "From": 59,
      "To": 38
    },
    {
      "From": 59,
      "To": 39
    },
    {
      "From": 11,
      "To": 40
    },
    {
      "From": 11,
      "To": 41
    },
    {
      "From": 12,
      "To": 42
    },
    {
      "From": 12,
      "To": 43
    },
    {
      "From": 0,
      "To": 44
    },
    {
      "From": 0,
      "To": 45
    },
    {
      "From": 0,
      "To": 46
    },
    {
      "From": 0,
      "To": 47
    },
    {
      "From": 0,
      "To": 48
    },
    {
      "From": 11,
      "To": 49
    },
    {
      "From": 0,
      "To": 50
    },
    {
      "From": 0,
      "To": 51
    },
    {
      "From": 0,
      "To": 52
    },
    {
      "From": 0,
      "To": 53
    },
    {
      "From": 0,
      "To": 54
    },
    {
      "From": 10,
      "To": 55
    },
    {
      "From": 0,
      "To": 56
    },
    {
      "From": 0,
      "To": 57
    },
    {
      "From": 0,
      "To": 58
    },
    {
      "From": 0,
      "To": 59
    },
    {
      "From": 0,
      "To": 60
    },
    {
      "From": 0,
      "To": 61
    },
    {
      "From": 0,
      "To": 62
    },
    {
      "From": 10,
      "To": 63
    }
  ],
  "OverworldCoordinates": {
    "Coneria": {
      "X": 193,
      "Y": 100
    },
    "ConeriaCastle1": {
      "X": 194,
      "Y": 99
    },
    "TempleOfFiends1": {
      "X": 164,
      "Y": 37
    },
    "Pravoka": {
      "X": 228,
      "Y": 136
    },
    "Gaia": {
      "X": 114,
      "Y": 104
    },
    "CastleOrdeals1": {
      "X": 100,
      "Y": 158
    },
    "TitansTunnelWest": {
      "X": 135,
      "Y": 107
    },
    "SardasCave": {
      "X": 132,
      "Y": 107
    },
    "EarthCave1": {
      "X": 142,
      "Y": 35
    },
    "MirageTower1": {
      "X": 196,
      "Y": 51
    },
    "Onrac": {
      "X": 14,
      "Y": 80
    },
    "TitansTunnelEast": {
      "X": 138,
      "Y": 55
    },
    "MatoyasCave": {
      "X": 128,
      "Y": 46
    },
    "DwarfCave": {
      "X": 58,
      "Y": 79
    },
    "Elfland": {
      "X": 68,
      "Y": 139
    },
    "ElflandCastle": {
      "X": 69,
      "Y": 138
    },
    "MarshCave1": {
      "X": 203,
      "Y": 142
    },
    "NorthwestCastle": {
      "X": 109,
      "Y": 40
    },
    "Melmond": {
      "X": 98,
      "Y": 61
    },
    "CrescentLake": {
      "X": 195,
      "Y": 122
    },
    "Lefein": {
      "X": 42,
      "Y": 183
    },
    "BahamutCave1": {
      "X": 33,
      "Y": 164
    },
    "Cardia1": {
      "X": 77,
      "Y": 44
    },
    "Cardia2": {
      "X": 236,
      "Y": 225
    },
    "Cardia4": {
      "X": 94,
      "Y": 25
    },
    "Cardia5": {
      "X": 86,
      "Y": 183
    },
    "Cardia6": {
      "X": 52,
      "Y": 199
    },
    "Waterfall": {
      "X": 59,
      "Y": 34
    },
    "IceCave1": {
      "X": 216,
      "Y": 86
    },
    "GurguVolcano1": {
      "X": 213,
      "Y": 111
    }
  }
}