﻿{
  "StartingLocation": {
    "X": 76,
    "Y": 140
  },
  "AirShipLocation": {
    "X": 55,
    "Y": 138
  },
  "BridgeLocation": {
    "X": 90,
    "Y": 141
  },
  "CanalLocation": {
    "X": 33,
    "Y": 149
  },
  "ShipLocations": [
    {
      "TeleporterIndex": 255,
      "X": 89,
      "Y": 148
    }
  ],
  "TeleporterFixups": [
    {
      "Type": 1,
      "Index": 0,
      "From": null,
      "To": {
        "Map": 255,
        "X": 52,
        "Y": 145
      }
    },
    {
      "Type": 1,
      "Index": 1,
      "From": null,
      "To": {
        "Map": 255,
        "X": 154,
        "Y": 32
      }
    },
    {
      "Type": 1,
      "Index": 2,
      "From": null,
      "To": {
        "Map": 255,
        "X": 159,
        "Y": 48
      }
    },
    {
      "Type": 1,
      "Index": 3,
      "From": null,
      "To": {
        "Map": 255,
        "X": 162,
        "Y": 188
      }
    },
    {
      "Type": 1,
      "Index": 4,
      "From": null,
      "To": {
        "Map": 255,
        "X": 76,
        "Y": 138
      }
    },
    {
      "Type": 1,
      "Index": 5,
      "From": null,
      "To": {
        "Map": 255,
        "X": 22,
        "Y": 138
      }
    },
    {
      "Type": 1,
      "Index": 6,
      "From": null,
      "To": {
        "Map": 255,
        "X": 143,
        "Y": 184
      }
    },
    {
      "Type": 1,
      "Index": 7,
      "From": null,
      "To": {
        "Map": 255,
        "X": 212,
        "Y": 234
      }
    },
    {
      "Type": 1,
      "Index": 8,
      "From": null,
      "To": {
        "Map": 255,
        "X": 94,
        "Y": 182
      }
    }
  ],
  "DomainFixups": [],
  "DomainUpdates": [
    {
      "From": 0,
      "To": 0
    },
    {
      "From": 0,
      "To": 1
    },
    {
      "From": 0,
      "To": 2
    },
    {
      "From": 11,
      "To": 3
    },
    {
      "From": 40,
      "To": 4
    },
    {
      "From": 40,
      "To": 5
    },
    {
      "From": 40,
      "To": 6
    },
    {
      "From": 40,
      "To": 7
    },
    {
      "From": 0,
      "To": 8
    },
    {
      "From": 0,
      "To": 9
    },
    {
      "From": 11,
      "To": 10
    },
    {
      "From": 11,
      "To": 11
    },
    {
      "From": 11,
      "To": 12
    },
    {
      "From": 54,
      "To": 13
    },
    {
      "From": 54,
      "To": 14
    },
    {
      "From": 54,
      "To": 15
    },
    {
      "From": 0,
      "To": 16
    },
    {
      "From": 0,
      "To": 17
    },
    {
      "From": 11,
      "To": 18
    },
    {
      "From": 0,
      "To": 19
    },
    {
      "From": 40,
      "To": 20
    },
    {
      "From": 40,
      "To": 21
    },
    {
      "From": 40,
      "To": 22
    },
    {
      "From": 0,
      "To": 23
    },
    {
      "From": 42,
      "To": 24
    },
    {
      "From": 42,
      "To": 25
    },
    {
      "From": 29,
      "To": 26
    },
    {
      "From": 29,
      "To": 27
    },
    {
      "From": 29,
      "To": 28
    },
    {
      "From": 40,
      "To": 29
    },
    {
      "From": 0,
      "To": 30
    },
    {
      "From": 0,
      "To": 31
    },
    {
      "From": 42,
      "To": 32
    },
    {
      "From": 40,
      "To": 33
    },
    {
      "From": 36,
      "To": 34
    },
    {
      "From": 52,
      "To": 35
    },
    {
      "From": 28,
      "To": 36
    },
    {
      "From": 0,
      "To": 37
    },
    {
      "From": 59,
      "To": 38
    },
    {
      "From": 0,
      "To": 39
    },
    {
      "From": 11,
      "To": 40
    },
    {
      "From": 11,
      "To": 41
    },
    {
      "From": 14,
      "To": 42
    },
    {
      "From": 14,
      "To": 43
    },
    {
      "From": 43,
      "To": 44
    },
    {
      "From": 12,
      "To": 45
    },
    {
      "From": 59,
      "To": 46
    },
    {
      "From": 0,
      "To": 47
    },
    {
      "From": 0,
      "To": 48
    },
    {
      "From": 10,
      "To": 49
    },
    {
      "From": 42,
      "To": 50
    },
    {
      "From": 42,
      "To": 51
    },
    {
      "From": 54,
      "To": 52
    },
    {
      "From": 12,
      "To": 53
    },
    {
      "From": 0,
      "To": 54
    },
    {
      "From": 0,
      "To": 55
    },
    {
      "From": 54,
      "To": 56
    },
    {
      "From": 54,
      "To": 57
    },
    {
      "From": 0,
      "To": 58
    },
    {
      "From": 35,
      "To": 59
    },
    {
      "From": 35,
      "To": 60
    },
    {
      "From": 10,
      "To": 61
    },
    {
      "From": 9,
      "To": 62
    },
    {
      "From": 0,
      "To": 63
    }
  ],
  "OverworldCoordinates": {
    "Coneria": {
      "X": 75,
      "Y": 139
    },
    "ConeriaCastle1": {
      "X": 76,
      "Y": 138
    },
    "TempleOfFiends1": {
      "X": 135,
      "Y": 137
    },
    "Pravoka": {
      "X": 90,
      "Y": 144
    },
    "Gaia": {
      "X": 60,
      "Y": 234
    },
    "CastleOrdeals1": {
      "X": 162,
      "Y": 188
    },
    "TitansTunnelWest": {
      "X": 154,
      "Y": 32
    },
    "SardasCave": {
      "X": 157,
      "Y": 83
    },
    "EarthCave1": {
      "X": 22,
      "Y": 138
    },
    "MirageTower1": {
      "X": 94,
      "Y": 182
    },
    "Onrac": {
      "X": 212,
      "Y": 234
    },
    "TitansTunnelEast": {
      "X": 52,
      "Y": 145
    },
    "MatoyasCave": {
      "X": 101,
      "Y": 133
    },
    "DwarfCave": {
      "X": 126,
      "Y": 233
    },
    "Elfland": {
      "X": 104,
      "Y": 159
    },
    "ElflandCastle": {
      "X": 105,
      "Y": 158
    },
    "MarshCave1": {
      "X": 218,
      "Y": 176
    },
    "NorthwestCastle": {
      "X": 150,
      "Y": 164
    },
    "Melmond": {
      "X": 90,
      "Y": 200
    },
    "CrescentLake": {
      "X": 34,
      "Y": 232
    },
    "Lefein": {
      "X": 193,
      "Y": 60
    },
    "BahamutCave1": {
      "X": 72,
      "Y": 64
    },
    "Cardia1": {
      "X": 51,
      "Y": 214
    },
    "Cardia2": {
      "X": 169,
      "Y": 231
    },
    "Cardia4": {
      "X": 17,
      "Y": 172
    },
    "Cardia5": {
      "X": 119,
      "Y": 41
    },
    "Cardia6": {
      "X": 42,
      "Y": 174
    },
    "Waterfall": {
      "X": 123,
      "Y": 180
    },
    "IceCave1": {
      "X": 159,
      "Y": 48
    },
    "GurguVolcano1": {
      "X": 143,
      "Y": 184
    }
  }
}