﻿{
  "StartingLocation": {
    "X": 210,
    "Y": 159
  },
  "AirShipLocation": {
    "X": 78,
    "Y": 79
  },
  "BridgeLocation": {
    "X": 198,
    "Y": 165
  },
  "CanalLocation": {
    "X": 58,
    "Y": 18
  },
  "ShipLocations": [
    {
      "TeleporterIndex": 1,
      "X": 197,
      "Y": 172
    },
    {
      "TeleporterIndex": 9,
      "X": 217,
      "Y": 139
    },
    {
      "TeleporterIndex": 255,
      "X": 217,
      "Y": 139
    },
    {
      "TeleporterIndex": 13,
      "X": 197,
      "Y": 172
    },
    {
      "TeleporterIndex": 2,
      "X": 197,
      "Y": 172
    },
    {
      "TeleporterIndex": 3,
      "X": 197,
      "Y": 172
    },
    {
      "TeleporterIndex": 10,
      "X": 197,
      "Y": 172
    },
    {
      "TeleporterIndex": 23,
      "X": 89,
      "Y": 98
    },
    {
      "TeleporterIndex": 11,
      "X": 70,
      "Y": 180
    },
    {
      "TeleporterIndex": 4,
      "X": 114,
      "Y": 133
    },
    {
      "TeleporterIndex": 5,
      "X": 128,
      "Y": 162
    }
  ],
  "TeleporterFixups": [
    {
      "Type": 1,
      "Index": 0,
      "From": null,
      "To": {
        "Map": 255,
        "X": 187,
        "Y": 69
      }
    },
    {
      "Type": 1,
      "Index": 1,
      "From": null,
      "To": {
        "Map": 255,
        "X": 53,
        "Y": 139
      }
    },
    {
      "Type": 1,
      "Index": 2,
      "From": null,
      "To": {
        "Map": 255,
        "X": 50,
        "Y": 103
      }
    },
    {
      "Type": 1,
      "Index": 3,
      "From": null,
      "To": {
        "Map": 255,
        "X": 28,
        "Y": 129
      }
    },
    {
      "Type": 1,
      "Index": 4,
      "From": null,
      "To": {
        "Map": 255,
        "X": 210,
        "Y": 157
      }
    },
    {
      "Type": 1,
      "Index": 5,
      "From": null,
      "To": {
        "Map": 255,
        "X": 78,
        "Y": 53
      }
    },
    {
      "Type": 1,
      "Index": 6,
      "From": null,
      "To": {
        "Map": 255,
        "X": 53,
        "Y": 82
      }
    },
    {
      "Type": 1,
      "Index": 7,
      "From": null,
      "To": {
        "Map": 255,
        "X": 90,
        "Y": 185
      }
    },
    {
      "Type": 1,
      "Index": 8,
      "From": null,
      "To": {
        "Map": 255,
        "X": 227,
        "Y": 100
      }
    }
  ],
  "DomainFixups": [],
  "DomainUpdates": [
    {
      "From": 0,
      "To": 0
    },
    {
      "From": 42,
      "To": 1
    },
    {
      "From": 42,
      "To": 2
    },
    {
      "From": 0,
      "To": 3
    },
    {
      "From": 0,
      "To": 4
    },
    {
      "From": 10,
      "To": 5
    },
    {
      "From": 40,
      "To": 6
    },
    {
      "From": 0,
      "To": 7
    },
    {
      "From": 54,
      "To": 8
    },
    {
      "From": 42,
      "To": 9
    },
    {
      "From": 42,
      "To": 10
    },
    {
      "From": 42,
      "To": 11
    },
    {
      "From": 0,
      "To": 12
    },
    {
      "From": 40,
      "To": 13
    },
    {
      "From": 40,
      "To": 14
    },
    {
      "From": 11,
      "To": 15
    },
    {
      "From": 54,
      "To": 16
    },
    {
      "From": 54,
      "To": 17
    },
    {
      "From": 42,
      "To": 18
    },
    {
      "From": 42,
      "To": 19
    },
    {
      "From": 0,
      "To": 20
    },
    {
      "From": 40,
      "To": 21
    },
    {
      "From": 40,
      "To": 22
    },
    {
      "From": 14,
      "To": 23
    },
    {
      "From": 35,
      "To": 24
    },
    {
      "From": 54,
      "To": 25
    },
    {
      "From": 59,
      "To": 26
    },
    {
      "From": 59,
      "To": 27
    },
    {
      "From": 10,
      "To": 28
    },
    {
      "From": 0,
      "To": 29
    },
    {
      "From": 10,
      "To": 30
    },
    {
      "From": 11,
      "To": 31
    },
    {
      "From": 12,
      "To": 32
    },
    {
      "From": 1,
      "To": 33
    },
    {
      "From": 43,
      "To": 34
    },
    {
      "From": 42,
      "To": 35
    },
    {
      "From": 42,
      "To": 36
    },
    {
      "From": 36,
      "To": 37
    },
    {
      "From": 36,
      "To": 38
    },
    {
      "From": 11,
      "To": 39
    },
    {
      "From": 0,
      "To": 40
    },
    {
      "From": 43,
      "To": 41
    },
    {
      "From": 43,
      "To": 42
    },
    {
      "From": 54,
      "To": 43
    },
    {
      "From": 54,
      "To": 44
    },
    {
      "From": 36,
      "To": 45
    },
    {
      "From": 28,
      "To": 46
    },
    {
      "From": 52,
      "To": 47
    },
    {
      "From": 29,
      "To": 48
    },
    {
      "From": 29,
      "To": 49
    },
    {
      "From": 9,
      "To": 50
    },
    {
      "From": 6,
      "To": 51
    },
    {
      "From": 6,
      "To": 52
    },
    {
      "From": 11,
      "To": 53
    },
    {
      "From": 0,
      "To": 54
    },
    {
      "From": 52,
      "To": 55
    },
    {
      "From": 29,
      "To": 56
    },
    {
      "From": 29,
      "To": 57
    },
    {
      "From": 0,
      "To": 58
    },
    {
      "From": 6,
      "To": 59
    },
    {
      "From": 6,
      "To": 60
    },
    {
      "From": 11,
      "To": 61
    },
    {
      "From": 0,
      "To": 62
    },
    {
      "From": 0,
      "To": 63
    }
  ],
  "OverworldCoordinates": {
    "Coneria": {
      "X": 209,
      "Y": 158
    },
    "ConeriaCastle1": {
      "X": 210,
      "Y": 157
    },
    "TempleOfFiends1": {
      "X": 219,
      "Y": 170
    },
    "Pravoka": {
      "X": 198,
      "Y": 168
    },
    "Gaia": {
      "X": 133,
      "Y": 219
    },
    "CastleOrdeals1": {
      "X": 28,
      "Y": 129
    },
    "TitansTunnelWest": {
      "X": 53,
      "Y": 139
    },
    "SardasCave": {
      "X": 51,
      "Y": 139
    },
    "EarthCave1": {
      "X": 78,
      "Y": 53
    },
    "MirageTower1": {
      "X": 227,
      "Y": 100
    },
    "Onrac": {
      "X": 90,
      "Y": 185
    },
    "TitansTunnelEast": {
      "X": 187,
      "Y": 69
    },
    "MatoyasCave": {
      "X": 33,
      "Y": 222
    },
    "DwarfCave": {
      "X": 29,
      "Y": 118
    },
    "Elfland": {
      "X": 228,
      "Y": 185
    },
    "ElflandCastle": {
      "X": 229,
      "Y": 184
    },
    "MarshCave1": {
      "X": 92,
      "Y": 118
    },
    "NorthwestCastle": {
      "X": 79,
      "Y": 151
    },
    "Melmond": {
      "X": 92,
      "Y": 136
    },
    "CrescentLake": {
      "X": 110,
      "Y": 170
    },
    "Lefein": {
      "X": 110,
      "Y": 227
    },
    "BahamutCave1": {
      "X": 160,
      "Y": 231
    },
    "Cardia1": {
      "X": 212,
      "Y": 110
    },
    "Cardia2": {
      "X": 126,
      "Y": 109
    },
    "Cardia4": {
      "X": 180,
      "Y": 20
    },
    "Cardia5": {
      "X": 229,
      "Y": 123
    },
    "Cardia6": {
      "X": 232,
      "Y": 40
    },
    "Waterfall": {
      "X": 43,
      "Y": 127
    },
    "IceCave1": {
      "X": 50,
      "Y": 103
    },
    "GurguVolcano1": {
      "X": 53,
      "Y": 82
    }
  }
}