﻿{
  "StartingLocation": {
    "X": 69,
    "Y": 45
  },
  "AirShipLocation": {
    "X": 28,
    "Y": 51
  },
  "BridgeLocation": {
    "X": 137,
    "Y": 14
  },
  "CanalLocation": {
    "X": 184,
    "Y": 116
  },
  "ShipLocations": [
    {
      "TeleporterIndex": 1,
      "X": 41,
      "Y": 19
    },
    {
      "TeleporterIndex": 9,
      "X": 41,
      "Y": 19
    },
    {
      "TeleporterIndex": 255,
      "X": 41,
      "Y": 19
    },
    {
      "TeleporterIndex": 13,
      "X": 41,
      "Y": 19
    },
    {
      "TeleporterIndex": 2,
      "X": 136,
      "Y": 21
    },
    {
      "TeleporterIndex": 24,
      "X": 138,
      "Y": 118
    },
    {
      "TeleporterIndex": 3,
      "X": 113,
      "Y": 167
    },
    {
      "TeleporterIndex": 10,
      "X": 113,
      "Y": 167
    },
    {
      "TeleporterIndex": 23,
      "X": 41,
      "Y": 19
    },
    {
      "TeleporterIndex": 11,
      "X": 166,
      "Y": 243
    },
    {
      "TeleporterIndex": 4,
      "X": 166,
      "Y": 243
    },
    {
      "TeleporterIndex": 5,
      "X": 242,
      "Y": 79
    },
    {
      "TeleporterIndex": 8,
      "X": 136,
      "Y": 21
    }
  ],
  "TeleporterFixups": [
    {
      "Type": 1,
      "Index": 0,
      "From": null,
      "To": {
        "Map": 255,
        "X": 43,
        "Y": 64
      }
    },
    {
      "Type": 1,
      "Index": 1,
      "From": null,
      "To": {
        "Map": 255,
        "X": 99,
        "Y": 98
      }
    },
    {
      "Type": 1,
      "Index": 2,
      "From": null,
      "To": {
        "Map": 255,
        "X": 165,
        "Y": 88
      }
    },
    {
      "Type": 1,
      "Index": 3,
      "From": null,
      "To": {
        "Map": 255,
        "X": 170,
        "Y": 33
      }
    },
    {
      "Type": 1,
      "Index": 4,
      "From": null,
      "To": {
        "Map": 255,
        "X": 69,
        "Y": 43
      }
    },
    {
      "Type": 1,
      "Index": 5,
      "From": null,
      "To": {
        "Map": 255,
        "X": 172,
        "Y": 116
      }
    },
    {
      "Type": 1,
      "Index": 6,
      "From": null,
      "To": {
        "Map": 255,
        "X": 136,
        "Y": 71
      }
    },
    {
      "Type": 1,
      "Index": 7,
      "From": null,
      "To": {
        "Map": 255,
        "X": 30,
        "Y": 157
      }
    },
    {
      "Type": 1,
      "Index": 8,
      "From": null,
      "To": {
        "Map": 255,
        "X": 120,
        "Y": 119
      }
    }
  ],
  "DomainFixups": [],
  "DomainUpdates": [
    {
      "From": 59,
      "To": 0
    },
    {
      "From": 59,
      "To": 1
    },
    {
      "From": 36,
      "To": 2
    },
    {
      "From": 12,
      "To": 3
    },
    {
      "From": 12,
      "To": 4
    },
    {
      "From": 12,
      "To": 5
    },
    {
      "From": 12,
      "To": 6
    },
    {
      "From": 0,
      "To": 7
    },
    {
      "From": 59,
      "To": 8
    },
    {
      "From": 59,
      "To": 9
    },
    {
      "From": 36,
      "To": 10
    },
    {
      "From": 1,
      "To": 11
    },
    {
      "From": 12,
      "To": 12
    },
    {
      "From": 12,
      "To": 13
    },
    {
      "From": 54,
      "To": 14
    },
    {
      "From": 54,
      "To": 15
    },
    {
      "From": 40,
      "To": 16
    },
    {
      "From": 28,
      "To": 17
    },
    {
      "From": 1,
      "To": 18
    },
    {
      "From": 1,
      "To": 19
    },
    {
      "From": 54,
      "To": 20
    },
    {
      "From": 54,
      "To": 21
    },
    {
      "From": 54,
      "To": 22
    },
    {
      "From": 54,
      "To": 23
    },
    {
      "From": 0,
      "To": 24
    },
    {
      "From": 0,
      "To": 25
    },
    {
      "From": 28,
      "To": 26
    },
    {
      "From": 14,
      "To": 27
    },
    {
      "From": 35,
      "To": 28
    },
    {
      "From": 42,
      "To": 29
    },
    {
      "From": 42,
      "To": 30
    },
    {
      "From": 0,
      "To": 31
    },
    {
      "From": 9,
      "To": 32
    },
    {
      "From": 9,
      "To": 33
    },
    {
      "From": 0,
      "To": 34
    },
    {
      "From": 52,
      "To": 35
    },
    {
      "From": 52,
      "To": 36
    },
    {
      "From": 29,
      "To": 37
    },
    {
      "From": 42,
      "To": 38
    },
    {
      "From": 0,
      "To": 39
    },
    {
      "From": 0,
      "To": 40
    },
    {
      "From": 0,
      "To": 41
    },
    {
      "From": 0,
      "To": 42
    },
    {
      "From": 52,
      "To": 43
    },
    {
      "From": 29,
      "To": 44
    },
    {
      "From": 29,
      "To": 45
    },
    {
      "From": 0,
      "To": 46
    },
    {
      "From": 10,
      "To": 47
    },
    {
      "From": 10,
      "To": 48
    },
    {
      "From": 0,
      "To": 49
    },
    {
      "From": 11,
      "To": 50
    },
    {
      "From": 0,
      "To": 51
    },
    {
      "From": 0,
      "To": 52
    },
    {
      "From": 42,
      "To": 53
    },
    {
      "From": 6,
      "To": 54
    },
    {
      "From": 0,
      "To": 55
    },
    {
      "From": 10,
      "To": 56
    },
    {
      "From": 10,
      "To": 57
    },
    {
      "From": 0,
      "To": 58
    },
    {
      "From": 0,
      "To": 59
    },
    {
      "From": 42,
      "To": 60
    },
    {
      "From": 42,
      "To": 61
    },
    {
      "From": 0,
      "To": 62
    },
    {
      "From": 11,
      "To": 63
    }
  ],
  "OverworldCoordinates": {
    "Coneria": {
      "X": 68,
      "Y": 44
    },
    "ConeriaCastle1": {
      "X": 69,
      "Y": 43
    },
    "TempleOfFiends1": {
      "X": 47,
      "Y": 71
    },
    "Pravoka": {
      "X": 137,
      "Y": 17
    },
    "Gaia": {
      "X": 209,
      "Y": 200
    },
    "CastleOrdeals1": {
      "X": 170,
      "Y": 33
    },
    "TitansTunnelWest": {
      "X": 99,
      "Y": 98
    },
    "SardasCave": {
      "X": 101,
      "Y": 98
    },
    "EarthCave1": {
      "X": 172,
      "Y": 116
    },
    "MirageTower1": {
      "X": 120,
      "Y": 119
    },
    "Onrac": {
      "X": 30,
      "Y": 157
    },
    "TitansTunnelEast": {
      "X": 43,
      "Y": 64
    },
    "MatoyasCave": {
      "X": 160,
      "Y": 156
    },
    "DwarfCave": {
      "X": 168,
      "Y": 112
    },
    "Elfland": {
      "X": 124,
      "Y": 150
    },
    "ElflandCastle": {
      "X": 125,
      "Y": 149
    },
    "MarshCave1": {
      "X": 41,
      "Y": 47
    },
    "NorthwestCastle": {
      "X": 192,
      "Y": 207
    },
    "Melmond": {
      "X": 179,
      "Y": 231
    },
    "CrescentLake": {
      "X": 232,
      "Y": 70
    },
    "Lefein": {
      "X": 91,
      "Y": 44
    },
    "BahamutCave1": {
      "X": 11,
      "Y": 71
    },
    "Cardia1": {
      "X": 238,
      "Y": 167
    },
    "Cardia2": {
      "X": 13,
      "Y": 230
    },
    "Cardia4": {
      "X": 28,
      "Y": 231
    },
    "Cardia5": {
      "X": 72,
      "Y": 200
    },
    "Cardia6": {
      "X": 242,
      "Y": 242
    },
    "Waterfall": {
      "X": 109,
      "Y": 63
    },
    "IceCave1": {
      "X": 165,
      "Y": 88
    },
    "GurguVolcano1": {
      "X": 136,
      "Y": 71
    }
  }
}