﻿{
  "StartingLocation": {
    "X": 135,
    "Y": 103
  },
  "AirShipLocation": {
    "X": 55,
    "Y": 33
  },
  "BridgeLocation": {
    "X": 119,
    "Y": 122
  },
  "CanalLocation": {
    "X": 173,
    "Y": 96
  },
  "ShipLocations": [
    {
      "TeleporterIndex": 255,
      "X": 118,
      "Y": 129
    }
  ],
  "TeleporterFixups": [
    {
      "Type": 1,
      "Index": 0,
      "From": null,
      "To": {
        "Map": 255,
        "X": 145,
        "Y": 24
      }
    },
    {
      "Type": 1,
      "Index": 1,
      "From": null,
      "To": {
        "Map": 255,
        "X": 41,
        "Y": 158
      }
    },
    {
      "Type": 1,
      "Index": 2,
      "From": null,
      "To": {
        "Map": 255,
        "X": 191,
        "Y": 69
      }
    },
    {
      "Type": 1,
      "Index": 3,
      "From": null,
      "To": {
        "Map": 255,
        "X": 91,
        "Y": 34
      }
    },
    {
      "Type": 1,
      "Index": 4,
      "From": null,
      "To": {
        "Map": 255,
        "X": 135,
        "Y": 101
      }
    },
    {
      "Type": 1,
      "Index": 5,
      "From": null,
      "To": {
        "Map": 255,
        "X": 193,
        "Y": 96
      }
    },
    {
      "Type": 1,
      "Index": 6,
      "From": null,
      "To": {
        "Map": 255,
        "X": 105,
        "Y": 45
      }
    },
    {
      "Type": 1,
      "Index": 7,
      "From": null,
      "To": {
        "Map": 255,
        "X": 217,
        "Y": 82
      }
    },
    {
      "Type": 1,
      "Index": 8,
      "From": null,
      "To": {
        "Map": 255,
        "X": 108,
        "Y": 73
      }
    }
  ],
  "DomainFixups": [],
  "DomainUpdates": [
    {
      "From": 0,
      "To": 0
    },
    {
      "From": 29,
      "To": 1
    },
    {
      "From": 29,
      "To": 2
    },
    {
      "From": 43,
      "To": 3
    },
    {
      "From": 40,
      "To": 4
    },
    {
      "From": 0,
      "To": 5
    },
    {
      "From": 10,
      "To": 6
    },
    {
      "From": 0,
      "To": 7
    },
    {
      "From": 11,
      "To": 8
    },
    {
      "From": 29,
      "To": 9
    },
    {
      "From": 12,
      "To": 10
    },
    {
      "From": 54,
      "To": 11
    },
    {
      "From": 35,
      "To": 12
    },
    {
      "From": 1,
      "To": 13
    },
    {
      "From": 54,
      "To": 14
    },
    {
      "From": 10,
      "To": 15
    },
    {
      "From": 0,
      "To": 16
    },
    {
      "From": 29,
      "To": 17
    },
    {
      "From": 14,
      "To": 18
    },
    {
      "From": 14,
      "To": 19
    },
    {
      "From": 36,
      "To": 20
    },
    {
      "From": 54,
      "To": 21
    },
    {
      "From": 9,
      "To": 22
    },
    {
      "From": 9,
      "To": 23
    },
    {
      "From": 0,
      "To": 24
    },
    {
      "From": 0,
      "To": 25
    },
    {
      "From": 14,
      "To": 26
    },
    {
      "From": 36,
      "To": 27
    },
    {
      "From": 36,
      "To": 28
    },
    {
      "From": 42,
      "To": 29
    },
    {
      "From": 42,
      "To": 30
    },
    {
      "From": 0,
      "To": 31
    },
    {
      "From": 6,
      "To": 32
    },
    {
      "From": 40,
      "To": 33
    },
    {
      "From": 54,
      "To": 34
    },
    {
      "From": 36,
      "To": 35
    },
    {
      "From": 59,
      "To": 36
    },
    {
      "From": 0,
      "To": 37
    },
    {
      "From": 0,
      "To": 38
    },
    {
      "From": 0,
      "To": 39
    },
    {
      "From": 40,
      "To": 40
    },
    {
      "From": 42,
      "To": 41
    },
    {
      "From": 54,
      "To": 42
    },
    {
      "From": 54,
      "To": 43
    },
    {
      "From": 0,
      "To": 44
    },
    {
      "From": 0,
      "To": 45
    },
    {
      "From": 0,
      "To": 46
    },
    {
      "From": 0,
      "To": 47
    },
    {
      "From": 11,
      "To": 48
    },
    {
      "From": 42,
      "To": 49
    },
    {
      "From": 42,
      "To": 50
    },
    {
      "From": 0,
      "To": 51
    },
    {
      "From": 0,
      "To": 52
    },
    {
      "From": 0,
      "To": 53
    },
    {
      "From": 10,
      "To": 54
    },
    {
      "From": 10,
      "To": 55
    },
    {
      "From": 0,
      "To": 56
    },
    {
      "From": 52,
      "To": 57
    },
    {
      "From": 42,
      "To": 58
    },
    {
      "From": 10,
      "To": 59
    },
    {
      "From": 0,
      "To": 60
    },
    {
      "From": 0,
      "To": 61
    },
    {
      "From": 0,
      "To": 62
    },
    {
      "From": 0,
      "To": 63
    }
  ],
  "OverworldCoordinates": {
    "Coneria": {
      "X": 134,
      "Y": 102
    },
    "ConeriaCastle1": {
      "X": 135,
      "Y": 101
    },
    "TempleOfFiends1": {
      "X": 104,
      "Y": 103
    },
    "Pravoka": {
      "X": 119,
      "Y": 125
    },
    "Gaia": {
      "X": 25,
      "Y": 141
    },
    "CastleOrdeals1": {
      "X": 91,
      "Y": 34
    },
    "TitansTunnelWest": {
      "X": 41,
      "Y": 158
    },
    "SardasCave": {
      "X": 39,
      "Y": 158
    },
    "EarthCave1": {
      "X": 193,
      "Y": 96
    },
    "MirageTower1": {
      "X": 108,
      "Y": 73
    },
    "Onrac": {
      "X": 217,
      "Y": 82
    },
    "TitansTunnelEast": {
      "X": 145,
      "Y": 24
    },
    "MatoyasCave": {
      "X": 72,
      "Y": 29
    },
    "DwarfCave": {
      "X": 140,
      "Y": 34
    },
    "Elfland": {
      "X": 40,
      "Y": 219
    },
    "ElflandCastle": {
      "X": 41,
      "Y": 218
    },
    "MarshCave1": {
      "X": 147,
      "Y": 124
    },
    "NorthwestCastle": {
      "X": 100,
      "Y": 14
    },
    "Melmond": {
      "X": 61,
      "Y": 201
    },
    "CrescentLake": {
      "X": 82,
      "Y": 158
    },
    "Lefein": {
      "X": 54,
      "Y": 45
    },
    "BahamutCave1": {
      "X": 12,
      "Y": 198
    },
    "Cardia1": {
      "X": 105,
      "Y": 238
    },
    "Cardia2": {
      "X": 218,
      "Y": 30
    },
    "Cardia4": {
      "X": 229,
      "Y": 200
    },
    "Cardia5": {
      "X": 20,
      "Y": 43
    },
    "Cardia6": {
      "X": 123,
      "Y": 150
    },
    "Waterfall": {
      "X": 149,
      "Y": 40
    },
    "IceCave1": {
      "X": 191,
      "Y": 69
    },
    "GurguVolcano1": {
      "X": 105,
      "Y": 45
    }
  }
}