﻿{
  "StartingLocation": {
    "X": 65,
    "Y": 98
  },
  "AirShipLocation": {
    "X": 104,
    "Y": 196
  },
  "BridgeLocation": {
    "X": 104,
    "Y": 120
  },
  "CanalLocation": {
    "X": 200,
    "Y": 214
  },
  "ShipLocations": [
    {
      "TeleporterIndex": 255,
      "X": 103,
      "Y": 127
    }
  ],
  "TeleporterFixups": [
    {
      "Type": 1,
      "Index": 0,
      "From": null,
      "To": {
        "Map": 255,
        "X": 220,
        "Y": 71
      }
    },
    {
      "Type": 1,
      "Index": 1,
      "From": null,
      "To": {
        "Map": 255,
        "X": 212,
        "Y": 158
      }
    },
    {
      "Type": 1,
      "Index": 2,
      "From": null,
      "To": {
        "Map": 255,
        "X": 179,
        "Y": 197
      }
    },
    {
      "Type": 1,
      "Index": 3,
      "From": null,
      "To": {
        "Map": 255,
        "X": 166,
        "Y": 158
      }
    },
    {
      "Type": 1,
      "Index": 4,
      "From": null,
      "To": {
        "Map": 255,
        "X": 65,
        "Y": 96
      }
    },
    {
      "Type": 1,
      "Index": 5,
      "From": null,
      "To": {
        "Map": 255,
        "X": 179,
        "Y": 227
      }
    },
    {
      "Type": 1,
      "Index": 6,
      "From": null,
      "To": {
        "Map": 255,
        "X": 130,
        "Y": 154
      }
    },
    {
      "Type": 1,
      "Index": 7,
      "From": null,
      "To": {
        "Map": 255,
        "X": 125,
        "Y": 210
      }
    },
    {
      "Type": 1,
      "Index": 8,
      "From": null,
      "To": {
        "Map": 255,
        "X": 104,
        "Y": 167
      }
    }
  ],
  "DomainFixups": [],
  "DomainUpdates": [
    {
      "From": 0,
      "To": 0
    },
    {
      "From": 59,
      "To": 1
    },
    {
      "From": 59,
      "To": 2
    },
    {
      "From": 0,
      "To": 3
    },
    {
      "From": 0,
      "To": 4
    },
    {
      "From": 0,
      "To": 5
    },
    {
      "From": 0,
      "To": 6
    },
    {
      "From": 0,
      "To": 7
    },
    {
      "From": 0,
      "To": 8
    },
    {
      "From": 29,
      "To": 9
    },
    {
      "From": 59,
      "To": 10
    },
    {
      "From": 59,
      "To": 11
    },
    {
      "From": 10,
      "To": 12
    },
    {
      "From": 43,
      "To": 13
    },
    {
      "From": 40,
      "To": 14
    },
    {
      "From": 10,
      "To": 15
    },
    {
      "From": 42,
      "To": 16
    },
    {
      "From": 54,
      "To": 17
    },
    {
      "From": 54,
      "To": 18
    },
    {
      "From": 59,
      "To": 19
    },
    {
      "From": 43,
      "To": 20
    },
    {
      "From": 43,
      "To": 21
    },
    {
      "From": 40,
      "To": 22
    },
    {
      "From": 40,
      "To": 23
    },
    {
      "From": 42,
      "To": 24
    },
    {
      "From": 42,
      "To": 25
    },
    {
      "From": 36,
      "To": 26
    },
    {
      "From": 35,
      "To": 27
    },
    {
      "From": 35,
      "To": 28
    },
    {
      "From": 52,
      "To": 29
    },
    {
      "From": 52,
      "To": 30
    },
    {
      "From": 0,
      "To": 31
    },
    {
      "From": 0,
      "To": 32
    },
    {
      "From": 28,
      "To": 33
    },
    {
      "From": 28,
      "To": 34
    },
    {
      "From": 35,
      "To": 35
    },
    {
      "From": 54,
      "To": 36
    },
    {
      "From": 52,
      "To": 37
    },
    {
      "From": 6,
      "To": 38
    },
    {
      "From": 6,
      "To": 39
    },
    {
      "From": 0,
      "To": 40
    },
    {
      "From": 28,
      "To": 41
    },
    {
      "From": 11,
      "To": 42
    },
    {
      "From": 14,
      "To": 43
    },
    {
      "From": 54,
      "To": 44
    },
    {
      "From": 12,
      "To": 45
    },
    {
      "From": 40,
      "To": 46
    },
    {
      "From": 40,
      "To": 47
    },
    {
      "From": 0,
      "To": 48
    },
    {
      "From": 0,
      "To": 49
    },
    {
      "From": 14,
      "To": 50
    },
    {
      "From": 11,
      "To": 51
    },
    {
      "From": 42,
      "To": 52
    },
    {
      "From": 42,
      "To": 53
    },
    {
      "From": 42,
      "To": 54
    },
    {
      "From": 0,
      "To": 55
    },
    {
      "From": 0,
      "To": 56
    },
    {
      "From": 0,
      "To": 57
    },
    {
      "From": 0,
      "To": 58
    },
    {
      "From": 0,
      "To": 59
    },
    {
      "From": 0,
      "To": 60
    },
    {
      "From": 42,
      "To": 61
    },
    {
      "From": 42,
      "To": 62
    },
    {
      "From": 0,
      "To": 63
    }
  ],
  "OverworldCoordinates": {
    "Coneria": {
      "X": 64,
      "Y": 97
    },
    "ConeriaCastle1": {
      "X": 65,
      "Y": 96
    },
    "TempleOfFiends1": {
      "X": 87,
      "Y": 149
    },
    "Pravoka": {
      "X": 104,
      "Y": 123
    },
    "Gaia": {
      "X": 225,
      "Y": 147
    },
    "CastleOrdeals1": {
      "X": 166,
      "Y": 158
    },
    "TitansTunnelWest": {
      "X": 212,
      "Y": 158
    },
    "SardasCave": {
      "X": 224,
      "Y": 172
    },
    "EarthCave1": {
      "X": 179,
      "Y": 227
    },
    "MirageTower1": {
      "X": 104,
      "Y": 167
    },
    "Onrac": {
      "X": 125,
      "Y": 210
    },
    "TitansTunnelEast": {
      "X": 220,
      "Y": 71
    },
    "MatoyasCave": {
      "X": 62,
      "Y": 51
    },
    "DwarfCave": {
      "X": 96,
      "Y": 132
    },
    "Elfland": {
      "X": 200,
      "Y": 115
    },
    "ElflandCastle": {
      "X": 201,
      "Y": 114
    },
    "MarshCave1": {
      "X": 78,
      "Y": 42
    },
    "NorthwestCastle": {
      "X": 186,
      "Y": 50
    },
    "Melmond": {
      "X": 48,
      "Y": 121
    },
    "CrescentLake": {
      "X": 66,
      "Y": 74
    },
    "Lefein": {
      "X": 76,
      "Y": 114
    },
    "BahamutCave1": {
      "X": 83,
      "Y": 183
    },
    "Cardia1": {
      "X": 141,
      "Y": 55
    },
    "Cardia2": {
      "X": 215,
      "Y": 113
    },
    "Cardia4": {
      "X": 222,
      "Y": 46
    },
    "Cardia5": {
      "X": 119,
      "Y": 185
    },
    "Cardia6": {
      "X": 145,
      "Y": 142
    },
    "Waterfall": {
      "X": 148,
      "Y": 149
    },
    "IceCave1": {
      "X": 179,
      "Y": 197
    },
    "GurguVolcano1": {
      "X": 130,
      "Y": 154
    }
  }
}