﻿{
  "StartingLocation": {
    "X": 238,
    "Y": 104
  },
  "AirShipLocation": {
    "X": 142,
    "Y": 135
  },
  "BridgeLocation": {
    "X": 188,
    "Y": 146
  },
  "CanalLocation": {
    "X": 14,
    "Y": 14
  },
  "ShipLocations": [
    {
      "TeleporterIndex": 255,
      "X": 187,
      "Y": 153
    }
  ],
  "TeleporterFixups": [
    {
      "Type": 1,
      "Index": 0,
      "From": null,
      "To": {
        "Map": 255,
        "X": 166,
        "Y": 134
      }
    },
    {
      "Type": 1,
      "Index": 1,
      "From": null,
      "To": {
        "Map": 255,
        "X": 163,
        "Y": 30
      }
    },
    {
      "Type": 1,
      "Index": 2,
      "From": null,
      "To": {
        "Map": 255,
        "X": 58,
        "Y": 127
      }
    },
    {
      "Type": 1,
      "Index": 3,
      "From": null,
      "To": {
        "Map": 255,
        "X": 17,
        "Y": 33
      }
    },
    {
      "Type": 1,
      "Index": 4,
      "From": null,
      "To": {
        "Map": 255,
        "X": 238,
        "Y": 102
      }
    },
    {
      "Type": 1,
      "Index": 5,
      "From": null,
      "To": {
        "Map": 255,
        "X": 15,
        "Y": 26
      }
    },
    {
      "Type": 1,
      "Index": 6,
      "From": null,
      "To": {
        "Map": 255,
        "X": 48,
        "Y": 143
      }
    },
    {
      "Type": 1,
      "Index": 7,
      "From": null,
      "To": {
        "Map": 255,
        "X": 133,
        "Y": 149
      }
    },
    {
      "Type": 1,
      "Index": 8,
      "From": null,
      "To": {
        "Map": 255,
        "X": 20,
        "Y": 48
      }
    }
  ],
  "DomainFixups": [],
  "DomainUpdates": [
    {
      "From": 42,
      "To": 0
    },
    {
      "From": 11,
      "To": 1
    },
    {
      "From": 0,
      "To": 2
    },
    {
      "From": 0,
      "To": 3
    },
    {
      "From": 40,
      "To": 4
    },
    {
      "From": 40,
      "To": 5
    },
    {
      "From": 0,
      "To": 6
    },
    {
      "From": 0,
      "To": 7
    },
    {
      "From": 12,
      "To": 8
    },
    {
      "From": 12,
      "To": 9
    },
    {
      "From": 0,
      "To": 10
    },
    {
      "From": 0,
      "To": 11
    },
    {
      "From": 40,
      "To": 12
    },
    {
      "From": 40,
      "To": 13
    },
    {
      "From": 28,
      "To": 14
    },
    {
      "From": 28,
      "To": 15
    },
    {
      "From": 0,
      "To": 16
    },
    {
      "From": 1,
      "To": 17
    },
    {
      "From": 1,
      "To": 18
    },
    {
      "From": 42,
      "To": 19
    },
    {
      "From": 42,
      "To": 20
    },
    {
      "From": 0,
      "To": 21
    },
    {
      "From": 59,
      "To": 22
    },
    {
      "From": 59,
      "To": 23
    },
    {
      "From": 1,
      "To": 24
    },
    {
      "From": 1,
      "To": 25
    },
    {
      "From": 1,
      "To": 26
    },
    {
      "From": 42,
      "To": 27
    },
    {
      "From": 42,
      "To": 28
    },
    {
      "From": 40,
      "To": 29
    },
    {
      "From": 54,
      "To": 30
    },
    {
      "From": 36,
      "To": 31
    },
    {
      "From": 31,
      "To": 32
    },
    {
      "From": 54,
      "To": 33
    },
    {
      "From": 43,
      "To": 34
    },
    {
      "From": 43,
      "To": 35
    },
    {
      "From": 9,
      "To": 36
    },
    {
      "From": 40,
      "To": 37
    },
    {
      "From": 35,
      "To": 38
    },
    {
      "From": 35,
      "To": 39
    },
    {
      "From": 0,
      "To": 40
    },
    {
      "From": 54,
      "To": 41
    },
    {
      "From": 52,
      "To": 42
    },
    {
      "From": 11,
      "To": 43
    },
    {
      "From": 0,
      "To": 44
    },
    {
      "From": 40,
      "To": 45
    },
    {
      "From": 40,
      "To": 46
    },
    {
      "From": 10,
      "To": 47
    },
    {
      "From": 0,
      "To": 48
    },
    {
      "From": 0,
      "To": 49
    },
    {
      "From": 52,
      "To": 50
    },
    {
      "From": 0,
      "To": 51
    },
    {
      "From": 0,
      "To": 52
    },
    {
      "From": 0,
      "To": 53
    },
    {
      "From": 0,
      "To": 54
    },
    {
      "From": 10,
      "To": 55
    },
    {
      "From": 0,
      "To": 56
    },
    {
      "From": 11,
      "To": 57
    },
    {
      "From": 10,
      "To": 58
    },
    {
      "From": 0,
      "To": 59
    },
    {
      "From": 10,
      "To": 60
    },
    {
      "From": 0,
      "To": 61
    },
    {
      "From": 0,
      "To": 62
    },
    {
      "From": 0,
      "To": 63
    }
  ],
  "OverworldCoordinates": {
    "Coneria": {
      "X": 237,
      "Y": 103
    },
    "ConeriaCastle1": {
      "X": 238,
      "Y": 102
    },
    "TempleOfFiends1": {
      "X": 223,
      "Y": 58
    },
    "Pravoka": {
      "X": 188,
      "Y": 149
    },
    "Gaia": {
      "X": 82,
      "Y": 229
    },
    "CastleOrdeals1": {
      "X": 17,
      "Y": 33
    },
    "TitansTunnelWest": {
      "X": 163,
      "Y": 30
    },
    "SardasCave": {
      "X": 152,
      "Y": 34
    },
    "EarthCave1": {
      "X": 15,
      "Y": 26
    },
    "MirageTower1": {
      "X": 20,
      "Y": 48
    },
    "Onrac": {
      "X": 133,
      "Y": 149
    },
    "TitansTunnelEast": {
      "X": 166,
      "Y": 134
    },
    "MatoyasCave": {
      "X": 119,
      "Y": 152
    },
    "DwarfCave": {
      "X": 235,
      "Y": 124
    },
    "Elfland": {
      "X": 89,
      "Y": 187
    },
    "ElflandCastle": {
      "X": 90,
      "Y": 186
    },
    "MarshCave1": {
      "X": 221,
      "Y": 73
    },
    "NorthwestCastle": {
      "X": 101,
      "Y": 144
    },
    "Melmond": {
      "X": 120,
      "Y": 102
    },
    "CrescentLake": {
      "X": 212,
      "Y": 105
    },
    "Lefein": {
      "X": 15,
      "Y": 128
    },
    "BahamutCave1": {
      "X": 52,
      "Y": 19
    },
    "Cardia1": {
      "X": 237,
      "Y": 191
    },
    "Cardia2": {
      "X": 64,
      "Y": 236
    },
    "Cardia4": {
      "X": 142,
      "Y": 236
    },
    "Cardia5": {
      "X": 45,
      "Y": 241
    },
    "Cardia6": {
      "X": 100,
      "Y": 163
    },
    "Waterfall": {
      "X": 44,
      "Y": 120
    },
    "IceCave1": {
      "X": 58,
      "Y": 127
    },
    "GurguVolcano1": {
      "X": 48,
      "Y": 143
    }
  }
}