﻿{
  "StartingLocation": {
    "X": 143,
    "Y": 99
  },
  "AirShipLocation": {
    "X": 152,
    "Y": 219
  },
  "BridgeLocation": {
    "X": 104,
    "Y": 87
  },
  "CanalLocation": {
    "X": 11,
    "Y": 35
  },
  "ShipLocations": [
    {
      "TeleporterIndex": 255,
      "X": 103,
      "Y": 94
    }
  ],
  "TeleporterFixups": [
    {
      "Type": 1,
      "Index": 0,
      "From": null,
      "To": {
        "Map": 255,
        "X": 135,
        "Y": 173
      }
    },
    {
      "Type": 1,
      "Index": 1,
      "From": null,
      "To": {
        "Map": 255,
        "X": 166,
        "Y": 78
      }
    },
    {
      "Type": 1,
      "Index": 2,
      "From": null,
      "To": {
        "Map": 255,
        "X": 188,
        "Y": 95
      }
    },
    {
      "Type": 1,
      "Index": 3,
      "From": null,
      "To": {
        "Map": 255,
        "X": 145,
        "Y": 40
      }
    },
    {
      "Type": 1,
      "Index": 4,
      "From": null,
      "To": {
        "Map": 255,
        "X": 143,
        "Y": 97
      }
    },
    {
      "Type": 1,
      "Index": 5,
      "From": null,
      "To": {
        "Map": 255,
        "X": 17,
        "Y": 30
      }
    },
    {
      "Type": 1,
      "Index": 6,
      "From": null,
      "To": {
        "Map": 255,
        "X": 143,
        "Y": 64
      }
    },
    {
      "Type": 1,
      "Index": 7,
      "From": null,
      "To": {
        "Map": 255,
        "X": 98,
        "Y": 130
      }
    },
    {
      "Type": 1,
      "Index": 8,
      "From": null,
      "To": {
        "Map": 255,
        "X": 215,
        "Y": 154
      }
    }
  ],
  "DomainFixups": [],
  "DomainUpdates": [
    {
      "From": 42,
      "To": 0
    },
    {
      "From": 42,
      "To": 1
    },
    {
      "From": 42,
      "To": 2
    },
    {
      "From": 0,
      "To": 3
    },
    {
      "From": 12,
      "To": 4
    },
    {
      "From": 11,
      "To": 5
    },
    {
      "From": 0,
      "To": 6
    },
    {
      "From": 0,
      "To": 7
    },
    {
      "From": 42,
      "To": 8
    },
    {
      "From": 42,
      "To": 9
    },
    {
      "From": 42,
      "To": 10
    },
    {
      "From": 12,
      "To": 11
    },
    {
      "From": 12,
      "To": 12
    },
    {
      "From": 11,
      "To": 13
    },
    {
      "From": 11,
      "To": 14
    },
    {
      "From": 0,
      "To": 15
    },
    {
      "From": 42,
      "To": 16
    },
    {
      "From": 0,
      "To": 17
    },
    {
      "From": 0,
      "To": 18
    },
    {
      "From": 36,
      "To": 19
    },
    {
      "From": 54,
      "To": 20
    },
    {
      "From": 54,
      "To": 21
    },
    {
      "From": 54,
      "To": 22
    },
    {
      "From": 0,
      "To": 23
    },
    {
      "From": 0,
      "To": 24
    },
    {
      "From": 0,
      "To": 25
    },
    {
      "From": 9,
      "To": 26
    },
    {
      "From": 9,
      "To": 27
    },
    {
      "From": 36,
      "To": 28
    },
    {
      "From": 59,
      "To": 29
    },
    {
      "From": 29,
      "To": 30
    },
    {
      "From": 29,
      "To": 31
    },
    {
      "From": 0,
      "To": 32
    },
    {
      "From": 0,
      "To": 33
    },
    {
      "From": 9,
      "To": 34
    },
    {
      "From": 42,
      "To": 35
    },
    {
      "From": 54,
      "To": 36
    },
    {
      "From": 59,
      "To": 37
    },
    {
      "From": 29,
      "To": 38
    },
    {
      "From": 29,
      "To": 39
    },
    {
      "From": 10,
      "To": 40
    },
    {
      "From": 0,
      "To": 41
    },
    {
      "From": 0,
      "To": 42
    },
    {
      "From": 40,
      "To": 43
    },
    {
      "From": 40,
      "To": 44
    },
    {
      "From": 40,
      "To": 45
    },
    {
      "From": 11,
      "To": 46
    },
    {
      "From": 11,
      "To": 47
    },
    {
      "From": 11,
      "To": 48
    },
    {
      "From": 0,
      "To": 49
    },
    {
      "From": 35,
      "To": 50
    },
    {
      "From": 43,
      "To": 51
    },
    {
      "From": 28,
      "To": 52
    },
    {
      "From": 0,
      "To": 53
    },
    {
      "From": 0,
      "To": 54
    },
    {
      "From": 10,
      "To": 55
    },
    {
      "From": 0,
      "To": 56
    },
    {
      "From": 35,
      "To": 57
    },
    {
      "From": 35,
      "To": 58
    },
    {
      "From": 43,
      "To": 59
    },
    {
      "From": 43,
      "To": 60
    },
    {
      "From": 0,
      "To": 61
    },
    {
      "From": 10,
      "To": 62
    },
    {
      "From": 10,
      "To": 63
    }
  ],
  "OverworldCoordinates": {
    "Coneria": {
      "X": 142,
      "Y": 98
    },
    "ConeriaCastle1": {
      "X": 143,
      "Y": 97
    },
    "TempleOfFiends1": {
      "X": 136,
      "Y": 194
    },
    "Pravoka": {
      "X": 104,
      "Y": 90
    },
    "Gaia": {
      "X": 236,
      "Y": 134
    },
    "CastleOrdeals1": {
      "X": 145,
      "Y": 40
    },
    "TitansTunnelWest": {
      "X": 166,
      "Y": 78
    },
    "SardasCave": {
      "X": 168,
      "Y": 78
    },
    "EarthCave1": {
      "X": 17,
      "Y": 30
    },
    "MirageTower1": {
      "X": 215,
      "Y": 154
    },
    "Onrac": {
      "X": 98,
      "Y": 130
    },
    "TitansTunnelEast": {
      "X": 135,
      "Y": 173
    },
    "MatoyasCave": {
      "X": 215,
      "Y": 136
    },
    "DwarfCave": {
      "X": 60,
      "Y": 233
    },
    "Elfland": {
      "X": 131,
      "Y": 129
    },
    "ElflandCastle": {
      "X": 132,
      "Y": 128
    },
    "MarshCave1": {
      "X": 170,
      "Y": 124
    },
    "NorthwestCastle": {
      "X": 134,
      "Y": 229
    },
    "Melmond": {
      "X": 117,
      "Y": 150
    },
    "CrescentLake": {
      "X": 142,
      "Y": 139
    },
    "Lefein": {
      "X": 121,
      "Y": 95
    },
    "BahamutCave1": {
      "X": 234,
      "Y": 166
    },
    "Cardia1": {
      "X": 221,
      "Y": 244
    },
    "Cardia2": {
      "X": 233,
      "Y": 223
    },
    "Cardia4": {
      "X": 11,
      "Y": 177
    },
    "Cardia5": {
      "X": 22,
      "Y": 211
    },
    "Cardia6": {
      "X": 169,
      "Y": 49
    },
    "Waterfall": {
      "X": 172,
      "Y": 102
    },
    "IceCave1": {
      "X": 188,
      "Y": 95
    },
    "GurguVolcano1": {
      "X": 143,
      "Y": 64
    }
  }
}