﻿{
  "StartingLocation": {
    "X": 128,
    "Y": 92
  },
  "AirShipLocation": {
    "X": 141,
    "Y": 64
  },
  "BridgeLocation": {
    "X": 104,
    "Y": 45
  },
  "CanalLocation": {
    "X": 204,
    "Y": 136
  },
  "ShipLocations": [
    {
      "TeleporterIndex": 255,
      "X": 103,
      "Y": 52
    }
  ],
  "TeleporterFixups": [
    {
      "Type": 1,
      "Index": 0,
      "From": null,
      "To": {
        "Map": 255,
        "X": 54,
        "Y": 206
      }
    },
    {
      "Type": 1,
      "Index": 1,
      "From": null,
      "To": {
        "Map": 255,
        "X": 72,
        "Y": 188
      }
    },
    {
      "Type": 1,
      "Index": 2,
      "From": null,
      "To": {
        "Map": 255,
        "X": 61,
        "Y": 49
      }
    },
    {
      "Type": 1,
      "Index": 3,
      "From": null,
      "To": {
        "Map": 255,
        "X": 56,
        "Y": 176
      }
    },
    {
      "Type": 1,
      "Index": 4,
      "From": null,
      "To": {
        "Map": 255,
        "X": 128,
        "Y": 90
      }
    },
    {
      "Type": 1,
      "Index": 5,
      "From": null,
      "To": {
        "Map": 255,
        "X": 209,
        "Y": 128
      }
    },
    {
      "Type": 1,
      "Index": 6,
      "From": null,
      "To": {
        "Map": 255,
        "X": 173,
        "Y": 94
      }
    },
    {
      "Type": 1,
      "Index": 7,
      "From": null,
      "To": {
        "Map": 255,
        "X": 185,
        "Y": 229
      }
    },
    {
      "Type": 1,
      "Index": 8,
      "From": null,
      "To": {
        "Map": 255,
        "X": 32,
        "Y": 145
      }
    }
  ],
  "DomainFixups": [],
  "DomainUpdates": [
    {
      "From": 0,
      "To": 0
    },
    {
      "From": 10,
      "To": 1
    },
    {
      "From": 10,
      "To": 2
    },
    {
      "From": 0,
      "To": 3
    },
    {
      "From": 0,
      "To": 4
    },
    {
      "From": 42,
      "To": 5
    },
    {
      "From": 42,
      "To": 6
    },
    {
      "From": 0,
      "To": 7
    },
    {
      "From": 54,
      "To": 8
    },
    {
      "From": 10,
      "To": 9
    },
    {
      "From": 10,
      "To": 10
    },
    {
      "From": 10,
      "To": 11
    },
    {
      "From": 42,
      "To": 12
    },
    {
      "From": 42,
      "To": 13
    },
    {
      "From": 11,
      "To": 14
    },
    {
      "From": 11,
      "To": 15
    },
    {
      "From": 54,
      "To": 16
    },
    {
      "From": 52,
      "To": 17
    },
    {
      "From": 10,
      "To": 18
    },
    {
      "From": 10,
      "To": 19
    },
    {
      "From": 36,
      "To": 20
    },
    {
      "From": 54,
      "To": 21
    },
    {
      "From": 11,
      "To": 22
    },
    {
      "From": 11,
      "To": 23
    },
    {
      "From": 14,
      "To": 24
    },
    {
      "From": 14,
      "To": 25
    },
    {
      "From": 10,
      "To": 26
    },
    {
      "From": 28,
      "To": 27
    },
    {
      "From": 35,
      "To": 28
    },
    {
      "From": 54,
      "To": 29
    },
    {
      "From": 10,
      "To": 30
    },
    {
      "From": 10,
      "To": 31
    },
    {
      "From": 14,
      "To": 32
    },
    {
      "From": 14,
      "To": 33
    },
    {
      "From": 0,
      "To": 34
    },
    {
      "From": 0,
      "To": 35
    },
    {
      "From": 35,
      "To": 36
    },
    {
      "From": 35,
      "To": 37
    },
    {
      "From": 42,
      "To": 38
    },
    {
      "From": 0,
      "To": 39
    },
    {
      "From": 29,
      "To": 40
    },
    {
      "From": 43,
      "To": 41
    },
    {
      "From": 40,
      "To": 42
    },
    {
      "From": 0,
      "To": 43
    },
    {
      "From": 0,
      "To": 44
    },
    {
      "From": 0,
      "To": 45
    },
    {
      "From": 0,
      "To": 46
    },
    {
      "From": 0,
      "To": 47
    },
    {
      "From": 11,
      "To": 48
    },
    {
      "From": 59,
      "To": 49
    },
    {
      "From": 6,
      "To": 50
    },
    {
      "From": 0,
      "To": 51
    },
    {
      "From": 0,
      "To": 52
    },
    {
      "From": 0,
      "To": 53
    },
    {
      "From": 0,
      "To": 54
    },
    {
      "From": 0,
      "To": 55
    },
    {
      "From": 59,
      "To": 56
    },
    {
      "From": 59,
      "To": 57
    },
    {
      "From": 59,
      "To": 58
    },
    {
      "From": 0,
      "To": 59
    },
    {
      "From": 0,
      "To": 60
    },
    {
      "From": 9,
      "To": 61
    },
    {
      "From": 0,
      "To": 62
    },
    {
      "From": 0,
      "To": 63
    }
  ],
  "OverworldCoordinates": {
    "Coneria": {
      "X": 127,
      "Y": 91
    },
    "ConeriaCastle1": {
      "X": 128,
      "Y": 90
    },
    "TempleOfFiends1": {
      "X": 129,
      "Y": 103
    },
    "Pravoka": {
      "X": 104,
      "Y": 48
    },
    "Gaia": {
      "X": 72,
      "Y": 200
    },
    "CastleOrdeals1": {
      "X": 56,
      "Y": 176
    },
    "TitansTunnelWest": {
      "X": 72,
      "Y": 188
    },
    "SardasCave": {
      "X": 74,
      "Y": 188
    },
    "EarthCave1": {
      "X": 209,
      "Y": 128
    },
    "MirageTower1": {
      "X": 32,
      "Y": 145
    },
    "Onrac": {
      "X": 185,
      "Y": 229
    },
    "TitansTunnelEast": {
      "X": 54,
      "Y": 206
    },
    "MatoyasCave": {
      "X": 32,
      "Y": 180
    },
    "DwarfCave": {
      "X": 144,
      "Y": 109
    },
    "Elfland": {
      "X": 59,
      "Y": 70
    },
    "ElflandCastle": {
      "X": 60,
      "Y": 69
    },
    "MarshCave1": {
      "X": 43,
      "Y": 221
    },
    "NorthwestCastle": {
      "X": 39,
      "Y": 164
    },
    "Melmond": {
      "X": 176,
      "Y": 63
    },
    "CrescentLake": {
      "X": 36,
      "Y": 77
    },
    "Lefein": {
      "X": 222,
      "Y": 66
    },
    "BahamutCave1": {
      "X": 28,
      "Y": 198
    },
    "Cardia1": {
      "X": 210,
      "Y": 109
    },
    "Cardia2": {
      "X": 50,
      "Y": 31
    },
    "Cardia4": {
      "X": 81,
      "Y": 61
    },
    "Cardia5": {
      "X": 43,
      "Y": 193
    },
    "Cardia6": {
      "X": 201,
      "Y": 80
    },
    "Waterfall": {
      "X": 61,
      "Y": 202
    },
    "IceCave1": {
      "X": 61,
      "Y": 49
    },
    "GurguVolcano1": {
      "X": 173,
      "Y": 94
    }
  }
}