﻿{
  "StartingLocation": {
    "X": 71,
    "Y": 198
  },
  "AirShipLocation": {
    "X": 24,
    "Y": 92
  },
  "BridgeLocation": {
    "X": 22,
    "Y": 183
  },
  "CanalLocation": {
    "X": 123,
    "Y": 113
  },
  "ShipLocations": [
    {
      "TeleporterIndex": 255,
      "X": 21,
      "Y": 190
    }
  ],
  "TeleporterFixups": [
    {
      "Type": 1,
      "Index": 0,
      "From": null,
      "To": {
        "Map": 255,
        "X": 38,
        "Y": 106
      }
    },
    {
      "Type": 1,
      "Index": 1,
      "From": null,
      "To": {
        "Map": 255,
        "X": 67,
        "Y": 106
      }
    },
    {
      "Type": 1,
      "Index": 2,
      "From": null,
      "To": {
        "Map": 255,
        "X": 49,
        "Y": 157
      }
    },
    {
      "Type": 1,
      "Index": 3,
      "From": null,
      "To": {
        "Map": 255,
        "X": 77,
        "Y": 162
      }
    },
    {
      "Type": 1,
      "Index": 4,
      "From": null,
      "To": {
        "Map": 255,
        "X": 71,
        "Y": 196
      }
    },
    {
      "Type": 1,
      "Index": 5,
      "From": null,
      "To": {
        "Map": 255,
        "X": 84,
        "Y": 159
      }
    },
    {
      "Type": 1,
      "Index": 6,
      "From": null,
      "To": {
        "Map": 255,
        "X": 59,
        "Y": 121
      }
    },
    {
      "Type": 1,
      "Index": 7,
      "From": null,
      "To": {
        "Map": 255,
        "X": 157,
        "Y": 146
      }
    },
    {
      "Type": 1,
      "Index": 8,
      "From": null,
      "To": {
        "Map": 255,
        "X": 227,
        "Y": 141
      }
    }
  ],
  "DomainFixups": [],
  "DomainUpdates": [
    {
      "From": 0,
      "To": 0
    },
    {
      "From": 42,
      "To": 1
    },
    {
      "From": 42,
      "To": 2
    },
    {
      "From": 0,
      "To": 3
    },
    {
      "From": 0,
      "To": 4
    },
    {
      "From": 0,
      "To": 5
    },
    {
      "From": 0,
      "To": 6
    },
    {
      "From": 0,
      "To": 7
    },
    {
      "From": 40,
      "To": 8
    },
    {
      "From": 42,
      "To": 9
    },
    {
      "From": 42,
      "To": 10
    },
    {
      "From": 43,
      "To": 11
    },
    {
      "From": 0,
      "To": 12
    },
    {
      "From": 54,
      "To": 13
    },
    {
      "From": 54,
      "To": 14
    },
    {
      "From": 0,
      "To": 15
    },
    {
      "From": 40,
      "To": 16
    },
    {
      "From": 1,
      "To": 17
    },
    {
      "From": 1,
      "To": 18
    },
    {
      "From": 1,
      "To": 19
    },
    {
      "From": 0,
      "To": 20
    },
    {
      "From": 54,
      "To": 21
    },
    {
      "From": 54,
      "To": 22
    },
    {
      "From": 0,
      "To": 23
    },
    {
      "From": 40,
      "To": 24
    },
    {
      "From": 40,
      "To": 25
    },
    {
      "From": 54,
      "To": 26
    },
    {
      "From": 42,
      "To": 27
    },
    {
      "From": 11,
      "To": 28
    },
    {
      "From": 0,
      "To": 29
    },
    {
      "From": 0,
      "To": 30
    },
    {
      "From": 0,
      "To": 31
    },
    {
      "From": 59,
      "To": 32
    },
    {
      "From": 59,
      "To": 33
    },
    {
      "From": 42,
      "To": 34
    },
    {
      "From": 42,
      "To": 35
    },
    {
      "From": 9,
      "To": 36
    },
    {
      "From": 9,
      "To": 37
    },
    {
      "From": 14,
      "To": 38
    },
    {
      "From": 14,
      "To": 39
    },
    {
      "From": 28,
      "To": 40
    },
    {
      "From": 35,
      "To": 41
    },
    {
      "From": 52,
      "To": 42
    },
    {
      "From": 42,
      "To": 43
    },
    {
      "From": 0,
      "To": 44
    },
    {
      "From": 0,
      "To": 45
    },
    {
      "From": 10,
      "To": 46
    },
    {
      "From": 10,
      "To": 47
    },
    {
      "From": 28,
      "To": 48
    },
    {
      "From": 28,
      "To": 49
    },
    {
      "From": 36,
      "To": 50
    },
    {
      "From": 0,
      "To": 51
    },
    {
      "From": 11,
      "To": 52
    },
    {
      "From": 0,
      "To": 53
    },
    {
      "From": 0,
      "To": 54
    },
    {
      "From": 10,
      "To": 55
    },
    {
      "From": 0,
      "To": 56
    },
    {
      "From": 0,
      "To": 57
    },
    {
      "From": 0,
      "To": 58
    },
    {
      "From": 0,
      "To": 59
    },
    {
      "From": 11,
      "To": 60
    },
    {
      "From": 0,
      "To": 61
    },
    {
      "From": 0,
      "To": 62
    },
    {
      "From": 0,
      "To": 63
    }
  ],
  "OverworldCoordinates": {
    "Coneria": {
      "X": 70,
      "Y": 197
    },
    "ConeriaCastle1": {
      "X": 71,
      "Y": 196
    },
    "TempleOfFiends1": {
      "X": 39,
      "Y": 197
    },
    "Pravoka": {
      "X": 22,
      "Y": 186
    },
    "Gaia": {
      "X": 47,
      "Y": 15
    },
    "CastleOrdeals1": {
      "X": 77,
      "Y": 162
    },
    "TitansTunnelWest": {
      "X": 67,
      "Y": 106
    },
    "SardasCave": {
      "X": 65,
      "Y": 106
    },
    "EarthCave1": {
      "X": 84,
      "Y": 159
    },
    "MirageTower1": {
      "X": 227,
      "Y": 141
    },
    "Onrac": {
      "X": 157,
      "Y": 146
    },
    "TitansTunnelEast": {
      "X": 38,
      "Y": 106
    },
    "MatoyasCave": {
      "X": 41,
      "Y": 106
    },
    "DwarfCave": {
      "X": 66,
      "Y": 180
    },
    "Elfland": {
      "X": 88,
      "Y": 188
    },
    "ElflandCastle": {
      "X": 89,
      "Y": 187
    },
    "MarshCave1": {
      "X": 30,
      "Y": 146
    },
    "NorthwestCastle": {
      "X": 99,
      "Y": 49
    },
    "Melmond": {
      "X": 70,
      "Y": 55
    },
    "CrescentLake": {
      "X": 192,
      "Y": 68
    },
    "Lefein": {
      "X": 66,
      "Y": 72
    },
    "BahamutCave1": {
      "X": 163,
      "Y": 85
    },
    "Cardia1": {
      "X": 237,
      "Y": 188
    },
    "Cardia2": {
      "X": 15,
      "Y": 38
    },
    "Cardia4": {
      "X": 216,
      "Y": 173
    },
    "Cardia5": {
      "X": 142,
      "Y": 222
    },
    "Cardia6": {
      "X": 148,
      "Y": 112
    },
    "Waterfall": {
      "X": 64,
      "Y": 89
    },
    "IceCave1": {
      "X": 49,
      "Y": 157
    },
    "GurguVolcano1": {
      "X": 59,
      "Y": 121
    }
  }
}