﻿{
  "StartingLocation": {
    "X": 104,
    "Y": 128
  },
  "AirShipLocation": {
    "X": 231,
    "Y": 75
  },
  "BridgeLocation": {
    "X": 127,
    "Y": 162
  },
  "CanalLocation": {
    "X": 163,
    "Y": 43
  },
  "ShipLocations": [
    {
      "TeleporterIndex": 255,
      "X": 126,
      "Y": 169
    }
  ],
  "TeleporterFixups": [
    {
      "Type": 1,
      "Index": 0,
      "From": null,
      "To": {
        "Map": 255,
        "X": 218,
        "Y": 68
      }
    },
    {
      "Type": 1,
      "Index": 1,
      "From": null,
      "To": {
        "Map": 255,
        "X": 90,
        "Y": 74
      }
    },
    {
      "Type": 1,
      "Index": 2,
      "From": null,
      "To": {
        "Map": 255,
        "X": 107,
        "Y": 146
      }
    },
    {
      "Type": 1,
      "Index": 3,
      "From": null,
      "To": {
        "Map": 255,
        "X": 202,
        "Y": 227
      }
    },
    {
      "Type": 1,
      "Index": 4,
      "From": null,
      "To": {
        "Map": 255,
        "X": 104,
        "Y": 126
      }
    },
    {
      "Type": 1,
      "Index": 5,
      "From": null,
      "To": {
        "Map": 255,
        "X": 188,
        "Y": 45
      }
    },
    {
      "Type": 1,
      "Index": 6,
      "From": null,
      "To": {
        "Map": 255,
        "X": 58,
        "Y": 203
      }
    },
    {
      "Type": 1,
      "Index": 7,
      "From": null,
      "To": {
        "Map": 255,
        "X": 138,
        "Y": 220
      }
    },
    {
      "Type": 1,
      "Index": 8,
      "From": null,
      "To": {
        "Map": 255,
        "X": 106,
        "Y": 180
      }
    }
  ],
  "DomainFixups": [],
  "DomainUpdates": [
    {
      "From": 0,
      "To": 0
    },
    {
      "From": 0,
      "To": 1
    },
    {
      "From": 0,
      "To": 2
    },
    {
      "From": 0,
      "To": 3
    },
    {
      "From": 0,
      "To": 4
    },
    {
      "From": 42,
      "To": 5
    },
    {
      "From": 42,
      "To": 6
    },
    {
      "From": 0,
      "To": 7
    },
    {
      "From": 0,
      "To": 8
    },
    {
      "From": 0,
      "To": 9
    },
    {
      "From": 40,
      "To": 10
    },
    {
      "From": 40,
      "To": 11
    },
    {
      "From": 42,
      "To": 12
    },
    {
      "From": 42,
      "To": 13
    },
    {
      "From": 42,
      "To": 14
    },
    {
      "From": 40,
      "To": 15
    },
    {
      "From": 0,
      "To": 16
    },
    {
      "From": 0,
      "To": 17
    },
    {
      "From": 40,
      "To": 18
    },
    {
      "From": 40,
      "To": 19
    },
    {
      "From": 40,
      "To": 20
    },
    {
      "From": 42,
      "To": 21
    },
    {
      "From": 40,
      "To": 22
    },
    {
      "From": 59,
      "To": 23
    },
    {
      "From": 0,
      "To": 24
    },
    {
      "From": 0,
      "To": 25
    },
    {
      "From": 36,
      "To": 26
    },
    {
      "From": 36,
      "To": 27
    },
    {
      "From": 0,
      "To": 28
    },
    {
      "From": 0,
      "To": 29
    },
    {
      "From": 59,
      "To": 30
    },
    {
      "From": 59,
      "To": 31
    },
    {
      "From": 0,
      "To": 32
    },
    {
      "From": 35,
      "To": 33
    },
    {
      "From": 52,
      "To": 34
    },
    {
      "From": 36,
      "To": 35
    },
    {
      "From": 11,
      "To": 36
    },
    {
      "From": 0,
      "To": 37
    },
    {
      "From": 0,
      "To": 38
    },
    {
      "From": 0,
      "To": 39
    },
    {
      "From": 0,
      "To": 40
    },
    {
      "From": 54,
      "To": 41
    },
    {
      "From": 14,
      "To": 42
    },
    {
      "From": 14,
      "To": 43
    },
    {
      "From": 28,
      "To": 44
    },
    {
      "From": 28,
      "To": 45
    },
    {
      "From": 28,
      "To": 46
    },
    {
      "From": 0,
      "To": 47
    },
    {
      "From": 11,
      "To": 48
    },
    {
      "From": 54,
      "To": 49
    },
    {
      "From": 29,
      "To": 50
    },
    {
      "From": 54,
      "To": 51
    },
    {
      "From": 43,
      "To": 52
    },
    {
      "From": 43,
      "To": 53
    },
    {
      "From": 12,
      "To": 54
    },
    {
      "From": 12,
      "To": 55
    },
    {
      "From": 11,
      "To": 56
    },
    {
      "From": 29,
      "To": 57
    },
    {
      "From": 11,
      "To": 58
    },
    {
      "From": 10,
      "To": 59
    },
    {
      "From": 9,
      "To": 60
    },
    {
      "From": 43,
      "To": 61
    },
    {
      "From": 12,
      "To": 62
    },
    {
      "From": 0,
      "To": 63
    }
  ],
  "OverworldCoordinates": {
    "Coneria": {
      "X": 103,
      "Y": 127
    },
    "ConeriaCastle1": {
      "X": 104,
      "Y": 126
    },
    "TempleOfFiends1": {
      "X": 170,
      "Y": 173
    },
    "Pravoka": {
      "X": 127,
      "Y": 165
    },
    "Gaia": {
      "X": 71,
      "Y": 126
    },
    "CastleOrdeals1": {
      "X": 202,
      "Y": 227
    },
    "TitansTunnelWest": {
      "X": 90,
      "Y": 74
    },
    "SardasCave": {
      "X": 83,
      "Y": 79
    },
    "EarthCave1": {
      "X": 188,
      "Y": 45
    },
    "MirageTower1": {
      "X": 106,
      "Y": 180
    },
    "Onrac": {
      "X": 138,
      "Y": 220
    },
    "TitansTunnelEast": {
      "X": 218,
      "Y": 68
    },
    "MatoyasCave": {
      "X": 66,
      "Y": 219
    },
    "DwarfCave": {
      "X": 67,
      "Y": 146
    },
    "Elfland": {
      "X": 87,
      "Y": 146
    },
    "ElflandCastle": {
      "X": 88,
      "Y": 145
    },
    "MarshCave1": {
      "X": 239,
      "Y": 88
    },
    "NorthwestCastle": {
      "X": 168,
      "Y": 204
    },
    "Melmond": {
      "X": 117,
      "Y": 216
    },
    "CrescentLake": {
      "X": 115,
      "Y": 199
    },
    "Lefein": {
      "X": 145,
      "Y": 52
    },
    "BahamutCave1": {
      "X": 90,
      "Y": 231
    },
    "Cardia1": {
      "X": 167,
      "Y": 21
    },
    "Cardia2": {
      "X": 110,
      "Y": 235
    },
    "Cardia4": {
      "X": 112,
      "Y": 52
    },
    "Cardia5": {
      "X": 140,
      "Y": 146
    },
    "Cardia6": {
      "X": 26,
      "Y": 219
    },
    "Waterfall": {
      "X": 201,
      "Y": 56
    },
    "IceCave1": {
      "X": 107,
      "Y": 146
    },
    "GurguVolcano1": {
      "X": 58,
      "Y": 203
    }
  }
}