﻿{
  "StartingLocation": {
    "X": 204,
    "Y": 123
  },
  "AirShipLocation": {
    "X": 21,
    "Y": 87
  },
  "BridgeLocation": {
    "X": 194,
    "Y": 130
  },
  "CanalLocation": {
    "X": 107,
    "Y": 162
  },
  "ShipLocations": [
    {
      "TeleporterIndex": 1,
      "X": 193,
      "Y": 137
    },
    {
      "TeleporterIndex": 9,
      "X": 193,
      "Y": 137
    },
    {
      "TeleporterIndex": 255,
      "X": 193,
      "Y": 137
    },
    {
      "TeleporterIndex": 13,
      "X": 199,
      "Y": 76
    },
    {
      "TeleporterIndex": 2,
      "X": 193,
      "Y": 137
    },
    {
      "TeleporterIndex": 3,
      "X": 199,
      "Y": 76
    },
    {
      "TeleporterIndex": 10,
      "X": 199,
      "Y": 76
    },
    {
      "TeleporterIndex": 23,
      "X": 26,
      "Y": 133
    },
    {
      "TeleporterIndex": 11,
      "X": 65,
      "Y": 104
    },
    {
      "TeleporterIndex": 4,
      "X": 199,
      "Y": 76
    },
    {
      "TeleporterIndex": 5,
      "X": 65,
      "Y": 104
    }
  ],
  "TeleporterFixups": [
    {
      "Type": 1,
      "Index": 0,
      "From": null,
      "To": {
        "Map": 255,
        "X": 163,
        "Y": 132
      }
    },
    {
      "Type": 1,
      "Index": 1,
      "From": null,
      "To": {
        "Map": 255,
        "X": 41,
        "Y": 145
      }
    },
    {
      "Type": 1,
      "Index": 2,
      "From": null,
      "To": {
        "Map": 255,
        "X": 63,
        "Y": 145
      }
    },
    {
      "Type": 1,
      "Index": 3,
      "From": null,
      "To": {
        "Map": 255,
        "X": 160,
        "Y": 112
      }
    },
    {
      "Type": 1,
      "Index": 4,
      "From": null,
      "To": {
        "Map": 255,
        "X": 204,
        "Y": 121
      }
    },
    {
      "Type": 1,
      "Index": 5,
      "From": null,
      "To": {
        "Map": 255,
        "X": 123,
        "Y": 206
      }
    },
    {
      "Type": 1,
      "Index": 6,
      "From": null,
      "To": {
        "Map": 255,
        "X": 182,
        "Y": 101
      }
    },
    {
      "Type": 1,
      "Index": 7,
      "From": null,
      "To": {
        "Map": 255,
        "X": 17,
        "Y": 192
      }
    },
    {
      "Type": 1,
      "Index": 8,
      "From": null,
      "To": {
        "Map": 255,
        "X": 63,
        "Y": 192
      }
    }
  ],
  "DomainFixups": [],
  "DomainUpdates": [
    {
      "From": 0,
      "To": 0
    },
    {
      "From": 0,
      "To": 1
    },
    {
      "From": 0,
      "To": 2
    },
    {
      "From": 0,
      "To": 3
    },
    {
      "From": 0,
      "To": 4
    },
    {
      "From": 6,
      "To": 5
    },
    {
      "From": 6,
      "To": 6
    },
    {
      "From": 6,
      "To": 7
    },
    {
      "From": 0,
      "To": 8
    },
    {
      "From": 0,
      "To": 9
    },
    {
      "From": 0,
      "To": 10
    },
    {
      "From": 0,
      "To": 11
    },
    {
      "From": 0,
      "To": 12
    },
    {
      "From": 6,
      "To": 13
    },
    {
      "From": 6,
      "To": 14
    },
    {
      "From": 11,
      "To": 15
    },
    {
      "From": 43,
      "To": 16
    },
    {
      "From": 43,
      "To": 17
    },
    {
      "From": 0,
      "To": 18
    },
    {
      "From": 0,
      "To": 19
    },
    {
      "From": 0,
      "To": 20
    },
    {
      "From": 42,
      "To": 21
    },
    {
      "From": 52,
      "To": 22
    },
    {
      "From": 52,
      "To": 23
    },
    {
      "From": 59,
      "To": 24
    },
    {
      "From": 59,
      "To": 25
    },
    {
      "From": 54,
      "To": 26
    },
    {
      "From": 35,
      "To": 27
    },
    {
      "From": 12,
      "To": 28
    },
    {
      "From": 12,
      "To": 29
    },
    {
      "From": 36,
      "To": 30
    },
    {
      "From": 52,
      "To": 31
    },
    {
      "From": 1,
      "To": 32
    },
    {
      "From": 1,
      "To": 33
    },
    {
      "From": 35,
      "To": 34
    },
    {
      "From": 11,
      "To": 35
    },
    {
      "From": 40,
      "To": 36
    },
    {
      "From": 40,
      "To": 37
    },
    {
      "From": 36,
      "To": 38
    },
    {
      "From": 0,
      "To": 39
    },
    {
      "From": 14,
      "To": 40
    },
    {
      "From": 14,
      "To": 41
    },
    {
      "From": 35,
      "To": 42
    },
    {
      "From": 10,
      "To": 43
    },
    {
      "From": 42,
      "To": 44
    },
    {
      "From": 0,
      "To": 45
    },
    {
      "From": 0,
      "To": 46
    },
    {
      "From": 0,
      "To": 47
    },
    {
      "From": 10,
      "To": 48
    },
    {
      "From": 10,
      "To": 49
    },
    {
      "From": 10,
      "To": 50
    },
    {
      "From": 10,
      "To": 51
    },
    {
      "From": 42,
      "To": 52
    },
    {
      "From": 0,
      "To": 53
    },
    {
      "From": 0,
      "To": 54
    },
    {
      "From": 0,
      "To": 55
    },
    {
      "From": 11,
      "To": 56
    },
    {
      "From": 11,
      "To": 57
    },
    {
      "From": 10,
      "To": 58
    },
    {
      "From": 42,
      "To": 59
    },
    {
      "From": 42,
      "To": 60
    },
    {
      "From": 0,
      "To": 61
    },
    {
      "From": 0,
      "To": 62
    },
    {
      "From": 0,
      "To": 63
    }
  ],
  "OverworldCoordinates": {
    "Coneria": {
      "X": 203,
      "Y": 122
    },
    "ConeriaCastle1": {
      "X": 204,
      "Y": 121
    },
    "TempleOfFiends1": {
      "X": 167,
      "Y": 95
    },
    "Pravoka": {
      "X": 194,
      "Y": 133
    },
    "Gaia": {
      "X": 223,
      "Y": 31
    },
    "CastleOrdeals1": {
      "X": 160,
      "Y": 112
    },
    "TitansTunnelWest": {
      "X": 41,
      "Y": 145
    },
    "SardasCave": {
      "X": 39,
      "Y": 145
    },
    "EarthCave1": {
      "X": 123,
      "Y": 206
    },
    "MirageTower1": {
      "X": 63,
      "Y": 192
    },
    "Onrac": {
      "X": 17,
      "Y": 192
    },
    "TitansTunnelEast": {
      "X": 163,
      "Y": 132
    },
    "MatoyasCave": {
      "X": 204,
      "Y": 94
    },
    "DwarfCave": {
      "X": 80,
      "Y": 149
    },
    "Elfland": {
      "X": 218,
      "Y": 75
    },
    "ElflandCastle": {
      "X": 219,
      "Y": 74
    },
    "MarshCave1": {
      "X": 33,
      "Y": 113
    },
    "NorthwestCastle": {
      "X": 38,
      "Y": 88
    },
    "Melmond": {
      "X": 183,
      "Y": 87
    },
    "CrescentLake": {
      "X": 63,
      "Y": 119
    },
    "Lefein": {
      "X": 41,
      "Y": 181
    },
    "BahamutCave1": {
      "X": 129,
      "Y": 160
    },
    "Cardia1": {
      "X": 79,
      "Y": 196
    },
    "Cardia2": {
      "X": 52,
      "Y": 208
    },
    "Cardia4": {
      "X": 107,
      "Y": 197
    },
    "Cardia5": {
      "X": 29,
      "Y": 225
    },
    "Cardia6": {
      "X": 239,
      "Y": 34
    },
    "Waterfall": {
      "X": 44,
      "Y": 149
    },
    "IceCave1": {
      "X": 63,
      "Y": 145
    },
    "GurguVolcano1": {
      "X": 182,
      "Y": 101
    }
  }
}