﻿{
  "StartingLocation": {
    "X": 197,
    "Y": 123
  },
  "AirShipLocation": {
    "X": 111,
    "Y": 78
  },
  "BridgeLocation": {
    "X": 164,
    "Y": 144
  },
  "CanalLocation": {
    "X": 104,
    "Y": 18
  },
  "ShipLocations": [
    {
      "TeleporterIndex": 255,
      "X": 163,
      "Y": 151
    }
  ],
  "TeleporterFixups": [
    {
      "Type": 1,
      "Index": 0,
      "From": null,
      "To": {
        "Map": 255,
        "X": 228,
        "Y": 120
      }
    },
    {
      "Type": 1,
      "Index": 1,
      "From": null,
      "To": {
        "Map": 255,
        "X": 223,
        "Y": 142
      }
    },
    {
      "Type": 1,
      "Index": 2,
      "From": null,
      "To": {
        "Map": 255,
        "X": 169,
        "Y": 60
      }
    },
    {
      "Type": 1,
      "Index": 3,
      "From": null,
      "To": {
        "Map": 255,
        "X": 109,
        "Y": 52
      }
    },
    {
      "Type": 1,
      "Index": 4,
      "From": null,
      "To": {
        "Map": 255,
        "X": 197,
        "Y": 121
      }
    },
    {
      "Type": 1,
      "Index": 5,
      "From": null,
      "To": {
        "Map": 255,
        "X": 101,
        "Y": 32
      }
    },
    {
      "Type": 1,
      "Index": 6,
      "From": null,
      "To": {
        "Map": 255,
        "X": 171,
        "Y": 41
      }
    },
    {
      "Type": 1,
      "Index": 7,
      "From": null,
      "To": {
        "Map": 255,
        "X": 240,
        "Y": 122
      }
    },
    {
      "Type": 1,
      "Index": 8,
      "From": null,
      "To": {
        "Map": 255,
        "X": 227,
        "Y": 104
      }
    }
  ],
  "DomainFixups": [],
  "DomainUpdates": [
    {
      "From": 11,
      "To": 0
    },
    {
      "From": 11,
      "To": 1
    },
    {
      "From": 42,
      "To": 2
    },
    {
      "From": 42,
      "To": 3
    },
    {
      "From": 1,
      "To": 4
    },
    {
      "From": 11,
      "To": 5
    },
    {
      "From": 11,
      "To": 6
    },
    {
      "From": 0,
      "To": 7
    },
    {
      "From": 11,
      "To": 8
    },
    {
      "From": 43,
      "To": 9
    },
    {
      "From": 59,
      "To": 10
    },
    {
      "From": 12,
      "To": 11
    },
    {
      "From": 54,
      "To": 12
    },
    {
      "From": 54,
      "To": 13
    },
    {
      "From": 29,
      "To": 14
    },
    {
      "From": 35,
      "To": 15
    },
    {
      "From": 43,
      "To": 16
    },
    {
      "From": 43,
      "To": 17
    },
    {
      "From": 59,
      "To": 18
    },
    {
      "From": 10,
      "To": 19
    },
    {
      "From": 10,
      "To": 20
    },
    {
      "From": 11,
      "To": 21
    },
    {
      "From": 54,
      "To": 22
    },
    {
      "From": 35,
      "To": 23
    },
    {
      "From": 0,
      "To": 24
    },
    {
      "From": 0,
      "To": 25
    },
    {
      "From": 59,
      "To": 26
    },
    {
      "From": 59,
      "To": 27
    },
    {
      "From": 0,
      "To": 28
    },
    {
      "From": 11,
      "To": 29
    },
    {
      "From": 36,
      "To": 30
    },
    {
      "From": 9,
      "To": 31
    },
    {
      "From": 0,
      "To": 32
    },
    {
      "From": 0,
      "To": 33
    },
    {
      "From": 0,
      "To": 34
    },
    {
      "From": 0,
      "To": 35
    },
    {
      "From": 28,
      "To": 36
    },
    {
      "From": 28,
      "To": 37
    },
    {
      "From": 28,
      "To": 38
    },
    {
      "From": 9,
      "To": 39
    },
    {
      "From": 0,
      "To": 40
    },
    {
      "From": 0,
      "To": 41
    },
    {
      "From": 0,
      "To": 42
    },
    {
      "From": 0,
      "To": 43
    },
    {
      "From": 0,
      "To": 44
    },
    {
      "From": 28,
      "To": 45
    },
    {
      "From": 28,
      "To": 46
    },
    {
      "From": 40,
      "To": 47
    },
    {
      "From": 6,
      "To": 48
    },
    {
      "From": 6,
      "To": 49
    },
    {
      "From": 0,
      "To": 50
    },
    {
      "From": 10,
      "To": 51
    },
    {
      "From": 10,
      "To": 52
    },
    {
      "From": 0,
      "To": 53
    },
    {
      "From": 0,
      "To": 54
    },
    {
      "From": 0,
      "To": 55
    },
    {
      "From": 6,
      "To": 56
    },
    {
      "From": 0,
      "To": 57
    },
    {
      "From": 0,
      "To": 58
    },
    {
      "From": 0,
      "To": 59
    },
    {
      "From": 0,
      "To": 60
    },
    {
      "From": 0,
      "To": 61
    },
    {
      "From": 0,
      "To": 62
    },
    {
      "From": 0,
      "To": 63
    }
  ],
  "OverworldCoordinates": {
    "Coneria": {
      "X": 196,
      "Y": 122
    },
    "ConeriaCastle1": {
      "X": 197,
      "Y": 121
    },
    "TempleOfFiends1": {
      "X": 196,
      "Y": 158
    },
    "Pravoka": {
      "X": 164,
      "Y": 147
    },
    "Gaia": {
      "X": 34,
      "Y": 214
    },
    "CastleOrdeals1": {
      "X": 109,
      "Y": 52
    },
    "TitansTunnelWest": {
      "X": 223,
      "Y": 142
    },
    "SardasCave": {
      "X": 221,
      "Y": 142
    },
    "EarthCave1": {
      "X": 101,
      "Y": 32
    },
    "MirageTower1": {
      "X": 227,
      "Y": 104
    },
    "Onrac": {
      "X": 240,
      "Y": 122
    },
    "TitansTunnelEast": {
      "X": 228,
      "Y": 120
    },
    "MatoyasCave": {
      "X": 190,
      "Y": 38
    },
    "DwarfCave": {
      "X": 218,
      "Y": 83
    },
    "Elfland": {
      "X": 70,
      "Y": 72
    },
    "ElflandCastle": {
      "X": 71,
      "Y": 71
    },
    "MarshCave1": {
      "X": 88,
      "Y": 67
    },
    "NorthwestCastle": {
      "X": 33,
      "Y": 67
    },
    "Melmond": {
      "X": 192,
      "Y": 57
    },
    "CrescentLake": {
      "X": 198,
      "Y": 87
    },
    "Lefein": {
      "X": 123,
      "Y": 20
    },
    "BahamutCave1": {
      "X": 28,
      "Y": 37
    },
    "Cardia1": {
      "X": 132,
      "Y": 216
    },
    "Cardia2": {
      "X": 16,
      "Y": 203
    },
    "Cardia4": {
      "X": 140,
      "Y": 64
    },
    "Cardia5": {
      "X": 199,
      "Y": 14
    },
    "Cardia6": {
      "X": 178,
      "Y": 83
    },
    "Waterfall": {
      "X": 119,
      "Y": 52
    },
    "IceCave1": {
      "X": 169,
      "Y": 60
    },
    "GurguVolcano1": {
      "X": 171,
      "Y": 41
    }
  }
}