﻿{
  "StartingLocation": {
    "X": 109,
    "Y": 183
  },
  "AirShipLocation": {
    "X": 44,
    "Y": 135
  },
  "BridgeLocation": {
    "X": 234,
    "Y": 93
  },
  "CanalLocation": {
    "X": 190,
    "Y": 33
  },
  "ShipLocations": [
    {
      "TeleporterIndex": 255,
      "X": 233,
      "Y": 100
    }
  ],
  "TeleporterFixups": [
    {
      "Type": 1,
      "Index": 0,
      "From": null,
      "To": {
        "Map": 255,
        "X": 178,
        "Y": 136
      }
    },
    {
      "Type": 1,
      "Index": 1,
      "From": null,
      "To": {
        "Map": 255,
        "X": 169,
        "Y": 218
      }
    },
    {
      "Type": 1,
      "Index": 2,
      "From": null,
      "To": {
        "Map": 255,
        "X": 73,
        "Y": 108
      }
    },
    {
      "Type": 1,
      "Index": 3,
      "From": null,
      "To": {
        "Map": 255,
        "X": 75,
        "Y": 75
      }
    },
    {
      "Type": 1,
      "Index": 4,
      "From": null,
      "To": {
        "Map": 255,
        "X": 109,
        "Y": 181
      }
    },
    {
      "Type": 1,
      "Index": 5,
      "From": null,
      "To": {
        "Map": 255,
        "X": 180,
        "Y": 34
      }
    },
    {
      "Type": 1,
      "Index": 6,
      "From": null,
      "To": {
        "Map": 255,
        "X": 51,
        "Y": 71
      }
    },
    {
      "Type": 1,
      "Index": 7,
      "From": null,
      "To": {
        "Map": 255,
        "X": 230,
        "Y": 196
      }
    },
    {
      "Type": 1,
      "Index": 8,
      "From": null,
      "To": {
        "Map": 255,
        "X": 207,
        "Y": 107
      }
    }
  ],
  "DomainFixups": [],
  "DomainUpdates": [
    {
      "From": 11,
      "To": 0
    },
    {
      "From": 54,
      "To": 1
    },
    {
      "From": 54,
      "To": 2
    },
    {
      "From": 54,
      "To": 3
    },
    {
      "From": 42,
      "To": 4
    },
    {
      "From": 42,
      "To": 5
    },
    {
      "From": 0,
      "To": 6
    },
    {
      "From": 0,
      "To": 7
    },
    {
      "From": 35,
      "To": 8
    },
    {
      "From": 54,
      "To": 9
    },
    {
      "From": 54,
      "To": 10
    },
    {
      "From": 54,
      "To": 11
    },
    {
      "From": 42,
      "To": 12
    },
    {
      "From": 42,
      "To": 13
    },
    {
      "From": 42,
      "To": 14
    },
    {
      "From": 0,
      "To": 15
    },
    {
      "From": 35,
      "To": 16
    },
    {
      "From": 54,
      "To": 17
    },
    {
      "From": 12,
      "To": 18
    },
    {
      "From": 0,
      "To": 19
    },
    {
      "From": 0,
      "To": 20
    },
    {
      "From": 0,
      "To": 21
    },
    {
      "From": 14,
      "To": 22
    },
    {
      "From": 14,
      "To": 23
    },
    {
      "From": 1,
      "To": 24
    },
    {
      "From": 1,
      "To": 25
    },
    {
      "From": 54,
      "To": 26
    },
    {
      "From": 0,
      "To": 27
    },
    {
      "From": 10,
      "To": 28
    },
    {
      "From": 40,
      "To": 29
    },
    {
      "From": 14,
      "To": 30
    },
    {
      "From": 14,
      "To": 31
    },
    {
      "From": 0,
      "To": 32
    },
    {
      "From": 59,
      "To": 33
    },
    {
      "From": 59,
      "To": 34
    },
    {
      "From": 10,
      "To": 35
    },
    {
      "From": 28,
      "To": 36
    },
    {
      "From": 40,
      "To": 37
    },
    {
      "From": 29,
      "To": 38
    },
    {
      "From": 42,
      "To": 39
    },
    {
      "From": 0,
      "To": 40
    },
    {
      "From": 0,
      "To": 41
    },
    {
      "From": 0,
      "To": 42
    },
    {
      "From": 43,
      "To": 43
    },
    {
      "From": 28,
      "To": 44
    },
    {
      "From": 28,
      "To": 45
    },
    {
      "From": 42,
      "To": 46
    },
    {
      "From": 9,
      "To": 47
    },
    {
      "From": 0,
      "To": 48
    },
    {
      "From": 11,
      "To": 49
    },
    {
      "From": 0,
      "To": 50
    },
    {
      "From": 36,
      "To": 51
    },
    {
      "From": 52,
      "To": 52
    },
    {
      "From": 40,
      "To": 53
    },
    {
      "From": 40,
      "To": 54
    },
    {
      "From": 9,
      "To": 55
    },
    {
      "From": 11,
      "To": 56
    },
    {
      "From": 11,
      "To": 57
    },
    {
      "From": 0,
      "To": 58
    },
    {
      "From": 10,
      "To": 59
    },
    {
      "From": 40,
      "To": 60
    },
    {
      "From": 40,
      "To": 61
    },
    {
      "From": 11,
      "To": 62
    },
    {
      "From": 0,
      "To": 63
    }
  ],
  "OverworldCoordinates": {
    "Coneria": {
      "X": 108,
      "Y": 182
    },
    "ConeriaCastle1": {
      "X": 109,
      "Y": 181
    },
    "TempleOfFiends1": {
      "X": 139,
      "Y": 168
    },
    "Pravoka": {
      "X": 234,
      "Y": 96
    },
    "Gaia": {
      "X": 238,
      "Y": 118
    },
    "CastleOrdeals1": {
      "X": 75,
      "Y": 75
    },
    "TitansTunnelWest": {
      "X": 169,
      "Y": 218
    },
    "SardasCave": {
      "X": 165,
      "Y": 218
    },
    "EarthCave1": {
      "X": 180,
      "Y": 34
    },
    "MirageTower1": {
      "X": 207,
      "Y": 107
    },
    "Onrac": {
      "X": 230,
      "Y": 196
    },
    "TitansTunnelEast": {
      "X": 178,
      "Y": 136
    },
    "MatoyasCave": {
      "X": 196,
      "Y": 131
    },
    "DwarfCave": {
      "X": 23,
      "Y": 98
    },
    "Elfland": {
      "X": 131,
      "Y": 196
    },
    "ElflandCastle": {
      "X": 132,
      "Y": 195
    },
    "MarshCave1": {
      "X": 78,
      "Y": 129
    },
    "NorthwestCastle": {
      "X": 122,
      "Y": 177
    },
    "Melmond": {
      "X": 217,
      "Y": 181
    },
    "CrescentLake": {
      "X": 86,
      "Y": 35
    },
    "Lefein": {
      "X": 37,
      "Y": 48
    },
    "BahamutCave1": {
      "X": 44,
      "Y": 231
    },
    "Cardia1": {
      "X": 141,
      "Y": 119
    },
    "Cardia2": {
      "X": 120,
      "Y": 147
    },
    "Cardia4": {
      "X": 105,
      "Y": 225
    },
    "Cardia5": {
      "X": 201,
      "Y": 235
    },
    "Cardia6": {
      "X": 12,
      "Y": 12
    },
    "Waterfall": {
      "X": 25,
      "Y": 101
    },
    "IceCave1": {
      "X": 73,
      "Y": 108
    },
    "GurguVolcano1": {
      "X": 51,
      "Y": 71
    }
  }
}