﻿{
  "StartingLocation": {
    "X": 218,
    "Y": 161
  },
  "AirShipLocation": {
    "X": 92,
    "Y": 212
  },
  "BridgeLocation": {
    "X": 172,
    "Y": 225
  },
  "CanalLocation": {
    "X": 105,
    "Y": 241
  },
  "ShipLocations": [
    {
      "TeleporterIndex": 255,
      "X": 171,
      "Y": 232
    }
  ],
  "TeleporterFixups": [
    {
      "Type": 1,
      "Index": 0,
      "From": null,
      "To": {
        "Map": 255,
        "X": 33,
        "Y": 73
      }
    },
    {
      "Type": 1,
      "Index": 1,
      "From": null,
      "To": {
        "Map": 255,
        "X": 21,
        "Y": 227
      }
    },
    {
      "Type": 1,
      "Index": 2,
      "From": null,
      "To": {
        "Map": 255,
        "X": 134,
        "Y": 189
      }
    },
    {
      "Type": 1,
      "Index": 3,
      "From": null,
      "To": {
        "Map": 255,
        "X": 161,
        "Y": 195
      }
    },
    {
      "Type": 1,
      "Index": 4,
      "From": null,
      "To": {
        "Map": 255,
        "X": 218,
        "Y": 159
      }
    },
    {
      "Type": 1,
      "Index": 5,
      "From": null,
      "To": {
        "Map": 255,
        "X": 124,
        "Y": 219
      }
    },
    {
      "Type": 1,
      "Index": 6,
      "From": null,
      "To": {
        "Map": 255,
        "X": 187,
        "Y": 205
      }
    },
    {
      "Type": 1,
      "Index": 7,
      "From": null,
      "To": {
        "Map": 255,
        "X": 244,
        "Y": 112
      }
    },
    {
      "Type": 1,
      "Index": 8,
      "From": null,
      "To": {
        "Map": 255,
        "X": 229,
        "Y": 208
      }
    }
  ],
  "DomainFixups": [],
  "DomainUpdates": [
    {
      "From": 0,
      "To": 0
    },
    {
      "From": 0,
      "To": 1
    },
    {
      "From": 11,
      "To": 2
    },
    {
      "From": 0,
      "To": 3
    },
    {
      "From": 0,
      "To": 4
    },
    {
      "From": 6,
      "To": 5
    },
    {
      "From": 6,
      "To": 6
    },
    {
      "From": 11,
      "To": 7
    },
    {
      "From": 40,
      "To": 8
    },
    {
      "From": 40,
      "To": 9
    },
    {
      "From": 0,
      "To": 10
    },
    {
      "From": 0,
      "To": 11
    },
    {
      "From": 0,
      "To": 12
    },
    {
      "From": 0,
      "To": 13
    },
    {
      "From": 0,
      "To": 14
    },
    {
      "From": 10,
      "To": 15
    },
    {
      "From": 54,
      "To": 16
    },
    {
      "From": 40,
      "To": 17
    },
    {
      "From": 0,
      "To": 18
    },
    {
      "From": 0,
      "To": 19
    },
    {
      "From": 0,
      "To": 20
    },
    {
      "From": 0,
      "To": 21
    },
    {
      "From": 31,
      "To": 22
    },
    {
      "From": 0,
      "To": 23
    },
    {
      "From": 54,
      "To": 24
    },
    {
      "From": 0,
      "To": 25
    },
    {
      "From": 0,
      "To": 26
    },
    {
      "From": 0,
      "To": 27
    },
    {
      "From": 35,
      "To": 28
    },
    {
      "From": 0,
      "To": 29
    },
    {
      "From": 0,
      "To": 30
    },
    {
      "From": 9,
      "To": 31
    },
    {
      "From": 10,
      "To": 32
    },
    {
      "From": 11,
      "To": 33
    },
    {
      "From": 1,
      "To": 34
    },
    {
      "From": 35,
      "To": 35
    },
    {
      "From": 35,
      "To": 36
    },
    {
      "From": 35,
      "To": 37
    },
    {
      "From": 36,
      "To": 38
    },
    {
      "From": 28,
      "To": 39
    },
    {
      "From": 52,
      "To": 40
    },
    {
      "From": 52,
      "To": 41
    },
    {
      "From": 1,
      "To": 42
    },
    {
      "From": 1,
      "To": 43
    },
    {
      "From": 35,
      "To": 44
    },
    {
      "From": 12,
      "To": 45
    },
    {
      "From": 36,
      "To": 46
    },
    {
      "From": 59,
      "To": 47
    },
    {
      "From": 40,
      "To": 48
    },
    {
      "From": 40,
      "To": 49
    },
    {
      "From": 29,
      "To": 50
    },
    {
      "From": 1,
      "To": 51
    },
    {
      "From": 12,
      "To": 52
    },
    {
      "From": 54,
      "To": 53
    },
    {
      "From": 43,
      "To": 54
    },
    {
      "From": 14,
      "To": 55
    },
    {
      "From": 40,
      "To": 56
    },
    {
      "From": 29,
      "To": 57
    },
    {
      "From": 29,
      "To": 58
    },
    {
      "From": 42,
      "To": 59
    },
    {
      "From": 42,
      "To": 60
    },
    {
      "From": 54,
      "To": 61
    },
    {
      "From": 43,
      "To": 62
    },
    {
      "From": 14,
      "To": 63
    }
  ],
  "OverworldCoordinates": {
    "Coneria": {
      "X": 217,
      "Y": 160
    },
    "ConeriaCastle1": {
      "X": 218,
      "Y": 159
    },
    "TempleOfFiends1": {
      "X": 230,
      "Y": 156
    },
    "Pravoka": {
      "X": 172,
      "Y": 228
    },
    "Gaia": {
      "X": 186,
      "Y": 18
    },
    "CastleOrdeals1": {
      "X": 161,
      "Y": 195
    },
    "TitansTunnelWest": {
      "X": 21,
      "Y": 227
    },
    "SardasCave": {
      "X": 22,
      "Y": 231
    },
    "EarthCave1": {
      "X": 124,
      "Y": 219
    },
    "MirageTower1": {
      "X": 229,
      "Y": 208
    },
    "Onrac": {
      "X": 244,
      "Y": 112
    },
    "TitansTunnelEast": {
      "X": 33,
      "Y": 73
    },
    "MatoyasCave": {
      "X": 83,
      "Y": 230
    },
    "DwarfCave": {
      "X": 153,
      "Y": 150
    },
    "Elfland": {
      "X": 14,
      "Y": 182
    },
    "ElflandCastle": {
      "X": 15,
      "Y": 181
    },
    "MarshCave1": {
      "X": 232,
      "Y": 170
    },
    "NorthwestCastle": {
      "X": 209,
      "Y": 203
    },
    "Melmond": {
      "X": 242,
      "Y": 182
    },
    "CrescentLake": {
      "X": 15,
      "Y": 75
    },
    "Lefein": {
      "X": 218,
      "Y": 91
    },
    "BahamutCave1": {
      "X": 229,
      "Y": 32
    },
    "Cardia1": {
      "X": 71,
      "Y": 195
    },
    "Cardia2": {
      "X": 240,
      "Y": 44
    },
    "Cardia4": {
      "X": 14,
      "Y": 153
    },
    "Cardia5": {
      "X": 86,
      "Y": 11
    },
    "Cardia6": {
      "X": 49,
      "Y": 155
    },
    "Waterfall": {
      "X": 120,
      "Y": 208
    },
    "IceCave1": {
      "X": 134,
      "Y": 189
    },
    "GurguVolcano1": {
      "X": 187,
      "Y": 205
    }
  }
}