﻿{
  "StartingLocation": {
    "X": 160,
    "Y": 115
  },
  "AirShipLocation": {
    "X": 81,
    "Y": 22
  },
  "BridgeLocation": {
    "X": 214,
    "Y": 151
  },
  "CanalLocation": {
    "X": 30,
    "Y": 105
  },
  "ShipLocations": [
    {
      "TeleporterIndex": 255,
      "X": 213,
      "Y": 158
    }
  ],
  "TeleporterFixups": [
    {
      "Type": 1,
      "Index": 0,
      "From": null,
      "To": {
        "Map": 255,
        "X": 89,
        "Y": 42
      }
    },
    {
      "Type": 1,
      "Index": 1,
      "From": null,
      "To": {
        "Map": 255,
        "X": 74,
        "Y": 100
      }
    },
    {
      "Type": 1,
      "Index": 2,
      "From": null,
      "To": {
        "Map": 255,
        "X": 79,
        "Y": 60
      }
    },
    {
      "Type": 1,
      "Index": 3,
      "From": null,
      "To": {
        "Map": 255,
        "X": 114,
        "Y": 58
      }
    },
    {
      "Type": 1,
      "Index": 4,
      "From": null,
      "To": {
        "Map": 255,
        "X": 160,
        "Y": 113
      }
    },
    {
      "Type": 1,
      "Index": 5,
      "From": null,
      "To": {
        "Map": 255,
        "X": 55,
        "Y": 104
      }
    },
    {
      "Type": 1,
      "Index": 6,
      "From": null,
      "To": {
        "Map": 255,
        "X": 157,
        "Y": 146
      }
    },
    {
      "Type": 1,
      "Index": 7,
      "From": null,
      "To": {
        "Map": 255,
        "X": 119,
        "Y": 73
      }
    },
    {
      "Type": 1,
      "Index": 8,
      "From": null,
      "To": {
        "Map": 255,
        "X": 62,
        "Y": 73
      }
    }
  ],
  "DomainFixups": [],
  "DomainUpdates": [
    {
      "From": 54,
      "To": 0
    },
    {
      "From": 59,
      "To": 1
    },
    {
      "From": 29,
      "To": 2
    },
    {
      "From": 12,
      "To": 3
    },
    {
      "From": 0,
      "To": 4
    },
    {
      "From": 0,
      "To": 5
    },
    {
      "From": 0,
      "To": 6
    },
    {
      "From": 0,
      "To": 7
    },
    {
      "From": 54,
      "To": 8
    },
    {
      "From": 59,
      "To": 9
    },
    {
      "From": 40,
      "To": 10
    },
    {
      "From": 12,
      "To": 11
    },
    {
      "From": 0,
      "To": 12
    },
    {
      "From": 0,
      "To": 13
    },
    {
      "From": 0,
      "To": 14
    },
    {
      "From": 0,
      "To": 15
    },
    {
      "From": 59,
      "To": 16
    },
    {
      "From": 14,
      "To": 17
    },
    {
      "From": 54,
      "To": 18
    },
    {
      "From": 9,
      "To": 19
    },
    {
      "From": 10,
      "To": 20
    },
    {
      "From": 42,
      "To": 21
    },
    {
      "From": 11,
      "To": 22
    },
    {
      "From": 0,
      "To": 23
    },
    {
      "From": 42,
      "To": 24
    },
    {
      "From": 42,
      "To": 25
    },
    {
      "From": 43,
      "To": 26
    },
    {
      "From": 10,
      "To": 27
    },
    {
      "From": 10,
      "To": 28
    },
    {
      "From": 42,
      "To": 29
    },
    {
      "From": 11,
      "To": 30
    },
    {
      "From": 11,
      "To": 31
    },
    {
      "From": 0,
      "To": 32
    },
    {
      "From": 6,
      "To": 33
    },
    {
      "From": 11,
      "To": 34
    },
    {
      "From": 11,
      "To": 35
    },
    {
      "From": 10,
      "To": 36
    },
    {
      "From": 54,
      "To": 37
    },
    {
      "From": 35,
      "To": 38
    },
    {
      "From": 28,
      "To": 39
    },
    {
      "From": 0,
      "To": 40
    },
    {
      "From": 0,
      "To": 41
    },
    {
      "From": 0,
      "To": 42
    },
    {
      "From": 0,
      "To": 43
    },
    {
      "From": 10,
      "To": 44
    },
    {
      "From": 10,
      "To": 45
    },
    {
      "From": 52,
      "To": 46
    },
    {
      "From": 52,
      "To": 47
    },
    {
      "From": 0,
      "To": 48
    },
    {
      "From": 0,
      "To": 49
    },
    {
      "From": 0,
      "To": 50
    },
    {
      "From": 0,
      "To": 51
    },
    {
      "From": 0,
      "To": 52
    },
    {
      "From": 0,
      "To": 53
    },
    {
      "From": 52,
      "To": 54
    },
    {
      "From": 0,
      "To": 55
    },
    {
      "From": 0,
      "To": 56
    },
    {
      "From": 0,
      "To": 57
    },
    {
      "From": 0,
      "To": 58
    },
    {
      "From": 0,
      "To": 59
    },
    {
      "From": 0,
      "To": 60
    },
    {
      "From": 0,
      "To": 61
    },
    {
      "From": 0,
      "To": 62
    },
    {
      "From": 0,
      "To": 63
    }
  ],
  "OverworldCoordinates": {
    "Coneria": {
      "X": 159,
      "Y": 114
    },
    "ConeriaCastle1": {
      "X": 160,
      "Y": 113
    },
    "TempleOfFiends1": {
      "X": 235,
      "Y": 135
    },
    "Pravoka": {
      "X": 214,
      "Y": 154
    },
    "Gaia": {
      "X": 46,
      "Y": 142
    },
    "CastleOrdeals1": {
      "X": 114,
      "Y": 58
    },
    "TitansTunnelWest": {
      "X": 74,
      "Y": 100
    },
    "SardasCave": {
      "X": 72,
      "Y": 100
    },
    "EarthCave1": {
      "X": 55,
      "Y": 104
    },
    "MirageTower1": {
      "X": 62,
      "Y": 73
    },
    "Onrac": {
      "X": 119,
      "Y": 73
    },
    "TitansTunnelEast": {
      "X": 89,
      "Y": 42
    },
    "MatoyasCave": {
      "X": 86,
      "Y": 39
    },
    "DwarfCave": {
      "X": 228,
      "Y": 131
    },
    "Elfland": {
      "X": 206,
      "Y": 184
    },
    "ElflandCastle": {
      "X": 207,
      "Y": 183
    },
    "MarshCave1": {
      "X": 40,
      "Y": 54
    },
    "NorthwestCastle": {
      "X": 73,
      "Y": 118
    },
    "Melmond": {
      "X": 170,
      "Y": 122
    },
    "CrescentLake": {
      "X": 22,
      "Y": 45
    },
    "Lefein": {
      "X": 149,
      "Y": 127
    },
    "BahamutCave1": {
      "X": 92,
      "Y": 152
    },
    "Cardia1": {
      "X": 108,
      "Y": 110
    },
    "Cardia2": {
      "X": 143,
      "Y": 97
    },
    "Cardia4": {
      "X": 143,
      "Y": 162
    },
    "Cardia5": {
      "X": 229,
      "Y": 150
    },
    "Cardia6": {
      "X": 223,
      "Y": 111
    },
    "Waterfall": {
      "X": 100,
      "Y": 92
    },
    "IceCave1": {
      "X": 79,
      "Y": 60
    },
    "GurguVolcano1": {
      "X": 157,
      "Y": 146
    }
  }
}