﻿{
  "StartingLocation": {
    "X": 162,
    "Y": 126
  },
  "AirShipLocation": {
    "X": 97,
    "Y": 96
  },
  "BridgeLocation": {
    "X": 119,
    "Y": 134
  },
  "CanalLocation": {
    "X": 15,
    "Y": 46
  },
  "ShipLocations": [
    {
      "TeleporterIndex": 1,
      "X": 162,
      "Y": 143
    },
    {
      "TeleporterIndex": 9,
      "X": 162,
      "Y": 143
    },
    {
      "TeleporterIndex": 255,
      "X": 162,
      "Y": 143
    },
    {
      "TeleporterIndex": 13,
      "X": 162,
      "Y": 143
    },
    {
      "TeleporterIndex": 2,
      "X": 118,
      "Y": 141
    },
    {
      "TeleporterIndex": 3,
      "X": 71,
      "Y": 176
    },
    {
      "TeleporterIndex": 10,
      "X": 71,
      "Y": 176
    },
    {
      "TeleporterIndex": 23,
      "X": 31,
      "Y": 150
    },
    {
      "TeleporterIndex": 11,
      "X": 201,
      "Y": 242
    },
    {
      "TeleporterIndex": 4,
      "X": 228,
      "Y": 205
    },
    {
      "TeleporterIndex": 5,
      "X": 141,
      "Y": 198
    },
    {
      "TeleporterIndex": 8,
      "X": 219,
      "Y": 19
    },
    {
      "TeleporterIndex": 28,
      "X": 162,
      "Y": 143
    }
  ],
  "TeleporterFixups": [
    {
      "Type": 1,
      "Index": 0,
      "From": null,
      "To": {
        "Map": 255,
        "X": 60,
        "Y": 143
      }
    },
    {
      "Type": 1,
      "Index": 1,
      "From": null,
      "To": {
        "Map": 255,
        "X": 105,
        "Y": 229
      }
    },
    {
      "Type": 1,
      "Index": 2,
      "From": null,
      "To": {
        "Map": 255,
        "X": 68,
        "Y": 92
      }
    },
    {
      "Type": 1,
      "Index": 3,
      "From": null,
      "To": {
        "Map": 255,
        "X": 53,
        "Y": 167
      }
    },
    {
      "Type": 1,
      "Index": 4,
      "From": null,
      "To": {
        "Map": 255,
        "X": 162,
        "Y": 124
      }
    },
    {
      "Type": 1,
      "Index": 5,
      "From": null,
      "To": {
        "Map": 255,
        "X": 38,
        "Y": 46
      }
    },
    {
      "Type": 1,
      "Index": 6,
      "From": null,
      "To": {
        "Map": 255,
        "X": 58,
        "Y": 117
      }
    },
    {
      "Type": 1,
      "Index": 7,
      "From": null,
      "To": {
        "Map": 255,
        "X": 44,
        "Y": 29
      }
    },
    {
      "Type": 1,
      "Index": 8,
      "From": null,
      "To": {
        "Map": 255,
        "X": 35,
        "Y": 107
      }
    }
  ],
  "DomainFixups": [],
  "DomainUpdates": [
    {
      "From": 9,
      "To": 0
    },
    {
      "From": 9,
      "To": 1
    },
    {
      "From": 0,
      "To": 2
    },
    {
      "From": 0,
      "To": 3
    },
    {
      "From": 0,
      "To": 4
    },
    {
      "From": 29,
      "To": 5
    },
    {
      "From": 29,
      "To": 6
    },
    {
      "From": 29,
      "To": 7
    },
    {
      "From": 42,
      "To": 8
    },
    {
      "From": 42,
      "To": 9
    },
    {
      "From": 42,
      "To": 10
    },
    {
      "From": 0,
      "To": 11
    },
    {
      "From": 0,
      "To": 12
    },
    {
      "From": 29,
      "To": 13
    },
    {
      "From": 29,
      "To": 14
    },
    {
      "From": 29,
      "To": 15
    },
    {
      "From": 42,
      "To": 16
    },
    {
      "From": 42,
      "To": 17
    },
    {
      "From": 54,
      "To": 18
    },
    {
      "From": 11,
      "To": 19
    },
    {
      "From": 0,
      "To": 20
    },
    {
      "From": 0,
      "To": 21
    },
    {
      "From": 0,
      "To": 22
    },
    {
      "From": 0,
      "To": 23
    },
    {
      "From": 59,
      "To": 24
    },
    {
      "From": 14,
      "To": 25
    },
    {
      "From": 1,
      "To": 26
    },
    {
      "From": 11,
      "To": 27
    },
    {
      "From": 36,
      "To": 28
    },
    {
      "From": 11,
      "To": 29
    },
    {
      "From": 0,
      "To": 30
    },
    {
      "From": 0,
      "To": 31
    },
    {
      "From": 59,
      "To": 32
    },
    {
      "From": 40,
      "To": 33
    },
    {
      "From": 40,
      "To": 34
    },
    {
      "From": 35,
      "To": 35
    },
    {
      "From": 28,
      "To": 36
    },
    {
      "From": 36,
      "To": 37
    },
    {
      "From": 0,
      "To": 38
    },
    {
      "From": 0,
      "To": 39
    },
    {
      "From": 0,
      "To": 40
    },
    {
      "From": 12,
      "To": 41
    },
    {
      "From": 52,
      "To": 42
    },
    {
      "From": 54,
      "To": 43
    },
    {
      "From": 54,
      "To": 44
    },
    {
      "From": 10,
      "To": 45
    },
    {
      "From": 42,
      "To": 46
    },
    {
      "From": 10,
      "To": 47
    },
    {
      "From": 0,
      "To": 48
    },
    {
      "From": 0,
      "To": 49
    },
    {
      "From": 40,
      "To": 50
    },
    {
      "From": 40,
      "To": 51
    },
    {
      "From": 54,
      "To": 52
    },
    {
      "From": 0,
      "To": 53
    },
    {
      "From": 42,
      "To": 54
    },
    {
      "From": 43,
      "To": 55
    },
    {
      "From": 0,
      "To": 56
    },
    {
      "From": 0,
      "To": 57
    },
    {
      "From": 40,
      "To": 58
    },
    {
      "From": 40,
      "To": 59
    },
    {
      "From": 40,
      "To": 60
    },
    {
      "From": 11,
      "To": 61
    },
    {
      "From": 43,
      "To": 62
    },
    {
      "From": 0,
      "To": 63
    }
  ],
  "OverworldCoordinates": {
    "Coneria": {
      "X": 161,
      "Y": 125
    },
    "ConeriaCastle1": {
      "X": 162,
      "Y": 124
    },
    "TempleOfFiends1": {
      "X": 144,
      "Y": 144
    },
    "Pravoka": {
      "X": 119,
      "Y": 137
    },
    "Gaia": {
      "X": 15,
      "Y": 104
    },
    "CastleOrdeals1": {
      "X": 53,
      "Y": 167
    },
    "TitansTunnelWest": {
      "X": 105,
      "Y": 229
    },
    "SardasCave": {
      "X": 120,
      "Y": 233
    },
    "EarthCave1": {
      "X": 38,
      "Y": 46
    },
    "MirageTower1": {
      "X": 35,
      "Y": 107
    },
    "Onrac": {
      "X": 44,
      "Y": 29
    },
    "TitansTunnelEast": {
      "X": 60,
      "Y": 143
    },
    "MatoyasCave": {
      "X": 198,
      "Y": 38
    },
    "DwarfCave": {
      "X": 109,
      "Y": 143
    },
    "Elfland": {
      "X": 86,
      "Y": 161
    },
    "ElflandCastle": {
      "X": 87,
      "Y": 160
    },
    "MarshCave1": {
      "X": 24,
      "Y": 129
    },
    "NorthwestCastle": {
      "X": 213,
      "Y": 225
    },
    "Melmond": {
      "X": 205,
      "Y": 196
    },
    "CrescentLake": {
      "X": 129,
      "Y": 184
    },
    "Lefein": {
      "X": 234,
      "Y": 19
    },
    "BahamutCave1": {
      "X": 166,
      "Y": 239
    },
    "Cardia1": {
      "X": 179,
      "Y": 171
    },
    "Cardia2": {
      "X": 238,
      "Y": 173
    },
    "Cardia4": {
      "X": 176,
      "Y": 146
    },
    "Cardia5": {
      "X": 175,
      "Y": 124
    },
    "Cardia6": {
      "X": 106,
      "Y": 108
    },
    "Waterfall": {
      "X": 96,
      "Y": 121
    },
    "IceCave1": {
      "X": 68,
      "Y": 92
    },
    "GurguVolcano1": {
      "X": 58,
      "Y": 117
    }
  }
}