﻿{
  "StartingLocation": {
    "X": 154,
    "Y": 103
  },
  "AirShipLocation": {
    "X": 167,
    "Y": 48
  },
  "BridgeLocation": {
    "X": 117,
    "Y": 114
  },
  "CanalLocation": {
    "X": 81,
    "Y": 79
  },
  "ShipLocations": [
    {
      "TeleporterIndex": 255,
      "X": 116,
      "Y": 121
    }
  ],
  "TeleporterFixups": [
    {
      "Type": 1,
      "Index": 0,
      "From": null,
      "To": {
        "Map": 255,
        "X": 22,
        "Y": 84
      }
    },
    {
      "Type": 1,
      "Index": 1,
      "From": null,
      "To": {
        "Map": 255,
        "X": 64,
        "Y": 70
      }
    },
    {
      "Type": 1,
      "Index": 2,
      "From": null,
      "To": {
        "Map": 255,
        "X": 130,
        "Y": 82
      }
    },
    {
      "Type": 1,
      "Index": 3,
      "From": null,
      "To": {
        "Map": 255,
        "X": 200,
        "Y": 138
      }
    },
    {
      "Type": 1,
      "Index": 4,
      "From": null,
      "To": {
        "Map": 255,
        "X": 154,
        "Y": 101
      }
    },
    {
      "Type": 1,
      "Index": 5,
      "From": null,
      "To": {
        "Map": 255,
        "X": 63,
        "Y": 92
      }
    },
    {
      "Type": 1,
      "Index": 6,
      "From": null,
      "To": {
        "Map": 255,
        "X": 70,
        "Y": 176
      }
    },
    {
      "Type": 1,
      "Index": 7,
      "From": null,
      "To": {
        "Map": 255,
        "X": 24,
        "Y": 87
      }
    },
    {
      "Type": 1,
      "Index": 8,
      "From": null,
      "To": {
        "Map": 255,
        "X": 74,
        "Y": 222
      }
    }
  ],
  "DomainFixups": [],
  "DomainUpdates": [
    {
      "From": 0,
      "To": 0
    },
    {
      "From": 0,
      "To": 1
    },
    {
      "From": 10,
      "To": 2
    },
    {
      "From": 10,
      "To": 3
    },
    {
      "From": 52,
      "To": 4
    },
    {
      "From": 52,
      "To": 5
    },
    {
      "From": 29,
      "To": 6
    },
    {
      "From": 29,
      "To": 7
    },
    {
      "From": 42,
      "To": 8
    },
    {
      "From": 42,
      "To": 9
    },
    {
      "From": 42,
      "To": 10
    },
    {
      "From": 54,
      "To": 11
    },
    {
      "From": 54,
      "To": 12
    },
    {
      "From": 52,
      "To": 13
    },
    {
      "From": 29,
      "To": 14
    },
    {
      "From": 29,
      "To": 15
    },
    {
      "From": 40,
      "To": 16
    },
    {
      "From": 42,
      "To": 17
    },
    {
      "From": 42,
      "To": 18
    },
    {
      "From": 54,
      "To": 19
    },
    {
      "From": 54,
      "To": 20
    },
    {
      "From": 36,
      "To": 21
    },
    {
      "From": 6,
      "To": 22
    },
    {
      "From": 0,
      "To": 23
    },
    {
      "From": 10,
      "To": 24
    },
    {
      "From": 10,
      "To": 25
    },
    {
      "From": 42,
      "To": 26
    },
    {
      "From": 36,
      "To": 27
    },
    {
      "From": 36,
      "To": 28
    },
    {
      "From": 28,
      "To": 29
    },
    {
      "From": 28,
      "To": 30
    },
    {
      "From": 12,
      "To": 31
    },
    {
      "From": 0,
      "To": 32
    },
    {
      "From": 0,
      "To": 33
    },
    {
      "From": 0,
      "To": 34
    },
    {
      "From": 42,
      "To": 35
    },
    {
      "From": 59,
      "To": 36
    },
    {
      "From": 43,
      "To": 37
    },
    {
      "From": 12,
      "To": 38
    },
    {
      "From": 0,
      "To": 39
    },
    {
      "From": 0,
      "To": 40
    },
    {
      "From": 54,
      "To": 41
    },
    {
      "From": 54,
      "To": 42
    },
    {
      "From": 42,
      "To": 43
    },
    {
      "From": 59,
      "To": 44
    },
    {
      "From": 0,
      "To": 45
    },
    {
      "From": 11,
      "To": 46
    },
    {
      "From": 0,
      "To": 47
    },
    {
      "From": 35,
      "To": 48
    },
    {
      "From": 35,
      "To": 49
    },
    {
      "From": 14,
      "To": 50
    },
    {
      "From": 42,
      "To": 51
    },
    {
      "From": 11,
      "To": 52
    },
    {
      "From": 0,
      "To": 53
    },
    {
      "From": 0,
      "To": 54
    },
    {
      "From": 0,
      "To": 55
    },
    {
      "From": 35,
      "To": 56
    },
    {
      "From": 35,
      "To": 57
    },
    {
      "From": 14,
      "To": 58
    },
    {
      "From": 0,
      "To": 59
    },
    {
      "From": 0,
      "To": 60
    },
    {
      "From": 0,
      "To": 61
    },
    {
      "From": 0,
      "To": 62
    },
    {
      "From": 0,
      "To": 63
    }
  ],
  "OverworldCoordinates": {
    "Coneria": {
      "X": 153,
      "Y": 102
    },
    "ConeriaCastle1": {
      "X": 154,
      "Y": 101
    },
    "TempleOfFiends1": {
      "X": 178,
      "Y": 116
    },
    "Pravoka": {
      "X": 117,
      "Y": 117
    },
    "Gaia": {
      "X": 204,
      "Y": 64
    },
    "CastleOrdeals1": {
      "X": 200,
      "Y": 138
    },
    "TitansTunnelWest": {
      "X": 64,
      "Y": 70
    },
    "SardasCave": {
      "X": 66,
      "Y": 70
    },
    "EarthCave1": {
      "X": 63,
      "Y": 92
    },
    "MirageTower1": {
      "X": 74,
      "Y": 222
    },
    "Onrac": {
      "X": 24,
      "Y": 87
    },
    "TitansTunnelEast": {
      "X": 22,
      "Y": 84
    },
    "MatoyasCave": {
      "X": 229,
      "Y": 32
    },
    "DwarfCave": {
      "X": 48,
      "Y": 233
    },
    "Elfland": {
      "X": 156,
      "Y": 28
    },
    "ElflandCastle": {
      "X": 157,
      "Y": 27
    },
    "MarshCave1": {
      "X": 152,
      "Y": 155
    },
    "NorthwestCastle": {
      "X": 175,
      "Y": 153
    },
    "Melmond": {
      "X": 122,
      "Y": 152
    },
    "CrescentLake": {
      "X": 124,
      "Y": 66
    },
    "Lefein": {
      "X": 139,
      "Y": 51
    },
    "BahamutCave1": {
      "X": 193,
      "Y": 158
    },
    "Cardia1": {
      "X": 96,
      "Y": 24
    },
    "Cardia2": {
      "X": 107,
      "Y": 140
    },
    "Cardia4": {
      "X": 26,
      "Y": 111
    },
    "Cardia5": {
      "X": 121,
      "Y": 22
    },
    "Cardia6": {
      "X": 143,
      "Y": 198
    },
    "Waterfall": {
      "X": 58,
      "Y": 227
    },
    "IceCave1": {
      "X": 130,
      "Y": 82
    },
    "GurguVolcano1": {
      "X": 70,
      "Y": 176
    }
  }
}