﻿{
  "StartingLocation": {
    "X": 216,
    "Y": 40
  },
  "AirShipLocation": {
    "X": 239,
    "Y": 106
  },
  "BridgeLocation": {
    "X": 189,
    "Y": 78
  },
  "CanalLocation": {
    "X": 110,
    "Y": 217
  },
  "ShipLocations": [
    {
      "TeleporterIndex": 1,
      "X": 188,
      "Y": 85
    },
    {
      "TeleporterIndex": 9,
      "X": 188,
      "Y": 85
    },
    {
      "TeleporterIndex": 255,
      "X": 188,
      "Y": 85
    },
    {
      "TeleporterIndex": 13,
      "X": 188,
      "Y": 85
    },
    {
      "TeleporterIndex": 2,
      "X": 188,
      "Y": 85
    },
    {
      "TeleporterIndex": 24,
      "X": 186,
      "Y": 234
    },
    {
      "TeleporterIndex": 3,
      "X": 166,
      "Y": 28
    },
    {
      "TeleporterIndex": 10,
      "X": 166,
      "Y": 28
    },
    {
      "TeleporterIndex": 23,
      "X": 96,
      "Y": 147
    },
    {
      "TeleporterIndex": 11,
      "X": 62,
      "Y": 191
    },
    {
      "TeleporterIndex": 4,
      "X": 45,
      "Y": 200
    },
    {
      "TeleporterIndex": 5,
      "X": 48,
      "Y": 85
    },
    {
      "TeleporterIndex": 8,
      "X": 188,
      "Y": 85
    }
  ],
  "TeleporterFixups": [
    {
      "Type": 1,
      "Index": 0,
      "From": null,
      "To": {
        "Map": 255,
        "X": 203,
        "Y": 201
      }
    },
    {
      "Type": 1,
      "Index": 1,
      "From": null,
      "To": {
        "Map": 255,
        "X": 74,
        "Y": 21
      }
    },
    {
      "Type": 1,
      "Index": 2,
      "From": null,
      "To": {
        "Map": 255,
        "X": 123,
        "Y": 190
      }
    },
    {
      "Type": 1,
      "Index": 3,
      "From": null,
      "To": {
        "Map": 255,
        "X": 155,
        "Y": 208
      }
    },
    {
      "Type": 1,
      "Index": 4,
      "From": null,
      "To": {
        "Map": 255,
        "X": 216,
        "Y": 38
      }
    },
    {
      "Type": 1,
      "Index": 5,
      "From": null,
      "To": {
        "Map": 255,
        "X": 104,
        "Y": 207
      }
    },
    {
      "Type": 1,
      "Index": 6,
      "From": null,
      "To": {
        "Map": 255,
        "X": 169,
        "Y": 174
      }
    },
    {
      "Type": 1,
      "Index": 7,
      "From": null,
      "To": {
        "Map": 255,
        "X": 26,
        "Y": 117
      }
    },
    {
      "Type": 1,
      "Index": 8,
      "From": null,
      "To": {
        "Map": 255,
        "X": 167,
        "Y": 225
      }
    }
  ],
  "DomainFixups": [],
  "DomainUpdates": [
    {
      "From": 0,
      "To": 0
    },
    {
      "From": 40,
      "To": 1
    },
    {
      "From": 40,
      "To": 2
    },
    {
      "From": 0,
      "To": 3
    },
    {
      "From": 52,
      "To": 4
    },
    {
      "From": 52,
      "To": 5
    },
    {
      "From": 36,
      "To": 6
    },
    {
      "From": 36,
      "To": 7
    },
    {
      "From": 54,
      "To": 8
    },
    {
      "From": 40,
      "To": 9
    },
    {
      "From": 40,
      "To": 10
    },
    {
      "From": 0,
      "To": 11
    },
    {
      "From": 52,
      "To": 12
    },
    {
      "From": 52,
      "To": 13
    },
    {
      "From": 36,
      "To": 14
    },
    {
      "From": 36,
      "To": 15
    },
    {
      "From": 54,
      "To": 16
    },
    {
      "From": 54,
      "To": 17
    },
    {
      "From": 0,
      "To": 18
    },
    {
      "From": 0,
      "To": 19
    },
    {
      "From": 0,
      "To": 20
    },
    {
      "From": 28,
      "To": 21
    },
    {
      "From": 28,
      "To": 22
    },
    {
      "From": 28,
      "To": 23
    },
    {
      "From": 9,
      "To": 24
    },
    {
      "From": 54,
      "To": 25
    },
    {
      "From": 11,
      "To": 26
    },
    {
      "From": 0,
      "To": 27
    },
    {
      "From": 0,
      "To": 28
    },
    {
      "From": 28,
      "To": 29
    },
    {
      "From": 28,
      "To": 30
    },
    {
      "From": 28,
      "To": 31
    },
    {
      "From": 54,
      "To": 32
    },
    {
      "From": 54,
      "To": 33
    },
    {
      "From": 59,
      "To": 34
    },
    {
      "From": 59,
      "To": 35
    },
    {
      "From": 1,
      "To": 36
    },
    {
      "From": 40,
      "To": 37
    },
    {
      "From": 0,
      "To": 38
    },
    {
      "From": 0,
      "To": 39
    },
    {
      "From": 6,
      "To": 40
    },
    {
      "From": 43,
      "To": 41
    },
    {
      "From": 59,
      "To": 42
    },
    {
      "From": 59,
      "To": 43
    },
    {
      "From": 1,
      "To": 44
    },
    {
      "From": 54,
      "To": 45
    },
    {
      "From": 40,
      "To": 46
    },
    {
      "From": 0,
      "To": 47
    },
    {
      "From": 42,
      "To": 48
    },
    {
      "From": 42,
      "To": 49
    },
    {
      "From": 43,
      "To": 50
    },
    {
      "From": 42,
      "To": 51
    },
    {
      "From": 12,
      "To": 52
    },
    {
      "From": 29,
      "To": 53
    },
    {
      "From": 40,
      "To": 54
    },
    {
      "From": 0,
      "To": 55
    },
    {
      "From": 42,
      "To": 56
    },
    {
      "From": 42,
      "To": 57
    },
    {
      "From": 11,
      "To": 58
    },
    {
      "From": 10,
      "To": 59
    },
    {
      "From": 10,
      "To": 60
    },
    {
      "From": 14,
      "To": 61
    },
    {
      "From": 14,
      "To": 62
    },
    {
      "From": 0,
      "To": 63
    }
  ],
  "OverworldCoordinates": {
    "Coneria": {
      "X": 215,
      "Y": 39
    },
    "ConeriaCastle1": {
      "X": 216,
      "Y": 38
    },
    "TempleOfFiends1": {
      "X": 200,
      "Y": 64
    },
    "Pravoka": {
      "X": 189,
      "Y": 81
    },
    "Gaia": {
      "X": 25,
      "Y": 186
    },
    "CastleOrdeals1": {
      "X": 155,
      "Y": 208
    },
    "TitansTunnelWest": {
      "X": 74,
      "Y": 21
    },
    "SardasCave": {
      "X": 70,
      "Y": 33
    },
    "EarthCave1": {
      "X": 104,
      "Y": 207
    },
    "MirageTower1": {
      "X": 167,
      "Y": 225
    },
    "Onrac": {
      "X": 26,
      "Y": 117
    },
    "TitansTunnelEast": {
      "X": 203,
      "Y": 201
    },
    "MatoyasCave": {
      "X": 175,
      "Y": 198
    },
    "DwarfCave": {
      "X": 191,
      "Y": 190
    },
    "Elfland": {
      "X": 154,
      "Y": 43
    },
    "ElflandCastle": {
      "X": 155,
      "Y": 42
    },
    "MarshCave1": {
      "X": 83,
      "Y": 168
    },
    "NorthwestCastle": {
      "X": 76,
      "Y": 183
    },
    "Melmond": {
      "X": 13,
      "Y": 218
    },
    "CrescentLake": {
      "X": 40,
      "Y": 123
    },
    "Lefein": {
      "X": 237,
      "Y": 39
    },
    "BahamutCave1": {
      "X": 43,
      "Y": 47
    },
    "Cardia1": {
      "X": 129,
      "Y": 239
    },
    "Cardia2": {
      "X": 58,
      "Y": 240
    },
    "Cardia4": {
      "X": 13,
      "Y": 241
    },
    "Cardia5": {
      "X": 75,
      "Y": 232
    },
    "Cardia6": {
      "X": 89,
      "Y": 124
    },
    "Waterfall": {
      "X": 152,
      "Y": 182
    },
    "IceCave1": {
      "X": 123,
      "Y": 190
    },
    "GurguVolcano1": {
      "X": 169,
      "Y": 174
    }
  }
}