﻿{
  "StartingLocation": {
    "X": 212,
    "Y": 173
  },
  "AirShipLocation": {
    "X": 185,
    "Y": 163
  },
  "BridgeLocation": {
    "X": 193,
    "Y": 220
  },
  "CanalLocation": {
    "X": 144,
    "Y": 60
  },
  "ShipLocations": [
    {
      "TeleporterIndex": 255,
      "X": 192,
      "Y": 227
    }
  ],
  "TeleporterFixups": [
    {
      "Type": 1,
      "Index": 0,
      "From": null,
      "To": {
        "Map": 255,
        "X": 203,
        "Y": 207
      }
    },
    {
      "Type": 1,
      "Index": 1,
      "From": null,
      "To": {
        "Map": 255,
        "X": 62,
        "Y": 233
      }
    },
    {
      "Type": 1,
      "Index": 2,
      "From": null,
      "To": {
        "Map": 255,
        "X": 185,
        "Y": 84
      }
    },
    {
      "Type": 1,
      "Index": 3,
      "From": null,
      "To": {
        "Map": 255,
        "X": 215,
        "Y": 84
      }
    },
    {
      "Type": 1,
      "Index": 4,
      "From": null,
      "To": {
        "Map": 255,
        "X": 212,
        "Y": 171
      }
    },
    {
      "Type": 1,
      "Index": 5,
      "From": null,
      "To": {
        "Map": 255,
        "X": 108,
        "Y": 39
      }
    },
    {
      "Type": 1,
      "Index": 6,
      "From": null,
      "To": {
        "Map": 255,
        "X": 201,
        "Y": 96
      }
    },
    {
      "Type": 1,
      "Index": 7,
      "From": null,
      "To": {
        "Map": 255,
        "X": 241,
        "Y": 99
      }
    },
    {
      "Type": 1,
      "Index": 8,
      "From": null,
      "To": {
        "Map": 255,
        "X": 184,
        "Y": 150
      }
    }
  ],
  "DomainFixups": [],
  "DomainUpdates": [
    {
      "From": 0,
      "To": 0
    },
    {
      "From": 0,
      "To": 1
    },
    {
      "From": 42,
      "To": 2
    },
    {
      "From": 42,
      "To": 3
    },
    {
      "From": 0,
      "To": 4
    },
    {
      "From": 1,
      "To": 5
    },
    {
      "From": 1,
      "To": 6
    },
    {
      "From": 0,
      "To": 7
    },
    {
      "From": 0,
      "To": 8
    },
    {
      "From": 0,
      "To": 9
    },
    {
      "From": 11,
      "To": 10
    },
    {
      "From": 42,
      "To": 11
    },
    {
      "From": 42,
      "To": 12
    },
    {
      "From": 1,
      "To": 13
    },
    {
      "From": 1,
      "To": 14
    },
    {
      "From": 12,
      "To": 15
    },
    {
      "From": 11,
      "To": 16
    },
    {
      "From": 10,
      "To": 17
    },
    {
      "From": 10,
      "To": 18
    },
    {
      "From": 0,
      "To": 19
    },
    {
      "From": 1,
      "To": 20
    },
    {
      "From": 1,
      "To": 21
    },
    {
      "From": 12,
      "To": 22
    },
    {
      "From": 12,
      "To": 23
    },
    {
      "From": 10,
      "To": 24
    },
    {
      "From": 10,
      "To": 25
    },
    {
      "From": 10,
      "To": 26
    },
    {
      "From": 0,
      "To": 27
    },
    {
      "From": 1,
      "To": 28
    },
    {
      "From": 1,
      "To": 29
    },
    {
      "From": 54,
      "To": 30
    },
    {
      "From": 29,
      "To": 31
    },
    {
      "From": 11,
      "To": 32
    },
    {
      "From": 0,
      "To": 33
    },
    {
      "From": 0,
      "To": 34
    },
    {
      "From": 0,
      "To": 35
    },
    {
      "From": 14,
      "To": 36
    },
    {
      "From": 14,
      "To": 37
    },
    {
      "From": 35,
      "To": 38
    },
    {
      "From": 29,
      "To": 39
    },
    {
      "From": 0,
      "To": 40
    },
    {
      "From": 0,
      "To": 41
    },
    {
      "From": 0,
      "To": 42
    },
    {
      "From": 0,
      "To": 43
    },
    {
      "From": 0,
      "To": 44
    },
    {
      "From": 52,
      "To": 45
    },
    {
      "From": 36,
      "To": 46
    },
    {
      "From": 36,
      "To": 47
    },
    {
      "From": 0,
      "To": 48
    },
    {
      "From": 40,
      "To": 49
    },
    {
      "From": 40,
      "To": 50
    },
    {
      "From": 0,
      "To": 51
    },
    {
      "From": 42,
      "To": 52
    },
    {
      "From": 59,
      "To": 53
    },
    {
      "From": 40,
      "To": 54
    },
    {
      "From": 43,
      "To": 55
    },
    {
      "From": 0,
      "To": 56
    },
    {
      "From": 40,
      "To": 57
    },
    {
      "From": 40,
      "To": 58
    },
    {
      "From": 0,
      "To": 59
    },
    {
      "From": 42,
      "To": 60
    },
    {
      "From": 54,
      "To": 61
    },
    {
      "From": 54,
      "To": 62
    },
    {
      "From": 0,
      "To": 63
    }
  ],
  "OverworldCoordinates": {
    "Coneria": {
      "X": 211,
      "Y": 172
    },
    "ConeriaCastle1": {
      "X": 212,
      "Y": 171
    },
    "TempleOfFiends1": {
      "X": 210,
      "Y": 187
    },
    "Pravoka": {
      "X": 193,
      "Y": 223
    },
    "Gaia": {
      "X": 171,
      "Y": 16
    },
    "CastleOrdeals1": {
      "X": 215,
      "Y": 84
    },
    "TitansTunnelWest": {
      "X": 62,
      "Y": 233
    },
    "SardasCave": {
      "X": 64,
      "Y": 233
    },
    "EarthCave1": {
      "X": 108,
      "Y": 39
    },
    "MirageTower1": {
      "X": 184,
      "Y": 150
    },
    "Onrac": {
      "X": 241,
      "Y": 99
    },
    "TitansTunnelEast": {
      "X": 203,
      "Y": 207
    },
    "MatoyasCave": {
      "X": 221,
      "Y": 121
    },
    "DwarfCave": {
      "X": 184,
      "Y": 129
    },
    "Elfland": {
      "X": 171,
      "Y": 176
    },
    "ElflandCastle": {
      "X": 172,
      "Y": 175
    },
    "MarshCave1": {
      "X": 178,
      "Y": 198
    },
    "NorthwestCastle": {
      "X": 218,
      "Y": 202
    },
    "Melmond": {
      "X": 152,
      "Y": 221
    },
    "CrescentLake": {
      "X": 167,
      "Y": 219
    },
    "Lefein": {
      "X": 164,
      "Y": 86
    },
    "BahamutCave1": {
      "X": 68,
      "Y": 61
    },
    "Cardia1": {
      "X": 56,
      "Y": 95
    },
    "Cardia2": {
      "X": 83,
      "Y": 47
    },
    "Cardia4": {
      "X": 33,
      "Y": 122
    },
    "Cardia5": {
      "X": 23,
      "Y": 146
    },
    "Cardia6": {
      "X": 17,
      "Y": 81
    },
    "Waterfall": {
      "X": 183,
      "Y": 70
    },
    "IceCave1": {
      "X": 185,
      "Y": 84
    },
    "GurguVolcano1": {
      "X": 201,
      "Y": 96
    }
  }
}