﻿{
  "StartingLocation": {
    "X": 231,
    "Y": 192
  },
  "AirShipLocation": {
    "X": 94,
    "Y": 230
  },
  "BridgeLocation": {
    "X": 201,
    "Y": 225
  },
  "CanalLocation": {
    "X": 17,
    "Y": 101
  },
  "ShipLocations": [
    {
      "TeleporterIndex": 1,
      "X": 196,
      "Y": 176
    },
    {
      "TeleporterIndex": 9,
      "X": 196,
      "Y": 176
    },
    {
      "TeleporterIndex": 255,
      "X": 196,
      "Y": 176
    },
    {
      "TeleporterIndex": 13,
      "X": 171,
      "Y": 171
    },
    {
      "TeleporterIndex": 2,
      "X": 200,
      "Y": 232
    },
    {
      "TeleporterIndex": 24,
      "X": 200,
      "Y": 232
    },
    {
      "TeleporterIndex": 7,
      "X": 71,
      "Y": 93
    },
    {
      "TeleporterIndex": 3,
      "X": 216,
      "Y": 67
    },
    {
      "TeleporterIndex": 10,
      "X": 216,
      "Y": 67
    },
    {
      "TeleporterIndex": 23,
      "X": 104,
      "Y": 142
    },
    {
      "TeleporterIndex": 11,
      "X": 104,
      "Y": 142
    },
    {
      "TeleporterIndex": 4,
      "X": 104,
      "Y": 142
    },
    {
      "TeleporterIndex": 5,
      "X": 71,
      "Y": 93
    },
    {
      "TeleporterIndex": 8,
      "X": 171,
      "Y": 171
    }
  ],
  "TeleporterFixups": [
    {
      "Type": 1,
      "Index": 0,
      "From": null,
      "To": {
        "Map": 255,
        "X": 216,
        "Y": 204
      }
    },
    {
      "Type": 1,
      "Index": 1,
      "From": null,
      "To": {
        "Map": 255,
        "X": 47,
        "Y": 114
      }
    },
    {
      "Type": 1,
      "Index": 2,
      "From": null,
      "To": {
        "Map": 255,
        "X": 114,
        "Y": 176
      }
    },
    {
      "Type": 1,
      "Index": 3,
      "From": null,
      "To": {
        "Map": 255,
        "X": 80,
        "Y": 216
      }
    },
    {
      "Type": 1,
      "Index": 4,
      "From": null,
      "To": {
        "Map": 255,
        "X": 231,
        "Y": 190
      }
    },
    {
      "Type": 1,
      "Index": 5,
      "From": null,
      "To": {
        "Map": 255,
        "X": 24,
        "Y": 90
      }
    },
    {
      "Type": 1,
      "Index": 6,
      "From": null,
      "To": {
        "Map": 255,
        "X": 41,
        "Y": 72
      }
    },
    {
      "Type": 1,
      "Index": 7,
      "From": null,
      "To": {
        "Map": 255,
        "X": 97,
        "Y": 85
      }
    },
    {
      "Type": 1,
      "Index": 8,
      "From": null,
      "To": {
        "Map": 255,
        "X": 235,
        "Y": 203
      }
    }
  ],
  "DomainFixups": [],
  "DomainUpdates": [
    {
      "From": 0,
      "To": 0
    },
    {
      "From": 11,
      "To": 1
    },
    {
      "From": 11,
      "To": 2
    },
    {
      "From": 0,
      "To": 3
    },
    {
      "From": 0,
      "To": 4
    },
    {
      "From": 0,
      "To": 5
    },
    {
      "From": 0,
      "To": 6
    },
    {
      "From": 0,
      "To": 7
    },
    {
      "From": 35,
      "To": 8
    },
    {
      "From": 35,
      "To": 9
    },
    {
      "From": 35,
      "To": 10
    },
    {
      "From": 29,
      "To": 11
    },
    {
      "From": 0,
      "To": 12
    },
    {
      "From": 52,
      "To": 13
    },
    {
      "From": 52,
      "To": 14
    },
    {
      "From": 52,
      "To": 15
    },
    {
      "From": 42,
      "To": 16
    },
    {
      "From": 1,
      "To": 17
    },
    {
      "From": 54,
      "To": 18
    },
    {
      "From": 29,
      "To": 19
    },
    {
      "From": 0,
      "To": 20
    },
    {
      "From": 52,
      "To": 21
    },
    {
      "From": 52,
      "To": 22
    },
    {
      "From": 52,
      "To": 23
    },
    {
      "From": 42,
      "To": 24
    },
    {
      "From": 1,
      "To": 25
    },
    {
      "From": 59,
      "To": 26
    },
    {
      "From": 42,
      "To": 27
    },
    {
      "From": 0,
      "To": 28
    },
    {
      "From": 52,
      "To": 29
    },
    {
      "From": 52,
      "To": 30
    },
    {
      "From": 0,
      "To": 31
    },
    {
      "From": 11,
      "To": 32
    },
    {
      "From": 59,
      "To": 33
    },
    {
      "From": 59,
      "To": 34
    },
    {
      "From": 42,
      "To": 35
    },
    {
      "From": 43,
      "To": 36
    },
    {
      "From": 28,
      "To": 37
    },
    {
      "From": 0,
      "To": 38
    },
    {
      "From": 0,
      "To": 39
    },
    {
      "From": 0,
      "To": 40
    },
    {
      "From": 0,
      "To": 41
    },
    {
      "From": 0,
      "To": 42
    },
    {
      "From": 54,
      "To": 43
    },
    {
      "From": 28,
      "To": 44
    },
    {
      "From": 28,
      "To": 45
    },
    {
      "From": 36,
      "To": 46
    },
    {
      "From": 36,
      "To": 47
    },
    {
      "From": 0,
      "To": 48
    },
    {
      "From": 0,
      "To": 49
    },
    {
      "From": 12,
      "To": 50
    },
    {
      "From": 54,
      "To": 51
    },
    {
      "From": 28,
      "To": 52
    },
    {
      "From": 40,
      "To": 53
    },
    {
      "From": 40,
      "To": 54
    },
    {
      "From": 14,
      "To": 55
    },
    {
      "From": 0,
      "To": 56
    },
    {
      "From": 10,
      "To": 57
    },
    {
      "From": 12,
      "To": 58
    },
    {
      "From": 12,
      "To": 59
    },
    {
      "From": 10,
      "To": 60
    },
    {
      "From": 40,
      "To": 61
    },
    {
      "From": 40,
      "To": 62
    },
    {
      "From": 0,
      "To": 63
    }
  ],
  "OverworldCoordinates": {
    "Coneria": {
      "X": 230,
      "Y": 191
    },
    "ConeriaCastle1": {
      "X": 231,
      "Y": 190
    },
    "TempleOfFiends1": {
      "X": 154,
      "Y": 169
    },
    "Pravoka": {
      "X": 201,
      "Y": 228
    },
    "Gaia": {
      "X": 163,
      "Y": 202
    },
    "CastleOrdeals1": {
      "X": 80,
      "Y": 216
    },
    "TitansTunnelWest": {
      "X": 47,
      "Y": 114
    },
    "SardasCave": {
      "X": 33,
      "Y": 116
    },
    "EarthCave1": {
      "X": 24,
      "Y": 90
    },
    "MirageTower1": {
      "X": 235,
      "Y": 203
    },
    "Onrac": {
      "X": 97,
      "Y": 85
    },
    "TitansTunnelEast": {
      "X": 216,
      "Y": 204
    },
    "MatoyasCave": {
      "X": 104,
      "Y": 73
    },
    "DwarfCave": {
      "X": 62,
      "Y": 65
    },
    "Elfland": {
      "X": 178,
      "Y": 104
    },
    "ElflandCastle": {
      "X": 179,
      "Y": 103
    },
    "MarshCave1": {
      "X": 90,
      "Y": 109
    },
    "NorthwestCastle": {
      "X": 139,
      "Y": 142
    },
    "Melmond": {
      "X": 111,
      "Y": 111
    },
    "CrescentLake": {
      "X": 76,
      "Y": 76
    },
    "Lefein": {
      "X": 143,
      "Y": 203
    },
    "BahamutCave1": {
      "X": 61,
      "Y": 23
    },
    "Cardia1": {
      "X": 139,
      "Y": 236
    },
    "Cardia2": {
      "X": 239,
      "Y": 50
    },
    "Cardia4": {
      "X": 50,
      "Y": 238
    },
    "Cardia5": {
      "X": 165,
      "Y": 72
    },
    "Cardia6": {
      "X": 21,
      "Y": 157
    },
    "Waterfall": {
      "X": 59,
      "Y": 77
    },
    "IceCave1": {
      "X": 114,
      "Y": 176
    },
    "GurguVolcano1": {
      "X": 41,
      "Y": 72
    }
  }
}