﻿{
  "StartingLocation": {
    "X": 86,
    "Y": 182
  },
  "AirShipLocation": {
    "X": 136,
    "Y": 199
  },
  "BridgeLocation": {
    "X": 50,
    "Y": 190
  },
  "CanalLocation": {
    "X": 177,
    "Y": 109
  },
  "ShipLocations": [
    {
      "TeleporterIndex": 255,
      "X": 49,
      "Y": 197
    }
  ],
  "TeleporterFixups": [
    {
      "Type": 1,
      "Index": 0,
      "From": null,
      "To": {
        "Map": 255,
        "X": 161,
        "Y": 159
      }
    },
    {
      "Type": 1,
      "Index": 1,
      "From": null,
      "To": {
        "Map": 255,
        "X": 210,
        "Y": 195
      }
    },
    {
      "Type": 1,
      "Index": 2,
      "From": null,
      "To": {
        "Map": 255,
        "X": 168,
        "Y": 75
      }
    },
    {
      "Type": 1,
      "Index": 3,
      "From": null,
      "To": {
        "Map": 255,
        "X": 195,
        "Y": 69
      }
    },
    {
      "Type": 1,
      "Index": 4,
      "From": null,
      "To": {
        "Map": 255,
        "X": 86,
        "Y": 180
      }
    },
    {
      "Type": 1,
      "Index": 5,
      "From": null,
      "To": {
        "Map": 255,
        "X": 182,
        "Y": 99
      }
    },
    {
      "Type": 1,
      "Index": 6,
      "From": null,
      "To": {
        "Map": 255,
        "X": 171,
        "Y": 49
      }
    },
    {
      "Type": 1,
      "Index": 7,
      "From": null,
      "To": {
        "Map": 255,
        "X": 102,
        "Y": 210
      }
    },
    {
      "Type": 1,
      "Index": 8,
      "From": null,
      "To": {
        "Map": 255,
        "X": 153,
        "Y": 34
      }
    }
  ],
  "DomainFixups": [],
  "DomainUpdates": [
    {
      "From": 0,
      "To": 0
    },
    {
      "From": 0,
      "To": 1
    },
    {
      "From": 10,
      "To": 2
    },
    {
      "From": 0,
      "To": 3
    },
    {
      "From": 14,
      "To": 4
    },
    {
      "From": 14,
      "To": 5
    },
    {
      "From": 12,
      "To": 6
    },
    {
      "From": 0,
      "To": 7
    },
    {
      "From": 0,
      "To": 8
    },
    {
      "From": 0,
      "To": 9
    },
    {
      "From": 10,
      "To": 10
    },
    {
      "From": 0,
      "To": 11
    },
    {
      "From": 14,
      "To": 12
    },
    {
      "From": 1,
      "To": 13
    },
    {
      "From": 12,
      "To": 14
    },
    {
      "From": 0,
      "To": 15
    },
    {
      "From": 0,
      "To": 16
    },
    {
      "From": 0,
      "To": 17
    },
    {
      "From": 0,
      "To": 18
    },
    {
      "From": 0,
      "To": 19
    },
    {
      "From": 52,
      "To": 20
    },
    {
      "From": 54,
      "To": 21
    },
    {
      "From": 12,
      "To": 22
    },
    {
      "From": 0,
      "To": 23
    },
    {
      "From": 10,
      "To": 24
    },
    {
      "From": 10,
      "To": 25
    },
    {
      "From": 0,
      "To": 26
    },
    {
      "From": 0,
      "To": 27
    },
    {
      "From": 42,
      "To": 28
    },
    {
      "From": 42,
      "To": 29
    },
    {
      "From": 54,
      "To": 30
    },
    {
      "From": 54,
      "To": 31
    },
    {
      "From": 10,
      "To": 32
    },
    {
      "From": 10,
      "To": 33
    },
    {
      "From": 36,
      "To": 34
    },
    {
      "From": 36,
      "To": 35
    },
    {
      "From": 42,
      "To": 36
    },
    {
      "From": 40,
      "To": 37
    },
    {
      "From": 54,
      "To": 38
    },
    {
      "From": 54,
      "To": 39
    },
    {
      "From": 0,
      "To": 40
    },
    {
      "From": 43,
      "To": 41
    },
    {
      "From": 36,
      "To": 42
    },
    {
      "From": 11,
      "To": 43
    },
    {
      "From": 59,
      "To": 44
    },
    {
      "From": 40,
      "To": 45
    },
    {
      "From": 40,
      "To": 46
    },
    {
      "From": 40,
      "To": 47
    },
    {
      "From": 28,
      "To": 48
    },
    {
      "From": 28,
      "To": 49
    },
    {
      "From": 43,
      "To": 50
    },
    {
      "From": 9,
      "To": 51
    },
    {
      "From": 59,
      "To": 52
    },
    {
      "From": 11,
      "To": 53
    },
    {
      "From": 11,
      "To": 54
    },
    {
      "From": 11,
      "To": 55
    },
    {
      "From": 28,
      "To": 56
    },
    {
      "From": 28,
      "To": 57
    },
    {
      "From": 35,
      "To": 58
    },
    {
      "From": 10,
      "To": 59
    },
    {
      "From": 0,
      "To": 60
    },
    {
      "From": 6,
      "To": 61
    },
    {
      "From": 11,
      "To": 62
    },
    {
      "From": 11,
      "To": 63
    }
  ],
  "OverworldCoordinates": {
    "Coneria": {
      "X": 85,
      "Y": 181
    },
    "ConeriaCastle1": {
      "X": 86,
      "Y": 180
    },
    "TempleOfFiends1": {
      "X": 40,
      "Y": 223
    },
    "Pravoka": {
      "X": 50,
      "Y": 193
    },
    "Gaia": {
      "X": 189,
      "Y": 230
    },
    "CastleOrdeals1": {
      "X": 195,
      "Y": 69
    },
    "TitansTunnelWest": {
      "X": 210,
      "Y": 195
    },
    "SardasCave": {
      "X": 213,
      "Y": 195
    },
    "EarthCave1": {
      "X": 182,
      "Y": 99
    },
    "MirageTower1": {
      "X": 153,
      "Y": 34
    },
    "Onrac": {
      "X": 102,
      "Y": 210
    },
    "TitansTunnelEast": {
      "X": 161,
      "Y": 159
    },
    "MatoyasCave": {
      "X": 187,
      "Y": 112
    },
    "DwarfCave": {
      "X": 91,
      "Y": 219
    },
    "Elfland": {
      "X": 146,
      "Y": 64
    },
    "ElflandCastle": {
      "X": 147,
      "Y": 63
    },
    "MarshCave1": {
      "X": 146,
      "Y": 176
    },
    "NorthwestCastle": {
      "X": 69,
      "Y": 192
    },
    "Melmond": {
      "X": 134,
      "Y": 161
    },
    "CrescentLake": {
      "X": 204,
      "Y": 117
    },
    "Lefein": {
      "X": 225,
      "Y": 214
    },
    "BahamutCave1": {
      "X": 237,
      "Y": 236
    },
    "Cardia1": {
      "X": 34,
      "Y": 126
    },
    "Cardia2": {
      "X": 89,
      "Y": 30
    },
    "Cardia4": {
      "X": 108,
      "Y": 230
    },
    "Cardia5": {
      "X": 96,
      "Y": 191
    },
    "Cardia6": {
      "X": 175,
      "Y": 212
    },
    "Waterfall": {
      "X": 188,
      "Y": 63
    },
    "IceCave1": {
      "X": 168,
      "Y": 75
    },
    "GurguVolcano1": {
      "X": 171,
      "Y": 49
    }
  }
}