﻿{
  "StartingLocation": {
    "X": 239,
    "Y": 104
  },
  "AirShipLocation": {
    "X": 118,
    "Y": 119
  },
  "BridgeLocation": {
    "X": 218,
    "Y": 127
  },
  "CanalLocation": {
    "X": 131,
    "Y": 19
  },
  "ShipLocations": [
    {
      "TeleporterIndex": 255,
      "X": 217,
      "Y": 134
    }
  ],
  "TeleporterFixups": [
    {
      "Type": 1,
      "Index": 0,
      "From": null,
      "To": {
        "Map": 255,
        "X": 229,
        "Y": 191
      }
    },
    {
      "Type": 1,
      "Index": 1,
      "From": null,
      "To": {
        "Map": 255,
        "X": 185,
        "Y": 119
      }
    },
    {
      "Type": 1,
      "Index": 2,
      "From": null,
      "To": {
        "Map": 255,
        "X": 209,
        "Y": 85
      }
    },
    {
      "Type": 1,
      "Index": 3,
      "From": null,
      "To": {
        "Map": 255,
        "X": 14,
        "Y": 152
      }
    },
    {
      "Type": 1,
      "Index": 4,
      "From": null,
      "To": {
        "Map": 255,
        "X": 239,
        "Y": 102
      }
    },
    {
      "Type": 1,
      "Index": 5,
      "From": null,
      "To": {
        "Map": 255,
        "X": 118,
        "Y": 24
      }
    },
    {
      "Type": 1,
      "Index": 6,
      "From": null,
      "To": {
        "Map": 255,
        "X": 180,
        "Y": 90
      }
    },
    {
      "Type": 1,
      "Index": 7,
      "From": null,
      "To": {
        "Map": 255,
        "X": 164,
        "Y": 12
      }
    },
    {
      "Type": 1,
      "Index": 8,
      "From": null,
      "To": {
        "Map": 255,
        "X": 158,
        "Y": 93
      }
    }
  ],
  "DomainFixups": [],
  "DomainUpdates": [
    {
      "From": 0,
      "To": 0
    },
    {
      "From": 0,
      "To": 1
    },
    {
      "From": 0,
      "To": 2
    },
    {
      "From": 42,
      "To": 3
    },
    {
      "From": 42,
      "To": 4
    },
    {
      "From": 54,
      "To": 5
    },
    {
      "From": 54,
      "To": 6
    },
    {
      "From": 11,
      "To": 7
    },
    {
      "From": 0,
      "To": 8
    },
    {
      "From": 0,
      "To": 9
    },
    {
      "From": 0,
      "To": 10
    },
    {
      "From": 42,
      "To": 11
    },
    {
      "From": 42,
      "To": 12
    },
    {
      "From": 54,
      "To": 13
    },
    {
      "From": 54,
      "To": 14
    },
    {
      "From": 11,
      "To": 15
    },
    {
      "From": 10,
      "To": 16
    },
    {
      "From": 0,
      "To": 17
    },
    {
      "From": 59,
      "To": 18
    },
    {
      "From": 59,
      "To": 19
    },
    {
      "From": 59,
      "To": 20
    },
    {
      "From": 54,
      "To": 21
    },
    {
      "From": 54,
      "To": 22
    },
    {
      "From": 36,
      "To": 23
    },
    {
      "From": 0,
      "To": 24
    },
    {
      "From": 0,
      "To": 25
    },
    {
      "From": 0,
      "To": 26
    },
    {
      "From": 59,
      "To": 27
    },
    {
      "From": 59,
      "To": 28
    },
    {
      "From": 54,
      "To": 29
    },
    {
      "From": 35,
      "To": 30
    },
    {
      "From": 36,
      "To": 31
    },
    {
      "From": 12,
      "To": 32
    },
    {
      "From": 12,
      "To": 33
    },
    {
      "From": 0,
      "To": 34
    },
    {
      "From": 59,
      "To": 35
    },
    {
      "From": 59,
      "To": 36
    },
    {
      "From": 52,
      "To": 37
    },
    {
      "From": 42,
      "To": 38
    },
    {
      "From": 29,
      "To": 39
    },
    {
      "From": 0,
      "To": 40
    },
    {
      "From": 0,
      "To": 41
    },
    {
      "From": 0,
      "To": 42
    },
    {
      "From": 10,
      "To": 43
    },
    {
      "From": 10,
      "To": 44
    },
    {
      "From": 52,
      "To": 45
    },
    {
      "From": 28,
      "To": 46
    },
    {
      "From": 43,
      "To": 47
    },
    {
      "From": 0,
      "To": 48
    },
    {
      "From": 0,
      "To": 49
    },
    {
      "From": 0,
      "To": 50
    },
    {
      "From": 6,
      "To": 51
    },
    {
      "From": 11,
      "To": 52
    },
    {
      "From": 52,
      "To": 53
    },
    {
      "From": 40,
      "To": 54
    },
    {
      "From": 40,
      "To": 55
    },
    {
      "From": 0,
      "To": 56
    },
    {
      "From": 11,
      "To": 57
    },
    {
      "From": 11,
      "To": 58
    },
    {
      "From": 11,
      "To": 59
    },
    {
      "From": 10,
      "To": 60
    },
    {
      "From": 40,
      "To": 61
    },
    {
      "From": 40,
      "To": 62
    },
    {
      "From": 0,
      "To": 63
    }
  ],
  "OverworldCoordinates": {
    "Coneria": {
      "X": 238,
      "Y": 103
    },
    "ConeriaCastle1": {
      "X": 239,
      "Y": 102
    },
    "TempleOfFiends1": {
      "X": 216,
      "Y": 167
    },
    "Pravoka": {
      "X": 218,
      "Y": 130
    },
    "Gaia": {
      "X": 112,
      "Y": 221
    },
    "CastleOrdeals1": {
      "X": 14,
      "Y": 152
    },
    "TitansTunnelWest": {
      "X": 185,
      "Y": 119
    },
    "SardasCave": {
      "X": 192,
      "Y": 113
    },
    "EarthCave1": {
      "X": 118,
      "Y": 24
    },
    "MirageTower1": {
      "X": 158,
      "Y": 93
    },
    "Onrac": {
      "X": 164,
      "Y": 12
    },
    "TitansTunnelEast": {
      "X": 229,
      "Y": 191
    },
    "MatoyasCave": {
      "X": 223,
      "Y": 146
    },
    "DwarfCave": {
      "X": 208,
      "Y": 104
    },
    "Elfland": {
      "X": 173,
      "Y": 142
    },
    "ElflandCastle": {
      "X": 174,
      "Y": 141
    },
    "MarshCave1": {
      "X": 101,
      "Y": 91
    },
    "NorthwestCastle": {
      "X": 229,
      "Y": 165
    },
    "Melmond": {
      "X": 193,
      "Y": 141
    },
    "CrescentLake": {
      "X": 199,
      "Y": 27
    },
    "Lefein": {
      "X": 187,
      "Y": 159
    },
    "BahamutCave1": {
      "X": 239,
      "Y": 29
    },
    "Cardia1": {
      "X": 21,
      "Y": 81
    },
    "Cardia2": {
      "X": 131,
      "Y": 172
    },
    "Cardia4": {
      "X": 134,
      "Y": 237
    },
    "Cardia5": {
      "X": 116,
      "Y": 239
    },
    "Cardia6": {
      "X": 59,
      "Y": 235
    },
    "Waterfall": {
      "X": 166,
      "Y": 102
    },
    "IceCave1": {
      "X": 209,
      "Y": 85
    },
    "GurguVolcano1": {
      "X": 180,
      "Y": 90
    }
  }
}