﻿{
  "StartingLocation": {
    "X": 210,
    "Y": 197
  },
  "AirShipLocation": {
    "X": 73,
    "Y": 105
  },
  "BridgeLocation": {
    "X": 219,
    "Y": 219
  },
  "CanalLocation": {
    "X": 98,
    "Y": 144
  },
  "ShipLocations": [
    {
      "TeleporterIndex": 1,
      "X": 238,
      "Y": 205
    },
    {
      "TeleporterIndex": 9,
      "X": 238,
      "Y": 205
    },
    {
      "TeleporterIndex": 255,
      "X": 238,
      "Y": 205
    },
    {
      "TeleporterIndex": 13,
      "X": 218,
      "Y": 226
    },
    {
      "TeleporterIndex": 2,
      "X": 218,
      "Y": 226
    },
    {
      "TeleporterIndex": 24,
      "X": 37,
      "Y": 236
    },
    {
      "TeleporterIndex": 3,
      "X": 112,
      "Y": 35
    },
    {
      "TeleporterIndex": 10,
      "X": 112,
      "Y": 35
    },
    {
      "TeleporterIndex": 23,
      "X": 28,
      "Y": 210
    },
    {
      "TeleporterIndex": 11,
      "X": 50,
      "Y": 41
    },
    {
      "TeleporterIndex": 4,
      "X": 112,
      "Y": 35
    },
    {
      "TeleporterIndex": 5,
      "X": 142,
      "Y": 205
    },
    {
      "TeleporterIndex": 27,
      "X": 50,
      "Y": 41
    },
    {
      "TeleporterIndex": 28,
      "X": 119,
      "Y": 108
    }
  ],
  "TeleporterFixups": [
    {
      "Type": 1,
      "Index": 0,
      "From": null,
      "To": {
        "Map": 255,
        "X": 59,
        "Y": 220
      }
    },
    {
      "Type": 1,
      "Index": 1,
      "From": null,
      "To": {
        "Map": 255,
        "X": 117,
        "Y": 172
      }
    },
    {
      "Type": 1,
      "Index": 2,
      "From": null,
      "To": {
        "Map": 255,
        "X": 57,
        "Y": 192
      }
    },
    {
      "Type": 1,
      "Index": 3,
      "From": null,
      "To": {
        "Map": 255,
        "X": 106,
        "Y": 192
      }
    },
    {
      "Type": 1,
      "Index": 4,
      "From": null,
      "To": {
        "Map": 255,
        "X": 210,
        "Y": 195
      }
    },
    {
      "Type": 1,
      "Index": 5,
      "From": null,
      "To": {
        "Map": 255,
        "X": 131,
        "Y": 158
      }
    },
    {
      "Type": 1,
      "Index": 6,
      "From": null,
      "To": {
        "Map": 255,
        "X": 150,
        "Y": 181
      }
    },
    {
      "Type": 1,
      "Index": 7,
      "From": null,
      "To": {
        "Map": 255,
        "X": 194,
        "Y": 83
      }
    },
    {
      "Type": 1,
      "Index": 8,
      "From": null,
      "To": {
        "Map": 255,
        "X": 74,
        "Y": 225
      }
    }
  ],
  "DomainFixups": [],
  "DomainUpdates": [
    {
      "From": 0,
      "To": 0
    },
    {
      "From": 43,
      "To": 1
    },
    {
      "From": 43,
      "To": 2
    },
    {
      "From": 43,
      "To": 3
    },
    {
      "From": 0,
      "To": 4
    },
    {
      "From": 0,
      "To": 5
    },
    {
      "From": 0,
      "To": 6
    },
    {
      "From": 0,
      "To": 7
    },
    {
      "From": 0,
      "To": 8
    },
    {
      "From": 10,
      "To": 9
    },
    {
      "From": 42,
      "To": 10
    },
    {
      "From": 42,
      "To": 11
    },
    {
      "From": 10,
      "To": 12
    },
    {
      "From": 0,
      "To": 13
    },
    {
      "From": 0,
      "To": 14
    },
    {
      "From": 0,
      "To": 15
    },
    {
      "From": 11,
      "To": 16
    },
    {
      "From": 10,
      "To": 17
    },
    {
      "From": 35,
      "To": 18
    },
    {
      "From": 11,
      "To": 19
    },
    {
      "From": 11,
      "To": 20
    },
    {
      "From": 9,
      "To": 21
    },
    {
      "From": 9,
      "To": 22
    },
    {
      "From": 0,
      "To": 23
    },
    {
      "From": 0,
      "To": 24
    },
    {
      "From": 10,
      "To": 25
    },
    {
      "From": 11,
      "To": 26
    },
    {
      "From": 11,
      "To": 27
    },
    {
      "From": 11,
      "To": 28
    },
    {
      "From": 0,
      "To": 29
    },
    {
      "From": 0,
      "To": 30
    },
    {
      "From": 0,
      "To": 31
    },
    {
      "From": 0,
      "To": 32
    },
    {
      "From": 0,
      "To": 33
    },
    {
      "From": 1,
      "To": 34
    },
    {
      "From": 42,
      "To": 35
    },
    {
      "From": 42,
      "To": 36
    },
    {
      "From": 0,
      "To": 37
    },
    {
      "From": 0,
      "To": 38
    },
    {
      "From": 0,
      "To": 39
    },
    {
      "From": 59,
      "To": 40
    },
    {
      "From": 54,
      "To": 41
    },
    {
      "From": 1,
      "To": 42
    },
    {
      "From": 1,
      "To": 43
    },
    {
      "From": 42,
      "To": 44
    },
    {
      "From": 42,
      "To": 45
    },
    {
      "From": 36,
      "To": 46
    },
    {
      "From": 36,
      "To": 47
    },
    {
      "From": 59,
      "To": 48
    },
    {
      "From": 54,
      "To": 49
    },
    {
      "From": 14,
      "To": 50
    },
    {
      "From": 11,
      "To": 51
    },
    {
      "From": 54,
      "To": 52
    },
    {
      "From": 54,
      "To": 53
    },
    {
      "From": 36,
      "To": 54
    },
    {
      "From": 29,
      "To": 55
    },
    {
      "From": 40,
      "To": 56
    },
    {
      "From": 40,
      "To": 57
    },
    {
      "From": 14,
      "To": 58
    },
    {
      "From": 0,
      "To": 59
    },
    {
      "From": 10,
      "To": 60
    },
    {
      "From": 0,
      "To": 61
    },
    {
      "From": 6,
      "To": 62
    },
    {
      "From": 29,
      "To": 63
    }
  ],
  "OverworldCoordinates": {
    "Coneria": {
      "X": 209,
      "Y": 196
    },
    "ConeriaCastle1": {
      "X": 210,
      "Y": 195
    },
    "TempleOfFiends1": {
      "X": 198,
      "Y": 217
    },
    "Pravoka": {
      "X": 219,
      "Y": 222
    },
    "Gaia": {
      "X": 218,
      "Y": 236
    },
    "CastleOrdeals1": {
      "X": 106,
      "Y": 192
    },
    "TitansTunnelWest": {
      "X": 117,
      "Y": 172
    },
    "SardasCave": {
      "X": 114,
      "Y": 172
    },
    "EarthCave1": {
      "X": 131,
      "Y": 158
    },
    "MirageTower1": {
      "X": 74,
      "Y": 225
    },
    "Onrac": {
      "X": 194,
      "Y": 83
    },
    "TitansTunnelEast": {
      "X": 59,
      "Y": 220
    },
    "MatoyasCave": {
      "X": 222,
      "Y": 214
    },
    "DwarfCave": {
      "X": 72,
      "Y": 52
    },
    "Elfland": {
      "X": 104,
      "Y": 64
    },
    "ElflandCastle": {
      "X": 105,
      "Y": 63
    },
    "MarshCave1": {
      "X": 23,
      "Y": 185
    },
    "NorthwestCastle": {
      "X": 73,
      "Y": 17
    },
    "Melmond": {
      "X": 92,
      "Y": 47
    },
    "CrescentLake": {
      "X": 125,
      "Y": 214
    },
    "Lefein": {
      "X": 113,
      "Y": 132
    },
    "BahamutCave1": {
      "X": 18,
      "Y": 83
    },
    "Cardia1": {
      "X": 152,
      "Y": 225
    },
    "Cardia2": {
      "X": 153,
      "Y": 67
    },
    "Cardia4": {
      "X": 54,
      "Y": 61
    },
    "Cardia5": {
      "X": 121,
      "Y": 87
    },
    "Cardia6": {
      "X": 103,
      "Y": 210
    },
    "Waterfall": {
      "X": 78,
      "Y": 195
    },
    "IceCave1": {
      "X": 57,
      "Y": 192
    },
    "GurguVolcano1": {
      "X": 150,
      "Y": 181
    }
  }
}