﻿{
  "StartingLocation": {
    "X": 120,
    "Y": 182
  },
  "AirShipLocation": {
    "X": 111,
    "Y": 196
  },
  "BridgeLocation": {
    "X": 212,
    "Y": 99
  },
  "CanalLocation": {
    "X": 64,
    "Y": 70
  },
  "ShipLocations": [
    {
      "TeleporterIndex": 255,
      "X": 211,
      "Y": 106
    }
  ],
  "TeleporterFixups": [
    {
      "Type": 1,
      "Index": 0,
      "From": null,
      "To": {
        "Map": 255,
        "X": 206,
        "Y": 132
      }
    },
    {
      "Type": 1,
      "Index": 1,
      "From": null,
      "To": {
        "Map": 255,
        "X": 146,
        "Y": 144
      }
    },
    {
      "Type": 1,
      "Index": 2,
      "From": null,
      "To": {
        "Map": 255,
        "X": 99,
        "Y": 60
      }
    },
    {
      "Type": 1,
      "Index": 3,
      "From": null,
      "To": {
        "Map": 255,
        "X": 100,
        "Y": 82
      }
    },
    {
      "Type": 1,
      "Index": 4,
      "From": null,
      "To": {
        "Map": 255,
        "X": 120,
        "Y": 180
      }
    },
    {
      "Type": 1,
      "Index": 5,
      "From": null,
      "To": {
        "Map": 255,
        "X": 70,
        "Y": 68
      }
    },
    {
      "Type": 1,
      "Index": 6,
      "From": null,
      "To": {
        "Map": 255,
        "X": 96,
        "Y": 40
      }
    },
    {
      "Type": 1,
      "Index": 7,
      "From": null,
      "To": {
        "Map": 255,
        "X": 32,
        "Y": 225
      }
    },
    {
      "Type": 1,
      "Index": 8,
      "From": null,
      "To": {
        "Map": 255,
        "X": 124,
        "Y": 53
      }
    }
  ],
  "DomainFixups": [],
  "DomainUpdates": [
    {
      "From": 42,
      "To": 0
    },
    {
      "From": 42,
      "To": 1
    },
    {
      "From": 54,
      "To": 2
    },
    {
      "From": 54,
      "To": 3
    },
    {
      "From": 0,
      "To": 4
    },
    {
      "From": 0,
      "To": 5
    },
    {
      "From": 10,
      "To": 6
    },
    {
      "From": 10,
      "To": 7
    },
    {
      "From": 42,
      "To": 8
    },
    {
      "From": 42,
      "To": 9
    },
    {
      "From": 54,
      "To": 10
    },
    {
      "From": 14,
      "To": 11
    },
    {
      "From": 14,
      "To": 12
    },
    {
      "From": 0,
      "To": 13
    },
    {
      "From": 0,
      "To": 14
    },
    {
      "From": 0,
      "To": 15
    },
    {
      "From": 42,
      "To": 16
    },
    {
      "From": 11,
      "To": 17
    },
    {
      "From": 11,
      "To": 18
    },
    {
      "From": 12,
      "To": 19
    },
    {
      "From": 14,
      "To": 20
    },
    {
      "From": 0,
      "To": 21
    },
    {
      "From": 40,
      "To": 22
    },
    {
      "From": 0,
      "To": 23
    },
    {
      "From": 0,
      "To": 24
    },
    {
      "From": 0,
      "To": 25
    },
    {
      "From": 12,
      "To": 26
    },
    {
      "From": 12,
      "To": 27
    },
    {
      "From": 28,
      "To": 28
    },
    {
      "From": 29,
      "To": 29
    },
    {
      "From": 40,
      "To": 30
    },
    {
      "From": 40,
      "To": 31
    },
    {
      "From": 10,
      "To": 32
    },
    {
      "From": 10,
      "To": 33
    },
    {
      "From": 12,
      "To": 34
    },
    {
      "From": 59,
      "To": 35
    },
    {
      "From": 28,
      "To": 36
    },
    {
      "From": 29,
      "To": 37
    },
    {
      "From": 40,
      "To": 38
    },
    {
      "From": 40,
      "To": 39
    },
    {
      "From": 0,
      "To": 40
    },
    {
      "From": 0,
      "To": 41
    },
    {
      "From": 36,
      "To": 42
    },
    {
      "From": 36,
      "To": 43
    },
    {
      "From": 35,
      "To": 44
    },
    {
      "From": 54,
      "To": 45
    },
    {
      "From": 0,
      "To": 46
    },
    {
      "From": 0,
      "To": 47
    },
    {
      "From": 9,
      "To": 48
    },
    {
      "From": 9,
      "To": 49
    },
    {
      "From": 52,
      "To": 50
    },
    {
      "From": 52,
      "To": 51
    },
    {
      "From": 11,
      "To": 52
    },
    {
      "From": 54,
      "To": 53
    },
    {
      "From": 10,
      "To": 54
    },
    {
      "From": 0,
      "To": 55
    },
    {
      "From": 9,
      "To": 56
    },
    {
      "From": 9,
      "To": 57
    },
    {
      "From": 0,
      "To": 58
    },
    {
      "From": 0,
      "To": 59
    },
    {
      "From": 0,
      "To": 60
    },
    {
      "From": 0,
      "To": 61
    },
    {
      "From": 0,
      "To": 62
    },
    {
      "From": 0,
      "To": 63
    }
  ],
  "OverworldCoordinates": {
    "Coneria": {
      "X": 119,
      "Y": 181
    },
    "ConeriaCastle1": {
      "X": 120,
      "Y": 180
    },
    "TempleOfFiends1": {
      "X": 148,
      "Y": 117
    },
    "Pravoka": {
      "X": 212,
      "Y": 102
    },
    "Gaia": {
      "X": 154,
      "Y": 91
    },
    "CastleOrdeals1": {
      "X": 100,
      "Y": 82
    },
    "TitansTunnelWest": {
      "X": 146,
      "Y": 144
    },
    "SardasCave": {
      "X": 148,
      "Y": 144
    },
    "EarthCave1": {
      "X": 70,
      "Y": 68
    },
    "MirageTower1": {
      "X": 124,
      "Y": 53
    },
    "Onrac": {
      "X": 32,
      "Y": 225
    },
    "TitansTunnelEast": {
      "X": 206,
      "Y": 132
    },
    "MatoyasCave": {
      "X": 175,
      "Y": 128
    },
    "DwarfCave": {
      "X": 142,
      "Y": 184
    },
    "Elfland": {
      "X": 128,
      "Y": 198
    },
    "ElflandCastle": {
      "X": 129,
      "Y": 197
    },
    "MarshCave1": {
      "X": 109,
      "Y": 152
    },
    "NorthwestCastle": {
      "X": 177,
      "Y": 150
    },
    "Melmond": {
      "X": 31,
      "Y": 55
    },
    "CrescentLake": {
      "X": 165,
      "Y": 179
    },
    "Lefein": {
      "X": 20,
      "Y": 74
    },
    "BahamutCave1": {
      "X": 152,
      "Y": 56
    },
    "Cardia1": {
      "X": 218,
      "Y": 26
    },
    "Cardia2": {
      "X": 31,
      "Y": 155
    },
    "Cardia4": {
      "X": 219,
      "Y": 215
    },
    "Cardia5": {
      "X": 145,
      "Y": 207
    },
    "Cardia6": {
      "X": 66,
      "Y": 85
    },
    "Waterfall": {
      "X": 160,
      "Y": 159
    },
    "IceCave1": {
      "X": 99,
      "Y": 60
    },
    "GurguVolcano1": {
      "X": 96,
      "Y": 40
    }
  }
}