﻿{
  "StartingLocation": {
    "X": 107,
    "Y": 48
  },
  "AirShipLocation": {
    "X": 68,
    "Y": 163
  },
  "BridgeLocation": {
    "X": 140,
    "Y": 59
  },
  "CanalLocation": {
    "X": 205,
    "Y": 86
  },
  "ShipLocations": [
    {
      "TeleporterIndex": 255,
      "X": 139,
      "Y": 66
    }
  ],
  "TeleporterFixups": [
    {
      "Type": 1,
      "Index": 0,
      "From": null,
      "To": {
        "Map": 255,
        "X": 97,
        "Y": 235
      }
    },
    {
      "Type": 1,
      "Index": 1,
      "From": null,
      "To": {
        "Map": 255,
        "X": 208,
        "Y": 113
      }
    },
    {
      "Type": 1,
      "Index": 2,
      "From": null,
      "To": {
        "Map": 255,
        "X": 105,
        "Y": 217
      }
    },
    {
      "Type": 1,
      "Index": 3,
      "From": null,
      "To": {
        "Map": 255,
        "X": 35,
        "Y": 32
      }
    },
    {
      "Type": 1,
      "Index": 4,
      "From": null,
      "To": {
        "Map": 255,
        "X": 107,
        "Y": 46
      }
    },
    {
      "Type": 1,
      "Index": 5,
      "From": null,
      "To": {
        "Map": 255,
        "X": 165,
        "Y": 61
      }
    },
    {
      "Type": 1,
      "Index": 6,
      "From": null,
      "To": {
        "Map": 255,
        "X": 151,
        "Y": 49
      }
    },
    {
      "Type": 1,
      "Index": 7,
      "From": null,
      "To": {
        "Map": 255,
        "X": 99,
        "Y": 238
      }
    },
    {
      "Type": 1,
      "Index": 8,
      "From": null,
      "To": {
        "Map": 255,
        "X": 127,
        "Y": 199
      }
    }
  ],
  "DomainFixups": [],
  "DomainUpdates": [
    {
      "From": 12,
      "To": 0
    },
    {
      "From": 12,
      "To": 1
    },
    {
      "From": 42,
      "To": 2
    },
    {
      "From": 36,
      "To": 3
    },
    {
      "From": 43,
      "To": 4
    },
    {
      "From": 43,
      "To": 5
    },
    {
      "From": 0,
      "To": 6
    },
    {
      "From": 0,
      "To": 7
    },
    {
      "From": 11,
      "To": 8
    },
    {
      "From": 11,
      "To": 9
    },
    {
      "From": 42,
      "To": 10
    },
    {
      "From": 36,
      "To": 11
    },
    {
      "From": 54,
      "To": 12
    },
    {
      "From": 42,
      "To": 13
    },
    {
      "From": 1,
      "To": 14
    },
    {
      "From": 1,
      "To": 15
    },
    {
      "From": 10,
      "To": 16
    },
    {
      "From": 11,
      "To": 17
    },
    {
      "From": 6,
      "To": 18
    },
    {
      "From": 28,
      "To": 19
    },
    {
      "From": 42,
      "To": 20
    },
    {
      "From": 42,
      "To": 21
    },
    {
      "From": 1,
      "To": 22
    },
    {
      "From": 1,
      "To": 23
    },
    {
      "From": 0,
      "To": 24
    },
    {
      "From": 0,
      "To": 25
    },
    {
      "From": 10,
      "To": 26
    },
    {
      "From": 10,
      "To": 27
    },
    {
      "From": 0,
      "To": 28
    },
    {
      "From": 0,
      "To": 29
    },
    {
      "From": 1,
      "To": 30
    },
    {
      "From": 1,
      "To": 31
    },
    {
      "From": 52,
      "To": 32
    },
    {
      "From": 54,
      "To": 33
    },
    {
      "From": 14,
      "To": 34
    },
    {
      "From": 14,
      "To": 35
    },
    {
      "From": 11,
      "To": 36
    },
    {
      "From": 0,
      "To": 37
    },
    {
      "From": 0,
      "To": 38
    },
    {
      "From": 0,
      "To": 39
    },
    {
      "From": 54,
      "To": 40
    },
    {
      "From": 54,
      "To": 41
    },
    {
      "From": 54,
      "To": 42
    },
    {
      "From": 14,
      "To": 43
    },
    {
      "From": 14,
      "To": 44
    },
    {
      "From": 0,
      "To": 45
    },
    {
      "From": 10,
      "To": 46
    },
    {
      "From": 0,
      "To": 47
    },
    {
      "From": 54,
      "To": 48
    },
    {
      "From": 54,
      "To": 49
    },
    {
      "From": 35,
      "To": 50
    },
    {
      "From": 14,
      "To": 51
    },
    {
      "From": 14,
      "To": 52
    },
    {
      "From": 59,
      "To": 53
    },
    {
      "From": 0,
      "To": 54
    },
    {
      "From": 0,
      "To": 55
    },
    {
      "From": 0,
      "To": 56
    },
    {
      "From": 0,
      "To": 57
    },
    {
      "From": 35,
      "To": 58
    },
    {
      "From": 9,
      "To": 59
    },
    {
      "From": 59,
      "To": 60
    },
    {
      "From": 59,
      "To": 61
    },
    {
      "From": 0,
      "To": 62
    },
    {
      "From": 0,
      "To": 63
    }
  ],
  "OverworldCoordinates": {
    "Coneria": {
      "X": 106,
      "Y": 47
    },
    "ConeriaCastle1": {
      "X": 107,
      "Y": 46
    },
    "TempleOfFiends1": {
      "X": 120,
      "Y": 62
    },
    "Pravoka": {
      "X": 140,
      "Y": 62
    },
    "Gaia": {
      "X": 80,
      "Y": 92
    },
    "CastleOrdeals1": {
      "X": 35,
      "Y": 32
    },
    "TitansTunnelWest": {
      "X": 208,
      "Y": 113
    },
    "SardasCave": {
      "X": 213,
      "Y": 112
    },
    "EarthCave1": {
      "X": 165,
      "Y": 61
    },
    "MirageTower1": {
      "X": 127,
      "Y": 199
    },
    "Onrac": {
      "X": 99,
      "Y": 238
    },
    "TitansTunnelEast": {
      "X": 97,
      "Y": 235
    },
    "MatoyasCave": {
      "X": 121,
      "Y": 46
    },
    "DwarfCave": {
      "X": 75,
      "Y": 215
    },
    "Elfland": {
      "X": 31,
      "Y": 160
    },
    "ElflandCastle": {
      "X": 32,
      "Y": 159
    },
    "MarshCave1": {
      "X": 128,
      "Y": 222
    },
    "NorthwestCastle": {
      "X": 152,
      "Y": 16
    },
    "Melmond": {
      "X": 100,
      "Y": 59
    },
    "CrescentLake": {
      "X": 24,
      "Y": 198
    },
    "Lefein": {
      "X": 228,
      "Y": 62
    },
    "BahamutCave1": {
      "X": 59,
      "Y": 92
    },
    "Cardia1": {
      "X": 208,
      "Y": 186
    },
    "Cardia2": {
      "X": 100,
      "Y": 128
    },
    "Cardia4": {
      "X": 29,
      "Y": 82
    },
    "Cardia5": {
      "X": 32,
      "Y": 52
    },
    "Cardia6": {
      "X": 148,
      "Y": 134
    },
    "Waterfall": {
      "X": 213,
      "Y": 52
    },
    "IceCave1": {
      "X": 105,
      "Y": 217
    },
    "GurguVolcano1": {
      "X": 151,
      "Y": 49
    }
  }
}