﻿{
  "StartingLocation": {
    "X": 37,
    "Y": 18
  },
  "AirShipLocation": {
    "X": 69,
    "Y": 38
  },
  "BridgeLocation": {
    "X": 127,
    "Y": 48
  },
  "CanalLocation": {
    "X": 79,
    "Y": 226
  },
  "ShipLocations": [
    {
      "TeleporterIndex": 1,
      "X": 98,
      "Y": 20
    },
    {
      "TeleporterIndex": 9,
      "X": 98,
      "Y": 20
    },
    {
      "TeleporterIndex": 255,
      "X": 98,
      "Y": 20
    },
    {
      "TeleporterIndex": 13,
      "X": 116,
      "Y": 130
    },
    {
      "TeleporterIndex": 2,
      "X": 126,
      "Y": 55
    },
    {
      "TeleporterIndex": 24,
      "X": 98,
      "Y": 20
    },
    {
      "TeleporterIndex": 3,
      "X": 70,
      "Y": 79
    },
    {
      "TeleporterIndex": 10,
      "X": 70,
      "Y": 79
    },
    {
      "TeleporterIndex": 23,
      "X": 47,
      "Y": 104
    },
    {
      "TeleporterIndex": 11,
      "X": 27,
      "Y": 166
    },
    {
      "TeleporterIndex": 4,
      "X": 70,
      "Y": 79
    },
    {
      "TeleporterIndex": 5,
      "X": 99,
      "Y": 69
    },
    {
      "TeleporterIndex": 17,
      "X": 47,
      "Y": 104
    },
    {
      "TeleporterIndex": 27,
      "X": 70,
      "Y": 79
    }
  ],
  "TeleporterFixups": [
    {
      "Type": 1,
      "Index": 0,
      "From": null,
      "To": {
        "Map": 255,
        "X": 111,
        "Y": 76
      }
    },
    {
      "Type": 1,
      "Index": 1,
      "From": null,
      "To": {
        "Map": 255,
        "X": 233,
        "Y": 217
      }
    },
    {
      "Type": 1,
      "Index": 2,
      "From": null,
      "To": {
        "Map": 255,
        "X": 81,
        "Y": 130
      }
    },
    {
      "Type": 1,
      "Index": 3,
      "From": null,
      "To": {
        "Map": 255,
        "X": 85,
        "Y": 151
      }
    },
    {
      "Type": 1,
      "Index": 4,
      "From": null,
      "To": {
        "Map": 255,
        "X": 37,
        "Y": 16
      }
    },
    {
      "Type": 1,
      "Index": 5,
      "From": null,
      "To": {
        "Map": 255,
        "X": 97,
        "Y": 228
      }
    },
    {
      "Type": 1,
      "Index": 6,
      "From": null,
      "To": {
        "Map": 255,
        "X": 65,
        "Y": 161
      }
    },
    {
      "Type": 1,
      "Index": 7,
      "From": null,
      "To": {
        "Map": 255,
        "X": 23,
        "Y": 30
      }
    },
    {
      "Type": 1,
      "Index": 8,
      "From": null,
      "To": {
        "Map": 255,
        "X": 52,
        "Y": 31
      }
    }
  ],
  "DomainFixups": [],
  "DomainUpdates": [
    {
      "From": 36,
      "To": 0
    },
    {
      "From": 14,
      "To": 1
    },
    {
      "From": 35,
      "To": 2
    },
    {
      "From": 35,
      "To": 3
    },
    {
      "From": 29,
      "To": 4
    },
    {
      "From": 0,
      "To": 5
    },
    {
      "From": 10,
      "To": 6
    },
    {
      "From": 0,
      "To": 7
    },
    {
      "From": 9,
      "To": 8
    },
    {
      "From": 52,
      "To": 9
    },
    {
      "From": 52,
      "To": 10
    },
    {
      "From": 35,
      "To": 11
    },
    {
      "From": 29,
      "To": 12
    },
    {
      "From": 0,
      "To": 13
    },
    {
      "From": 0,
      "To": 14
    },
    {
      "From": 0,
      "To": 15
    },
    {
      "From": 31,
      "To": 16
    },
    {
      "From": 10,
      "To": 17
    },
    {
      "From": 42,
      "To": 18
    },
    {
      "From": 40,
      "To": 19
    },
    {
      "From": 40,
      "To": 20
    },
    {
      "From": 0,
      "To": 21
    },
    {
      "From": 0,
      "To": 22
    },
    {
      "From": 6,
      "To": 23
    },
    {
      "From": 0,
      "To": 24
    },
    {
      "From": 10,
      "To": 25
    },
    {
      "From": 54,
      "To": 26
    },
    {
      "From": 28,
      "To": 27
    },
    {
      "From": 0,
      "To": 28
    },
    {
      "From": 0,
      "To": 29
    },
    {
      "From": 0,
      "To": 30
    },
    {
      "From": 0,
      "To": 31
    },
    {
      "From": 43,
      "To": 32
    },
    {
      "From": 1,
      "To": 33
    },
    {
      "From": 12,
      "To": 34
    },
    {
      "From": 28,
      "To": 35
    },
    {
      "From": 0,
      "To": 36
    },
    {
      "From": 0,
      "To": 37
    },
    {
      "From": 11,
      "To": 38
    },
    {
      "From": 11,
      "To": 39
    },
    {
      "From": 43,
      "To": 40
    },
    {
      "From": 43,
      "To": 41
    },
    {
      "From": 11,
      "To": 42
    },
    {
      "From": 0,
      "To": 43
    },
    {
      "From": 0,
      "To": 44
    },
    {
      "From": 0,
      "To": 45
    },
    {
      "From": 11,
      "To": 46
    },
    {
      "From": 40,
      "To": 47
    },
    {
      "From": 11,
      "To": 48
    },
    {
      "From": 42,
      "To": 49
    },
    {
      "From": 11,
      "To": 50
    },
    {
      "From": 42,
      "To": 51
    },
    {
      "From": 0,
      "To": 52
    },
    {
      "From": 0,
      "To": 53
    },
    {
      "From": 40,
      "To": 54
    },
    {
      "From": 40,
      "To": 55
    },
    {
      "From": 0,
      "To": 56
    },
    {
      "From": 42,
      "To": 57
    },
    {
      "From": 42,
      "To": 58
    },
    {
      "From": 42,
      "To": 59
    },
    {
      "From": 0,
      "To": 60
    },
    {
      "From": 0,
      "To": 61
    },
    {
      "From": 40,
      "To": 62
    },
    {
      "From": 40,
      "To": 63
    }
  ],
  "OverworldCoordinates": {
    "Coneria": {
      "X": 36,
      "Y": 17
    },
    "ConeriaCastle1": {
      "X": 37,
      "Y": 16
    },
    "TempleOfFiends1": {
      "X": 104,
      "Y": 117
    },
    "Pravoka": {
      "X": 127,
      "Y": 51
    },
    "Gaia": {
      "X": 232,
      "Y": 68
    },
    "CastleOrdeals1": {
      "X": 85,
      "Y": 151
    },
    "TitansTunnelWest": {
      "X": 233,
      "Y": 217
    },
    "SardasCave": {
      "X": 233,
      "Y": 180
    },
    "EarthCave1": {
      "X": 97,
      "Y": 228
    },
    "MirageTower1": {
      "X": 52,
      "Y": 31
    },
    "Onrac": {
      "X": 23,
      "Y": 30
    },
    "TitansTunnelEast": {
      "X": 111,
      "Y": 76
    },
    "MatoyasCave": {
      "X": 130,
      "Y": 35
    },
    "DwarfCave": {
      "X": 97,
      "Y": 51
    },
    "Elfland": {
      "X": 62,
      "Y": 52
    },
    "ElflandCastle": {
      "X": 63,
      "Y": 51
    },
    "MarshCave1": {
      "X": 47,
      "Y": 134
    },
    "NorthwestCastle": {
      "X": 23,
      "Y": 146
    },
    "Melmond": {
      "X": 76,
      "Y": 93
    },
    "CrescentLake": {
      "X": 98,
      "Y": 98
    },
    "Lefein": {
      "X": 23,
      "Y": 71
    },
    "BahamutCave1": {
      "X": 17,
      "Y": 191
    },
    "Cardia1": {
      "X": 207,
      "Y": 21
    },
    "Cardia2": {
      "X": 48,
      "Y": 116
    },
    "Cardia4": {
      "X": 49,
      "Y": 82
    },
    "Cardia5": {
      "X": 204,
      "Y": 155
    },
    "Cardia6": {
      "X": 88,
      "Y": 201
    },
    "Waterfall": {
      "X": 55,
      "Y": 144
    },
    "IceCave1": {
      "X": 81,
      "Y": 130
    },
    "GurguVolcano1": {
      "X": 65,
      "Y": 161
    }
  }
}