﻿{
  "StartingLocation": {
    "X": 170,
    "Y": 188
  },
  "AirShipLocation": {
    "X": 34,
    "Y": 147
  },
  "BridgeLocation": {
    "X": 189,
    "Y": 198
  },
  "CanalLocation": {
    "X": 25,
    "Y": 103
  },
  "ShipLocations": [
    {
      "TeleporterIndex": 255,
      "X": 188,
      "Y": 205
    }
  ],
  "TeleporterFixups": [
    {
      "Type": 1,
      "Index": 0,
      "From": null,
      "To": {
        "Map": 255,
        "X": 94,
        "Y": 111
      }
    },
    {
      "Type": 1,
      "Index": 1,
      "From": null,
      "To": {
        "Map": 255,
        "X": 163,
        "Y": 39
      }
    },
    {
      "Type": 1,
      "Index": 2,
      "From": null,
      "To": {
        "Map": 255,
        "X": 45,
        "Y": 107
      }
    },
    {
      "Type": 1,
      "Index": 3,
      "From": null,
      "To": {
        "Map": 255,
        "X": 72,
        "Y": 181
      }
    },
    {
      "Type": 1,
      "Index": 4,
      "From": null,
      "To": {
        "Map": 255,
        "X": 170,
        "Y": 186
      }
    },
    {
      "Type": 1,
      "Index": 5,
      "From": null,
      "To": {
        "Map": 255,
        "X": 29,
        "Y": 91
      }
    },
    {
      "Type": 1,
      "Index": 6,
      "From": null,
      "To": {
        "Map": 255,
        "X": 49,
        "Y": 139
      }
    },
    {
      "Type": 1,
      "Index": 7,
      "From": null,
      "To": {
        "Map": 255,
        "X": 230,
        "Y": 191
      }
    },
    {
      "Type": 1,
      "Index": 8,
      "From": null,
      "To": {
        "Map": 255,
        "X": 24,
        "Y": 45
      }
    }
  ],
  "DomainFixups": [],
  "DomainUpdates": [
    {
      "From": 14,
      "To": 0
    },
    {
      "From": 59,
      "To": 1
    },
    {
      "From": 59,
      "To": 2
    },
    {
      "From": 40,
      "To": 3
    },
    {
      "From": 40,
      "To": 4
    },
    {
      "From": 11,
      "To": 5
    },
    {
      "From": 40,
      "To": 6
    },
    {
      "From": 0,
      "To": 7
    },
    {
      "From": 14,
      "To": 8
    },
    {
      "From": 54,
      "To": 9
    },
    {
      "From": 59,
      "To": 10
    },
    {
      "From": 59,
      "To": 11
    },
    {
      "From": 40,
      "To": 12
    },
    {
      "From": 40,
      "To": 13
    },
    {
      "From": 40,
      "To": 14
    },
    {
      "From": 0,
      "To": 15
    },
    {
      "From": 42,
      "To": 16
    },
    {
      "From": 54,
      "To": 17
    },
    {
      "From": 42,
      "To": 18
    },
    {
      "From": 52,
      "To": 19
    },
    {
      "From": 0,
      "To": 20
    },
    {
      "From": 40,
      "To": 21
    },
    {
      "From": 40,
      "To": 22
    },
    {
      "From": 6,
      "To": 23
    },
    {
      "From": 54,
      "To": 24
    },
    {
      "From": 54,
      "To": 25
    },
    {
      "From": 40,
      "To": 26
    },
    {
      "From": 52,
      "To": 27
    },
    {
      "From": 0,
      "To": 28
    },
    {
      "From": 0,
      "To": 29
    },
    {
      "From": 0,
      "To": 30
    },
    {
      "From": 0,
      "To": 31
    },
    {
      "From": 11,
      "To": 32
    },
    {
      "From": 54,
      "To": 33
    },
    {
      "From": 29,
      "To": 34
    },
    {
      "From": 0,
      "To": 35
    },
    {
      "From": 0,
      "To": 36
    },
    {
      "From": 0,
      "To": 37
    },
    {
      "From": 43,
      "To": 38
    },
    {
      "From": 43,
      "To": 39
    },
    {
      "From": 0,
      "To": 40
    },
    {
      "From": 11,
      "To": 41
    },
    {
      "From": 12,
      "To": 42
    },
    {
      "From": 0,
      "To": 43
    },
    {
      "From": 36,
      "To": 44
    },
    {
      "From": 36,
      "To": 45
    },
    {
      "From": 43,
      "To": 46
    },
    {
      "From": 9,
      "To": 47
    },
    {
      "From": 0,
      "To": 48
    },
    {
      "From": 12,
      "To": 49
    },
    {
      "From": 12,
      "To": 50
    },
    {
      "From": 10,
      "To": 51
    },
    {
      "From": 36,
      "To": 52
    },
    {
      "From": 36,
      "To": 53
    },
    {
      "From": 10,
      "To": 54
    },
    {
      "From": 9,
      "To": 55
    },
    {
      "From": 0,
      "To": 56
    },
    {
      "From": 0,
      "To": 57
    },
    {
      "From": 0,
      "To": 58
    },
    {
      "From": 10,
      "To": 59
    },
    {
      "From": 10,
      "To": 60
    },
    {
      "From": 28,
      "To": 61
    },
    {
      "From": 28,
      "To": 62
    },
    {
      "From": 0,
      "To": 63
    }
  ],
  "OverworldCoordinates": {
    "Coneria": {
      "X": 169,
      "Y": 187
    },
    "ConeriaCastle1": {
      "X": 170,
      "Y": 186
    },
    "TempleOfFiends1": {
      "X": 186,
      "Y": 229
    },
    "Pravoka": {
      "X": 189,
      "Y": 201
    },
    "Gaia": {
      "X": 230,
      "Y": 70
    },
    "CastleOrdeals1": {
      "X": 72,
      "Y": 181
    },
    "TitansTunnelWest": {
      "X": 163,
      "Y": 39
    },
    "SardasCave": {
      "X": 199,
      "Y": 41
    },
    "EarthCave1": {
      "X": 29,
      "Y": 91
    },
    "MirageTower1": {
      "X": 24,
      "Y": 45
    },
    "Onrac": {
      "X": 230,
      "Y": 191
    },
    "TitansTunnelEast": {
      "X": 94,
      "Y": 111
    },
    "MatoyasCave": {
      "X": 78,
      "Y": 128
    },
    "DwarfCave": {
      "X": 199,
      "Y": 189
    },
    "Elfland": {
      "X": 117,
      "Y": 117
    },
    "ElflandCastle": {
      "X": 118,
      "Y": 116
    },
    "MarshCave1": {
      "X": 93,
      "Y": 37
    },
    "NorthwestCastle": {
      "X": 209,
      "Y": 162
    },
    "Melmond": {
      "X": 65,
      "Y": 85
    },
    "CrescentLake": {
      "X": 50,
      "Y": 71
    },
    "Lefein": {
      "X": 197,
      "Y": 214
    },
    "BahamutCave1": {
      "X": 237,
      "Y": 140
    },
    "Cardia1": {
      "X": 127,
      "Y": 231
    },
    "Cardia2": {
      "X": 104,
      "Y": 239
    },
    "Cardia4": {
      "X": 215,
      "Y": 200
    },
    "Cardia5": {
      "X": 166,
      "Y": 18
    },
    "Cardia6": {
      "X": 45,
      "Y": 160
    },
    "Waterfall": {
      "X": 63,
      "Y": 160
    },
    "IceCave1": {
      "X": 45,
      "Y": 107
    },
    "GurguVolcano1": {
      "X": 49,
      "Y": 139
    }
  }
}