﻿{
  "StartingLocation": {
    "X": 72,
    "Y": 186
  },
  "AirShipLocation": {
    "X": 89,
    "Y": 66
  },
  "BridgeLocation": {
    "X": 130,
    "Y": 186
  },
  "CanalLocation": {
    "X": 11,
    "Y": 168
  },
  "ShipLocations": [
    {
      "TeleporterIndex": 1,
      "X": 129,
      "Y": 193
    },
    {
      "TeleporterIndex": 9,
      "X": 129,
      "Y": 193
    },
    {
      "TeleporterIndex": 255,
      "X": 129,
      "Y": 193
    },
    {
      "TeleporterIndex": 13,
      "X": 129,
      "Y": 193
    },
    {
      "TeleporterIndex": 2,
      "X": 129,
      "Y": 193
    },
    {
      "TeleporterIndex": 24,
      "X": 129,
      "Y": 193
    },
    {
      "TeleporterIndex": 3,
      "X": 126,
      "Y": 98
    },
    {
      "TeleporterIndex": 10,
      "X": 126,
      "Y": 98
    },
    {
      "TeleporterIndex": 23,
      "X": 112,
      "Y": 30
    },
    {
      "TeleporterIndex": 11,
      "X": 112,
      "Y": 30
    },
    {
      "TeleporterIndex": 4,
      "X": 122,
      "Y": 129
    },
    {
      "TeleporterIndex": 5,
      "X": 122,
      "Y": 129
    },
    {
      "TeleporterIndex": 8,
      "X": 126,
      "Y": 98
    },
    {
      "TeleporterIndex": 29,
      "X": 126,
      "Y": 98
    }
  ],
  "TeleporterFixups": [
    {
      "Type": 1,
      "Index": 0,
      "From": null,
      "To": {
        "Map": 255,
        "X": 55,
        "Y": 113
      }
    },
    {
      "Type": 1,
      "Index": 1,
      "From": null,
      "To": {
        "Map": 255,
        "X": 60,
        "Y": 145
      }
    },
    {
      "Type": 1,
      "Index": 2,
      "From": null,
      "To": {
        "Map": 255,
        "X": 84,
        "Y": 113
      }
    },
    {
      "Type": 1,
      "Index": 3,
      "From": null,
      "To": {
        "Map": 255,
        "X": 33,
        "Y": 201
      }
    },
    {
      "Type": 1,
      "Index": 4,
      "From": null,
      "To": {
        "Map": 255,
        "X": 72,
        "Y": 184
      }
    },
    {
      "Type": 1,
      "Index": 5,
      "From": null,
      "To": {
        "Map": 255,
        "X": 20,
        "Y": 180
      }
    },
    {
      "Type": 1,
      "Index": 6,
      "From": null,
      "To": {
        "Map": 255,
        "X": 33,
        "Y": 166
      }
    },
    {
      "Type": 1,
      "Index": 7,
      "From": null,
      "To": {
        "Map": 255,
        "X": 172,
        "Y": 240
      }
    },
    {
      "Type": 1,
      "Index": 8,
      "From": null,
      "To": {
        "Map": 255,
        "X": 60,
        "Y": 216
      }
    }
  ],
  "DomainFixups": [],
  "DomainUpdates": [
    {
      "From": 0,
      "To": 0
    },
    {
      "From": 10,
      "To": 1
    },
    {
      "From": 0,
      "To": 2
    },
    {
      "From": 59,
      "To": 3
    },
    {
      "From": 59,
      "To": 4
    },
    {
      "From": 0,
      "To": 5
    },
    {
      "From": 0,
      "To": 6
    },
    {
      "From": 0,
      "To": 7
    },
    {
      "From": 0,
      "To": 8
    },
    {
      "From": 0,
      "To": 9
    },
    {
      "From": 52,
      "To": 10
    },
    {
      "From": 43,
      "To": 11
    },
    {
      "From": 59,
      "To": 12
    },
    {
      "From": 43,
      "To": 13
    },
    {
      "From": 11,
      "To": 14
    },
    {
      "From": 0,
      "To": 15
    },
    {
      "From": 6,
      "To": 16
    },
    {
      "From": 6,
      "To": 17
    },
    {
      "From": 52,
      "To": 18
    },
    {
      "From": 43,
      "To": 19
    },
    {
      "From": 43,
      "To": 20
    },
    {
      "From": 43,
      "To": 21
    },
    {
      "From": 0,
      "To": 22
    },
    {
      "From": 0,
      "To": 23
    },
    {
      "From": 6,
      "To": 24
    },
    {
      "From": 40,
      "To": 25
    },
    {
      "From": 54,
      "To": 26
    },
    {
      "From": 11,
      "To": 27
    },
    {
      "From": 11,
      "To": 28
    },
    {
      "From": 0,
      "To": 29
    },
    {
      "From": 0,
      "To": 30
    },
    {
      "From": 0,
      "To": 31
    },
    {
      "From": 1,
      "To": 32
    },
    {
      "From": 1,
      "To": 33
    },
    {
      "From": 42,
      "To": 34
    },
    {
      "From": 54,
      "To": 35
    },
    {
      "From": 29,
      "To": 36
    },
    {
      "From": 29,
      "To": 37
    },
    {
      "From": 0,
      "To": 38
    },
    {
      "From": 0,
      "To": 39
    },
    {
      "From": 12,
      "To": 40
    },
    {
      "From": 1,
      "To": 41
    },
    {
      "From": 36,
      "To": 42
    },
    {
      "From": 29,
      "To": 43
    },
    {
      "From": 29,
      "To": 44
    },
    {
      "From": 29,
      "To": 45
    },
    {
      "From": 0,
      "To": 46
    },
    {
      "From": 0,
      "To": 47
    },
    {
      "From": 12,
      "To": 48
    },
    {
      "From": 35,
      "To": 49
    },
    {
      "From": 28,
      "To": 50
    },
    {
      "From": 29,
      "To": 51
    },
    {
      "From": 29,
      "To": 52
    },
    {
      "From": 9,
      "To": 53
    },
    {
      "From": 0,
      "To": 54
    },
    {
      "From": 10,
      "To": 55
    },
    {
      "From": 0,
      "To": 56
    },
    {
      "From": 0,
      "To": 57
    },
    {
      "From": 0,
      "To": 58
    },
    {
      "From": 0,
      "To": 59
    },
    {
      "From": 9,
      "To": 60
    },
    {
      "From": 9,
      "To": 61
    },
    {
      "From": 0,
      "To": 62
    },
    {
      "From": 0,
      "To": 63
    }
  ],
  "OverworldCoordinates": {
    "Coneria": {
      "X": 71,
      "Y": 185
    },
    "ConeriaCastle1": {
      "X": 72,
      "Y": 184
    },
    "TempleOfFiends1": {
      "X": 73,
      "Y": 202
    },
    "Pravoka": {
      "X": 130,
      "Y": 189
    },
    "Gaia": {
      "X": 38,
      "Y": 92
    },
    "CastleOrdeals1": {
      "X": 33,
      "Y": 201
    },
    "TitansTunnelWest": {
      "X": 60,
      "Y": 145
    },
    "SardasCave": {
      "X": 63,
      "Y": 145
    },
    "EarthCave1": {
      "X": 20,
      "Y": 180
    },
    "MirageTower1": {
      "X": 60,
      "Y": 216
    },
    "Onrac": {
      "X": 172,
      "Y": 240
    },
    "TitansTunnelEast": {
      "X": 55,
      "Y": 113
    },
    "MatoyasCave": {
      "X": 110,
      "Y": 180
    },
    "DwarfCave": {
      "X": 64,
      "Y": 204
    },
    "Elfland": {
      "X": 88,
      "Y": 87
    },
    "ElflandCastle": {
      "X": 89,
      "Y": 86
    },
    "MarshCave1": {
      "X": 135,
      "Y": 37
    },
    "NorthwestCastle": {
      "X": 106,
      "Y": 52
    },
    "Melmond": {
      "X": 78,
      "Y": 138
    },
    "CrescentLake": {
      "X": 97,
      "Y": 141
    },
    "Lefein": {
      "X": 108,
      "Y": 91
    },
    "BahamutCave1": {
      "X": 192,
      "Y": 35
    },
    "Cardia1": {
      "X": 50,
      "Y": 13
    },
    "Cardia2": {
      "X": 126,
      "Y": 220
    },
    "Cardia4": {
      "X": 243,
      "Y": 210
    },
    "Cardia5": {
      "X": 60,
      "Y": 78
    },
    "Cardia6": {
      "X": 101,
      "Y": 108
    },
    "Waterfall": {
      "X": 44,
      "Y": 153
    },
    "IceCave1": {
      "X": 84,
      "Y": 113
    },
    "GurguVolcano1": {
      "X": 33,
      "Y": 166
    }
  }
}