﻿{
  "StartingLocation": {
    "X": 231,
    "Y": 114
  },
  "AirShipLocation": {
    "X": 140,
    "Y": 231
  },
  "BridgeLocation": {
    "X": 209,
    "Y": 133
  },
  "CanalLocation": {
    "X": 79,
    "Y": 106
  },
  "ShipLocations": [
    {
      "TeleporterIndex": 255,
      "X": 208,
      "Y": 140
    }
  ],
  "TeleporterFixups": [
    {
      "Type": 1,
      "Index": 0,
      "From": null,
      "To": {
        "Map": 255,
        "X": 134,
        "Y": 190
      }
    },
    {
      "Type": 1,
      "Index": 1,
      "From": null,
      "To": {
        "Map": 255,
        "X": 127,
        "Y": 185
      }
    },
    {
      "Type": 1,
      "Index": 2,
      "From": null,
      "To": {
        "Map": 255,
        "X": 53,
        "Y": 127
      }
    },
    {
      "Type": 1,
      "Index": 3,
      "From": null,
      "To": {
        "Map": 255,
        "X": 143,
        "Y": 168
      }
    },
    {
      "Type": 1,
      "Index": 4,
      "From": null,
      "To": {
        "Map": 255,
        "X": 231,
        "Y": 112
      }
    },
    {
      "Type": 1,
      "Index": 5,
      "From": null,
      "To": {
        "Map": 255,
        "X": 82,
        "Y": 135
      }
    },
    {
      "Type": 1,
      "Index": 6,
      "From": null,
      "To": {
        "Map": 255,
        "X": 116,
        "Y": 160
      }
    },
    {
      "Type": 1,
      "Index": 7,
      "From": null,
      "To": {
        "Map": 255,
        "X": 38,
        "Y": 141
      }
    },
    {
      "Type": 1,
      "Index": 8,
      "From": null,
      "To": {
        "Map": 255,
        "X": 27,
        "Y": 232
      }
    }
  ],
  "DomainFixups": [],
  "DomainUpdates": [
    {
      "From": 0,
      "To": 0
    },
    {
      "From": 6,
      "To": 1
    },
    {
      "From": 0,
      "To": 2
    },
    {
      "From": 0,
      "To": 3
    },
    {
      "From": 0,
      "To": 4
    },
    {
      "From": 43,
      "To": 5
    },
    {
      "From": 54,
      "To": 6
    },
    {
      "From": 54,
      "To": 7
    },
    {
      "From": 0,
      "To": 8
    },
    {
      "From": 0,
      "To": 9
    },
    {
      "From": 0,
      "To": 10
    },
    {
      "From": 0,
      "To": 11
    },
    {
      "From": 0,
      "To": 12
    },
    {
      "From": 43,
      "To": 13
    },
    {
      "From": 28,
      "To": 14
    },
    {
      "From": 54,
      "To": 15
    },
    {
      "From": 11,
      "To": 16
    },
    {
      "From": 11,
      "To": 17
    },
    {
      "From": 11,
      "To": 18
    },
    {
      "From": 0,
      "To": 19
    },
    {
      "From": 42,
      "To": 20
    },
    {
      "From": 42,
      "To": 21
    },
    {
      "From": 28,
      "To": 22
    },
    {
      "From": 54,
      "To": 23
    },
    {
      "From": 11,
      "To": 24
    },
    {
      "From": 11,
      "To": 25
    },
    {
      "From": 10,
      "To": 26
    },
    {
      "From": 10,
      "To": 27
    },
    {
      "From": 42,
      "To": 28
    },
    {
      "From": 42,
      "To": 29
    },
    {
      "From": 29,
      "To": 30
    },
    {
      "From": 36,
      "To": 31
    },
    {
      "From": 9,
      "To": 32
    },
    {
      "From": 9,
      "To": 33
    },
    {
      "From": 42,
      "To": 34
    },
    {
      "From": 10,
      "To": 35
    },
    {
      "From": 35,
      "To": 36
    },
    {
      "From": 52,
      "To": 37
    },
    {
      "From": 29,
      "To": 38
    },
    {
      "From": 0,
      "To": 39
    },
    {
      "From": 0,
      "To": 40
    },
    {
      "From": 0,
      "To": 41
    },
    {
      "From": 54,
      "To": 42
    },
    {
      "From": 54,
      "To": 43
    },
    {
      "From": 12,
      "To": 44
    },
    {
      "From": 35,
      "To": 45
    },
    {
      "From": 0,
      "To": 46
    },
    {
      "From": 0,
      "To": 47
    },
    {
      "From": 0,
      "To": 48
    },
    {
      "From": 0,
      "To": 49
    },
    {
      "From": 59,
      "To": 50
    },
    {
      "From": 59,
      "To": 51
    },
    {
      "From": 40,
      "To": 52
    },
    {
      "From": 0,
      "To": 53
    },
    {
      "From": 0,
      "To": 54
    },
    {
      "From": 0,
      "To": 55
    },
    {
      "From": 14,
      "To": 56
    },
    {
      "From": 0,
      "To": 57
    },
    {
      "From": 59,
      "To": 58
    },
    {
      "From": 11,
      "To": 59
    },
    {
      "From": 11,
      "To": 60
    },
    {
      "From": 0,
      "To": 61
    },
    {
      "From": 0,
      "To": 62
    },
    {
      "From": 0,
      "To": 63
    }
  ],
  "OverworldCoordinates": {
    "Coneria": {
      "X": 230,
      "Y": 113
    },
    "ConeriaCastle1": {
      "X": 231,
      "Y": 112
    },
    "TempleOfFiends1": {
      "X": 222,
      "Y": 83
    },
    "Pravoka": {
      "X": 209,
      "Y": 136
    },
    "Gaia": {
      "X": 56,
      "Y": 20
    },
    "CastleOrdeals1": {
      "X": 143,
      "Y": 168
    },
    "TitansTunnelWest": {
      "X": 127,
      "Y": 185
    },
    "SardasCave": {
      "X": 130,
      "Y": 183
    },
    "EarthCave1": {
      "X": 82,
      "Y": 135
    },
    "MirageTower1": {
      "X": 27,
      "Y": 232
    },
    "Onrac": {
      "X": 38,
      "Y": 141
    },
    "TitansTunnelEast": {
      "X": 134,
      "Y": 190
    },
    "MatoyasCave": {
      "X": 208,
      "Y": 126
    },
    "DwarfCave": {
      "X": 151,
      "Y": 158
    },
    "Elfland": {
      "X": 182,
      "Y": 149
    },
    "ElflandCastle": {
      "X": 183,
      "Y": 148
    },
    "MarshCave1": {
      "X": 107,
      "Y": 225
    },
    "NorthwestCastle": {
      "X": 194,
      "Y": 98
    },
    "Melmond": {
      "X": 137,
      "Y": 93
    },
    "CrescentLake": {
      "X": 233,
      "Y": 71
    },
    "Lefein": {
      "X": 111,
      "Y": 118
    },
    "BahamutCave1": {
      "X": 221,
      "Y": 150
    },
    "Cardia1": {
      "X": 37,
      "Y": 27
    },
    "Cardia2": {
      "X": 164,
      "Y": 132
    },
    "Cardia4": {
      "X": 116,
      "Y": 131
    },
    "Cardia5": {
      "X": 28,
      "Y": 111
    },
    "Cardia6": {
      "X": 108,
      "Y": 240
    },
    "Waterfall": {
      "X": 113,
      "Y": 196
    },
    "IceCave1": {
      "X": 53,
      "Y": 127
    },
    "GurguVolcano1": {
      "X": 116,
      "Y": 160
    }
  }
}