﻿{
  "StartingLocation": {
    "X": 64,
    "Y": 25
  },
  "AirShipLocation": {
    "X": 92,
    "Y": 148
  },
  "BridgeLocation": {
    "X": 107,
    "Y": 77
  },
  "CanalLocation": {
    "X": 90,
    "Y": 232
  },
  "ShipLocations": [
    {
      "TeleporterIndex": 255,
      "X": 106,
      "Y": 84
    }
  ],
  "TeleporterFixups": [
    {
      "Type": 1,
      "Index": 0,
      "From": null,
      "To": {
        "Map": 255,
        "X": 92,
        "Y": 73
      }
    },
    {
      "Type": 1,
      "Index": 1,
      "From": null,
      "To": {
        "Map": 255,
        "X": 66,
        "Y": 174
      }
    },
    {
      "Type": 1,
      "Index": 2,
      "From": null,
      "To": {
        "Map": 255,
        "X": 83,
        "Y": 170
      }
    },
    {
      "Type": 1,
      "Index": 3,
      "From": null,
      "To": {
        "Map": 255,
        "X": 117,
        "Y": 181
      }
    },
    {
      "Type": 1,
      "Index": 4,
      "From": null,
      "To": {
        "Map": 255,
        "X": 64,
        "Y": 23
      }
    },
    {
      "Type": 1,
      "Index": 5,
      "From": null,
      "To": {
        "Map": 255,
        "X": 62,
        "Y": 233
      }
    },
    {
      "Type": 1,
      "Index": 6,
      "From": null,
      "To": {
        "Map": 255,
        "X": 44,
        "Y": 54
      }
    },
    {
      "Type": 1,
      "Index": 7,
      "From": null,
      "To": {
        "Map": 255,
        "X": 207,
        "Y": 16
      }
    },
    {
      "Type": 1,
      "Index": 8,
      "From": null,
      "To": {
        "Map": 255,
        "X": 87,
        "Y": 203
      }
    }
  ],
  "DomainFixups": [],
  "DomainUpdates": [
    {
      "From": 36,
      "To": 0
    },
    {
      "From": 36,
      "To": 1
    },
    {
      "From": 36,
      "To": 2
    },
    {
      "From": 11,
      "To": 3
    },
    {
      "From": 11,
      "To": 4
    },
    {
      "From": 6,
      "To": 5
    },
    {
      "From": 9,
      "To": 6
    },
    {
      "From": 0,
      "To": 7
    },
    {
      "From": 52,
      "To": 8
    },
    {
      "From": 52,
      "To": 9
    },
    {
      "From": 54,
      "To": 10
    },
    {
      "From": 54,
      "To": 11
    },
    {
      "From": 10,
      "To": 12
    },
    {
      "From": 6,
      "To": 13
    },
    {
      "From": 11,
      "To": 14
    },
    {
      "From": 0,
      "To": 15
    },
    {
      "From": 52,
      "To": 16
    },
    {
      "From": 40,
      "To": 17
    },
    {
      "From": 40,
      "To": 18
    },
    {
      "From": 40,
      "To": 19
    },
    {
      "From": 35,
      "To": 20
    },
    {
      "From": 43,
      "To": 21
    },
    {
      "From": 29,
      "To": 22
    },
    {
      "From": 29,
      "To": 23
    },
    {
      "From": 0,
      "To": 24
    },
    {
      "From": 0,
      "To": 25
    },
    {
      "From": 59,
      "To": 26
    },
    {
      "From": 35,
      "To": 27
    },
    {
      "From": 35,
      "To": 28
    },
    {
      "From": 0,
      "To": 29
    },
    {
      "From": 43,
      "To": 30
    },
    {
      "From": 29,
      "To": 31
    },
    {
      "From": 0,
      "To": 32
    },
    {
      "From": 59,
      "To": 33
    },
    {
      "From": 59,
      "To": 34
    },
    {
      "From": 54,
      "To": 35
    },
    {
      "From": 0,
      "To": 36
    },
    {
      "From": 0,
      "To": 37
    },
    {
      "From": 10,
      "To": 38
    },
    {
      "From": 10,
      "To": 39
    },
    {
      "From": 42,
      "To": 40
    },
    {
      "From": 1,
      "To": 41
    },
    {
      "From": 54,
      "To": 42
    },
    {
      "From": 12,
      "To": 43
    },
    {
      "From": 0,
      "To": 44
    },
    {
      "From": 0,
      "To": 45
    },
    {
      "From": 10,
      "To": 46
    },
    {
      "From": 0,
      "To": 47
    },
    {
      "From": 1,
      "To": 48
    },
    {
      "From": 1,
      "To": 49
    },
    {
      "From": 14,
      "To": 50
    },
    {
      "From": 14,
      "To": 51
    },
    {
      "From": 0,
      "To": 52
    },
    {
      "From": 0,
      "To": 53
    },
    {
      "From": 0,
      "To": 54
    },
    {
      "From": 0,
      "To": 55
    },
    {
      "From": 0,
      "To": 56
    },
    {
      "From": 42,
      "To": 57
    },
    {
      "From": 42,
      "To": 58
    },
    {
      "From": 42,
      "To": 59
    },
    {
      "From": 0,
      "To": 60
    },
    {
      "From": 0,
      "To": 61
    },
    {
      "From": 0,
      "To": 62
    },
    {
      "From": 0,
      "To": 63
    }
  ],
  "OverworldCoordinates": {
    "Coneria": {
      "X": 63,
      "Y": 24
    },
    "ConeriaCastle1": {
      "X": 64,
      "Y": 23
    },
    "TempleOfFiends1": {
      "X": 76,
      "Y": 35
    },
    "Pravoka": {
      "X": 107,
      "Y": 80
    },
    "Gaia": {
      "X": 175,
      "Y": 33
    },
    "CastleOrdeals1": {
      "X": 117,
      "Y": 181
    },
    "TitansTunnelWest": {
      "X": 66,
      "Y": 174
    },
    "SardasCave": {
      "X": 64,
      "Y": 174
    },
    "EarthCave1": {
      "X": 62,
      "Y": 233
    },
    "MirageTower1": {
      "X": 87,
      "Y": 203
    },
    "Onrac": {
      "X": 207,
      "Y": 16
    },
    "TitansTunnelEast": {
      "X": 92,
      "Y": 73
    },
    "MatoyasCave": {
      "X": 221,
      "Y": 83
    },
    "DwarfCave": {
      "X": 134,
      "Y": 99
    },
    "Elfland": {
      "X": 58,
      "Y": 45
    },
    "ElflandCastle": {
      "X": 59,
      "Y": 44
    },
    "MarshCave1": {
      "X": 46,
      "Y": 152
    },
    "NorthwestCastle": {
      "X": 201,
      "Y": 96
    },
    "Melmond": {
      "X": 15,
      "Y": 180
    },
    "CrescentLake": {
      "X": 81,
      "Y": 51
    },
    "Lefein": {
      "X": 27,
      "Y": 77
    },
    "BahamutCave1": {
      "X": 215,
      "Y": 54
    },
    "Cardia1": {
      "X": 143,
      "Y": 41
    },
    "Cardia2": {
      "X": 223,
      "Y": 157
    },
    "Cardia4": {
      "X": 160,
      "Y": 75
    },
    "Cardia5": {
      "X": 124,
      "Y": 12
    },
    "Cardia6": {
      "X": 121,
      "Y": 29
    },
    "Waterfall": {
      "X": 52,
      "Y": 182
    },
    "IceCave1": {
      "X": 83,
      "Y": 170
    },
    "GurguVolcano1": {
      "X": 44,
      "Y": 54
    }
  }
}