﻿{
  "StartingLocation": {
    "X": 101,
    "Y": 176
  },
  "AirShipLocation": {
    "X": 129,
    "Y": 236
  },
  "BridgeLocation": {
    "X": 80,
    "Y": 228
  },
  "CanalLocation": {
    "X": 192,
    "Y": 114
  },
  "ShipLocations": [
    {
      "TeleporterIndex": 255,
      "X": 79,
      "Y": 235
    }
  ],
  "TeleporterFixups": [
    {
      "Type": 1,
      "Index": 0,
      "From": null,
      "To": {
        "Map": 255,
        "X": 195,
        "Y": 181
      }
    },
    {
      "Type": 1,
      "Index": 1,
      "From": null,
      "To": {
        "Map": 255,
        "X": 203,
        "Y": 183
      }
    },
    {
      "Type": 1,
      "Index": 2,
      "From": null,
      "To": {
        "Map": 255,
        "X": 158,
        "Y": 217
      }
    },
    {
      "Type": 1,
      "Index": 3,
      "From": null,
      "To": {
        "Map": 255,
        "X": 193,
        "Y": 200
      }
    },
    {
      "Type": 1,
      "Index": 4,
      "From": null,
      "To": {
        "Map": 255,
        "X": 101,
        "Y": 174
      }
    },
    {
      "Type": 1,
      "Index": 5,
      "From": null,
      "To": {
        "Map": 255,
        "X": 203,
        "Y": 130
      }
    },
    {
      "Type": 1,
      "Index": 6,
      "From": null,
      "To": {
        "Map": 255,
        "X": 179,
        "Y": 187
      }
    },
    {
      "Type": 1,
      "Index": 7,
      "From": null,
      "To": {
        "Map": 255,
        "X": 175,
        "Y": 225
      }
    },
    {
      "Type": 1,
      "Index": 8,
      "From": null,
      "To": {
        "Map": 255,
        "X": 219,
        "Y": 129
      }
    }
  ],
  "DomainFixups": [],
  "DomainUpdates": [
    {
      "From": 0,
      "To": 0
    },
    {
      "From": 11,
      "To": 1
    },
    {
      "From": 0,
      "To": 2
    },
    {
      "From": 42,
      "To": 3
    },
    {
      "From": 42,
      "To": 4
    },
    {
      "From": 0,
      "To": 5
    },
    {
      "From": 0,
      "To": 6
    },
    {
      "From": 0,
      "To": 7
    },
    {
      "From": 52,
      "To": 8
    },
    {
      "From": 52,
      "To": 9
    },
    {
      "From": 0,
      "To": 10
    },
    {
      "From": 42,
      "To": 11
    },
    {
      "From": 42,
      "To": 12
    },
    {
      "From": 0,
      "To": 13
    },
    {
      "From": 0,
      "To": 14
    },
    {
      "From": 0,
      "To": 15
    },
    {
      "From": 52,
      "To": 16
    },
    {
      "From": 52,
      "To": 17
    },
    {
      "From": 52,
      "To": 18
    },
    {
      "From": 0,
      "To": 19
    },
    {
      "From": 0,
      "To": 20
    },
    {
      "From": 42,
      "To": 21
    },
    {
      "From": 42,
      "To": 22
    },
    {
      "From": 11,
      "To": 23
    },
    {
      "From": 0,
      "To": 24
    },
    {
      "From": 52,
      "To": 25
    },
    {
      "From": 0,
      "To": 26
    },
    {
      "From": 0,
      "To": 27
    },
    {
      "From": 0,
      "To": 28
    },
    {
      "From": 42,
      "To": 29
    },
    {
      "From": 14,
      "To": 30
    },
    {
      "From": 14,
      "To": 31
    },
    {
      "From": 0,
      "To": 32
    },
    {
      "From": 0,
      "To": 33
    },
    {
      "From": 43,
      "To": 34
    },
    {
      "From": 43,
      "To": 35
    },
    {
      "From": 11,
      "To": 36
    },
    {
      "From": 42,
      "To": 37
    },
    {
      "From": 42,
      "To": 38
    },
    {
      "From": 14,
      "To": 39
    },
    {
      "From": 54,
      "To": 40
    },
    {
      "From": 10,
      "To": 41
    },
    {
      "From": 59,
      "To": 42
    },
    {
      "From": 43,
      "To": 43
    },
    {
      "From": 1,
      "To": 44
    },
    {
      "From": 1,
      "To": 45
    },
    {
      "From": 40,
      "To": 46
    },
    {
      "From": 40,
      "To": 47
    },
    {
      "From": 54,
      "To": 48
    },
    {
      "From": 10,
      "To": 49
    },
    {
      "From": 59,
      "To": 50
    },
    {
      "From": 29,
      "To": 51
    },
    {
      "From": 54,
      "To": 52
    },
    {
      "From": 9,
      "To": 53
    },
    {
      "From": 40,
      "To": 54
    },
    {
      "From": 40,
      "To": 55
    },
    {
      "From": 10,
      "To": 56
    },
    {
      "From": 10,
      "To": 57
    },
    {
      "From": 28,
      "To": 58
    },
    {
      "From": 28,
      "To": 59
    },
    {
      "From": 35,
      "To": 60
    },
    {
      "From": 9,
      "To": 61
    },
    {
      "From": 10,
      "To": 62
    },
    {
      "From": 10,
      "To": 63
    }
  ],
  "OverworldCoordinates": {
    "Coneria": {
      "X": 100,
      "Y": 175
    },
    "ConeriaCastle1": {
      "X": 101,
      "Y": 174
    },
    "TempleOfFiends1": {
      "X": 109,
      "Y": 230
    },
    "Pravoka": {
      "X": 80,
      "Y": 231
    },
    "Gaia": {
      "X": 18,
      "Y": 38
    },
    "CastleOrdeals1": {
      "X": 193,
      "Y": 200
    },
    "TitansTunnelWest": {
      "X": 203,
      "Y": 183
    },
    "SardasCave": {
      "X": 205,
      "Y": 183
    },
    "EarthCave1": {
      "X": 203,
      "Y": 130
    },
    "MirageTower1": {
      "X": 219,
      "Y": 129
    },
    "Onrac": {
      "X": 175,
      "Y": 225
    },
    "TitansTunnelEast": {
      "X": 195,
      "Y": 181
    },
    "MatoyasCave": {
      "X": 119,
      "Y": 214
    },
    "DwarfCave": {
      "X": 127,
      "Y": 229
    },
    "Elfland": {
      "X": 50,
      "Y": 55
    },
    "ElflandCastle": {
      "X": 51,
      "Y": 54
    },
    "MarshCave1": {
      "X": 109,
      "Y": 190
    },
    "NorthwestCastle": {
      "X": 117,
      "Y": 155
    },
    "Melmond": {
      "X": 133,
      "Y": 22
    },
    "CrescentLake": {
      "X": 24,
      "Y": 188
    },
    "Lefein": {
      "X": 50,
      "Y": 88
    },
    "BahamutCave1": {
      "X": 156,
      "Y": 137
    },
    "Cardia1": {
      "X": 131,
      "Y": 130
    },
    "Cardia2": {
      "X": 40,
      "Y": 217
    },
    "Cardia4": {
      "X": 224,
      "Y": 238
    },
    "Cardia5": {
      "X": 55,
      "Y": 12
    },
    "Cardia6": {
      "X": 232,
      "Y": 67
    },
    "Waterfall": {
      "X": 144,
      "Y": 174
    },
    "IceCave1": {
      "X": 158,
      "Y": 217
    },
    "GurguVolcano1": {
      "X": 179,
      "Y": 187
    }
  }
}