﻿{
  "StartingLocation": {
    "X": 102,
    "Y": 140
  },
  "AirShipLocation": {
    "X": 149,
    "Y": 66
  },
  "BridgeLocation": {
    "X": 108,
    "Y": 108
  },
  "CanalLocation": {
    "X": 106,
    "Y": 233
  },
  "ShipLocations": [
    {
      "TeleporterIndex": 255,
      "X": 107,
      "Y": 115
    }
  ],
  "TeleporterFixups": [
    {
      "Type": 1,
      "Index": 0,
      "From": null,
      "To": {
        "Map": 255,
        "X": 16,
        "Y": 185
      }
    },
    {
      "Type": 1,
      "Index": 1,
      "From": null,
      "To": {
        "Map": 255,
        "X": 56,
        "Y": 24
      }
    },
    {
      "Type": 1,
      "Index": 2,
      "From": null,
      "To": {
        "Map": 255,
        "X": 44,
        "Y": 178
      }
    },
    {
      "Type": 1,
      "Index": 3,
      "From": null,
      "To": {
        "Map": 255,
        "X": 68,
        "Y": 164
      }
    },
    {
      "Type": 1,
      "Index": 4,
      "From": null,
      "To": {
        "Map": 255,
        "X": 102,
        "Y": 138
      }
    },
    {
      "Type": 1,
      "Index": 5,
      "From": null,
      "To": {
        "Map": 255,
        "X": 95,
        "Y": 208
      }
    },
    {
      "Type": 1,
      "Index": 6,
      "From": null,
      "To": {
        "Map": 255,
        "X": 54,
        "Y": 196
      }
    },
    {
      "Type": 1,
      "Index": 7,
      "From": null,
      "To": {
        "Map": 255,
        "X": 132,
        "Y": 212
      }
    },
    {
      "Type": 1,
      "Index": 8,
      "From": null,
      "To": {
        "Map": 255,
        "X": 21,
        "Y": 156
      }
    }
  ],
  "DomainFixups": [],
  "DomainUpdates": [
    {
      "From": 40,
      "To": 0
    },
    {
      "From": 40,
      "To": 1
    },
    {
      "From": 40,
      "To": 2
    },
    {
      "From": 59,
      "To": 3
    },
    {
      "From": 52,
      "To": 4
    },
    {
      "From": 0,
      "To": 5
    },
    {
      "From": 11,
      "To": 6
    },
    {
      "From": 0,
      "To": 7
    },
    {
      "From": 0,
      "To": 8
    },
    {
      "From": 0,
      "To": 9
    },
    {
      "From": 40,
      "To": 10
    },
    {
      "From": 28,
      "To": 11
    },
    {
      "From": 28,
      "To": 12
    },
    {
      "From": 0,
      "To": 13
    },
    {
      "From": 0,
      "To": 14
    },
    {
      "From": 10,
      "To": 15
    },
    {
      "From": 0,
      "To": 16
    },
    {
      "From": 0,
      "To": 17
    },
    {
      "From": 43,
      "To": 18
    },
    {
      "From": 43,
      "To": 19
    },
    {
      "From": 35,
      "To": 20
    },
    {
      "From": 35,
      "To": 21
    },
    {
      "From": 0,
      "To": 22
    },
    {
      "From": 6,
      "To": 23
    },
    {
      "From": 0,
      "To": 24
    },
    {
      "From": 42,
      "To": 25
    },
    {
      "From": 42,
      "To": 26
    },
    {
      "From": 29,
      "To": 27
    },
    {
      "From": 29,
      "To": 28
    },
    {
      "From": 35,
      "To": 29
    },
    {
      "From": 0,
      "To": 30
    },
    {
      "From": 0,
      "To": 31
    },
    {
      "From": 14,
      "To": 32
    },
    {
      "From": 42,
      "To": 33
    },
    {
      "From": 36,
      "To": 34
    },
    {
      "From": 36,
      "To": 35
    },
    {
      "From": 36,
      "To": 36
    },
    {
      "From": 0,
      "To": 37
    },
    {
      "From": 0,
      "To": 38
    },
    {
      "From": 0,
      "To": 39
    },
    {
      "From": 40,
      "To": 40
    },
    {
      "From": 54,
      "To": 41
    },
    {
      "From": 54,
      "To": 42
    },
    {
      "From": 54,
      "To": 43
    },
    {
      "From": 36,
      "To": 44
    },
    {
      "From": 0,
      "To": 45
    },
    {
      "From": 0,
      "To": 46
    },
    {
      "From": 0,
      "To": 47
    },
    {
      "From": 40,
      "To": 48
    },
    {
      "From": 54,
      "To": 49
    },
    {
      "From": 42,
      "To": 50
    },
    {
      "From": 9,
      "To": 51
    },
    {
      "From": 9,
      "To": 52
    },
    {
      "From": 11,
      "To": 53
    },
    {
      "From": 0,
      "To": 54
    },
    {
      "From": 0,
      "To": 55
    },
    {
      "From": 40,
      "To": 56
    },
    {
      "From": 1,
      "To": 57
    },
    {
      "From": 1,
      "To": 58
    },
    {
      "From": 9,
      "To": 59
    },
    {
      "From": 9,
      "To": 60
    },
    {
      "From": 11,
      "To": 61
    },
    {
      "From": 0,
      "To": 62
    },
    {
      "From": 0,
      "To": 63
    }
  ],
  "OverworldCoordinates": {
    "Coneria": {
      "X": 101,
      "Y": 139
    },
    "ConeriaCastle1": {
      "X": 102,
      "Y": 138
    },
    "TempleOfFiends1": {
      "X": 135,
      "Y": 49
    },
    "Pravoka": {
      "X": 108,
      "Y": 111
    },
    "Gaia": {
      "X": 238,
      "Y": 67
    },
    "CastleOrdeals1": {
      "X": 68,
      "Y": 164
    },
    "TitansTunnelWest": {
      "X": 56,
      "Y": 24
    },
    "SardasCave": {
      "X": 60,
      "Y": 23
    },
    "EarthCave1": {
      "X": 95,
      "Y": 208
    },
    "MirageTower1": {
      "X": 21,
      "Y": 156
    },
    "Onrac": {
      "X": 132,
      "Y": 212
    },
    "TitansTunnelEast": {
      "X": 16,
      "Y": 185
    },
    "MatoyasCave": {
      "X": 117,
      "Y": 109
    },
    "DwarfCave": {
      "X": 157,
      "Y": 91
    },
    "Elfland": {
      "X": 137,
      "Y": 21
    },
    "ElflandCastle": {
      "X": 138,
      "Y": 20
    },
    "MarshCave1": {
      "X": 124,
      "Y": 32
    },
    "NorthwestCastle": {
      "X": 106,
      "Y": 90
    },
    "Melmond": {
      "X": 50,
      "Y": 128
    },
    "CrescentLake": {
      "X": 89,
      "Y": 174
    },
    "Lefein": {
      "X": 121,
      "Y": 226
    },
    "BahamutCave1": {
      "X": 170,
      "Y": 223
    },
    "Cardia1": {
      "X": 232,
      "Y": 38
    },
    "Cardia2": {
      "X": 13,
      "Y": 239
    },
    "Cardia4": {
      "X": 88,
      "Y": 240
    },
    "Cardia5": {
      "X": 18,
      "Y": 131
    },
    "Cardia6": {
      "X": 199,
      "Y": 16
    },
    "Waterfall": {
      "X": 73,
      "Y": 220
    },
    "IceCave1": {
      "X": 44,
      "Y": 178
    },
    "GurguVolcano1": {
      "X": 54,
      "Y": 196
    }
  }
}