﻿{
  "StartingLocation": {
    "X": 130,
    "Y": 182
  },
  "AirShipLocation": {
    "X": 59,
    "Y": 162
  },
  "BridgeLocation": {
    "X": 132,
    "Y": 225
  },
  "CanalLocation": {
    "X": 207,
    "Y": 33
  },
  "ShipLocations": [
    {
      "TeleporterIndex": 255,
      "X": 131,
      "Y": 232
    }
  ],
  "TeleporterFixups": [
    {
      "Type": 1,
      "Index": 0,
      "From": null,
      "To": {
        "Map": 255,
        "X": 152,
        "Y": 191
      }
    },
    {
      "Type": 1,
      "Index": 1,
      "From": null,
      "To": {
        "Map": 255,
        "X": 201,
        "Y": 181
      }
    },
    {
      "Type": 1,
      "Index": 2,
      "From": null,
      "To": {
        "Map": 255,
        "X": 87,
        "Y": 185
      }
    },
    {
      "Type": 1,
      "Index": 3,
      "From": null,
      "To": {
        "Map": 255,
        "X": 96,
        "Y": 233
      }
    },
    {
      "Type": 1,
      "Index": 4,
      "From": null,
      "To": {
        "Map": 255,
        "X": 130,
        "Y": 180
      }
    },
    {
      "Type": 1,
      "Index": 5,
      "From": null,
      "To": {
        "Map": 255,
        "X": 186,
        "Y": 49
      }
    },
    {
      "Type": 1,
      "Index": 6,
      "From": null,
      "To": {
        "Map": 255,
        "X": 70,
        "Y": 194
      }
    },
    {
      "Type": 1,
      "Index": 7,
      "From": null,
      "To": {
        "Map": 255,
        "X": 232,
        "Y": 40
      }
    },
    {
      "Type": 1,
      "Index": 8,
      "From": null,
      "To": {
        "Map": 255,
        "X": 104,
        "Y": 216
      }
    }
  ],
  "DomainFixups": [],
  "DomainUpdates": [
    {
      "From": 0,
      "To": 0
    },
    {
      "From": 0,
      "To": 1
    },
    {
      "From": 11,
      "To": 2
    },
    {
      "From": 0,
      "To": 3
    },
    {
      "From": 0,
      "To": 4
    },
    {
      "From": 11,
      "To": 5
    },
    {
      "From": 42,
      "To": 6
    },
    {
      "From": 0,
      "To": 7
    },
    {
      "From": 0,
      "To": 8
    },
    {
      "From": 0,
      "To": 9
    },
    {
      "From": 6,
      "To": 10
    },
    {
      "From": 0,
      "To": 11
    },
    {
      "From": 0,
      "To": 12
    },
    {
      "From": 42,
      "To": 13
    },
    {
      "From": 42,
      "To": 14
    },
    {
      "From": 9,
      "To": 15
    },
    {
      "From": 0,
      "To": 16
    },
    {
      "From": 10,
      "To": 17
    },
    {
      "From": 6,
      "To": 18
    },
    {
      "From": 0,
      "To": 19
    },
    {
      "From": 0,
      "To": 20
    },
    {
      "From": 11,
      "To": 21
    },
    {
      "From": 11,
      "To": 22
    },
    {
      "From": 0,
      "To": 23
    },
    {
      "From": 0,
      "To": 24
    },
    {
      "From": 0,
      "To": 25
    },
    {
      "From": 0,
      "To": 26
    },
    {
      "From": 0,
      "To": 27
    },
    {
      "From": 0,
      "To": 28
    },
    {
      "From": 11,
      "To": 29
    },
    {
      "From": 35,
      "To": 30
    },
    {
      "From": 0,
      "To": 31
    },
    {
      "From": 0,
      "To": 32
    },
    {
      "From": 54,
      "To": 33
    },
    {
      "From": 54,
      "To": 34
    },
    {
      "From": 0,
      "To": 35
    },
    {
      "From": 59,
      "To": 36
    },
    {
      "From": 59,
      "To": 37
    },
    {
      "From": 35,
      "To": 38
    },
    {
      "From": 35,
      "To": 39
    },
    {
      "From": 10,
      "To": 40
    },
    {
      "From": 54,
      "To": 41
    },
    {
      "From": 36,
      "To": 42
    },
    {
      "From": 36,
      "To": 43
    },
    {
      "From": 36,
      "To": 44
    },
    {
      "From": 59,
      "To": 45
    },
    {
      "From": 42,
      "To": 46
    },
    {
      "From": 42,
      "To": 47
    },
    {
      "From": 0,
      "To": 48
    },
    {
      "From": 43,
      "To": 49
    },
    {
      "From": 54,
      "To": 50
    },
    {
      "From": 14,
      "To": 51
    },
    {
      "From": 40,
      "To": 52
    },
    {
      "From": 52,
      "To": 53
    },
    {
      "From": 42,
      "To": 54
    },
    {
      "From": 54,
      "To": 55
    },
    {
      "From": 0,
      "To": 56
    },
    {
      "From": 43,
      "To": 57
    },
    {
      "From": 12,
      "To": 58
    },
    {
      "From": 14,
      "To": 59
    },
    {
      "From": 14,
      "To": 60
    },
    {
      "From": 29,
      "To": 61
    },
    {
      "From": 54,
      "To": 62
    },
    {
      "From": 54,
      "To": 63
    }
  ],
  "OverworldCoordinates": {
    "Coneria": {
      "X": 129,
      "Y": 181
    },
    "ConeriaCastle1": {
      "X": 130,
      "Y": 180
    },
    "TempleOfFiends1": {
      "X": 184,
      "Y": 218
    },
    "Pravoka": {
      "X": 132,
      "Y": 228
    },
    "Gaia": {
      "X": 85,
      "Y": 61
    },
    "CastleOrdeals1": {
      "X": 96,
      "Y": 233
    },
    "TitansTunnelWest": {
      "X": 201,
      "Y": 181
    },
    "SardasCave": {
      "X": 203,
      "Y": 181
    },
    "EarthCave1": {
      "X": 186,
      "Y": 49
    },
    "MirageTower1": {
      "X": 104,
      "Y": 216
    },
    "Onrac": {
      "X": 232,
      "Y": 40
    },
    "TitansTunnelEast": {
      "X": 152,
      "Y": 191
    },
    "MatoyasCave": {
      "X": 172,
      "Y": 219
    },
    "DwarfCave": {
      "X": 209,
      "Y": 128
    },
    "Elfland": {
      "X": 177,
      "Y": 196
    },
    "ElflandCastle": {
      "X": 178,
      "Y": 195
    },
    "MarshCave1": {
      "X": 182,
      "Y": 148
    },
    "NorthwestCastle": {
      "X": 50,
      "Y": 230
    },
    "Melmond": {
      "X": 192,
      "Y": 199
    },
    "CrescentLake": {
      "X": 222,
      "Y": 215
    },
    "Lefein": {
      "X": 163,
      "Y": 203
    },
    "BahamutCave1": {
      "X": 163,
      "Y": 22
    },
    "Cardia1": {
      "X": 16,
      "Y": 170
    },
    "Cardia2": {
      "X": 182,
      "Y": 25
    },
    "Cardia4": {
      "X": 52,
      "Y": 90
    },
    "Cardia5": {
      "X": 194,
      "Y": 95
    },
    "Cardia6": {
      "X": 86,
      "Y": 19
    },
    "Waterfall": {
      "X": 86,
      "Y": 208
    },
    "IceCave1": {
      "X": 87,
      "Y": 185
    },
    "GurguVolcano1": {
      "X": 70,
      "Y": 194
    }
  }
}