﻿{
  "StartingLocation": {
    "X": 190,
    "Y": 171
  },
  "AirShipLocation": {
    "X": 73,
    "Y": 33
  },
  "BridgeLocation": {
    "X": 227,
    "Y": 199
  },
  "CanalLocation": {
    "X": 148,
    "Y": 49
  },
  "ShipLocations": [
    {
      "TeleporterIndex": 255,
      "X": 226,
      "Y": 206
    }
  ],
  "TeleporterFixups": [
    {
      "Type": 1,
      "Index": 0,
      "From": null,
      "To": {
        "Map": 255,
        "X": 209,
        "Y": 150
      }
    },
    {
      "Type": 1,
      "Index": 1,
      "From": null,
      "To": {
        "Map": 255,
        "X": 129,
        "Y": 173
      }
    },
    {
      "Type": 1,
      "Index": 2,
      "From": null,
      "To": {
        "Map": 255,
        "X": 123,
        "Y": 196
      }
    },
    {
      "Type": 1,
      "Index": 3,
      "From": null,
      "To": {
        "Map": 255,
        "X": 120,
        "Y": 181
      }
    },
    {
      "Type": 1,
      "Index": 4,
      "From": null,
      "To": {
        "Map": 255,
        "X": 190,
        "Y": 169
      }
    },
    {
      "Type": 1,
      "Index": 5,
      "From": null,
      "To": {
        "Map": 255,
        "X": 188,
        "Y": 40
      }
    },
    {
      "Type": 1,
      "Index": 6,
      "From": null,
      "To": {
        "Map": 255,
        "X": 119,
        "Y": 214
      }
    },
    {
      "Type": 1,
      "Index": 7,
      "From": null,
      "To": {
        "Map": 255,
        "X": 225,
        "Y": 58
      }
    },
    {
      "Type": 1,
      "Index": 8,
      "From": null,
      "To": {
        "Map": 255,
        "X": 137,
        "Y": 219
      }
    }
  ],
  "DomainFixups": [],
  "DomainUpdates": [
    {
      "From": 52,
      "To": 0
    },
    {
      "From": 35,
      "To": 1
    },
    {
      "From": 35,
      "To": 2
    },
    {
      "From": 43,
      "To": 3
    },
    {
      "From": 43,
      "To": 4
    },
    {
      "From": 42,
      "To": 5
    },
    {
      "From": 42,
      "To": 6
    },
    {
      "From": 0,
      "To": 7
    },
    {
      "From": 52,
      "To": 8
    },
    {
      "From": 35,
      "To": 9
    },
    {
      "From": 43,
      "To": 10
    },
    {
      "From": 43,
      "To": 11
    },
    {
      "From": 42,
      "To": 12
    },
    {
      "From": 42,
      "To": 13
    },
    {
      "From": 42,
      "To": 14
    },
    {
      "From": 9,
      "To": 15
    },
    {
      "From": 11,
      "To": 16
    },
    {
      "From": 6,
      "To": 17
    },
    {
      "From": 6,
      "To": 18
    },
    {
      "From": 0,
      "To": 19
    },
    {
      "From": 0,
      "To": 20
    },
    {
      "From": 11,
      "To": 21
    },
    {
      "From": 11,
      "To": 22
    },
    {
      "From": 9,
      "To": 23
    },
    {
      "From": 11,
      "To": 24
    },
    {
      "From": 6,
      "To": 25
    },
    {
      "From": 6,
      "To": 26
    },
    {
      "From": 0,
      "To": 27
    },
    {
      "From": 0,
      "To": 28
    },
    {
      "From": 11,
      "To": 29
    },
    {
      "From": 11,
      "To": 30
    },
    {
      "From": 10,
      "To": 31
    },
    {
      "From": 0,
      "To": 32
    },
    {
      "From": 0,
      "To": 33
    },
    {
      "From": 0,
      "To": 34
    },
    {
      "From": 12,
      "To": 35
    },
    {
      "From": 1,
      "To": 36
    },
    {
      "From": 28,
      "To": 37
    },
    {
      "From": 40,
      "To": 38
    },
    {
      "From": 40,
      "To": 39
    },
    {
      "From": 10,
      "To": 40
    },
    {
      "From": 0,
      "To": 41
    },
    {
      "From": 0,
      "To": 42
    },
    {
      "From": 12,
      "To": 43
    },
    {
      "From": 28,
      "To": 44
    },
    {
      "From": 59,
      "To": 45
    },
    {
      "From": 11,
      "To": 46
    },
    {
      "From": 29,
      "To": 47
    },
    {
      "From": 0,
      "To": 48
    },
    {
      "From": 0,
      "To": 49
    },
    {
      "From": 10,
      "To": 50
    },
    {
      "From": 54,
      "To": 51
    },
    {
      "From": 14,
      "To": 52
    },
    {
      "From": 59,
      "To": 53
    },
    {
      "From": 29,
      "To": 54
    },
    {
      "From": 29,
      "To": 55
    },
    {
      "From": 0,
      "To": 56
    },
    {
      "From": 0,
      "To": 57
    },
    {
      "From": 0,
      "To": 58
    },
    {
      "From": 54,
      "To": 59
    },
    {
      "From": 14,
      "To": 60
    },
    {
      "From": 42,
      "To": 61
    },
    {
      "From": 42,
      "To": 62
    },
    {
      "From": 42,
      "To": 63
    }
  ],
  "OverworldCoordinates": {
    "Coneria": {
      "X": 189,
      "Y": 170
    },
    "ConeriaCastle1": {
      "X": 190,
      "Y": 169
    },
    "TempleOfFiends1": {
      "X": 154,
      "Y": 159
    },
    "Pravoka": {
      "X": 227,
      "Y": 202
    },
    "Gaia": {
      "X": 67,
      "Y": 108
    },
    "CastleOrdeals1": {
      "X": 120,
      "Y": 181
    },
    "TitansTunnelWest": {
      "X": 129,
      "Y": 173
    },
    "SardasCave": {
      "X": 131,
      "Y": 173
    },
    "EarthCave1": {
      "X": 188,
      "Y": 40
    },
    "MirageTower1": {
      "X": 137,
      "Y": 219
    },
    "Onrac": {
      "X": 225,
      "Y": 58
    },
    "TitansTunnelEast": {
      "X": 209,
      "Y": 150
    },
    "MatoyasCave": {
      "X": 232,
      "Y": 192
    },
    "DwarfCave": {
      "X": 47,
      "Y": 23
    },
    "Elfland": {
      "X": 28,
      "Y": 25
    },
    "ElflandCastle": {
      "X": 29,
      "Y": 24
    },
    "MarshCave1": {
      "X": 185,
      "Y": 184
    },
    "NorthwestCastle": {
      "X": 103,
      "Y": 34
    },
    "Melmond": {
      "X": 209,
      "Y": 228
    },
    "CrescentLake": {
      "X": 121,
      "Y": 237
    },
    "Lefein": {
      "X": 124,
      "Y": 133
    },
    "BahamutCave1": {
      "X": 12,
      "Y": 99
    },
    "Cardia1": {
      "X": 21,
      "Y": 183
    },
    "Cardia2": {
      "X": 92,
      "Y": 210
    },
    "Cardia4": {
      "X": 240,
      "Y": 131
    },
    "Cardia5": {
      "X": 220,
      "Y": 178
    },
    "Cardia6": {
      "X": 181,
      "Y": 86
    },
    "Waterfall": {
      "X": 148,
      "Y": 149
    },
    "IceCave1": {
      "X": 123,
      "Y": 196
    },
    "GurguVolcano1": {
      "X": 119,
      "Y": 214
    }
  }
}