﻿{
  "StartingLocation": {
    "X": 188,
    "Y": 153
  },
  "AirShipLocation": {
    "X": 25,
    "Y": 76
  },
  "BridgeLocation": {
    "X": 195,
    "Y": 121
  },
  "CanalLocation": {
    "X": 166,
    "Y": 50
  },
  "ShipLocations": [
    {
      "TeleporterIndex": 255,
      "X": 194,
      "Y": 128
    }
  ],
  "TeleporterFixups": [
    {
      "Type": 1,
      "Index": 0,
      "From": null,
      "To": {
        "Map": 255,
        "X": 27,
        "Y": 43
      }
    },
    {
      "Type": 1,
      "Index": 1,
      "From": null,
      "To": {
        "Map": 255,
        "X": 122,
        "Y": 206
      }
    },
    {
      "Type": 1,
      "Index": 2,
      "From": null,
      "To": {
        "Map": 255,
        "X": 204,
        "Y": 36
      }
    },
    {
      "Type": 1,
      "Index": 3,
      "From": null,
      "To": {
        "Map": 255,
        "X": 127,
        "Y": 183
      }
    },
    {
      "Type": 1,
      "Index": 4,
      "From": null,
      "To": {
        "Map": 255,
        "X": 188,
        "Y": 151
      }
    },
    {
      "Type": 1,
      "Index": 5,
      "From": null,
      "To": {
        "Map": 255,
        "X": 175,
        "Y": 31
      }
    },
    {
      "Type": 1,
      "Index": 6,
      "From": null,
      "To": {
        "Map": 255,
        "X": 131,
        "Y": 143
      }
    },
    {
      "Type": 1,
      "Index": 7,
      "From": null,
      "To": {
        "Map": 255,
        "X": 84,
        "Y": 215
      }
    },
    {
      "Type": 1,
      "Index": 8,
      "From": null,
      "To": {
        "Map": 255,
        "X": 209,
        "Y": 128
      }
    }
  ],
  "DomainFixups": [],
  "DomainUpdates": [
    {
      "From": 40,
      "To": 0
    },
    {
      "From": 40,
      "To": 1
    },
    {
      "From": 0,
      "To": 2
    },
    {
      "From": 0,
      "To": 3
    },
    {
      "From": 6,
      "To": 4
    },
    {
      "From": 42,
      "To": 5
    },
    {
      "From": 43,
      "To": 6
    },
    {
      "From": 43,
      "To": 7
    },
    {
      "From": 29,
      "To": 8
    },
    {
      "From": 40,
      "To": 9
    },
    {
      "From": 0,
      "To": 10
    },
    {
      "From": 0,
      "To": 11
    },
    {
      "From": 59,
      "To": 12
    },
    {
      "From": 42,
      "To": 13
    },
    {
      "From": 1,
      "To": 14
    },
    {
      "From": 35,
      "To": 15
    },
    {
      "From": 40,
      "To": 16
    },
    {
      "From": 40,
      "To": 17
    },
    {
      "From": 0,
      "To": 18
    },
    {
      "From": 11,
      "To": 19
    },
    {
      "From": 59,
      "To": 20
    },
    {
      "From": 1,
      "To": 21
    },
    {
      "From": 1,
      "To": 22
    },
    {
      "From": 35,
      "To": 23
    },
    {
      "From": 0,
      "To": 24
    },
    {
      "From": 11,
      "To": 25
    },
    {
      "From": 0,
      "To": 26
    },
    {
      "From": 0,
      "To": 27
    },
    {
      "From": 59,
      "To": 28
    },
    {
      "From": 28,
      "To": 29
    },
    {
      "From": 14,
      "To": 30
    },
    {
      "From": 35,
      "To": 31
    },
    {
      "From": 52,
      "To": 32
    },
    {
      "From": 52,
      "To": 33
    },
    {
      "From": 0,
      "To": 34
    },
    {
      "From": 54,
      "To": 35
    },
    {
      "From": 54,
      "To": 36
    },
    {
      "From": 54,
      "To": 37
    },
    {
      "From": 36,
      "To": 38
    },
    {
      "From": 10,
      "To": 39
    },
    {
      "From": 52,
      "To": 40
    },
    {
      "From": 0,
      "To": 41
    },
    {
      "From": 0,
      "To": 42
    },
    {
      "From": 12,
      "To": 43
    },
    {
      "From": 12,
      "To": 44
    },
    {
      "From": 54,
      "To": 45
    },
    {
      "From": 36,
      "To": 46
    },
    {
      "From": 0,
      "To": 47
    },
    {
      "From": 0,
      "To": 48
    },
    {
      "From": 0,
      "To": 49
    },
    {
      "From": 9,
      "To": 50
    },
    {
      "From": 40,
      "To": 51
    },
    {
      "From": 40,
      "To": 52
    },
    {
      "From": 0,
      "To": 53
    },
    {
      "From": 0,
      "To": 54
    },
    {
      "From": 0,
      "To": 55
    },
    {
      "From": 0,
      "To": 56
    },
    {
      "From": 0,
      "To": 57
    },
    {
      "From": 0,
      "To": 58
    },
    {
      "From": 10,
      "To": 59
    },
    {
      "From": 0,
      "To": 60
    },
    {
      "From": 0,
      "To": 61
    },
    {
      "From": 0,
      "To": 62
    },
    {
      "From": 31,
      "To": 63
    }
  ],
  "OverworldCoordinates": {
    "Coneria": {
      "X": 187,
      "Y": 152
    },
    "ConeriaCastle1": {
      "X": 188,
      "Y": 151
    },
    "TempleOfFiends1": {
      "X": 179,
      "Y": 107
    },
    "Pravoka": {
      "X": 195,
      "Y": 124
    },
    "Gaia": {
      "X": 136,
      "Y": 19
    },
    "CastleOrdeals1": {
      "X": 127,
      "Y": 183
    },
    "TitansTunnelWest": {
      "X": 122,
      "Y": 206
    },
    "SardasCave": {
      "X": 125,
      "Y": 206
    },
    "EarthCave1": {
      "X": 175,
      "Y": 31
    },
    "MirageTower1": {
      "X": 209,
      "Y": 128
    },
    "Onrac": {
      "X": 84,
      "Y": 215
    },
    "TitansTunnelEast": {
      "X": 27,
      "Y": 43
    },
    "MatoyasCave": {
      "X": 24,
      "Y": 41
    },
    "DwarfCave": {
      "X": 216,
      "Y": 93
    },
    "Elfland": {
      "X": 29,
      "Y": 141
    },
    "ElflandCastle": {
      "X": 30,
      "Y": 140
    },
    "MarshCave1": {
      "X": 145,
      "Y": 77
    },
    "NorthwestCastle": {
      "X": 230,
      "Y": 19
    },
    "Melmond": {
      "X": 214,
      "Y": 142
    },
    "CrescentLake": {
      "X": 168,
      "Y": 135
    },
    "Lefein": {
      "X": 227,
      "Y": 236
    },
    "BahamutCave1": {
      "X": 202,
      "Y": 16
    },
    "Cardia1": {
      "X": 238,
      "Y": 151
    },
    "Cardia2": {
      "X": 104,
      "Y": 240
    },
    "Cardia4": {
      "X": 119,
      "Y": 223
    },
    "Cardia5": {
      "X": 103,
      "Y": 87
    },
    "Cardia6": {
      "X": 34,
      "Y": 102
    },
    "Waterfall": {
      "X": 194,
      "Y": 71
    },
    "IceCave1": {
      "X": 204,
      "Y": 36
    },
    "GurguVolcano1": {
      "X": 131,
      "Y": 143
    }
  }
}