﻿{
  "StartingLocation": {
    "X": 121,
    "Y": 206
  },
  "AirShipLocation": {
    "X": 169,
    "Y": 30
  },
  "BridgeLocation": {
    "X": 39,
    "Y": 168
  },
  "CanalLocation": {
    "X": 105,
    "Y": 27
  },
  "ShipLocations": [
    {
      "TeleporterIndex": 255,
      "X": 38,
      "Y": 175
    }
  ],
  "TeleporterFixups": [
    {
      "Type": 1,
      "Index": 0,
      "From": null,
      "To": {
        "Map": 255,
        "X": 93,
        "Y": 199
      }
    },
    {
      "Type": 1,
      "Index": 1,
      "From": null,
      "To": {
        "Map": 255,
        "X": 149,
        "Y": 60
      }
    },
    {
      "Type": 1,
      "Index": 2,
      "From": null,
      "To": {
        "Map": 255,
        "X": 79,
        "Y": 71
      }
    },
    {
      "Type": 1,
      "Index": 3,
      "From": null,
      "To": {
        "Map": 255,
        "X": 134,
        "Y": 66
      }
    },
    {
      "Type": 1,
      "Index": 4,
      "From": null,
      "To": {
        "Map": 255,
        "X": 121,
        "Y": 204
      }
    },
    {
      "Type": 1,
      "Index": 5,
      "From": null,
      "To": {
        "Map": 255,
        "X": 163,
        "Y": 56
      }
    },
    {
      "Type": 1,
      "Index": 6,
      "From": null,
      "To": {
        "Map": 255,
        "X": 94,
        "Y": 84
      }
    },
    {
      "Type": 1,
      "Index": 7,
      "From": null,
      "To": {
        "Map": 255,
        "X": 45,
        "Y": 34
      }
    },
    {
      "Type": 1,
      "Index": 8,
      "From": null,
      "To": {
        "Map": 255,
        "X": 122,
        "Y": 108
      }
    }
  ],
  "DomainFixups": [],
  "DomainUpdates": [
    {
      "From": 6,
      "To": 0
    },
    {
      "From": 9,
      "To": 1
    },
    {
      "From": 54,
      "To": 2
    },
    {
      "From": 11,
      "To": 3
    },
    {
      "From": 11,
      "To": 4
    },
    {
      "From": 11,
      "To": 5
    },
    {
      "From": 11,
      "To": 6
    },
    {
      "From": 0,
      "To": 7
    },
    {
      "From": 0,
      "To": 8
    },
    {
      "From": 54,
      "To": 9
    },
    {
      "From": 54,
      "To": 10
    },
    {
      "From": 11,
      "To": 11
    },
    {
      "From": 11,
      "To": 12
    },
    {
      "From": 11,
      "To": 13
    },
    {
      "From": 11,
      "To": 14
    },
    {
      "From": 11,
      "To": 15
    },
    {
      "From": 0,
      "To": 16
    },
    {
      "From": 54,
      "To": 17
    },
    {
      "From": 54,
      "To": 18
    },
    {
      "From": 54,
      "To": 19
    },
    {
      "From": 12,
      "To": 20
    },
    {
      "From": 42,
      "To": 21
    },
    {
      "From": 11,
      "To": 22
    },
    {
      "From": 11,
      "To": 23
    },
    {
      "From": 0,
      "To": 24
    },
    {
      "From": 10,
      "To": 25
    },
    {
      "From": 10,
      "To": 26
    },
    {
      "From": 14,
      "To": 27
    },
    {
      "From": 14,
      "To": 28
    },
    {
      "From": 0,
      "To": 29
    },
    {
      "From": 0,
      "To": 30
    },
    {
      "From": 0,
      "To": 31
    },
    {
      "From": 54,
      "To": 32
    },
    {
      "From": 54,
      "To": 33
    },
    {
      "From": 28,
      "To": 34
    },
    {
      "From": 28,
      "To": 35
    },
    {
      "From": 43,
      "To": 36
    },
    {
      "From": 0,
      "To": 37
    },
    {
      "From": 0,
      "To": 38
    },
    {
      "From": 0,
      "To": 39
    },
    {
      "From": 54,
      "To": 40
    },
    {
      "From": 54,
      "To": 41
    },
    {
      "From": 54,
      "To": 42
    },
    {
      "From": 42,
      "To": 43
    },
    {
      "From": 43,
      "To": 44
    },
    {
      "From": 0,
      "To": 45
    },
    {
      "From": 0,
      "To": 46
    },
    {
      "From": 0,
      "To": 47
    },
    {
      "From": 0,
      "To": 48
    },
    {
      "From": 0,
      "To": 49
    },
    {
      "From": 40,
      "To": 50
    },
    {
      "From": 40,
      "To": 51
    },
    {
      "From": 35,
      "To": 52
    },
    {
      "From": 0,
      "To": 53
    },
    {
      "From": 0,
      "To": 54
    },
    {
      "From": 0,
      "To": 55
    },
    {
      "From": 0,
      "To": 56
    },
    {
      "From": 0,
      "To": 57
    },
    {
      "From": 0,
      "To": 58
    },
    {
      "From": 10,
      "To": 59
    },
    {
      "From": 0,
      "To": 60
    },
    {
      "From": 0,
      "To": 61
    },
    {
      "From": 0,
      "To": 62
    },
    {
      "From": 0,
      "To": 63
    }
  ],
  "OverworldCoordinates": {
    "Coneria": {
      "X": 120,
      "Y": 205
    },
    "ConeriaCastle1": {
      "X": 121,
      "Y": 204
    },
    "TempleOfFiends1": {
      "X": 94,
      "Y": 123
    },
    "Pravoka": {
      "X": 39,
      "Y": 171
    },
    "Gaia": {
      "X": 28,
      "Y": 23
    },
    "CastleOrdeals1": {
      "X": 134,
      "Y": 66
    },
    "TitansTunnelWest": {
      "X": 149,
      "Y": 60
    },
    "SardasCave": {
      "X": 147,
      "Y": 60
    },
    "EarthCave1": {
      "X": 163,
      "Y": 56
    },
    "MirageTower1": {
      "X": 122,
      "Y": 108
    },
    "Onrac": {
      "X": 45,
      "Y": 34
    },
    "TitansTunnelEast": {
      "X": 93,
      "Y": 199
    },
    "MatoyasCave": {
      "X": 111,
      "Y": 101
    },
    "DwarfCave": {
      "X": 131,
      "Y": 197
    },
    "Elfland": {
      "X": 127,
      "Y": 215
    },
    "ElflandCastle": {
      "X": 128,
      "Y": 214
    },
    "MarshCave1": {
      "X": 55,
      "Y": 98
    },
    "NorthwestCastle": {
      "X": 134,
      "Y": 163
    },
    "Melmond": {
      "X": 111,
      "Y": 166
    },
    "CrescentLake": {
      "X": 55,
      "Y": 168
    },
    "Lefein": {
      "X": 219,
      "Y": 67
    },
    "BahamutCave1": {
      "X": 190,
      "Y": 38
    },
    "Cardia1": {
      "X": 51,
      "Y": 113
    },
    "Cardia2": {
      "X": 72,
      "Y": 102
    },
    "Cardia4": {
      "X": 110,
      "Y": 228
    },
    "Cardia5": {
      "X": 147,
      "Y": 23
    },
    "Cardia6": {
      "X": 154,
      "Y": 40
    },
    "Waterfall": {
      "X": 68,
      "Y": 105
    },
    "IceCave1": {
      "X": 79,
      "Y": 71
    },
    "GurguVolcano1": {
      "X": 94,
      "Y": 84
    }
  }
}