﻿{
  "StartingLocation": {
    "X": 130,
    "Y": 84
  },
  "AirShipLocation": {
    "X": 93,
    "Y": 105
  },
  "BridgeLocation": {
    "X": 50,
    "Y": 195
  },
  "CanalLocation": {
    "X": 211,
    "Y": 140
  },
  "ShipLocations": [
    {
      "TeleporterIndex": 255,
      "X": 49,
      "Y": 202
    }
  ],
  "TeleporterFixups": [
    {
      "Type": 1,
      "Index": 0,
      "From": null,
      "To": {
        "Map": 255,
        "X": 130,
        "Y": 193
      }
    },
    {
      "Type": 1,
      "Index": 1,
      "From": null,
      "To": {
        "Map": 255,
        "X": 151,
        "Y": 38
      }
    },
    {
      "Type": 1,
      "Index": 2,
      "From": null,
      "To": {
        "Map": 255,
        "X": 174,
        "Y": 186
      }
    },
    {
      "Type": 1,
      "Index": 3,
      "From": null,
      "To": {
        "Map": 255,
        "X": 154,
        "Y": 159
      }
    },
    {
      "Type": 1,
      "Index": 4,
      "From": null,
      "To": {
        "Map": 255,
        "X": 130,
        "Y": 82
      }
    },
    {
      "Type": 1,
      "Index": 5,
      "From": null,
      "To": {
        "Map": 255,
        "X": 226,
        "Y": 188
      }
    },
    {
      "Type": 1,
      "Index": 6,
      "From": null,
      "To": {
        "Map": 255,
        "X": 136,
        "Y": 156
      }
    },
    {
      "Type": 1,
      "Index": 7,
      "From": null,
      "To": {
        "Map": 255,
        "X": 119,
        "Y": 207
      }
    },
    {
      "Type": 1,
      "Index": 8,
      "From": null,
      "To": {
        "Map": 255,
        "X": 57,
        "Y": 151
      }
    }
  ],
  "DomainFixups": [],
  "DomainUpdates": [
    {
      "From": 0,
      "To": 0
    },
    {
      "From": 0,
      "To": 1
    },
    {
      "From": 0,
      "To": 2
    },
    {
      "From": 40,
      "To": 3
    },
    {
      "From": 40,
      "To": 4
    },
    {
      "From": 40,
      "To": 5
    },
    {
      "From": 0,
      "To": 6
    },
    {
      "From": 0,
      "To": 7
    },
    {
      "From": 0,
      "To": 8
    },
    {
      "From": 0,
      "To": 9
    },
    {
      "From": 0,
      "To": 10
    },
    {
      "From": 11,
      "To": 11
    },
    {
      "From": 40,
      "To": 12
    },
    {
      "From": 40,
      "To": 13
    },
    {
      "From": 10,
      "To": 14
    },
    {
      "From": 0,
      "To": 15
    },
    {
      "From": 11,
      "To": 16
    },
    {
      "From": 59,
      "To": 17
    },
    {
      "From": 59,
      "To": 18
    },
    {
      "From": 36,
      "To": 19
    },
    {
      "From": 36,
      "To": 20
    },
    {
      "From": 10,
      "To": 21
    },
    {
      "From": 10,
      "To": 22
    },
    {
      "From": 10,
      "To": 23
    },
    {
      "From": 0,
      "To": 24
    },
    {
      "From": 52,
      "To": 25
    },
    {
      "From": 59,
      "To": 26
    },
    {
      "From": 36,
      "To": 27
    },
    {
      "From": 36,
      "To": 28
    },
    {
      "From": 10,
      "To": 29
    },
    {
      "From": 0,
      "To": 30
    },
    {
      "From": 0,
      "To": 31
    },
    {
      "From": 14,
      "To": 32
    },
    {
      "From": 14,
      "To": 33
    },
    {
      "From": 28,
      "To": 34
    },
    {
      "From": 43,
      "To": 35
    },
    {
      "From": 12,
      "To": 36
    },
    {
      "From": 12,
      "To": 37
    },
    {
      "From": 42,
      "To": 38
    },
    {
      "From": 42,
      "To": 39
    },
    {
      "From": 14,
      "To": 40
    },
    {
      "From": 35,
      "To": 41
    },
    {
      "From": 54,
      "To": 42
    },
    {
      "From": 43,
      "To": 43
    },
    {
      "From": 12,
      "To": 44
    },
    {
      "From": 42,
      "To": 45
    },
    {
      "From": 42,
      "To": 46
    },
    {
      "From": 42,
      "To": 47
    },
    {
      "From": 35,
      "To": 48
    },
    {
      "From": 35,
      "To": 49
    },
    {
      "From": 42,
      "To": 50
    },
    {
      "From": 9,
      "To": 51
    },
    {
      "From": 40,
      "To": 52
    },
    {
      "From": 54,
      "To": 53
    },
    {
      "From": 42,
      "To": 54
    },
    {
      "From": 42,
      "To": 55
    },
    {
      "From": 0,
      "To": 56
    },
    {
      "From": 0,
      "To": 57
    },
    {
      "From": 42,
      "To": 58
    },
    {
      "From": 11,
      "To": 59
    },
    {
      "From": 11,
      "To": 60
    },
    {
      "From": 6,
      "To": 61
    },
    {
      "From": 0,
      "To": 62
    },
    {
      "From": 0,
      "To": 63
    }
  ],
  "OverworldCoordinates": {
    "Coneria": {
      "X": 129,
      "Y": 83
    },
    "ConeriaCastle1": {
      "X": 130,
      "Y": 82
    },
    "TempleOfFiends1": {
      "X": 85,
      "Y": 141
    },
    "Pravoka": {
      "X": 50,
      "Y": 198
    },
    "Gaia": {
      "X": 174,
      "Y": 232
    },
    "CastleOrdeals1": {
      "X": 154,
      "Y": 159
    },
    "TitansTunnelWest": {
      "X": 151,
      "Y": 38
    },
    "SardasCave": {
      "X": 134,
      "Y": 26
    },
    "EarthCave1": {
      "X": 226,
      "Y": 188
    },
    "MirageTower1": {
      "X": 57,
      "Y": 151
    },
    "Onrac": {
      "X": 119,
      "Y": 207
    },
    "TitansTunnelEast": {
      "X": 130,
      "Y": 193
    },
    "MatoyasCave": {
      "X": 64,
      "Y": 152
    },
    "DwarfCave": {
      "X": 45,
      "Y": 173
    },
    "Elfland": {
      "X": 61,
      "Y": 123
    },
    "ElflandCastle": {
      "X": 62,
      "Y": 122
    },
    "MarshCave1": {
      "X": 76,
      "Y": 113
    },
    "NorthwestCastle": {
      "X": 97,
      "Y": 156
    },
    "Melmond": {
      "X": 91,
      "Y": 216
    },
    "CrescentLake": {
      "X": 61,
      "Y": 186
    },
    "Lefein": {
      "X": 163,
      "Y": 207
    },
    "BahamutCave1": {
      "X": 119,
      "Y": 225
    },
    "Cardia1": {
      "X": 201,
      "Y": 57
    },
    "Cardia2": {
      "X": 235,
      "Y": 65
    },
    "Cardia4": {
      "X": 172,
      "Y": 104
    },
    "Cardia5": {
      "X": 28,
      "Y": 67
    },
    "Cardia6": {
      "X": 116,
      "Y": 42
    },
    "Waterfall": {
      "X": 164,
      "Y": 172
    },
    "IceCave1": {
      "X": 174,
      "Y": 186
    },
    "GurguVolcano1": {
      "X": 136,
      "Y": 156
    }
  }
}