﻿{
  "StartingLocation": {
    "X": 160,
    "Y": 215
  },
  "AirShipLocation": {
    "X": 35,
    "Y": 16
  },
  "BridgeLocation": {
    "X": 141,
    "Y": 219
  },
  "CanalLocation": {
    "X": 234,
    "Y": 163
  },
  "ShipLocations": [
    {
      "TeleporterIndex": 255,
      "X": 140,
      "Y": 226
    }
  ],
  "TeleporterFixups": [
    {
      "Type": 1,
      "Index": 0,
      "From": null,
      "To": {
        "Map": 255,
        "X": 219,
        "Y": 37
      }
    },
    {
      "Type": 1,
      "Index": 1,
      "From": null,
      "To": {
        "Map": 255,
        "X": 167,
        "Y": 146
      }
    },
    {
      "Type": 1,
      "Index": 2,
      "From": null,
      "To": {
        "Map": 255,
        "X": 216,
        "Y": 172
      }
    },
    {
      "Type": 1,
      "Index": 3,
      "From": null,
      "To": {
        "Map": 255,
        "X": 225,
        "Y": 106
      }
    },
    {
      "Type": 1,
      "Index": 4,
      "From": null,
      "To": {
        "Map": 255,
        "X": 160,
        "Y": 213
      }
    },
    {
      "Type": 1,
      "Index": 5,
      "From": null,
      "To": {
        "Map": 255,
        "X": 182,
        "Y": 134
      }
    },
    {
      "Type": 1,
      "Index": 6,
      "From": null,
      "To": {
        "Map": 255,
        "X": 205,
        "Y": 135
      }
    },
    {
      "Type": 1,
      "Index": 7,
      "From": null,
      "To": {
        "Map": 255,
        "X": 69,
        "Y": 149
      }
    },
    {
      "Type": 1,
      "Index": 8,
      "From": null,
      "To": {
        "Map": 255,
        "X": 188,
        "Y": 199
      }
    }
  ],
  "DomainFixups": [],
  "DomainUpdates": [
    {
      "From": 42,
      "To": 0
    },
    {
      "From": 42,
      "To": 1
    },
    {
      "From": 0,
      "To": 2
    },
    {
      "From": 0,
      "To": 3
    },
    {
      "From": 0,
      "To": 4
    },
    {
      "From": 10,
      "To": 5
    },
    {
      "From": 40,
      "To": 6
    },
    {
      "From": 59,
      "To": 7
    },
    {
      "From": 42,
      "To": 8
    },
    {
      "From": 42,
      "To": 9
    },
    {
      "From": 0,
      "To": 10
    },
    {
      "From": 0,
      "To": 11
    },
    {
      "From": 10,
      "To": 12
    },
    {
      "From": 11,
      "To": 13
    },
    {
      "From": 40,
      "To": 14
    },
    {
      "From": 59,
      "To": 15
    },
    {
      "From": 0,
      "To": 16
    },
    {
      "From": 0,
      "To": 17
    },
    {
      "From": 0,
      "To": 18
    },
    {
      "From": 0,
      "To": 19
    },
    {
      "From": 0,
      "To": 20
    },
    {
      "From": 10,
      "To": 21
    },
    {
      "From": 10,
      "To": 22
    },
    {
      "From": 12,
      "To": 23
    },
    {
      "From": 0,
      "To": 24
    },
    {
      "From": 11,
      "To": 25
    },
    {
      "From": 11,
      "To": 26
    },
    {
      "From": 0,
      "To": 27
    },
    {
      "From": 35,
      "To": 28
    },
    {
      "From": 35,
      "To": 29
    },
    {
      "From": 10,
      "To": 30
    },
    {
      "From": 12,
      "To": 31
    },
    {
      "From": 0,
      "To": 32
    },
    {
      "From": 9,
      "To": 33
    },
    {
      "From": 9,
      "To": 34
    },
    {
      "From": 9,
      "To": 35
    },
    {
      "From": 35,
      "To": 36
    },
    {
      "From": 42,
      "To": 37
    },
    {
      "From": 54,
      "To": 38
    },
    {
      "From": 12,
      "To": 39
    },
    {
      "From": 0,
      "To": 40
    },
    {
      "From": 0,
      "To": 41
    },
    {
      "From": 9,
      "To": 42
    },
    {
      "From": 29,
      "To": 43
    },
    {
      "From": 29,
      "To": 44
    },
    {
      "From": 14,
      "To": 45
    },
    {
      "From": 54,
      "To": 46
    },
    {
      "From": 54,
      "To": 47
    },
    {
      "From": 0,
      "To": 48
    },
    {
      "From": 0,
      "To": 49
    },
    {
      "From": 6,
      "To": 50
    },
    {
      "From": 6,
      "To": 51
    },
    {
      "From": 36,
      "To": 52
    },
    {
      "From": 14,
      "To": 53
    },
    {
      "From": 52,
      "To": 54
    },
    {
      "From": 1,
      "To": 55
    },
    {
      "From": 0,
      "To": 56
    },
    {
      "From": 0,
      "To": 57
    },
    {
      "From": 6,
      "To": 58
    },
    {
      "From": 36,
      "To": 59
    },
    {
      "From": 36,
      "To": 60
    },
    {
      "From": 36,
      "To": 61
    },
    {
      "From": 43,
      "To": 62
    },
    {
      "From": 43,
      "To": 63
    }
  ],
  "OverworldCoordinates": {
    "Coneria": {
      "X": 159,
      "Y": 214
    },
    "ConeriaCastle1": {
      "X": 160,
      "Y": 213
    },
    "TempleOfFiends1": {
      "X": 131,
      "Y": 195
    },
    "Pravoka": {
      "X": 141,
      "Y": 222
    },
    "Gaia": {
      "X": 105,
      "Y": 207
    },
    "CastleOrdeals1": {
      "X": 225,
      "Y": 106
    },
    "TitansTunnelWest": {
      "X": 167,
      "Y": 146
    },
    "SardasCave": {
      "X": 165,
      "Y": 147
    },
    "EarthCave1": {
      "X": 182,
      "Y": 134
    },
    "MirageTower1": {
      "X": 188,
      "Y": 199
    },
    "Onrac": {
      "X": 69,
      "Y": 149
    },
    "TitansTunnelEast": {
      "X": 219,
      "Y": 37
    },
    "MatoyasCave": {
      "X": 154,
      "Y": 175
    },
    "DwarfCave": {
      "X": 174,
      "Y": 128
    },
    "Elfland": {
      "X": 198,
      "Y": 211
    },
    "ElflandCastle": {
      "X": 199,
      "Y": 210
    },
    "MarshCave1": {
      "X": 236,
      "Y": 34
    },
    "NorthwestCastle": {
      "X": 219,
      "Y": 229
    },
    "Melmond": {
      "X": 48,
      "Y": 22
    },
    "CrescentLake": {
      "X": 162,
      "Y": 192
    },
    "Lefein": {
      "X": 189,
      "Y": 179
    },
    "BahamutCave1": {
      "X": 56,
      "Y": 114
    },
    "Cardia1": {
      "X": 189,
      "Y": 28
    },
    "Cardia2": {
      "X": 159,
      "Y": 56
    },
    "Cardia4": {
      "X": 186,
      "Y": 86
    },
    "Cardia5": {
      "X": 74,
      "Y": 125
    },
    "Cardia6": {
      "X": 191,
      "Y": 57
    },
    "Waterfall": {
      "X": 222,
      "Y": 191
    },
    "IceCave1": {
      "X": 216,
      "Y": 172
    },
    "GurguVolcano1": {
      "X": 205,
      "Y": 135
    }
  }
}