﻿{
  "StartingLocation": {
    "X": 212,
    "Y": 156
  },
  "AirShipLocation": {
    "X": 224,
    "Y": 135
  },
  "BridgeLocation": {
    "X": 191,
    "Y": 150
  },
  "CanalLocation": {
    "X": 130,
    "Y": 78
  },
  "ShipLocations": [
    {
      "TeleporterIndex": 255,
      "X": 190,
      "Y": 157
    }
  ],
  "TeleporterFixups": [
    {
      "Type": 1,
      "Index": 0,
      "From": null,
      "To": {
        "Map": 255,
        "X": 18,
        "Y": 145
      }
    },
    {
      "Type": 1,
      "Index": 1,
      "From": null,
      "To": {
        "Map": 255,
        "X": 169,
        "Y": 158
      }
    },
    {
      "Type": 1,
      "Index": 2,
      "From": null,
      "To": {
        "Map": 255,
        "X": 46,
        "Y": 134
      }
    },
    {
      "Type": 1,
      "Index": 3,
      "From": null,
      "To": {
        "Map": 255,
        "X": 146,
        "Y": 147
      }
    },
    {
      "Type": 1,
      "Index": 4,
      "From": null,
      "To": {
        "Map": 255,
        "X": 212,
        "Y": 154
      }
    },
    {
      "Type": 1,
      "Index": 5,
      "From": null,
      "To": {
        "Map": 255,
        "X": 146,
        "Y": 101
      }
    },
    {
      "Type": 1,
      "Index": 6,
      "From": null,
      "To": {
        "Map": 255,
        "X": 24,
        "Y": 127
      }
    },
    {
      "Type": 1,
      "Index": 7,
      "From": null,
      "To": {
        "Map": 255,
        "X": 56,
        "Y": 118
      }
    },
    {
      "Type": 1,
      "Index": 8,
      "From": null,
      "To": {
        "Map": 255,
        "X": 156,
        "Y": 82
      }
    }
  ],
  "DomainFixups": [],
  "DomainUpdates": [
    {
      "From": 0,
      "To": 0
    },
    {
      "From": 0,
      "To": 1
    },
    {
      "From": 0,
      "To": 2
    },
    {
      "From": 0,
      "To": 3
    },
    {
      "From": 11,
      "To": 4
    },
    {
      "From": 0,
      "To": 5
    },
    {
      "From": 0,
      "To": 6
    },
    {
      "From": 0,
      "To": 7
    },
    {
      "From": 0,
      "To": 8
    },
    {
      "From": 11,
      "To": 9
    },
    {
      "From": 0,
      "To": 10
    },
    {
      "From": 0,
      "To": 11
    },
    {
      "From": 10,
      "To": 12
    },
    {
      "From": 0,
      "To": 13
    },
    {
      "From": 0,
      "To": 14
    },
    {
      "From": 0,
      "To": 15
    },
    {
      "From": 11,
      "To": 16
    },
    {
      "From": 54,
      "To": 17
    },
    {
      "From": 54,
      "To": 18
    },
    {
      "From": 42,
      "To": 19
    },
    {
      "From": 14,
      "To": 20
    },
    {
      "From": 14,
      "To": 21
    },
    {
      "From": 28,
      "To": 22
    },
    {
      "From": 28,
      "To": 23
    },
    {
      "From": 43,
      "To": 24
    },
    {
      "From": 9,
      "To": 25
    },
    {
      "From": 54,
      "To": 26
    },
    {
      "From": 35,
      "To": 27
    },
    {
      "From": 42,
      "To": 28
    },
    {
      "From": 42,
      "To": 29
    },
    {
      "From": 28,
      "To": 30
    },
    {
      "From": 28,
      "To": 31
    },
    {
      "From": 40,
      "To": 32
    },
    {
      "From": 54,
      "To": 33
    },
    {
      "From": 35,
      "To": 34
    },
    {
      "From": 35,
      "To": 35
    },
    {
      "From": 12,
      "To": 36
    },
    {
      "From": 42,
      "To": 37
    },
    {
      "From": 28,
      "To": 38
    },
    {
      "From": 29,
      "To": 39
    },
    {
      "From": 1,
      "To": 40
    },
    {
      "From": 1,
      "To": 41
    },
    {
      "From": 0,
      "To": 42
    },
    {
      "From": 10,
      "To": 43
    },
    {
      "From": 12,
      "To": 44
    },
    {
      "From": 42,
      "To": 45
    },
    {
      "From": 36,
      "To": 46
    },
    {
      "From": 0,
      "To": 47
    },
    {
      "From": 0,
      "To": 48
    },
    {
      "From": 0,
      "To": 49
    },
    {
      "From": 0,
      "To": 50
    },
    {
      "From": 0,
      "To": 51
    },
    {
      "From": 0,
      "To": 52
    },
    {
      "From": 6,
      "To": 53
    },
    {
      "From": 6,
      "To": 54
    },
    {
      "From": 52,
      "To": 55
    },
    {
      "From": 0,
      "To": 56
    },
    {
      "From": 11,
      "To": 57
    },
    {
      "From": 0,
      "To": 58
    },
    {
      "From": 0,
      "To": 59
    },
    {
      "From": 0,
      "To": 60
    },
    {
      "From": 6,
      "To": 61
    },
    {
      "From": 52,
      "To": 62
    },
    {
      "From": 52,
      "To": 63
    }
  ],
  "OverworldCoordinates": {
    "Coneria": {
      "X": 211,
      "Y": 155
    },
    "ConeriaCastle1": {
      "X": 212,
      "Y": 154
    },
    "TempleOfFiends1": {
      "X": 207,
      "Y": 125
    },
    "Pravoka": {
      "X": 191,
      "Y": 153
    },
    "Gaia": {
      "X": 195,
      "Y": 203
    },
    "CastleOrdeals1": {
      "X": 146,
      "Y": 147
    },
    "TitansTunnelWest": {
      "X": 169,
      "Y": 158
    },
    "SardasCave": {
      "X": 163,
      "Y": 158
    },
    "EarthCave1": {
      "X": 146,
      "Y": 101
    },
    "MirageTower1": {
      "X": 156,
      "Y": 82
    },
    "Onrac": {
      "X": 56,
      "Y": 118
    },
    "TitansTunnelEast": {
      "X": 18,
      "Y": 145
    },
    "MatoyasCave": {
      "X": 238,
      "Y": 143
    },
    "DwarfCave": {
      "X": 105,
      "Y": 130
    },
    "Elfland": {
      "X": 239,
      "Y": 219
    },
    "ElflandCastle": {
      "X": 240,
      "Y": 218
    },
    "MarshCave1": {
      "X": 213,
      "Y": 167
    },
    "NorthwestCastle": {
      "X": 37,
      "Y": 112
    },
    "Melmond": {
      "X": 188,
      "Y": 129
    },
    "CrescentLake": {
      "X": 83,
      "Y": 89
    },
    "Lefein": {
      "X": 87,
      "Y": 106
    },
    "BahamutCave1": {
      "X": 51,
      "Y": 238
    },
    "Cardia1": {
      "X": 137,
      "Y": 37
    },
    "Cardia2": {
      "X": 120,
      "Y": 165
    },
    "Cardia4": {
      "X": 155,
      "Y": 58
    },
    "Cardia5": {
      "X": 38,
      "Y": 64
    },
    "Cardia6": {
      "X": 139,
      "Y": 19
    },
    "Waterfall": {
      "X": 25,
      "Y": 154
    },
    "IceCave1": {
      "X": 46,
      "Y": 134
    },
    "GurguVolcano1": {
      "X": 24,
      "Y": 127
    }
  }
}