﻿{
  "StartingLocation": {
    "X": 113,
    "Y": 192
  },
  "AirShipLocation": {
    "X": 201,
    "Y": 117
  },
  "BridgeLocation": {
    "X": 85,
    "Y": 211
  },
  "CanalLocation": {
    "X": 164,
    "Y": 45
  },
  "ShipLocations": [
    {
      "TeleporterIndex": 1,
      "X": 84,
      "Y": 218
    },
    {
      "TeleporterIndex": 9,
      "X": 84,
      "Y": 218
    },
    {
      "TeleporterIndex": 255,
      "X": 84,
      "Y": 218
    },
    {
      "TeleporterIndex": 13,
      "X": 84,
      "Y": 218
    },
    {
      "TeleporterIndex": 2,
      "X": 84,
      "Y": 218
    },
    {
      "TeleporterIndex": 3,
      "X": 234,
      "Y": 20
    },
    {
      "TeleporterIndex": 10,
      "X": 234,
      "Y": 20
    },
    {
      "TeleporterIndex": 23,
      "X": 171,
      "Y": 165
    },
    {
      "TeleporterIndex": 11,
      "X": 101,
      "Y": 41
    },
    {
      "TeleporterIndex": 4,
      "X": 11,
      "Y": 168
    },
    {
      "TeleporterIndex": 5,
      "X": 234,
      "Y": 20
    },
    {
      "TeleporterIndex": 8,
      "X": 84,
      "Y": 218
    }
  ],
  "TeleporterFixups": [
    {
      "Type": 1,
      "Index": 0,
      "From": null,
      "To": {
        "Map": 255,
        "X": 148,
        "Y": 129
      }
    },
    {
      "Type": 1,
      "Index": 1,
      "From": null,
      "To": {
        "Map": 255,
        "X": 104,
        "Y": 156
      }
    },
    {
      "Type": 1,
      "Index": 2,
      "From": null,
      "To": {
        "Map": 255,
        "X": 217,
        "Y": 63
      }
    },
    {
      "Type": 1,
      "Index": 3,
      "From": null,
      "To": {
        "Map": 255,
        "X": 172,
        "Y": 95
      }
    },
    {
      "Type": 1,
      "Index": 4,
      "From": null,
      "To": {
        "Map": 255,
        "X": 113,
        "Y": 190
      }
    },
    {
      "Type": 1,
      "Index": 5,
      "From": null,
      "To": {
        "Map": 255,
        "X": 170,
        "Y": 34
      }
    },
    {
      "Type": 1,
      "Index": 6,
      "From": null,
      "To": {
        "Map": 255,
        "X": 193,
        "Y": 49
      }
    },
    {
      "Type": 1,
      "Index": 7,
      "From": null,
      "To": {
        "Map": 255,
        "X": 80,
        "Y": 99
      }
    },
    {
      "Type": 1,
      "Index": 8,
      "From": null,
      "To": {
        "Map": 255,
        "X": 18,
        "Y": 39
      }
    }
  ],
  "DomainFixups": [],
  "DomainUpdates": [
    {
      "From": 14,
      "To": 0
    },
    {
      "From": 14,
      "To": 1
    },
    {
      "From": 43,
      "To": 2
    },
    {
      "From": 43,
      "To": 3
    },
    {
      "From": 42,
      "To": 4
    },
    {
      "From": 52,
      "To": 5
    },
    {
      "From": 54,
      "To": 6
    },
    {
      "From": 54,
      "To": 7
    },
    {
      "From": 14,
      "To": 8
    },
    {
      "From": 14,
      "To": 9
    },
    {
      "From": 43,
      "To": 10
    },
    {
      "From": 43,
      "To": 11
    },
    {
      "From": 35,
      "To": 12
    },
    {
      "From": 42,
      "To": 13
    },
    {
      "From": 54,
      "To": 14
    },
    {
      "From": 54,
      "To": 15
    },
    {
      "From": 0,
      "To": 16
    },
    {
      "From": 0,
      "To": 17
    },
    {
      "From": 9,
      "To": 18
    },
    {
      "From": 43,
      "To": 19
    },
    {
      "From": 35,
      "To": 20
    },
    {
      "From": 35,
      "To": 21
    },
    {
      "From": 54,
      "To": 22
    },
    {
      "From": 54,
      "To": 23
    },
    {
      "From": 0,
      "To": 24
    },
    {
      "From": 0,
      "To": 25
    },
    {
      "From": 9,
      "To": 26
    },
    {
      "From": 0,
      "To": 27
    },
    {
      "From": 40,
      "To": 28
    },
    {
      "From": 12,
      "To": 29
    },
    {
      "From": 29,
      "To": 30
    },
    {
      "From": 0,
      "To": 31
    },
    {
      "From": 42,
      "To": 32
    },
    {
      "From": 42,
      "To": 33
    },
    {
      "From": 40,
      "To": 34
    },
    {
      "From": 40,
      "To": 35
    },
    {
      "From": 40,
      "To": 36
    },
    {
      "From": 29,
      "To": 37
    },
    {
      "From": 29,
      "To": 38
    },
    {
      "From": 0,
      "To": 39
    },
    {
      "From": 42,
      "To": 40
    },
    {
      "From": 42,
      "To": 41
    },
    {
      "From": 36,
      "To": 42
    },
    {
      "From": 36,
      "To": 43
    },
    {
      "From": 59,
      "To": 44
    },
    {
      "From": 59,
      "To": 45
    },
    {
      "From": 0,
      "To": 46
    },
    {
      "From": 0,
      "To": 47
    },
    {
      "From": 0,
      "To": 48
    },
    {
      "From": 28,
      "To": 49
    },
    {
      "From": 28,
      "To": 50
    },
    {
      "From": 36,
      "To": 51
    },
    {
      "From": 0,
      "To": 52
    },
    {
      "From": 10,
      "To": 53
    },
    {
      "From": 0,
      "To": 54
    },
    {
      "From": 0,
      "To": 55
    },
    {
      "From": 11,
      "To": 56
    },
    {
      "From": 28,
      "To": 57
    },
    {
      "From": 10,
      "To": 58
    },
    {
      "From": 10,
      "To": 59
    },
    {
      "From": 0,
      "To": 60
    },
    {
      "From": 10,
      "To": 61
    },
    {
      "From": 11,
      "To": 62
    },
    {
      "From": 0,
      "To": 63
    }
  ],
  "OverworldCoordinates": {
    "Coneria": {
      "X": 112,
      "Y": 191
    },
    "ConeriaCastle1": {
      "X": 113,
      "Y": 190
    },
    "TempleOfFiends1": {
      "X": 54,
      "Y": 220
    },
    "Pravoka": {
      "X": 85,
      "Y": 214
    },
    "Gaia": {
      "X": 76,
      "Y": 69
    },
    "CastleOrdeals1": {
      "X": 172,
      "Y": 95
    },
    "TitansTunnelWest": {
      "X": 104,
      "Y": 156
    },
    "SardasCave": {
      "X": 100,
      "Y": 147
    },
    "EarthCave1": {
      "X": 170,
      "Y": 34
    },
    "MirageTower1": {
      "X": 18,
      "Y": 39
    },
    "Onrac": {
      "X": 80,
      "Y": 99
    },
    "TitansTunnelEast": {
      "X": 148,
      "Y": 129
    },
    "MatoyasCave": {
      "X": 184,
      "Y": 111
    },
    "DwarfCave": {
      "X": 172,
      "Y": 70
    },
    "Elfland": {
      "X": 180,
      "Y": 13
    },
    "ElflandCastle": {
      "X": 181,
      "Y": 12
    },
    "MarshCave1": {
      "X": 151,
      "Y": 149
    },
    "NorthwestCastle": {
      "X": 100,
      "Y": 63
    },
    "Melmond": {
      "X": 16,
      "Y": 184
    },
    "CrescentLake": {
      "X": 207,
      "Y": 24
    },
    "Lefein": {
      "X": 88,
      "Y": 194
    },
    "BahamutCave1": {
      "X": 62,
      "Y": 53
    },
    "Cardia1": {
      "X": 169,
      "Y": 238
    },
    "Cardia2": {
      "X": 135,
      "Y": 20
    },
    "Cardia4": {
      "X": 93,
      "Y": 232
    },
    "Cardia5": {
      "X": 211,
      "Y": 237
    },
    "Cardia6": {
      "X": 22,
      "Y": 231
    },
    "Waterfall": {
      "X": 184,
      "Y": 29
    },
    "IceCave1": {
      "X": 217,
      "Y": 63
    },
    "GurguVolcano1": {
      "X": 193,
      "Y": 49
    }
  }
}