﻿{
  "StartingLocation": {
    "X": 155,
    "Y": 125
  },
  "AirShipLocation": {
    "X": 69,
    "Y": 29
  },
  "BridgeLocation": {
    "X": 135,
    "Y": 111
  },
  "CanalLocation": {
    "X": 24,
    "Y": 149
  },
  "ShipLocations": [
    {
      "TeleporterIndex": 255,
      "X": 134,
      "Y": 118
    }
  ],
  "TeleporterFixups": [
    {
      "Type": 1,
      "Index": 0,
      "From": null,
      "To": {
        "Map": 255,
        "X": 75,
        "Y": 38
      }
    },
    {
      "Type": 1,
      "Index": 1,
      "From": null,
      "To": {
        "Map": 255,
        "X": 79,
        "Y": 144
      }
    },
    {
      "Type": 1,
      "Index": 2,
      "From": null,
      "To": {
        "Map": 255,
        "X": 71,
        "Y": 170
      }
    },
    {
      "Type": 1,
      "Index": 3,
      "From": null,
      "To": {
        "Map": 255,
        "X": 95,
        "Y": 45
      }
    },
    {
      "Type": 1,
      "Index": 4,
      "From": null,
      "To": {
        "Map": 255,
        "X": 155,
        "Y": 123
      }
    },
    {
      "Type": 1,
      "Index": 5,
      "From": null,
      "To": {
        "Map": 255,
        "X": 26,
        "Y": 169
      }
    },
    {
      "Type": 1,
      "Index": 6,
      "From": null,
      "To": {
        "Map": 255,
        "X": 68,
        "Y": 130
      }
    },
    {
      "Type": 1,
      "Index": 7,
      "From": null,
      "To": {
        "Map": 255,
        "X": 102,
        "Y": 177
      }
    },
    {
      "Type": 1,
      "Index": 8,
      "From": null,
      "To": {
        "Map": 255,
        "X": 230,
        "Y": 13
      }
    }
  ],
  "DomainFixups": [],
  "DomainUpdates": [
    {
      "From": 0,
      "To": 0
    },
    {
      "From": 40,
      "To": 1
    },
    {
      "From": 40,
      "To": 2
    },
    {
      "From": 0,
      "To": 3
    },
    {
      "From": 0,
      "To": 4
    },
    {
      "From": 54,
      "To": 5
    },
    {
      "From": 54,
      "To": 6
    },
    {
      "From": 14,
      "To": 7
    },
    {
      "From": 0,
      "To": 8
    },
    {
      "From": 40,
      "To": 9
    },
    {
      "From": 40,
      "To": 10
    },
    {
      "From": 12,
      "To": 11
    },
    {
      "From": 0,
      "To": 12
    },
    {
      "From": 0,
      "To": 13
    },
    {
      "From": 11,
      "To": 14
    },
    {
      "From": 11,
      "To": 15
    },
    {
      "From": 0,
      "To": 16
    },
    {
      "From": 43,
      "To": 17
    },
    {
      "From": 0,
      "To": 18
    },
    {
      "From": 0,
      "To": 19
    },
    {
      "From": 0,
      "To": 20
    },
    {
      "From": 0,
      "To": 21
    },
    {
      "From": 0,
      "To": 22
    },
    {
      "From": 0,
      "To": 23
    },
    {
      "From": 11,
      "To": 24
    },
    {
      "From": 11,
      "To": 25
    },
    {
      "From": 59,
      "To": 26
    },
    {
      "From": 59,
      "To": 27
    },
    {
      "From": 36,
      "To": 28
    },
    {
      "From": 28,
      "To": 29
    },
    {
      "From": 0,
      "To": 30
    },
    {
      "From": 0,
      "To": 31
    },
    {
      "From": 42,
      "To": 32
    },
    {
      "From": 10,
      "To": 33
    },
    {
      "From": 54,
      "To": 34
    },
    {
      "From": 52,
      "To": 35
    },
    {
      "From": 36,
      "To": 36
    },
    {
      "From": 28,
      "To": 37
    },
    {
      "From": 0,
      "To": 38
    },
    {
      "From": 0,
      "To": 39
    },
    {
      "From": 42,
      "To": 40
    },
    {
      "From": 10,
      "To": 41
    },
    {
      "From": 54,
      "To": 42
    },
    {
      "From": 9,
      "To": 43
    },
    {
      "From": 0,
      "To": 44
    },
    {
      "From": 0,
      "To": 45
    },
    {
      "From": 0,
      "To": 46
    },
    {
      "From": 0,
      "To": 47
    },
    {
      "From": 42,
      "To": 48
    },
    {
      "From": 35,
      "To": 49
    },
    {
      "From": 29,
      "To": 50
    },
    {
      "From": 9,
      "To": 51
    },
    {
      "From": 0,
      "To": 52
    },
    {
      "From": 42,
      "To": 53
    },
    {
      "From": 42,
      "To": 54
    },
    {
      "From": 0,
      "To": 55
    },
    {
      "From": 42,
      "To": 56
    },
    {
      "From": 29,
      "To": 57
    },
    {
      "From": 29,
      "To": 58
    },
    {
      "From": 0,
      "To": 59
    },
    {
      "From": 6,
      "To": 60
    },
    {
      "From": 42,
      "To": 61
    },
    {
      "From": 42,
      "To": 62
    },
    {
      "From": 42,
      "To": 63
    }
  ],
  "OverworldCoordinates": {
    "Coneria": {
      "X": 154,
      "Y": 124
    },
    "ConeriaCastle1": {
      "X": 155,
      "Y": 123
    },
    "TempleOfFiends1": {
      "X": 170,
      "Y": 127
    },
    "Pravoka": {
      "X": 135,
      "Y": 114
    },
    "Gaia": {
      "X": 154,
      "Y": 239
    },
    "CastleOrdeals1": {
      "X": 95,
      "Y": 45
    },
    "TitansTunnelWest": {
      "X": 79,
      "Y": 144
    },
    "SardasCave": {
      "X": 81,
      "Y": 143
    },
    "EarthCave1": {
      "X": 26,
      "Y": 169
    },
    "MirageTower1": {
      "X": 230,
      "Y": 13
    },
    "Onrac": {
      "X": 102,
      "Y": 177
    },
    "TitansTunnelEast": {
      "X": 75,
      "Y": 38
    },
    "MatoyasCave": {
      "X": 60,
      "Y": 199
    },
    "DwarfCave": {
      "X": 45,
      "Y": 195
    },
    "Elfland": {
      "X": 106,
      "Y": 139
    },
    "ElflandCastle": {
      "X": 107,
      "Y": 138
    },
    "MarshCave1": {
      "X": 93,
      "Y": 113
    },
    "NorthwestCastle": {
      "X": 65,
      "Y": 106
    },
    "Melmond": {
      "X": 183,
      "Y": 227
    },
    "CrescentLake": {
      "X": 198,
      "Y": 36
    },
    "Lefein": {
      "X": 28,
      "Y": 186
    },
    "BahamutCave1": {
      "X": 27,
      "Y": 128
    },
    "Cardia1": {
      "X": 45,
      "Y": 145
    },
    "Cardia2": {
      "X": 42,
      "Y": 169
    },
    "Cardia4": {
      "X": 101,
      "Y": 155
    },
    "Cardia5": {
      "X": 209,
      "Y": 50
    },
    "Cardia6": {
      "X": 47,
      "Y": 123
    },
    "Waterfall": {
      "X": 52,
      "Y": 157
    },
    "IceCave1": {
      "X": 71,
      "Y": 170
    },
    "GurguVolcano1": {
      "X": 68,
      "Y": 130
    }
  }
}