﻿{
  "StartingLocation": {
    "X": 218,
    "Y": 43
  },
  "AirShipLocation": {
    "X": 41,
    "Y": 88
  },
  "BridgeLocation": {
    "X": 234,
    "Y": 46
  },
  "CanalLocation": {
    "X": 88,
    "Y": 156
  },
  "ShipLocations": [
    {
      "TeleporterIndex": 255,
      "X": 233,
      "Y": 53
    }
  ],
  "TeleporterFixups": [
    {
      "Type": 1,
      "Index": 0,
      "From": null,
      "To": {
        "Map": 255,
        "X": 43,
        "Y": 233
      }
    },
    {
      "Type": 1,
      "Index": 1,
      "From": null,
      "To": {
        "Map": 255,
        "X": 40,
        "Y": 39
      }
    },
    {
      "Type": 1,
      "Index": 2,
      "From": null,
      "To": {
        "Map": 255,
        "X": 44,
        "Y": 182
      }
    },
    {
      "Type": 1,
      "Index": 3,
      "From": null,
      "To": {
        "Map": 255,
        "X": 15,
        "Y": 183
      }
    },
    {
      "Type": 1,
      "Index": 4,
      "From": null,
      "To": {
        "Map": 255,
        "X": 218,
        "Y": 41
      }
    },
    {
      "Type": 1,
      "Index": 5,
      "From": null,
      "To": {
        "Map": 255,
        "X": 53,
        "Y": 155
      }
    },
    {
      "Type": 1,
      "Index": 6,
      "From": null,
      "To": {
        "Map": 255,
        "X": 29,
        "Y": 158
      }
    },
    {
      "Type": 1,
      "Index": 7,
      "From": null,
      "To": {
        "Map": 255,
        "X": 29,
        "Y": 17
      }
    },
    {
      "Type": 1,
      "Index": 8,
      "From": null,
      "To": {
        "Map": 255,
        "X": 231,
        "Y": 62
      }
    }
  ],
  "DomainFixups": [],
  "DomainUpdates": [
    {
      "From": 9,
      "To": 0
    },
    {
      "From": 40,
      "To": 1
    },
    {
      "From": 0,
      "To": 2
    },
    {
      "From": 0,
      "To": 3
    },
    {
      "From": 0,
      "To": 4
    },
    {
      "From": 35,
      "To": 5
    },
    {
      "From": 35,
      "To": 6
    },
    {
      "From": 43,
      "To": 7
    },
    {
      "From": 6,
      "To": 8
    },
    {
      "From": 40,
      "To": 9
    },
    {
      "From": 0,
      "To": 10
    },
    {
      "From": 0,
      "To": 11
    },
    {
      "From": 0,
      "To": 12
    },
    {
      "From": 35,
      "To": 13
    },
    {
      "From": 36,
      "To": 14
    },
    {
      "From": 36,
      "To": 15
    },
    {
      "From": 10,
      "To": 16
    },
    {
      "From": 10,
      "To": 17
    },
    {
      "From": 0,
      "To": 18
    },
    {
      "From": 0,
      "To": 19
    },
    {
      "From": 42,
      "To": 20
    },
    {
      "From": 42,
      "To": 21
    },
    {
      "From": 42,
      "To": 22
    },
    {
      "From": 14,
      "To": 23
    },
    {
      "From": 10,
      "To": 24
    },
    {
      "From": 10,
      "To": 25
    },
    {
      "From": 42,
      "To": 26
    },
    {
      "From": 42,
      "To": 27
    },
    {
      "From": 11,
      "To": 28
    },
    {
      "From": 1,
      "To": 29
    },
    {
      "From": 52,
      "To": 30
    },
    {
      "From": 59,
      "To": 31
    },
    {
      "From": 10,
      "To": 32
    },
    {
      "From": 10,
      "To": 33
    },
    {
      "From": 42,
      "To": 34
    },
    {
      "From": 42,
      "To": 35
    },
    {
      "From": 54,
      "To": 36
    },
    {
      "From": 11,
      "To": 37
    },
    {
      "From": 52,
      "To": 38
    },
    {
      "From": 0,
      "To": 39
    },
    {
      "From": 12,
      "To": 40
    },
    {
      "From": 42,
      "To": 41
    },
    {
      "From": 10,
      "To": 42
    },
    {
      "From": 10,
      "To": 43
    },
    {
      "From": 0,
      "To": 44
    },
    {
      "From": 52,
      "To": 45
    },
    {
      "From": 0,
      "To": 46
    },
    {
      "From": 0,
      "To": 47
    },
    {
      "From": 29,
      "To": 48
    },
    {
      "From": 54,
      "To": 49
    },
    {
      "From": 11,
      "To": 50
    },
    {
      "From": 11,
      "To": 51
    },
    {
      "From": 0,
      "To": 52
    },
    {
      "From": 0,
      "To": 53
    },
    {
      "From": 0,
      "To": 54
    },
    {
      "From": 0,
      "To": 55
    },
    {
      "From": 11,
      "To": 56
    },
    {
      "From": 40,
      "To": 57
    },
    {
      "From": 0,
      "To": 58
    },
    {
      "From": 0,
      "To": 59
    },
    {
      "From": 0,
      "To": 60
    },
    {
      "From": 0,
      "To": 61
    },
    {
      "From": 0,
      "To": 62
    },
    {
      "From": 0,
      "To": 63
    }
  ],
  "OverworldCoordinates": {
    "Coneria": {
      "X": 217,
      "Y": 42
    },
    "ConeriaCastle1": {
      "X": 218,
      "Y": 41
    },
    "TempleOfFiends1": {
      "X": 216,
      "Y": 54
    },
    "Pravoka": {
      "X": 234,
      "Y": 49
    },
    "Gaia": {
      "X": 28,
      "Y": 40
    },
    "CastleOrdeals1": {
      "X": 15,
      "Y": 183
    },
    "TitansTunnelWest": {
      "X": 40,
      "Y": 39
    },
    "SardasCave": {
      "X": 46,
      "Y": 38
    },
    "EarthCave1": {
      "X": 53,
      "Y": 155
    },
    "MirageTower1": {
      "X": 231,
      "Y": 62
    },
    "Onrac": {
      "X": 29,
      "Y": 17
    },
    "TitansTunnelEast": {
      "X": 43,
      "Y": 233
    },
    "MatoyasCave": {
      "X": 32,
      "Y": 209
    },
    "DwarfCave": {
      "X": 187,
      "Y": 22
    },
    "Elfland": {
      "X": 200,
      "Y": 127
    },
    "ElflandCastle": {
      "X": 201,
      "Y": 126
    },
    "MarshCave1": {
      "X": 224,
      "Y": 124
    },
    "NorthwestCastle": {
      "X": 240,
      "Y": 25
    },
    "Melmond": {
      "X": 162,
      "Y": 93
    },
    "CrescentLake": {
      "X": 138,
      "Y": 146
    },
    "Lefein": {
      "X": 165,
      "Y": 134
    },
    "BahamutCave1": {
      "X": 22,
      "Y": 230
    },
    "Cardia1": {
      "X": 119,
      "Y": 157
    },
    "Cardia2": {
      "X": 93,
      "Y": 184
    },
    "Cardia4": {
      "X": 16,
      "Y": 119
    },
    "Cardia5": {
      "X": 95,
      "Y": 199
    },
    "Cardia6": {
      "X": 154,
      "Y": 113
    },
    "Waterfall": {
      "X": 175,
      "Y": 116
    },
    "IceCave1": {
      "X": 44,
      "Y": 182
    },
    "GurguVolcano1": {
      "X": 29,
      "Y": 158
    }
  }
}