﻿{
  "StartingLocation": {
    "X": 69,
    "Y": 217
  },
  "AirShipLocation": {
    "X": 81,
    "Y": 219
  },
  "BridgeLocation": {
    "X": 66,
    "Y": 182
  },
  "CanalLocation": {
    "X": 141,
    "Y": 209
  },
  "ShipLocations": [
    {
      "TeleporterIndex": 1,
      "X": 65,
      "Y": 231
    },
    {
      "TeleporterIndex": 9,
      "X": 65,
      "Y": 231
    },
    {
      "TeleporterIndex": 255,
      "X": 65,
      "Y": 231
    },
    {
      "TeleporterIndex": 13,
      "X": 65,
      "Y": 189
    },
    {
      "TeleporterIndex": 2,
      "X": 65,
      "Y": 189
    },
    {
      "TeleporterIndex": 3,
      "X": 198,
      "Y": 181
    },
    {
      "TeleporterIndex": 10,
      "X": 198,
      "Y": 181
    },
    {
      "TeleporterIndex": 23,
      "X": 65,
      "Y": 189
    },
    {
      "TeleporterIndex": 11,
      "X": 178,
      "Y": 209
    },
    {
      "TeleporterIndex": 4,
      "X": 65,
      "Y": 189
    },
    {
      "TeleporterIndex": 5,
      "X": 217,
      "Y": 198
    },
    {
      "TeleporterIndex": 29,
      "X": 141,
      "Y": 138
    }
  ],
  "TeleporterFixups": [
    {
      "Type": 1,
      "Index": 0,
      "From": null,
      "To": {
        "Map": 255,
        "X": 198,
        "Y": 221
      }
    },
    {
      "Type": 1,
      "Index": 1,
      "From": null,
      "To": {
        "Map": 255,
        "X": 159,
        "Y": 68
      }
    },
    {
      "Type": 1,
      "Index": 2,
      "From": null,
      "To": {
        "Map": 255,
        "X": 118,
        "Y": 190
      }
    },
    {
      "Type": 1,
      "Index": 3,
      "From": null,
      "To": {
        "Map": 255,
        "X": 101,
        "Y": 213
      }
    },
    {
      "Type": 1,
      "Index": 4,
      "From": null,
      "To": {
        "Map": 255,
        "X": 69,
        "Y": 215
      }
    },
    {
      "Type": 1,
      "Index": 5,
      "From": null,
      "To": {
        "Map": 255,
        "X": 129,
        "Y": 227
      }
    },
    {
      "Type": 1,
      "Index": 6,
      "From": null,
      "To": {
        "Map": 255,
        "X": 147,
        "Y": 164
      }
    },
    {
      "Type": 1,
      "Index": 7,
      "From": null,
      "To": {
        "Map": 255,
        "X": 31,
        "Y": 180
      }
    },
    {
      "Type": 1,
      "Index": 8,
      "From": null,
      "To": {
        "Map": 255,
        "X": 208,
        "Y": 74
      }
    }
  ],
  "DomainFixups": [],
  "DomainUpdates": [
    {
      "From": 0,
      "To": 0
    },
    {
      "From": 0,
      "To": 1
    },
    {
      "From": 0,
      "To": 2
    },
    {
      "From": 10,
      "To": 3
    },
    {
      "From": 40,
      "To": 4
    },
    {
      "From": 40,
      "To": 5
    },
    {
      "From": 11,
      "To": 6
    },
    {
      "From": 11,
      "To": 7
    },
    {
      "From": 0,
      "To": 8
    },
    {
      "From": 0,
      "To": 9
    },
    {
      "From": 0,
      "To": 10
    },
    {
      "From": 6,
      "To": 11
    },
    {
      "From": 40,
      "To": 12
    },
    {
      "From": 40,
      "To": 13
    },
    {
      "From": 11,
      "To": 14
    },
    {
      "From": 11,
      "To": 15
    },
    {
      "From": 0,
      "To": 16
    },
    {
      "From": 0,
      "To": 17
    },
    {
      "From": 0,
      "To": 18
    },
    {
      "From": 0,
      "To": 19
    },
    {
      "From": 40,
      "To": 20
    },
    {
      "From": 40,
      "To": 21
    },
    {
      "From": 14,
      "To": 22
    },
    {
      "From": 14,
      "To": 23
    },
    {
      "From": 0,
      "To": 24
    },
    {
      "From": 0,
      "To": 25
    },
    {
      "From": 0,
      "To": 26
    },
    {
      "From": 0,
      "To": 27
    },
    {
      "From": 0,
      "To": 28
    },
    {
      "From": 0,
      "To": 29
    },
    {
      "From": 14,
      "To": 30
    },
    {
      "From": 14,
      "To": 31
    },
    {
      "From": 0,
      "To": 32
    },
    {
      "From": 0,
      "To": 33
    },
    {
      "From": 0,
      "To": 34
    },
    {
      "From": 1,
      "To": 35
    },
    {
      "From": 11,
      "To": 36
    },
    {
      "From": 11,
      "To": 37
    },
    {
      "From": 11,
      "To": 38
    },
    {
      "From": 11,
      "To": 39
    },
    {
      "From": 9,
      "To": 40
    },
    {
      "From": 28,
      "To": 41
    },
    {
      "From": 59,
      "To": 42
    },
    {
      "From": 1,
      "To": 43
    },
    {
      "From": 43,
      "To": 44
    },
    {
      "From": 52,
      "To": 45
    },
    {
      "From": 52,
      "To": 46
    },
    {
      "From": 29,
      "To": 47
    },
    {
      "From": 10,
      "To": 48
    },
    {
      "From": 28,
      "To": 49
    },
    {
      "From": 36,
      "To": 50
    },
    {
      "From": 12,
      "To": 51
    },
    {
      "From": 43,
      "To": 52
    },
    {
      "From": 35,
      "To": 53
    },
    {
      "From": 29,
      "To": 54
    },
    {
      "From": 29,
      "To": 55
    },
    {
      "From": 0,
      "To": 56
    },
    {
      "From": 36,
      "To": 57
    },
    {
      "From": 36,
      "To": 58
    },
    {
      "From": 42,
      "To": 59
    },
    {
      "From": 42,
      "To": 60
    },
    {
      "From": 35,
      "To": 61
    },
    {
      "From": 29,
      "To": 62
    },
    {
      "From": 54,
      "To": 63
    }
  ],
  "OverworldCoordinates": {
    "Coneria": {
      "X": 68,
      "Y": 216
    },
    "ConeriaCastle1": {
      "X": 69,
      "Y": 215
    },
    "TempleOfFiends1": {
      "X": 52,
      "Y": 192
    },
    "Pravoka": {
      "X": 66,
      "Y": 185
    },
    "Gaia": {
      "X": 111,
      "Y": 48
    },
    "CastleOrdeals1": {
      "X": 101,
      "Y": 213
    },
    "TitansTunnelWest": {
      "X": 159,
      "Y": 68
    },
    "SardasCave": {
      "X": 183,
      "Y": 64
    },
    "EarthCave1": {
      "X": 129,
      "Y": 227
    },
    "MirageTower1": {
      "X": 208,
      "Y": 74
    },
    "Onrac": {
      "X": 31,
      "Y": 180
    },
    "TitansTunnelEast": {
      "X": 198,
      "Y": 221
    },
    "MatoyasCave": {
      "X": 210,
      "Y": 230
    },
    "DwarfCave": {
      "X": 185,
      "Y": 225
    },
    "Elfland": {
      "X": 192,
      "Y": 197
    },
    "ElflandCastle": {
      "X": 193,
      "Y": 196
    },
    "MarshCave1": {
      "X": 78,
      "Y": 189
    },
    "NorthwestCastle": {
      "X": 149,
      "Y": 191
    },
    "Melmond": {
      "X": 80,
      "Y": 171
    },
    "CrescentLake": {
      "X": 234,
      "Y": 233
    },
    "Lefein": {
      "X": 228,
      "Y": 95
    },
    "BahamutCave1": {
      "X": 226,
      "Y": 142
    },
    "Cardia1": {
      "X": 20,
      "Y": 193
    },
    "Cardia2": {
      "X": 96,
      "Y": 166
    },
    "Cardia4": {
      "X": 131,
      "Y": 20
    },
    "Cardia5": {
      "X": 218,
      "Y": 19
    },
    "Cardia6": {
      "X": 163,
      "Y": 143
    },
    "Waterfall": {
      "X": 132,
      "Y": 166
    },
    "IceCave1": {
      "X": 118,
      "Y": 190
    },
    "GurguVolcano1": {
      "X": 147,
      "Y": 164
    }
  }
}