﻿{
  "StartingLocation": {
    "X": 216,
    "Y": 101
  },
  "AirShipLocation": {
    "X": 100,
    "Y": 113
  },
  "BridgeLocation": {
    "X": 223,
    "Y": 69
  },
  "CanalLocation": {
    "X": 240,
    "Y": 157
  },
  "ShipLocations": [
    {
      "TeleporterIndex": 1,
      "X": 222,
      "Y": 76
    },
    {
      "TeleporterIndex": 9,
      "X": 222,
      "Y": 76
    },
    {
      "TeleporterIndex": 255,
      "X": 222,
      "Y": 76
    },
    {
      "TeleporterIndex": 13,
      "X": 231,
      "Y": 137
    },
    {
      "TeleporterIndex": 2,
      "X": 222,
      "Y": 76
    },
    {
      "TeleporterIndex": 24,
      "X": 189,
      "Y": 243
    },
    {
      "TeleporterIndex": 3,
      "X": 141,
      "Y": 185
    },
    {
      "TeleporterIndex": 10,
      "X": 141,
      "Y": 185
    },
    {
      "TeleporterIndex": 23,
      "X": 231,
      "Y": 137
    },
    {
      "TeleporterIndex": 11,
      "X": 154,
      "Y": 73
    },
    {
      "TeleporterIndex": 4,
      "X": 141,
      "Y": 185
    },
    {
      "TeleporterIndex": 5,
      "X": 110,
      "Y": 94
    },
    {
      "TeleporterIndex": 8,
      "X": 154,
      "Y": 73
    }
  ],
  "TeleporterFixups": [
    {
      "Type": 1,
      "Index": 0,
      "From": null,
      "To": {
        "Map": 255,
        "X": 211,
        "Y": 115
      }
    },
    {
      "Type": 1,
      "Index": 1,
      "From": null,
      "To": {
        "Map": 255,
        "X": 192,
        "Y": 111
      }
    },
    {
      "Type": 1,
      "Index": 2,
      "From": null,
      "To": {
        "Map": 255,
        "X": 182,
        "Y": 179
      }
    },
    {
      "Type": 1,
      "Index": 3,
      "From": null,
      "To": {
        "Map": 255,
        "X": 209,
        "Y": 217
      }
    },
    {
      "Type": 1,
      "Index": 4,
      "From": null,
      "To": {
        "Map": 255,
        "X": 216,
        "Y": 99
      }
    },
    {
      "Type": 1,
      "Index": 5,
      "From": null,
      "To": {
        "Map": 255,
        "X": 217,
        "Y": 205
      }
    },
    {
      "Type": 1,
      "Index": 6,
      "From": null,
      "To": {
        "Map": 255,
        "X": 193,
        "Y": 189
      }
    },
    {
      "Type": 1,
      "Index": 7,
      "From": null,
      "To": {
        "Map": 255,
        "X": 52,
        "Y": 214
      }
    },
    {
      "Type": 1,
      "Index": 8,
      "From": null,
      "To": {
        "Map": 255,
        "X": 179,
        "Y": 227
      }
    }
  ],
  "DomainFixups": [],
  "DomainUpdates": [
    {
      "From": 0,
      "To": 0
    },
    {
      "From": 0,
      "To": 1
    },
    {
      "From": 11,
      "To": 2
    },
    {
      "From": 11,
      "To": 3
    },
    {
      "From": 0,
      "To": 4
    },
    {
      "From": 0,
      "To": 5
    },
    {
      "From": 0,
      "To": 6
    },
    {
      "From": 10,
      "To": 7
    },
    {
      "From": 0,
      "To": 8
    },
    {
      "From": 0,
      "To": 9
    },
    {
      "From": 0,
      "To": 10
    },
    {
      "From": 0,
      "To": 11
    },
    {
      "From": 43,
      "To": 12
    },
    {
      "From": 0,
      "To": 13
    },
    {
      "From": 36,
      "To": 14
    },
    {
      "From": 0,
      "To": 15
    },
    {
      "From": 0,
      "To": 16
    },
    {
      "From": 0,
      "To": 17
    },
    {
      "From": 54,
      "To": 18
    },
    {
      "From": 54,
      "To": 19
    },
    {
      "From": 43,
      "To": 20
    },
    {
      "From": 43,
      "To": 21
    },
    {
      "From": 36,
      "To": 22
    },
    {
      "From": 36,
      "To": 23
    },
    {
      "From": 6,
      "To": 24
    },
    {
      "From": 54,
      "To": 25
    },
    {
      "From": 54,
      "To": 26
    },
    {
      "From": 54,
      "To": 27
    },
    {
      "From": 43,
      "To": 28
    },
    {
      "From": 43,
      "To": 29
    },
    {
      "From": 36,
      "To": 30
    },
    {
      "From": 59,
      "To": 31
    },
    {
      "From": 0,
      "To": 32
    },
    {
      "From": 54,
      "To": 33
    },
    {
      "From": 54,
      "To": 34
    },
    {
      "From": 54,
      "To": 35
    },
    {
      "From": 52,
      "To": 36
    },
    {
      "From": 54,
      "To": 37
    },
    {
      "From": 1,
      "To": 38
    },
    {
      "From": 1,
      "To": 39
    },
    {
      "From": 9,
      "To": 40
    },
    {
      "From": 9,
      "To": 41
    },
    {
      "From": 10,
      "To": 42
    },
    {
      "From": 42,
      "To": 43
    },
    {
      "From": 52,
      "To": 44
    },
    {
      "From": 54,
      "To": 45
    },
    {
      "From": 1,
      "To": 46
    },
    {
      "From": 1,
      "To": 47
    },
    {
      "From": 11,
      "To": 48
    },
    {
      "From": 9,
      "To": 49
    },
    {
      "From": 9,
      "To": 50
    },
    {
      "From": 42,
      "To": 51
    },
    {
      "From": 42,
      "To": 52
    },
    {
      "From": 29,
      "To": 53
    },
    {
      "From": 42,
      "To": 54
    },
    {
      "From": 42,
      "To": 55
    },
    {
      "From": 0,
      "To": 56
    },
    {
      "From": 9,
      "To": 57
    },
    {
      "From": 9,
      "To": 58
    },
    {
      "From": 0,
      "To": 59
    },
    {
      "From": 35,
      "To": 60
    },
    {
      "From": 14,
      "To": 61
    },
    {
      "From": 12,
      "To": 62
    },
    {
      "From": 0,
      "To": 63
    }
  ],
  "OverworldCoordinates": {
    "Coneria": {
      "X": 215,
      "Y": 100
    },
    "ConeriaCastle1": {
      "X": 216,
      "Y": 99
    },
    "TempleOfFiends1": {
      "X": 220,
      "Y": 118
    },
    "Pravoka": {
      "X": 223,
      "Y": 72
    },
    "Gaia": {
      "X": 28,
      "Y": 111
    },
    "CastleOrdeals1": {
      "X": 209,
      "Y": 217
    },
    "TitansTunnelWest": {
      "X": 192,
      "Y": 111
    },
    "SardasCave": {
      "X": 194,
      "Y": 111
    },
    "EarthCave1": {
      "X": 217,
      "Y": 205
    },
    "MirageTower1": {
      "X": 179,
      "Y": 227
    },
    "Onrac": {
      "X": 52,
      "Y": 214
    },
    "TitansTunnelEast": {
      "X": 211,
      "Y": 115
    },
    "MatoyasCave": {
      "X": 198,
      "Y": 212
    },
    "DwarfCave": {
      "X": 173,
      "Y": 223
    },
    "Elfland": {
      "X": 140,
      "Y": 168
    },
    "ElflandCastle": {
      "X": 141,
      "Y": 167
    },
    "MarshCave1": {
      "X": 234,
      "Y": 115
    },
    "NorthwestCastle": {
      "X": 174,
      "Y": 92
    },
    "Melmond": {
      "X": 159,
      "Y": 196
    },
    "CrescentLake": {
      "X": 64,
      "Y": 126
    },
    "Lefein": {
      "X": 170,
      "Y": 111
    },
    "BahamutCave1": {
      "X": 95,
      "Y": 23
    },
    "Cardia1": {
      "X": 89,
      "Y": 176
    },
    "Cardia2": {
      "X": 106,
      "Y": 177
    },
    "Cardia4": {
      "X": 233,
      "Y": 15
    },
    "Cardia5": {
      "X": 197,
      "Y": 76
    },
    "Cardia6": {
      "X": 22,
      "Y": 219
    },
    "Waterfall": {
      "X": 203,
      "Y": 169
    },
    "IceCave1": {
      "X": 182,
      "Y": 179
    },
    "GurguVolcano1": {
      "X": 193,
      "Y": 189
    }
  }
}