﻿{
  "StartingLocation": {
    "X": 55,
    "Y": 216
  },
  "AirShipLocation": {
    "X": 190,
    "Y": 197
  },
  "BridgeLocation": {
    "X": 90,
    "Y": 218
  },
  "CanalLocation": {
    "X": 121,
    "Y": 78
  },
  "ShipLocations": [
    {
      "TeleporterIndex": 1,
      "X": 74,
      "Y": 206
    },
    {
      "TeleporterIndex": 9,
      "X": 74,
      "Y": 206
    },
    {
      "TeleporterIndex": 255,
      "X": 74,
      "Y": 206
    },
    {
      "TeleporterIndex": 13,
      "X": 15,
      "Y": 217
    },
    {
      "TeleporterIndex": 2,
      "X": 89,
      "Y": 225
    },
    {
      "TeleporterIndex": 24,
      "X": 15,
      "Y": 217
    },
    {
      "TeleporterIndex": 3,
      "X": 115,
      "Y": 209
    },
    {
      "TeleporterIndex": 10,
      "X": 115,
      "Y": 209
    },
    {
      "TeleporterIndex": 23,
      "X": 89,
      "Y": 225
    },
    {
      "TeleporterIndex": 11,
      "X": 134,
      "Y": 174
    },
    {
      "TeleporterIndex": 4,
      "X": 153,
      "Y": 228
    },
    {
      "TeleporterIndex": 5,
      "X": 214,
      "Y": 206
    }
  ],
  "TeleporterFixups": [
    {
      "Type": 1,
      "Index": 0,
      "From": null,
      "To": {
        "Map": 255,
        "X": 218,
        "Y": 177
      }
    },
    {
      "Type": 1,
      "Index": 1,
      "From": null,
      "To": {
        "Map": 255,
        "X": 27,
        "Y": 37
      }
    },
    {
      "Type": 1,
      "Index": 2,
      "From": null,
      "To": {
        "Map": 255,
        "X": 198,
        "Y": 165
      }
    },
    {
      "Type": 1,
      "Index": 3,
      "From": null,
      "To": {
        "Map": 255,
        "X": 222,
        "Y": 168
      }
    },
    {
      "Type": 1,
      "Index": 4,
      "From": null,
      "To": {
        "Map": 255,
        "X": 55,
        "Y": 214
      }
    },
    {
      "Type": 1,
      "Index": 5,
      "From": null,
      "To": {
        "Map": 255,
        "X": 207,
        "Y": 146
      }
    },
    {
      "Type": 1,
      "Index": 6,
      "From": null,
      "To": {
        "Map": 255,
        "X": 163,
        "Y": 140
      }
    },
    {
      "Type": 1,
      "Index": 7,
      "From": null,
      "To": {
        "Map": 255,
        "X": 232,
        "Y": 228
      }
    },
    {
      "Type": 1,
      "Index": 8,
      "From": null,
      "To": {
        "Map": 255,
        "X": 22,
        "Y": 200
      }
    }
  ],
  "DomainFixups": [],
  "DomainUpdates": [
    {
      "From": 40,
      "To": 0
    },
    {
      "From": 40,
      "To": 1
    },
    {
      "From": 0,
      "To": 2
    },
    {
      "From": 10,
      "To": 3
    },
    {
      "From": 43,
      "To": 4
    },
    {
      "From": 0,
      "To": 5
    },
    {
      "From": 0,
      "To": 6
    },
    {
      "From": 0,
      "To": 7
    },
    {
      "From": 40,
      "To": 8
    },
    {
      "From": 40,
      "To": 9
    },
    {
      "From": 0,
      "To": 10
    },
    {
      "From": 43,
      "To": 11
    },
    {
      "From": 43,
      "To": 12
    },
    {
      "From": 43,
      "To": 13
    },
    {
      "From": 11,
      "To": 14
    },
    {
      "From": 11,
      "To": 15
    },
    {
      "From": 0,
      "To": 16
    },
    {
      "From": 0,
      "To": 17
    },
    {
      "From": 0,
      "To": 18
    },
    {
      "From": 43,
      "To": 19
    },
    {
      "From": 43,
      "To": 20
    },
    {
      "From": 43,
      "To": 21
    },
    {
      "From": 11,
      "To": 22
    },
    {
      "From": 10,
      "To": 23
    },
    {
      "From": 0,
      "To": 24
    },
    {
      "From": 0,
      "To": 25
    },
    {
      "From": 0,
      "To": 26
    },
    {
      "From": 43,
      "To": 27
    },
    {
      "From": 43,
      "To": 28
    },
    {
      "From": 43,
      "To": 29
    },
    {
      "From": 42,
      "To": 30
    },
    {
      "From": 42,
      "To": 31
    },
    {
      "From": 0,
      "To": 32
    },
    {
      "From": 0,
      "To": 33
    },
    {
      "From": 0,
      "To": 34
    },
    {
      "From": 0,
      "To": 35
    },
    {
      "From": 43,
      "To": 36
    },
    {
      "From": 42,
      "To": 37
    },
    {
      "From": 42,
      "To": 38
    },
    {
      "From": 12,
      "To": 39
    },
    {
      "From": 14,
      "To": 40
    },
    {
      "From": 0,
      "To": 41
    },
    {
      "From": 36,
      "To": 42
    },
    {
      "From": 52,
      "To": 43
    },
    {
      "From": 43,
      "To": 44
    },
    {
      "From": 54,
      "To": 45
    },
    {
      "From": 54,
      "To": 46
    },
    {
      "From": 12,
      "To": 47
    },
    {
      "From": 14,
      "To": 48
    },
    {
      "From": 36,
      "To": 49
    },
    {
      "From": 59,
      "To": 50
    },
    {
      "From": 29,
      "To": 51
    },
    {
      "From": 42,
      "To": 52
    },
    {
      "From": 35,
      "To": 53
    },
    {
      "From": 40,
      "To": 54
    },
    {
      "From": 6,
      "To": 55
    },
    {
      "From": 28,
      "To": 56
    },
    {
      "From": 28,
      "To": 57
    },
    {
      "From": 59,
      "To": 58
    },
    {
      "From": 29,
      "To": 59
    },
    {
      "From": 29,
      "To": 60
    },
    {
      "From": 0,
      "To": 61
    },
    {
      "From": 10,
      "To": 62
    },
    {
      "From": 9,
      "To": 63
    }
  ],
  "OverworldCoordinates": {
    "Coneria": {
      "X": 54,
      "Y": 215
    },
    "ConeriaCastle1": {
      "X": 55,
      "Y": 214
    },
    "TempleOfFiends1": {
      "X": 47,
      "Y": 231
    },
    "Pravoka": {
      "X": 90,
      "Y": 221
    },
    "Gaia": {
      "X": 229,
      "Y": 213
    },
    "CastleOrdeals1": {
      "X": 222,
      "Y": 168
    },
    "TitansTunnelWest": {
      "X": 27,
      "Y": 37
    },
    "SardasCave": {
      "X": 30,
      "Y": 36
    },
    "EarthCave1": {
      "X": 207,
      "Y": 146
    },
    "MirageTower1": {
      "X": 22,
      "Y": 200
    },
    "Onrac": {
      "X": 232,
      "Y": 228
    },
    "TitansTunnelEast": {
      "X": 218,
      "Y": 177
    },
    "MatoyasCave": {
      "X": 132,
      "Y": 221
    },
    "DwarfCave": {
      "X": 158,
      "Y": 195
    },
    "Elfland": {
      "X": 128,
      "Y": 193
    },
    "ElflandCastle": {
      "X": 129,
      "Y": 192
    },
    "MarshCave1": {
      "X": 73,
      "Y": 232
    },
    "NorthwestCastle": {
      "X": 147,
      "Y": 159
    },
    "Melmond": {
      "X": 146,
      "Y": 209
    },
    "CrescentLake": {
      "X": 235,
      "Y": 177
    },
    "Lefein": {
      "X": 132,
      "Y": 92
    },
    "BahamutCave1": {
      "X": 232,
      "Y": 34
    },
    "Cardia1": {
      "X": 196,
      "Y": 227
    },
    "Cardia2": {
      "X": 113,
      "Y": 14
    },
    "Cardia4": {
      "X": 237,
      "Y": 71
    },
    "Cardia5": {
      "X": 214,
      "Y": 39
    },
    "Cardia6": {
      "X": 216,
      "Y": 70
    },
    "Waterfall": {
      "X": 154,
      "Y": 181
    },
    "IceCave1": {
      "X": 198,
      "Y": 165
    },
    "GurguVolcano1": {
      "X": 163,
      "Y": 140
    }
  }
}