﻿{
  "StartingLocation": {
    "X": 204,
    "Y": 200
  },
  "AirShipLocation": {
    "X": 135,
    "Y": 17
  },
  "BridgeLocation": {
    "X": 217,
    "Y": 201
  },
  "CanalLocation": {
    "X": 124,
    "Y": 174
  },
  "ShipLocations": [
    {
      "TeleporterIndex": 1,
      "X": 216,
      "Y": 208
    },
    {
      "TeleporterIndex": 9,
      "X": 216,
      "Y": 208
    },
    {
      "TeleporterIndex": 255,
      "X": 216,
      "Y": 208
    },
    {
      "TeleporterIndex": 13,
      "X": 193,
      "Y": 244
    },
    {
      "TeleporterIndex": 2,
      "X": 216,
      "Y": 208
    },
    {
      "TeleporterIndex": 7,
      "X": 26,
      "Y": 29
    },
    {
      "TeleporterIndex": 3,
      "X": 26,
      "Y": 29
    },
    {
      "TeleporterIndex": 10,
      "X": 26,
      "Y": 29
    },
    {
      "TeleporterIndex": 23,
      "X": 41,
      "Y": 23
    },
    {
      "TeleporterIndex": 11,
      "X": 216,
      "Y": 208
    },
    {
      "TeleporterIndex": 4,
      "X": 173,
      "Y": 24
    },
    {
      "TeleporterIndex": 5,
      "X": 158,
      "Y": 72
    }
  ],
  "TeleporterFixups": [
    {
      "Type": 1,
      "Index": 0,
      "From": null,
      "To": {
        "Map": 255,
        "X": 127,
        "Y": 99
      }
    },
    {
      "Type": 1,
      "Index": 1,
      "From": null,
      "To": {
        "Map": 255,
        "X": 220,
        "Y": 90
      }
    },
    {
      "Type": 1,
      "Index": 2,
      "From": null,
      "To": {
        "Map": 255,
        "X": 108,
        "Y": 40
      }
    },
    {
      "Type": 1,
      "Index": 3,
      "From": null,
      "To": {
        "Map": 255,
        "X": 83,
        "Y": 31
      }
    },
    {
      "Type": 1,
      "Index": 4,
      "From": null,
      "To": {
        "Map": 255,
        "X": 204,
        "Y": 198
      }
    },
    {
      "Type": 1,
      "Index": 5,
      "From": null,
      "To": {
        "Map": 255,
        "X": 124,
        "Y": 159
      }
    },
    {
      "Type": 1,
      "Index": 6,
      "From": null,
      "To": {
        "Map": 255,
        "X": 99,
        "Y": 22
      }
    },
    {
      "Type": 1,
      "Index": 7,
      "From": null,
      "To": {
        "Map": 255,
        "X": 13,
        "Y": 58
      }
    },
    {
      "Type": 1,
      "Index": 8,
      "From": null,
      "To": {
        "Map": 255,
        "X": 60,
        "Y": 70
      }
    }
  ],
  "DomainFixups": [],
  "DomainUpdates": [
    {
      "From": 59,
      "To": 0
    },
    {
      "From": 59,
      "To": 1
    },
    {
      "From": 12,
      "To": 2
    },
    {
      "From": 42,
      "To": 3
    },
    {
      "From": 42,
      "To": 4
    },
    {
      "From": 42,
      "To": 5
    },
    {
      "From": 0,
      "To": 6
    },
    {
      "From": 0,
      "To": 7
    },
    {
      "From": 52,
      "To": 8
    },
    {
      "From": 52,
      "To": 9
    },
    {
      "From": 1,
      "To": 10
    },
    {
      "From": 54,
      "To": 11
    },
    {
      "From": 54,
      "To": 12
    },
    {
      "From": 0,
      "To": 13
    },
    {
      "From": 40,
      "To": 14
    },
    {
      "From": 40,
      "To": 15
    },
    {
      "From": 0,
      "To": 16
    },
    {
      "From": 14,
      "To": 17
    },
    {
      "From": 14,
      "To": 18
    },
    {
      "From": 54,
      "To": 19
    },
    {
      "From": 35,
      "To": 20
    },
    {
      "From": 35,
      "To": 21
    },
    {
      "From": 40,
      "To": 22
    },
    {
      "From": 40,
      "To": 23
    },
    {
      "From": 10,
      "To": 24
    },
    {
      "From": 0,
      "To": 25
    },
    {
      "From": 0,
      "To": 26
    },
    {
      "From": 40,
      "To": 27
    },
    {
      "From": 40,
      "To": 28
    },
    {
      "From": 11,
      "To": 29
    },
    {
      "From": 40,
      "To": 30
    },
    {
      "From": 40,
      "To": 31
    },
    {
      "From": 11,
      "To": 32
    },
    {
      "From": 0,
      "To": 33
    },
    {
      "From": 42,
      "To": 34
    },
    {
      "From": 42,
      "To": 35
    },
    {
      "From": 42,
      "To": 36
    },
    {
      "From": 0,
      "To": 37
    },
    {
      "From": 40,
      "To": 38
    },
    {
      "From": 0,
      "To": 39
    },
    {
      "From": 0,
      "To": 40
    },
    {
      "From": 0,
      "To": 41
    },
    {
      "From": 0,
      "To": 42
    },
    {
      "From": 42,
      "To": 43
    },
    {
      "From": 42,
      "To": 44
    },
    {
      "From": 42,
      "To": 45
    },
    {
      "From": 36,
      "To": 46
    },
    {
      "From": 36,
      "To": 47
    },
    {
      "From": 0,
      "To": 48
    },
    {
      "From": 0,
      "To": 49
    },
    {
      "From": 0,
      "To": 50
    },
    {
      "From": 42,
      "To": 51
    },
    {
      "From": 42,
      "To": 52
    },
    {
      "From": 42,
      "To": 53
    },
    {
      "From": 36,
      "To": 54
    },
    {
      "From": 43,
      "To": 55
    },
    {
      "From": 6,
      "To": 56
    },
    {
      "From": 0,
      "To": 57
    },
    {
      "From": 0,
      "To": 58
    },
    {
      "From": 10,
      "To": 59
    },
    {
      "From": 10,
      "To": 60
    },
    {
      "From": 28,
      "To": 61
    },
    {
      "From": 28,
      "To": 62
    },
    {
      "From": 0,
      "To": 63
    }
  ],
  "OverworldCoordinates": {
    "Coneria": {
      "X": 203,
      "Y": 199
    },
    "ConeriaCastle1": {
      "X": 204,
      "Y": 198
    },
    "TempleOfFiends1": {
      "X": 194,
      "Y": 226
    },
    "Pravoka": {
      "X": 217,
      "Y": 204
    },
    "Gaia": {
      "X": 15,
      "Y": 238
    },
    "CastleOrdeals1": {
      "X": 83,
      "Y": 31
    },
    "TitansTunnelWest": {
      "X": 220,
      "Y": 90
    },
    "SardasCave": {
      "X": 219,
      "Y": 80
    },
    "EarthCave1": {
      "X": 124,
      "Y": 159
    },
    "MirageTower1": {
      "X": 60,
      "Y": 70
    },
    "Onrac": {
      "X": 13,
      "Y": 58
    },
    "TitansTunnelEast": {
      "X": 127,
      "Y": 99
    },
    "MatoyasCave": {
      "X": 137,
      "Y": 28
    },
    "DwarfCave": {
      "X": 135,
      "Y": 69
    },
    "Elfland": {
      "X": 34,
      "Y": 51
    },
    "ElflandCastle": {
      "X": 35,
      "Y": 50
    },
    "MarshCave1": {
      "X": 57,
      "Y": 25
    },
    "NorthwestCastle": {
      "X": 214,
      "Y": 216
    },
    "Melmond": {
      "X": 149,
      "Y": 17
    },
    "CrescentLake": {
      "X": 143,
      "Y": 45
    },
    "Lefein": {
      "X": 177,
      "Y": 183
    },
    "BahamutCave1": {
      "X": 159,
      "Y": 103
    },
    "Cardia1": {
      "X": 137,
      "Y": 130
    },
    "Cardia2": {
      "X": 127,
      "Y": 241
    },
    "Cardia4": {
      "X": 13,
      "Y": 109
    },
    "Cardia5": {
      "X": 18,
      "Y": 155
    },
    "Cardia6": {
      "X": 198,
      "Y": 176
    },
    "Waterfall": {
      "X": 70,
      "Y": 50
    },
    "IceCave1": {
      "X": 108,
      "Y": 40
    },
    "GurguVolcano1": {
      "X": 99,
      "Y": 22
    }
  }
}