﻿{
  "StartingLocation": {
    "X": 92,
    "Y": 228
  },
  "AirShipLocation": {
    "X": 183,
    "Y": 35
  },
  "BridgeLocation": {
    "X": 164,
    "Y": 203
  },
  "CanalLocation": {
    "X": 226,
    "Y": 168
  },
  "ShipLocations": [
    {
      "TeleporterIndex": 1,
      "X": 109,
      "Y": 225
    },
    {
      "TeleporterIndex": 9,
      "X": 109,
      "Y": 225
    },
    {
      "TeleporterIndex": 255,
      "X": 109,
      "Y": 225
    },
    {
      "TeleporterIndex": 13,
      "X": 153,
      "Y": 124
    },
    {
      "TeleporterIndex": 2,
      "X": 163,
      "Y": 210
    },
    {
      "TeleporterIndex": 3,
      "X": 118,
      "Y": 175
    },
    {
      "TeleporterIndex": 10,
      "X": 118,
      "Y": 175
    },
    {
      "TeleporterIndex": 23,
      "X": 153,
      "Y": 124
    },
    {
      "TeleporterIndex": 11,
      "X": 210,
      "Y": 45
    },
    {
      "TeleporterIndex": 4,
      "X": 153,
      "Y": 124
    },
    {
      "TeleporterIndex": 5,
      "X": 163,
      "Y": 210
    },
    {
      "TeleporterIndex": 8,
      "X": 210,
      "Y": 45
    },
    {
      "TeleporterIndex": 29,
      "X": 210,
      "Y": 45
    }
  ],
  "TeleporterFixups": [
    {
      "Type": 1,
      "Index": 0,
      "From": null,
      "To": {
        "Map": 255,
        "X": 141,
        "Y": 173
      }
    },
    {
      "Type": 1,
      "Index": 1,
      "From": null,
      "To": {
        "Map": 255,
        "X": 207,
        "Y": 119
      }
    },
    {
      "Type": 1,
      "Index": 2,
      "From": null,
      "To": {
        "Map": 255,
        "X": 200,
        "Y": 87
      }
    },
    {
      "Type": 1,
      "Index": 3,
      "From": null,
      "To": {
        "Map": 255,
        "X": 191,
        "Y": 170
      }
    },
    {
      "Type": 1,
      "Index": 4,
      "From": null,
      "To": {
        "Map": 255,
        "X": 92,
        "Y": 226
      }
    },
    {
      "Type": 1,
      "Index": 5,
      "From": null,
      "To": {
        "Map": 255,
        "X": 219,
        "Y": 188
      }
    },
    {
      "Type": 1,
      "Index": 6,
      "From": null,
      "To": {
        "Map": 255,
        "X": 190,
        "Y": 187
      }
    },
    {
      "Type": 1,
      "Index": 7,
      "From": null,
      "To": {
        "Map": 255,
        "X": 49,
        "Y": 89
      }
    },
    {
      "Type": 1,
      "Index": 8,
      "From": null,
      "To": {
        "Map": 255,
        "X": 218,
        "Y": 222
      }
    }
  ],
  "DomainFixups": [],
  "DomainUpdates": [
    {
      "From": 0,
      "To": 0
    },
    {
      "From": 10,
      "To": 1
    },
    {
      "From": 0,
      "To": 2
    },
    {
      "From": 0,
      "To": 3
    },
    {
      "From": 43,
      "To": 4
    },
    {
      "From": 43,
      "To": 5
    },
    {
      "From": 0,
      "To": 6
    },
    {
      "From": 0,
      "To": 7
    },
    {
      "From": 0,
      "To": 8
    },
    {
      "From": 10,
      "To": 9
    },
    {
      "From": 0,
      "To": 10
    },
    {
      "From": 0,
      "To": 11
    },
    {
      "From": 43,
      "To": 12
    },
    {
      "From": 29,
      "To": 13
    },
    {
      "From": 11,
      "To": 14
    },
    {
      "From": 10,
      "To": 15
    },
    {
      "From": 0,
      "To": 16
    },
    {
      "From": 9,
      "To": 17
    },
    {
      "From": 6,
      "To": 18
    },
    {
      "From": 0,
      "To": 19
    },
    {
      "From": 59,
      "To": 20
    },
    {
      "From": 29,
      "To": 21
    },
    {
      "From": 11,
      "To": 22
    },
    {
      "From": 11,
      "To": 23
    },
    {
      "From": 0,
      "To": 24
    },
    {
      "From": 0,
      "To": 25
    },
    {
      "From": 0,
      "To": 26
    },
    {
      "From": 0,
      "To": 27
    },
    {
      "From": 59,
      "To": 28
    },
    {
      "From": 59,
      "To": 29
    },
    {
      "From": 54,
      "To": 30
    },
    {
      "From": 11,
      "To": 31
    },
    {
      "From": 0,
      "To": 32
    },
    {
      "From": 0,
      "To": 33
    },
    {
      "From": 52,
      "To": 34
    },
    {
      "From": 52,
      "To": 35
    },
    {
      "From": 28,
      "To": 36
    },
    {
      "From": 42,
      "To": 37
    },
    {
      "From": 11,
      "To": 38
    },
    {
      "From": 0,
      "To": 39
    },
    {
      "From": 0,
      "To": 40
    },
    {
      "From": 10,
      "To": 41
    },
    {
      "From": 0,
      "To": 42
    },
    {
      "From": 40,
      "To": 43
    },
    {
      "From": 40,
      "To": 44
    },
    {
      "From": 54,
      "To": 45
    },
    {
      "From": 42,
      "To": 46
    },
    {
      "From": 42,
      "To": 47
    },
    {
      "From": 0,
      "To": 48
    },
    {
      "From": 11,
      "To": 49
    },
    {
      "From": 36,
      "To": 50
    },
    {
      "From": 36,
      "To": 51
    },
    {
      "From": 54,
      "To": 52
    },
    {
      "From": 54,
      "To": 53
    },
    {
      "From": 42,
      "To": 54
    },
    {
      "From": 42,
      "To": 55
    },
    {
      "From": 11,
      "To": 56
    },
    {
      "From": 11,
      "To": 57
    },
    {
      "From": 36,
      "To": 58
    },
    {
      "From": 36,
      "To": 59
    },
    {
      "From": 54,
      "To": 60
    },
    {
      "From": 54,
      "To": 61
    },
    {
      "From": 14,
      "To": 62
    },
    {
      "From": 14,
      "To": 63
    }
  ],
  "OverworldCoordinates": {
    "Coneria": {
      "X": 91,
      "Y": 227
    },
    "ConeriaCastle1": {
      "X": 92,
      "Y": 226
    },
    "TempleOfFiends1": {
      "X": 143,
      "Y": 154
    },
    "Pravoka": {
      "X": 164,
      "Y": 206
    },
    "Gaia": {
      "X": 81,
      "Y": 81
    },
    "CastleOrdeals1": {
      "X": 191,
      "Y": 170
    },
    "TitansTunnelWest": {
      "X": 207,
      "Y": 119
    },
    "SardasCave": {
      "X": 209,
      "Y": 119
    },
    "EarthCave1": {
      "X": 219,
      "Y": 188
    },
    "MirageTower1": {
      "X": 218,
      "Y": 222
    },
    "Onrac": {
      "X": 49,
      "Y": 89
    },
    "TitansTunnelEast": {
      "X": 141,
      "Y": 173
    },
    "MatoyasCave": {
      "X": 183,
      "Y": 67
    },
    "DwarfCave": {
      "X": 186,
      "Y": 120
    },
    "Elfland": {
      "X": 103,
      "Y": 142
    },
    "ElflandCastle": {
      "X": 104,
      "Y": 141
    },
    "MarshCave1": {
      "X": 160,
      "Y": 102
    },
    "NorthwestCastle": {
      "X": 152,
      "Y": 45
    },
    "Melmond": {
      "X": 163,
      "Y": 138
    },
    "CrescentLake": {
      "X": 162,
      "Y": 181
    },
    "Lefein": {
      "X": 161,
      "Y": 28
    },
    "BahamutCave1": {
      "X": 37,
      "Y": 219
    },
    "Cardia1": {
      "X": 47,
      "Y": 24
    },
    "Cardia2": {
      "X": 43,
      "Y": 165
    },
    "Cardia4": {
      "X": 234,
      "Y": 53
    },
    "Cardia5": {
      "X": 219,
      "Y": 133
    },
    "Cardia6": {
      "X": 210,
      "Y": 63
    },
    "Waterfall": {
      "X": 188,
      "Y": 172
    },
    "IceCave1": {
      "X": 200,
      "Y": 87
    },
    "GurguVolcano1": {
      "X": 190,
      "Y": 187
    }
  }
}