﻿{
  "StartingLocation": {
    "X": 37,
    "Y": 105
  },
  "AirShipLocation": {
    "X": 189,
    "Y": 226
  },
  "BridgeLocation": {
    "X": 51,
    "Y": 52
  },
  "CanalLocation": {
    "X": 242,
    "Y": 187
  },
  "ShipLocations": [
    {
      "TeleporterIndex": 255,
      "X": 50,
      "Y": 59
    }
  ],
  "TeleporterFixups": [
    {
      "Type": 1,
      "Index": 0,
      "From": null,
      "To": {
        "Map": 255,
        "X": 217,
        "Y": 231
      }
    },
    {
      "Type": 1,
      "Index": 1,
      "From": null,
      "To": {
        "Map": 255,
        "X": 186,
        "Y": 71
      }
    },
    {
      "Type": 1,
      "Index": 2,
      "From": null,
      "To": {
        "Map": 255,
        "X": 172,
        "Y": 157
      }
    },
    {
      "Type": 1,
      "Index": 3,
      "From": null,
      "To": {
        "Map": 255,
        "X": 222,
        "Y": 173
      }
    },
    {
      "Type": 1,
      "Index": 4,
      "From": null,
      "To": {
        "Map": 255,
        "X": 37,
        "Y": 103
      }
    },
    {
      "Type": 1,
      "Index": 5,
      "From": null,
      "To": {
        "Map": 255,
        "X": 230,
        "Y": 191
      }
    },
    {
      "Type": 1,
      "Index": 6,
      "From": null,
      "To": {
        "Map": 255,
        "X": 186,
        "Y": 177
      }
    },
    {
      "Type": 1,
      "Index": 7,
      "From": null,
      "To": {
        "Map": 255,
        "X": 239,
        "Y": 168
      }
    },
    {
      "Type": 1,
      "Index": 8,
      "From": null,
      "To": {
        "Map": 255,
        "X": 141,
        "Y": 28
      }
    }
  ],
  "DomainFixups": [],
  "DomainUpdates": [
    {
      "From": 43,
      "To": 0
    },
    {
      "From": 43,
      "To": 1
    },
    {
      "From": 0,
      "To": 2
    },
    {
      "From": 0,
      "To": 3
    },
    {
      "From": 14,
      "To": 4
    },
    {
      "From": 14,
      "To": 5
    },
    {
      "From": 6,
      "To": 6
    },
    {
      "From": 0,
      "To": 7
    },
    {
      "From": 43,
      "To": 8
    },
    {
      "From": 43,
      "To": 9
    },
    {
      "From": 43,
      "To": 10
    },
    {
      "From": 0,
      "To": 11
    },
    {
      "From": 14,
      "To": 12
    },
    {
      "From": 40,
      "To": 13
    },
    {
      "From": 40,
      "To": 14
    },
    {
      "From": 0,
      "To": 15
    },
    {
      "From": 36,
      "To": 16
    },
    {
      "From": 43,
      "To": 17
    },
    {
      "From": 43,
      "To": 18
    },
    {
      "From": 0,
      "To": 19
    },
    {
      "From": 0,
      "To": 20
    },
    {
      "From": 40,
      "To": 21
    },
    {
      "From": 11,
      "To": 22
    },
    {
      "From": 10,
      "To": 23
    },
    {
      "From": 36,
      "To": 24
    },
    {
      "From": 29,
      "To": 25
    },
    {
      "From": 29,
      "To": 26
    },
    {
      "From": 11,
      "To": 27
    },
    {
      "From": 59,
      "To": 28
    },
    {
      "From": 11,
      "To": 29
    },
    {
      "From": 11,
      "To": 30
    },
    {
      "From": 10,
      "To": 31
    },
    {
      "From": 0,
      "To": 32
    },
    {
      "From": 28,
      "To": 33
    },
    {
      "From": 52,
      "To": 34
    },
    {
      "From": 11,
      "To": 35
    },
    {
      "From": 59,
      "To": 36
    },
    {
      "From": 59,
      "To": 37
    },
    {
      "From": 12,
      "To": 38
    },
    {
      "From": 9,
      "To": 39
    },
    {
      "From": 10,
      "To": 40
    },
    {
      "From": 0,
      "To": 41
    },
    {
      "From": 0,
      "To": 42
    },
    {
      "From": 59,
      "To": 43
    },
    {
      "From": 59,
      "To": 44
    },
    {
      "From": 59,
      "To": 45
    },
    {
      "From": 12,
      "To": 46
    },
    {
      "From": 9,
      "To": 47
    },
    {
      "From": 0,
      "To": 48
    },
    {
      "From": 0,
      "To": 49
    },
    {
      "From": 0,
      "To": 50
    },
    {
      "From": 0,
      "To": 51
    },
    {
      "From": 54,
      "To": 52
    },
    {
      "From": 54,
      "To": 53
    },
    {
      "From": 1,
      "To": 54
    },
    {
      "From": 42,
      "To": 55
    },
    {
      "From": 0,
      "To": 56
    },
    {
      "From": 0,
      "To": 57
    },
    {
      "From": 0,
      "To": 58
    },
    {
      "From": 0,
      "To": 59
    },
    {
      "From": 54,
      "To": 60
    },
    {
      "From": 40,
      "To": 61
    },
    {
      "From": 40,
      "To": 62
    },
    {
      "From": 40,
      "To": 63
    }
  ],
  "OverworldCoordinates": {
    "Coneria": {
      "X": 36,
      "Y": 104
    },
    "ConeriaCastle1": {
      "X": 37,
      "Y": 103
    },
    "TempleOfFiends1": {
      "X": 52,
      "Y": 133
    },
    "Pravoka": {
      "X": 51,
      "Y": 55
    },
    "Gaia": {
      "X": 204,
      "Y": 25
    },
    "CastleOrdeals1": {
      "X": 222,
      "Y": 173
    },
    "TitansTunnelWest": {
      "X": 186,
      "Y": 71
    },
    "SardasCave": {
      "X": 187,
      "Y": 62
    },
    "EarthCave1": {
      "X": 230,
      "Y": 191
    },
    "MirageTower1": {
      "X": 141,
      "Y": 28
    },
    "Onrac": {
      "X": 239,
      "Y": 168
    },
    "TitansTunnelEast": {
      "X": 217,
      "Y": 231
    },
    "MatoyasCave": {
      "X": 51,
      "Y": 113
    },
    "DwarfCave": {
      "X": 181,
      "Y": 200
    },
    "Elfland": {
      "X": 67,
      "Y": 135
    },
    "ElflandCastle": {
      "X": 68,
      "Y": 134
    },
    "MarshCave1": {
      "X": 160,
      "Y": 182
    },
    "NorthwestCastle": {
      "X": 66,
      "Y": 55
    },
    "Melmond": {
      "X": 32,
      "Y": 118
    },
    "CrescentLake": {
      "X": 162,
      "Y": 200
    },
    "Lefein": {
      "X": 144,
      "Y": 116
    },
    "BahamutCave1": {
      "X": 110,
      "Y": 139
    },
    "Cardia1": {
      "X": 219,
      "Y": 34
    },
    "Cardia2": {
      "X": 231,
      "Y": 96
    },
    "Cardia4": {
      "X": 17,
      "Y": 165
    },
    "Cardia5": {
      "X": 127,
      "Y": 103
    },
    "Cardia6": {
      "X": 209,
      "Y": 94
    },
    "Waterfall": {
      "X": 220,
      "Y": 189
    },
    "IceCave1": {
      "X": 172,
      "Y": 157
    },
    "GurguVolcano1": {
      "X": 186,
      "Y": 177
    }
  }
}