﻿{
  "StartingLocation": {
    "X": 160,
    "Y": 70
  },
  "AirShipLocation": {
    "X": 206,
    "Y": 32
  },
  "BridgeLocation": {
    "X": 169,
    "Y": 33
  },
  "CanalLocation": {
    "X": 14,
    "Y": 154
  },
  "ShipLocations": [
    {
      "TeleporterIndex": 255,
      "X": 168,
      "Y": 40
    }
  ],
  "TeleporterFixups": [
    {
      "Type": 1,
      "Index": 0,
      "From": null,
      "To": {
        "Map": 255,
        "X": 48,
        "Y": 204
      }
    },
    {
      "Type": 1,
      "Index": 1,
      "From": null,
      "To": {
        "Map": 255,
        "X": 121,
        "Y": 73
      }
    },
    {
      "Type": 1,
      "Index": 2,
      "From": null,
      "To": {
        "Map": 255,
        "X": 55,
        "Y": 185
      }
    },
    {
      "Type": 1,
      "Index": 3,
      "From": null,
      "To": {
        "Map": 255,
        "X": 80,
        "Y": 167
      }
    },
    {
      "Type": 1,
      "Index": 4,
      "From": null,
      "To": {
        "Map": 255,
        "X": 160,
        "Y": 68
      }
    },
    {
      "Type": 1,
      "Index": 5,
      "From": null,
      "To": {
        "Map": 255,
        "X": 24,
        "Y": 158
      }
    },
    {
      "Type": 1,
      "Index": 6,
      "From": null,
      "To": {
        "Map": 255,
        "X": 86,
        "Y": 187
      }
    },
    {
      "Type": 1,
      "Index": 7,
      "From": null,
      "To": {
        "Map": 255,
        "X": 62,
        "Y": 170
      }
    },
    {
      "Type": 1,
      "Index": 8,
      "From": null,
      "To": {
        "Map": 255,
        "X": 28,
        "Y": 198
      }
    }
  ],
  "DomainFixups": [],
  "DomainUpdates": [
    {
      "From": 0,
      "To": 0
    },
    {
      "From": 6,
      "To": 1
    },
    {
      "From": 0,
      "To": 2
    },
    {
      "From": 0,
      "To": 3
    },
    {
      "From": 10,
      "To": 4
    },
    {
      "From": 36,
      "To": 5
    },
    {
      "From": 36,
      "To": 6
    },
    {
      "From": 36,
      "To": 7
    },
    {
      "From": 0,
      "To": 8
    },
    {
      "From": 0,
      "To": 9
    },
    {
      "From": 11,
      "To": 10
    },
    {
      "From": 29,
      "To": 11
    },
    {
      "From": 36,
      "To": 12
    },
    {
      "From": 36,
      "To": 13
    },
    {
      "From": 36,
      "To": 14
    },
    {
      "From": 36,
      "To": 15
    },
    {
      "From": 0,
      "To": 16
    },
    {
      "From": 0,
      "To": 17
    },
    {
      "From": 29,
      "To": 18
    },
    {
      "From": 29,
      "To": 19
    },
    {
      "From": 36,
      "To": 20
    },
    {
      "From": 36,
      "To": 21
    },
    {
      "From": 0,
      "To": 22
    },
    {
      "From": 10,
      "To": 23
    },
    {
      "From": 42,
      "To": 24
    },
    {
      "From": 9,
      "To": 25
    },
    {
      "From": 29,
      "To": 26
    },
    {
      "From": 28,
      "To": 27
    },
    {
      "From": 28,
      "To": 28
    },
    {
      "From": 0,
      "To": 29
    },
    {
      "From": 0,
      "To": 30
    },
    {
      "From": 0,
      "To": 31
    },
    {
      "From": 42,
      "To": 32
    },
    {
      "From": 9,
      "To": 33
    },
    {
      "From": 9,
      "To": 34
    },
    {
      "From": 42,
      "To": 35
    },
    {
      "From": 42,
      "To": 36
    },
    {
      "From": 0,
      "To": 37
    },
    {
      "From": 0,
      "To": 38
    },
    {
      "From": 0,
      "To": 39
    },
    {
      "From": 42,
      "To": 40
    },
    {
      "From": 9,
      "To": 41
    },
    {
      "From": 12,
      "To": 42
    },
    {
      "From": 42,
      "To": 43
    },
    {
      "From": 42,
      "To": 44
    },
    {
      "From": 0,
      "To": 45
    },
    {
      "From": 0,
      "To": 46
    },
    {
      "From": 0,
      "To": 47
    },
    {
      "From": 54,
      "To": 48
    },
    {
      "From": 40,
      "To": 49
    },
    {
      "From": 35,
      "To": 50
    },
    {
      "From": 43,
      "To": 51
    },
    {
      "From": 52,
      "To": 52
    },
    {
      "From": 0,
      "To": 53
    },
    {
      "From": 0,
      "To": 54
    },
    {
      "From": 0,
      "To": 55
    },
    {
      "From": 54,
      "To": 56
    },
    {
      "From": 54,
      "To": 57
    },
    {
      "From": 35,
      "To": 58
    },
    {
      "From": 59,
      "To": 59
    },
    {
      "From": 52,
      "To": 60
    },
    {
      "From": 0,
      "To": 61
    },
    {
      "From": 0,
      "To": 62
    },
    {
      "From": 0,
      "To": 63
    }
  ],
  "OverworldCoordinates": {
    "Coneria": {
      "X": 159,
      "Y": 69
    },
    "ConeriaCastle1": {
      "X": 160,
      "Y": 68
    },
    "TempleOfFiends1": {
      "X": 109,
      "Y": 103
    },
    "Pravoka": {
      "X": 169,
      "Y": 36
    },
    "Gaia": {
      "X": 42,
      "Y": 20
    },
    "CastleOrdeals1": {
      "X": 80,
      "Y": 167
    },
    "TitansTunnelWest": {
      "X": 121,
      "Y": 73
    },
    "SardasCave": {
      "X": 124,
      "Y": 73
    },
    "EarthCave1": {
      "X": 24,
      "Y": 158
    },
    "MirageTower1": {
      "X": 28,
      "Y": 198
    },
    "Onrac": {
      "X": 62,
      "Y": 170
    },
    "TitansTunnelEast": {
      "X": 48,
      "Y": 204
    },
    "MatoyasCave": {
      "X": 98,
      "Y": 83
    },
    "DwarfCave": {
      "X": 69,
      "Y": 222
    },
    "Elfland": {
      "X": 133,
      "Y": 226
    },
    "ElflandCastle": {
      "X": 134,
      "Y": 225
    },
    "MarshCave1": {
      "X": 126,
      "Y": 239
    },
    "NorthwestCastle": {
      "X": 118,
      "Y": 203
    },
    "Melmond": {
      "X": 137,
      "Y": 162
    },
    "CrescentLake": {
      "X": 31,
      "Y": 213
    },
    "Lefein": {
      "X": 106,
      "Y": 63
    },
    "BahamutCave1": {
      "X": 84,
      "Y": 36
    },
    "Cardia1": {
      "X": 156,
      "Y": 13
    },
    "Cardia2": {
      "X": 239,
      "Y": 80
    },
    "Cardia4": {
      "X": 143,
      "Y": 25
    },
    "Cardia5": {
      "X": 149,
      "Y": 240
    },
    "Cardia6": {
      "X": 240,
      "Y": 20
    },
    "Waterfall": {
      "X": 79,
      "Y": 174
    },
    "IceCave1": {
      "X": 55,
      "Y": 185
    },
    "GurguVolcano1": {
      "X": 86,
      "Y": 187
    }
  }
}