﻿{
  "StartingLocation": {
    "X": 71,
    "Y": 89
  },
  "AirShipLocation": {
    "X": 213,
    "Y": 183
  },
  "BridgeLocation": {
    "X": 63,
    "Y": 103
  },
  "CanalLocation": {
    "X": 177,
    "Y": 120
  },
  "ShipLocations": [
    {
      "TeleporterIndex": 1,
      "X": 62,
      "Y": 110
    },
    {
      "TeleporterIndex": 9,
      "X": 62,
      "Y": 110
    },
    {
      "TeleporterIndex": 255,
      "X": 62,
      "Y": 110
    },
    {
      "TeleporterIndex": 13,
      "X": 29,
      "Y": 110
    },
    {
      "TeleporterIndex": 2,
      "X": 62,
      "Y": 110
    },
    {
      "TeleporterIndex": 3,
      "X": 206,
      "Y": 33
    },
    {
      "TeleporterIndex": 10,
      "X": 206,
      "Y": 33
    },
    {
      "TeleporterIndex": 23,
      "X": 230,
      "Y": 164
    },
    {
      "TeleporterIndex": 11,
      "X": 235,
      "Y": 98
    },
    {
      "TeleporterIndex": 4,
      "X": 161,
      "Y": 56
    },
    {
      "TeleporterIndex": 5,
      "X": 223,
      "Y": 122
    }
  ],
  "TeleporterFixups": [
    {
      "Type": 1,
      "Index": 0,
      "From": null,
      "To": {
        "Map": 255,
        "X": 64,
        "Y": 72
      }
    },
    {
      "Type": 1,
      "Index": 1,
      "From": null,
      "To": {
        "Map": 255,
        "X": 64,
        "Y": 53
      }
    },
    {
      "Type": 1,
      "Index": 2,
      "From": null,
      "To": {
        "Map": 255,
        "X": 164,
        "Y": 95
      }
    },
    {
      "Type": 1,
      "Index": 3,
      "From": null,
      "To": {
        "Map": 255,
        "X": 186,
        "Y": 78
      }
    },
    {
      "Type": 1,
      "Index": 4,
      "From": null,
      "To": {
        "Map": 255,
        "X": 71,
        "Y": 87
      }
    },
    {
      "Type": 1,
      "Index": 5,
      "From": null,
      "To": {
        "Map": 255,
        "X": 182,
        "Y": 118
      }
    },
    {
      "Type": 1,
      "Index": 6,
      "From": null,
      "To": {
        "Map": 255,
        "X": 158,
        "Y": 73
      }
    },
    {
      "Type": 1,
      "Index": 7,
      "From": null,
      "To": {
        "Map": 255,
        "X": 74,
        "Y": 20
      }
    },
    {
      "Type": 1,
      "Index": 8,
      "From": null,
      "To": {
        "Map": 255,
        "X": 138,
        "Y": 88
      }
    }
  ],
  "DomainFixups": [],
  "DomainUpdates": [
    {
      "From": 0,
      "To": 0
    },
    {
      "From": 11,
      "To": 1
    },
    {
      "From": 9,
      "To": 2
    },
    {
      "From": 10,
      "To": 3
    },
    {
      "From": 10,
      "To": 4
    },
    {
      "From": 0,
      "To": 5
    },
    {
      "From": 52,
      "To": 6
    },
    {
      "From": 0,
      "To": 7
    },
    {
      "From": 0,
      "To": 8
    },
    {
      "From": 28,
      "To": 9
    },
    {
      "From": 35,
      "To": 10
    },
    {
      "From": 0,
      "To": 11
    },
    {
      "From": 54,
      "To": 12
    },
    {
      "From": 42,
      "To": 13
    },
    {
      "From": 52,
      "To": 14
    },
    {
      "From": 52,
      "To": 15
    },
    {
      "From": 28,
      "To": 16
    },
    {
      "From": 28,
      "To": 17
    },
    {
      "From": 35,
      "To": 18
    },
    {
      "From": 14,
      "To": 19
    },
    {
      "From": 14,
      "To": 20
    },
    {
      "From": 12,
      "To": 21
    },
    {
      "From": 43,
      "To": 22
    },
    {
      "From": 43,
      "To": 23
    },
    {
      "From": 28,
      "To": 24
    },
    {
      "From": 28,
      "To": 25
    },
    {
      "From": 29,
      "To": 26
    },
    {
      "From": 14,
      "To": 27
    },
    {
      "From": 14,
      "To": 28
    },
    {
      "From": 54,
      "To": 29
    },
    {
      "From": 43,
      "To": 30
    },
    {
      "From": 43,
      "To": 31
    },
    {
      "From": 0,
      "To": 32
    },
    {
      "From": 0,
      "To": 33
    },
    {
      "From": 0,
      "To": 34
    },
    {
      "From": 0,
      "To": 35
    },
    {
      "From": 0,
      "To": 36
    },
    {
      "From": 54,
      "To": 37
    },
    {
      "From": 59,
      "To": 38
    },
    {
      "From": 59,
      "To": 39
    },
    {
      "From": 0,
      "To": 40
    },
    {
      "From": 11,
      "To": 41
    },
    {
      "From": 0,
      "To": 42
    },
    {
      "From": 0,
      "To": 43
    },
    {
      "From": 0,
      "To": 44
    },
    {
      "From": 59,
      "To": 45
    },
    {
      "From": 59,
      "To": 46
    },
    {
      "From": 59,
      "To": 47
    },
    {
      "From": 10,
      "To": 48
    },
    {
      "From": 10,
      "To": 49
    },
    {
      "From": 0,
      "To": 50
    },
    {
      "From": 0,
      "To": 51
    },
    {
      "From": 0,
      "To": 52
    },
    {
      "From": 0,
      "To": 53
    },
    {
      "From": 59,
      "To": 54
    },
    {
      "From": 59,
      "To": 55
    },
    {
      "From": 0,
      "To": 56
    },
    {
      "From": 10,
      "To": 57
    },
    {
      "From": 0,
      "To": 58
    },
    {
      "From": 31,
      "To": 59
    },
    {
      "From": 0,
      "To": 60
    },
    {
      "From": 0,
      "To": 61
    },
    {
      "From": 0,
      "To": 62
    },
    {
      "From": 0,
      "To": 63
    }
  ],
  "OverworldCoordinates": {
    "Coneria": {
      "X": 70,
      "Y": 88
    },
    "ConeriaCastle1": {
      "X": 71,
      "Y": 87
    },
    "TempleOfFiends1": {
      "X": 41,
      "Y": 93
    },
    "Pravoka": {
      "X": 63,
      "Y": 106
    },
    "Gaia": {
      "X": 120,
      "Y": 75
    },
    "CastleOrdeals1": {
      "X": 186,
      "Y": 78
    },
    "TitansTunnelWest": {
      "X": 64,
      "Y": 53
    },
    "SardasCave": {
      "X": 62,
      "Y": 54
    },
    "EarthCave1": {
      "X": 182,
      "Y": 118
    },
    "MirageTower1": {
      "X": 138,
      "Y": 88
    },
    "Onrac": {
      "X": 74,
      "Y": 20
    },
    "TitansTunnelEast": {
      "X": 64,
      "Y": 72
    },
    "MatoyasCave": {
      "X": 76,
      "Y": 98
    },
    "DwarfCave": {
      "X": 66,
      "Y": 72
    },
    "Elfland": {
      "X": 224,
      "Y": 47
    },
    "ElflandCastle": {
      "X": 225,
      "Y": 46
    },
    "MarshCave1": {
      "X": 205,
      "Y": 155
    },
    "NorthwestCastle": {
      "X": 207,
      "Y": 82
    },
    "Melmond": {
      "X": 180,
      "Y": 54
    },
    "CrescentLake": {
      "X": 175,
      "Y": 146
    },
    "Lefein": {
      "X": 117,
      "Y": 227
    },
    "BahamutCave1": {
      "X": 235,
      "Y": 129
    },
    "Cardia1": {
      "X": 41,
      "Y": 222
    },
    "Cardia2": {
      "X": 126,
      "Y": 21
    },
    "Cardia4": {
      "X": 30,
      "Y": 204
    },
    "Cardia5": {
      "X": 45,
      "Y": 181
    },
    "Cardia6": {
      "X": 37,
      "Y": 22
    },
    "Waterfall": {
      "X": 195,
      "Y": 82
    },
    "IceCave1": {
      "X": 164,
      "Y": 95
    },
    "GurguVolcano1": {
      "X": 158,
      "Y": 73
    }
  }
}