﻿{
  "StartingLocation": {
    "X": 39,
    "Y": 154
  },
  "AirShipLocation": {
    "X": 204,
    "Y": 156
  },
  "BridgeLocation": {
    "X": 29,
    "Y": 95
  },
  "CanalLocation": {
    "X": 238,
    "Y": 182
  },
  "ShipLocations": [
    {
      "TeleporterIndex": 1,
      "X": 46,
      "Y": 135
    },
    {
      "TeleporterIndex": 9,
      "X": 46,
      "Y": 135
    },
    {
      "TeleporterIndex": 255,
      "X": 46,
      "Y": 135
    },
    {
      "TeleporterIndex": 13,
      "X": 98,
      "Y": 61
    },
    {
      "TeleporterIndex": 2,
      "X": 28,
      "Y": 102
    },
    {
      "TeleporterIndex": 24,
      "X": 65,
      "Y": 160
    },
    {
      "TeleporterIndex": 3,
      "X": 31,
      "Y": 53
    },
    {
      "TeleporterIndex": 10,
      "X": 31,
      "Y": 53
    },
    {
      "TeleporterIndex": 23,
      "X": 31,
      "Y": 53
    },
    {
      "TeleporterIndex": 11,
      "X": 23,
      "Y": 28
    },
    {
      "TeleporterIndex": 4,
      "X": 28,
      "Y": 102
    },
    {
      "TeleporterIndex": 5,
      "X": 76,
      "Y": 204
    }
  ],
  "TeleporterFixups": [
    {
      "Type": 1,
      "Index": 0,
      "From": null,
      "To": {
        "Map": 255,
        "X": 64,
        "Y": 138
      }
    },
    {
      "Type": 1,
      "Index": 1,
      "From": null,
      "To": {
        "Map": 255,
        "X": 63,
        "Y": 81
      }
    },
    {
      "Type": 1,
      "Index": 2,
      "From": null,
      "To": {
        "Map": 255,
        "X": 82,
        "Y": 70
      }
    },
    {
      "Type": 1,
      "Index": 3,
      "From": null,
      "To": {
        "Map": 255,
        "X": 176,
        "Y": 201
      }
    },
    {
      "Type": 1,
      "Index": 4,
      "From": null,
      "To": {
        "Map": 255,
        "X": 39,
        "Y": 152
      }
    },
    {
      "Type": 1,
      "Index": 5,
      "From": null,
      "To": {
        "Map": 255,
        "X": 194,
        "Y": 218
      }
    },
    {
      "Type": 1,
      "Index": 6,
      "From": null,
      "To": {
        "Map": 255,
        "X": 84,
        "Y": 109
      }
    },
    {
      "Type": 1,
      "Index": 7,
      "From": null,
      "To": {
        "Map": 255,
        "X": 12,
        "Y": 225
      }
    },
    {
      "Type": 1,
      "Index": 8,
      "From": null,
      "To": {
        "Map": 255,
        "X": 26,
        "Y": 183
      }
    }
  ],
  "DomainFixups": [],
  "DomainUpdates": [
    {
      "From": 43,
      "To": 0
    },
    {
      "From": 43,
      "To": 1
    },
    {
      "From": 28,
      "To": 2
    },
    {
      "From": 10,
      "To": 3
    },
    {
      "From": 0,
      "To": 4
    },
    {
      "From": 0,
      "To": 5
    },
    {
      "From": 0,
      "To": 6
    },
    {
      "From": 0,
      "To": 7
    },
    {
      "From": 59,
      "To": 8
    },
    {
      "From": 52,
      "To": 9
    },
    {
      "From": 28,
      "To": 10
    },
    {
      "From": 28,
      "To": 11
    },
    {
      "From": 0,
      "To": 12
    },
    {
      "From": 0,
      "To": 13
    },
    {
      "From": 0,
      "To": 14
    },
    {
      "From": 0,
      "To": 15
    },
    {
      "From": 59,
      "To": 16
    },
    {
      "From": 42,
      "To": 17
    },
    {
      "From": 54,
      "To": 18
    },
    {
      "From": 1,
      "To": 19
    },
    {
      "From": 10,
      "To": 20
    },
    {
      "From": 0,
      "To": 21
    },
    {
      "From": 0,
      "To": 22
    },
    {
      "From": 0,
      "To": 23
    },
    {
      "From": 42,
      "To": 24
    },
    {
      "From": 29,
      "To": 25
    },
    {
      "From": 54,
      "To": 26
    },
    {
      "From": 1,
      "To": 27
    },
    {
      "From": 1,
      "To": 28
    },
    {
      "From": 0,
      "To": 29
    },
    {
      "From": 0,
      "To": 30
    },
    {
      "From": 0,
      "To": 31
    },
    {
      "From": 11,
      "To": 32
    },
    {
      "From": 36,
      "To": 33
    },
    {
      "From": 40,
      "To": 34
    },
    {
      "From": 54,
      "To": 35
    },
    {
      "From": 0,
      "To": 36
    },
    {
      "From": 11,
      "To": 37
    },
    {
      "From": 11,
      "To": 38
    },
    {
      "From": 10,
      "To": 39
    },
    {
      "From": 14,
      "To": 40
    },
    {
      "From": 54,
      "To": 41
    },
    {
      "From": 54,
      "To": 42
    },
    {
      "From": 0,
      "To": 43
    },
    {
      "From": 0,
      "To": 44
    },
    {
      "From": 11,
      "To": 45
    },
    {
      "From": 11,
      "To": 46
    },
    {
      "From": 11,
      "To": 47
    },
    {
      "From": 9,
      "To": 48
    },
    {
      "From": 54,
      "To": 49
    },
    {
      "From": 54,
      "To": 50
    },
    {
      "From": 0,
      "To": 51
    },
    {
      "From": 0,
      "To": 52
    },
    {
      "From": 12,
      "To": 53
    },
    {
      "From": 42,
      "To": 54
    },
    {
      "From": 11,
      "To": 55
    },
    {
      "From": 9,
      "To": 56
    },
    {
      "From": 54,
      "To": 57
    },
    {
      "From": 54,
      "To": 58
    },
    {
      "From": 0,
      "To": 59
    },
    {
      "From": 0,
      "To": 60
    },
    {
      "From": 42,
      "To": 61
    },
    {
      "From": 42,
      "To": 62
    },
    {
      "From": 0,
      "To": 63
    }
  ],
  "OverworldCoordinates": {
    "Coneria": {
      "X": 38,
      "Y": 153
    },
    "ConeriaCastle1": {
      "X": 39,
      "Y": 152
    },
    "TempleOfFiends1": {
      "X": 75,
      "Y": 46
    },
    "Pravoka": {
      "X": 29,
      "Y": 98
    },
    "Gaia": {
      "X": 206,
      "Y": 241
    },
    "CastleOrdeals1": {
      "X": 176,
      "Y": 201
    },
    "TitansTunnelWest": {
      "X": 63,
      "Y": 81
    },
    "SardasCave": {
      "X": 60,
      "Y": 81
    },
    "EarthCave1": {
      "X": 194,
      "Y": 218
    },
    "MirageTower1": {
      "X": 26,
      "Y": 183
    },
    "Onrac": {
      "X": 12,
      "Y": 225
    },
    "TitansTunnelEast": {
      "X": 64,
      "Y": 138
    },
    "MatoyasCave": {
      "X": 56,
      "Y": 94
    },
    "DwarfCave": {
      "X": 52,
      "Y": 40
    },
    "Elfland": {
      "X": 43,
      "Y": 61
    },
    "ElflandCastle": {
      "X": 44,
      "Y": 60
    },
    "MarshCave1": {
      "X": 29,
      "Y": 69
    },
    "NorthwestCastle": {
      "X": 34,
      "Y": 25
    },
    "Melmond": {
      "X": 39,
      "Y": 81
    },
    "CrescentLake": {
      "X": 45,
      "Y": 199
    },
    "Lefein": {
      "X": 118,
      "Y": 78
    },
    "BahamutCave1": {
      "X": 20,
      "Y": 143
    },
    "Cardia1": {
      "X": 240,
      "Y": 138
    },
    "Cardia2": {
      "X": 110,
      "Y": 12
    },
    "Cardia4": {
      "X": 156,
      "Y": 70
    },
    "Cardia5": {
      "X": 80,
      "Y": 171
    },
    "Cardia6": {
      "X": 194,
      "Y": 179
    },
    "Waterfall": {
      "X": 105,
      "Y": 96
    },
    "IceCave1": {
      "X": 82,
      "Y": 70
    },
    "GurguVolcano1": {
      "X": 84,
      "Y": 109
    }
  }
}