﻿{
  "StartingLocation": {
    "X": 119,
    "Y": 44
  },
  "AirShipLocation": {
    "X": 74,
    "Y": 145
  },
  "BridgeLocation": {
    "X": 43,
    "Y": 87
  },
  "CanalLocation": {
    "X": 103,
    "Y": 182
  },
  "ShipLocations": [
    {
      "TeleporterIndex": 255,
      "X": 42,
      "Y": 94
    }
  ],
  "TeleporterFixups": [
    {
      "Type": 1,
      "Index": 0,
      "From": null,
      "To": {
        "Map": 255,
        "X": 232,
        "Y": 213
      }
    },
    {
      "Type": 1,
      "Index": 1,
      "From": null,
      "To": {
        "Map": 255,
        "X": 39,
        "Y": 210
      }
    },
    {
      "Type": 1,
      "Index": 2,
      "From": null,
      "To": {
        "Map": 255,
        "X": 171,
        "Y": 184
      }
    },
    {
      "Type": 1,
      "Index": 3,
      "From": null,
      "To": {
        "Map": 255,
        "X": 137,
        "Y": 209
      }
    },
    {
      "Type": 1,
      "Index": 4,
      "From": null,
      "To": {
        "Map": 255,
        "X": 119,
        "Y": 42
      }
    },
    {
      "Type": 1,
      "Index": 5,
      "From": null,
      "To": {
        "Map": 255,
        "X": 133,
        "Y": 202
      }
    },
    {
      "Type": 1,
      "Index": 6,
      "From": null,
      "To": {
        "Map": 255,
        "X": 135,
        "Y": 184
      }
    },
    {
      "Type": 1,
      "Index": 7,
      "From": null,
      "To": {
        "Map": 255,
        "X": 134,
        "Y": 18
      }
    },
    {
      "Type": 1,
      "Index": 8,
      "From": null,
      "To": {
        "Map": 255,
        "X": 223,
        "Y": 156
      }
    }
  ],
  "DomainFixups": [],
  "DomainUpdates": [
    {
      "From": 0,
      "To": 0
    },
    {
      "From": 0,
      "To": 1
    },
    {
      "From": 0,
      "To": 2
    },
    {
      "From": 36,
      "To": 3
    },
    {
      "From": 9,
      "To": 4
    },
    {
      "From": 10,
      "To": 5
    },
    {
      "From": 0,
      "To": 6
    },
    {
      "From": 0,
      "To": 7
    },
    {
      "From": 0,
      "To": 8
    },
    {
      "From": 0,
      "To": 9
    },
    {
      "From": 11,
      "To": 10
    },
    {
      "From": 36,
      "To": 11
    },
    {
      "From": 59,
      "To": 12
    },
    {
      "From": 0,
      "To": 13
    },
    {
      "From": 0,
      "To": 14
    },
    {
      "From": 0,
      "To": 15
    },
    {
      "From": 0,
      "To": 16
    },
    {
      "From": 54,
      "To": 17
    },
    {
      "From": 11,
      "To": 18
    },
    {
      "From": 11,
      "To": 19
    },
    {
      "From": 28,
      "To": 20
    },
    {
      "From": 52,
      "To": 21
    },
    {
      "From": 0,
      "To": 22
    },
    {
      "From": 0,
      "To": 23
    },
    {
      "From": 0,
      "To": 24
    },
    {
      "From": 54,
      "To": 25
    },
    {
      "From": 11,
      "To": 26
    },
    {
      "From": 11,
      "To": 27
    },
    {
      "From": 0,
      "To": 28
    },
    {
      "From": 52,
      "To": 29
    },
    {
      "From": 42,
      "To": 30
    },
    {
      "From": 42,
      "To": 31
    },
    {
      "From": 0,
      "To": 32
    },
    {
      "From": 10,
      "To": 33
    },
    {
      "From": 10,
      "To": 34
    },
    {
      "From": 10,
      "To": 35
    },
    {
      "From": 1,
      "To": 36
    },
    {
      "From": 52,
      "To": 37
    },
    {
      "From": 43,
      "To": 38
    },
    {
      "From": 14,
      "To": 39
    },
    {
      "From": 40,
      "To": 40
    },
    {
      "From": 40,
      "To": 41
    },
    {
      "From": 10,
      "To": 42
    },
    {
      "From": 10,
      "To": 43
    },
    {
      "From": 54,
      "To": 44
    },
    {
      "From": 1,
      "To": 45
    },
    {
      "From": 35,
      "To": 46
    },
    {
      "From": 14,
      "To": 47
    },
    {
      "From": 40,
      "To": 48
    },
    {
      "From": 40,
      "To": 49
    },
    {
      "From": 10,
      "To": 50
    },
    {
      "From": 42,
      "To": 51
    },
    {
      "From": 12,
      "To": 52
    },
    {
      "From": 11,
      "To": 53
    },
    {
      "From": 35,
      "To": 54
    },
    {
      "From": 40,
      "To": 55
    },
    {
      "From": 40,
      "To": 56
    },
    {
      "From": 40,
      "To": 57
    },
    {
      "From": 11,
      "To": 58
    },
    {
      "From": 11,
      "To": 59
    },
    {
      "From": 11,
      "To": 60
    },
    {
      "From": 11,
      "To": 61
    },
    {
      "From": 40,
      "To": 62
    },
    {
      "From": 0,
      "To": 63
    }
  ],
  "OverworldCoordinates": {
    "Coneria": {
      "X": 118,
      "Y": 43
    },
    "ConeriaCastle1": {
      "X": 119,
      "Y": 42
    },
    "TempleOfFiends1": {
      "X": 122,
      "Y": 70
    },
    "Pravoka": {
      "X": 43,
      "Y": 90
    },
    "Gaia": {
      "X": 140,
      "Y": 236
    },
    "CastleOrdeals1": {
      "X": 137,
      "Y": 209
    },
    "TitansTunnelWest": {
      "X": 39,
      "Y": 210
    },
    "SardasCave": {
      "X": 34,
      "Y": 203
    },
    "EarthCave1": {
      "X": 133,
      "Y": 202
    },
    "MirageTower1": {
      "X": 223,
      "Y": 156
    },
    "Onrac": {
      "X": 134,
      "Y": 18
    },
    "TitansTunnelEast": {
      "X": 232,
      "Y": 213
    },
    "MatoyasCave": {
      "X": 115,
      "Y": 65
    },
    "DwarfCave": {
      "X": 193,
      "Y": 184
    },
    "Elfland": {
      "X": 181,
      "Y": 114
    },
    "ElflandCastle": {
      "X": 182,
      "Y": 113
    },
    "MarshCave1": {
      "X": 129,
      "Y": 53
    },
    "NorthwestCastle": {
      "X": 200,
      "Y": 144
    },
    "Melmond": {
      "X": 226,
      "Y": 133
    },
    "CrescentLake": {
      "X": 45,
      "Y": 102
    },
    "Lefein": {
      "X": 78,
      "Y": 64
    },
    "BahamutCave1": {
      "X": 102,
      "Y": 235
    },
    "Cardia1": {
      "X": 158,
      "Y": 29
    },
    "Cardia2": {
      "X": 87,
      "Y": 208
    },
    "Cardia4": {
      "X": 118,
      "Y": 174
    },
    "Cardia5": {
      "X": 177,
      "Y": 220
    },
    "Cardia6": {
      "X": 91,
      "Y": 79
    },
    "Waterfall": {
      "X": 147,
      "Y": 170
    },
    "IceCave1": {
      "X": 171,
      "Y": 184
    },
    "GurguVolcano1": {
      "X": 135,
      "Y": 184
    }
  }
}