﻿{
  "StartingLocation": {
    "X": 149,
    "Y": 144
  },
  "AirShipLocation": {
    "X": 220,
    "Y": 83
  },
  "BridgeLocation": {
    "X": 134,
    "Y": 150
  },
  "CanalLocation": {
    "X": 211,
    "Y": 150
  },
  "ShipLocations": [
    {
      "TeleporterIndex": 255,
      "X": 133,
      "Y": 157
    }
  ],
  "TeleporterFixups": [
    {
      "Type": 1,
      "Index": 0,
      "From": null,
      "To": {
        "Map": 255,
        "X": 170,
        "Y": 232
      }
    },
    {
      "Type": 1,
      "Index": 1,
      "From": null,
      "To": {
        "Map": 255,
        "X": 97,
        "Y": 105
      }
    },
    {
      "Type": 1,
      "Index": 2,
      "From": null,
      "To": {
        "Map": 255,
        "X": 178,
        "Y": 176
      }
    },
    {
      "Type": 1,
      "Index": 3,
      "From": null,
      "To": {
        "Map": 255,
        "X": 168,
        "Y": 165
      }
    },
    {
      "Type": 1,
      "Index": 4,
      "From": null,
      "To": {
        "Map": 255,
        "X": 149,
        "Y": 142
      }
    },
    {
      "Type": 1,
      "Index": 5,
      "From": null,
      "To": {
        "Map": 255,
        "X": 199,
        "Y": 147
      }
    },
    {
      "Type": 1,
      "Index": 6,
      "From": null,
      "To": {
        "Map": 255,
        "X": 191,
        "Y": 131
      }
    },
    {
      "Type": 1,
      "Index": 7,
      "From": null,
      "To": {
        "Map": 255,
        "X": 149,
        "Y": 161
      }
    },
    {
      "Type": 1,
      "Index": 8,
      "From": null,
      "To": {
        "Map": 255,
        "X": 175,
        "Y": 240
      }
    }
  ],
  "DomainFixups": [],
  "DomainUpdates": [
    {
      "From": 0,
      "To": 0
    },
    {
      "From": 0,
      "To": 1
    },
    {
      "From": 54,
      "To": 2
    },
    {
      "From": 54,
      "To": 3
    },
    {
      "From": 42,
      "To": 4
    },
    {
      "From": 42,
      "To": 5
    },
    {
      "From": 0,
      "To": 6
    },
    {
      "From": 0,
      "To": 7
    },
    {
      "From": 40,
      "To": 8
    },
    {
      "From": 40,
      "To": 9
    },
    {
      "From": 54,
      "To": 10
    },
    {
      "From": 10,
      "To": 11
    },
    {
      "From": 42,
      "To": 12
    },
    {
      "From": 42,
      "To": 13
    },
    {
      "From": 0,
      "To": 14
    },
    {
      "From": 0,
      "To": 15
    },
    {
      "From": 40,
      "To": 16
    },
    {
      "From": 40,
      "To": 17
    },
    {
      "From": 40,
      "To": 18
    },
    {
      "From": 40,
      "To": 19
    },
    {
      "From": 40,
      "To": 20
    },
    {
      "From": 6,
      "To": 21
    },
    {
      "From": 59,
      "To": 22
    },
    {
      "From": 59,
      "To": 23
    },
    {
      "From": 40,
      "To": 24
    },
    {
      "From": 40,
      "To": 25
    },
    {
      "From": 40,
      "To": 26
    },
    {
      "From": 40,
      "To": 27
    },
    {
      "From": 11,
      "To": 28
    },
    {
      "From": 11,
      "To": 29
    },
    {
      "From": 52,
      "To": 30
    },
    {
      "From": 52,
      "To": 31
    },
    {
      "From": 40,
      "To": 32
    },
    {
      "From": 40,
      "To": 33
    },
    {
      "From": 40,
      "To": 34
    },
    {
      "From": 28,
      "To": 35
    },
    {
      "From": 36,
      "To": 36
    },
    {
      "From": 11,
      "To": 37
    },
    {
      "From": 42,
      "To": 38
    },
    {
      "From": 0,
      "To": 39
    },
    {
      "From": 0,
      "To": 40
    },
    {
      "From": 40,
      "To": 41
    },
    {
      "From": 40,
      "To": 42
    },
    {
      "From": 28,
      "To": 43
    },
    {
      "From": 9,
      "To": 44
    },
    {
      "From": 54,
      "To": 45
    },
    {
      "From": 43,
      "To": 46
    },
    {
      "From": 11,
      "To": 47
    },
    {
      "From": 0,
      "To": 48
    },
    {
      "From": 0,
      "To": 49
    },
    {
      "From": 0,
      "To": 50
    },
    {
      "From": 10,
      "To": 51
    },
    {
      "From": 11,
      "To": 52
    },
    {
      "From": 11,
      "To": 53
    },
    {
      "From": 43,
      "To": 54
    },
    {
      "From": 0,
      "To": 55
    },
    {
      "From": 0,
      "To": 56
    },
    {
      "From": 0,
      "To": 57
    },
    {
      "From": 0,
      "To": 58
    },
    {
      "From": 10,
      "To": 59
    },
    {
      "From": 40,
      "To": 60
    },
    {
      "From": 29,
      "To": 61
    },
    {
      "From": 29,
      "To": 62
    },
    {
      "From": 0,
      "To": 63
    }
  ],
  "OverworldCoordinates": {
    "Coneria": {
      "X": 148,
      "Y": 143
    },
    "ConeriaCastle1": {
      "X": 149,
      "Y": 142
    },
    "TempleOfFiends1": {
      "X": 119,
      "Y": 173
    },
    "Pravoka": {
      "X": 134,
      "Y": 153
    },
    "Gaia": {
      "X": 177,
      "Y": 94
    },
    "CastleOrdeals1": {
      "X": 168,
      "Y": 165
    },
    "TitansTunnelWest": {
      "X": 97,
      "Y": 105
    },
    "SardasCave": {
      "X": 101,
      "Y": 99
    },
    "EarthCave1": {
      "X": 199,
      "Y": 147
    },
    "MirageTower1": {
      "X": 175,
      "Y": 240
    },
    "Onrac": {
      "X": 149,
      "Y": 161
    },
    "TitansTunnelEast": {
      "X": 170,
      "Y": 232
    },
    "MatoyasCave": {
      "X": 189,
      "Y": 233
    },
    "DwarfCave": {
      "X": 164,
      "Y": 149
    },
    "Elfland": {
      "X": 223,
      "Y": 114
    },
    "ElflandCastle": {
      "X": 224,
      "Y": 113
    },
    "MarshCave1": {
      "X": 202,
      "Y": 92
    },
    "NorthwestCastle": {
      "X": 195,
      "Y": 194
    },
    "Melmond": {
      "X": 162,
      "Y": 30
    },
    "CrescentLake": {
      "X": 101,
      "Y": 19
    },
    "Lefein": {
      "X": 123,
      "Y": 76
    },
    "BahamutCave1": {
      "X": 230,
      "Y": 172
    },
    "Cardia1": {
      "X": 99,
      "Y": 222
    },
    "Cardia2": {
      "X": 229,
      "Y": 69
    },
    "Cardia4": {
      "X": 106,
      "Y": 54
    },
    "Cardia5": {
      "X": 171,
      "Y": 131
    },
    "Cardia6": {
      "X": 162,
      "Y": 206
    },
    "Waterfall": {
      "X": 173,
      "Y": 231
    },
    "IceCave1": {
      "X": 178,
      "Y": 176
    },
    "GurguVolcano1": {
      "X": 191,
      "Y": 131
    }
  }
}