﻿{
  "StartingLocation": {
    "X": 41,
    "Y": 83
  },
  "AirShipLocation": {
    "X": 85,
    "Y": 102
  },
  "BridgeLocation": {
    "X": 33,
    "Y": 48
  },
  "CanalLocation": {
    "X": 80,
    "Y": 219
  },
  "ShipLocations": [
    {
      "TeleporterIndex": 255,
      "X": 32,
      "Y": 55
    }
  ],
  "TeleporterFixups": [
    {
      "Type": 1,
      "Index": 0,
      "From": null,
      "To": {
        "Map": 255,
        "X": 77,
        "Y": 158
      }
    },
    {
      "Type": 1,
      "Index": 1,
      "From": null,
      "To": {
        "Map": 255,
        "X": 41,
        "Y": 131
      }
    },
    {
      "Type": 1,
      "Index": 2,
      "From": null,
      "To": {
        "Map": 255,
        "X": 40,
        "Y": 112
      }
    },
    {
      "Type": 1,
      "Index": 3,
      "From": null,
      "To": {
        "Map": 255,
        "X": 44,
        "Y": 148
      }
    },
    {
      "Type": 1,
      "Index": 4,
      "From": null,
      "To": {
        "Map": 255,
        "X": 41,
        "Y": 81
      }
    },
    {
      "Type": 1,
      "Index": 5,
      "From": null,
      "To": {
        "Map": 255,
        "X": 50,
        "Y": 219
      }
    },
    {
      "Type": 1,
      "Index": 6,
      "From": null,
      "To": {
        "Map": 255,
        "X": 55,
        "Y": 107
      }
    },
    {
      "Type": 1,
      "Index": 7,
      "From": null,
      "To": {
        "Map": 255,
        "X": 81,
        "Y": 117
      }
    },
    {
      "Type": 1,
      "Index": 8,
      "From": null,
      "To": {
        "Map": 255,
        "X": 133,
        "Y": 218
      }
    }
  ],
  "DomainFixups": [],
  "DomainUpdates": [
    {
      "From": 0,
      "To": 0
    },
    {
      "From": 0,
      "To": 1
    },
    {
      "From": 10,
      "To": 2
    },
    {
      "From": 10,
      "To": 3
    },
    {
      "From": 52,
      "To": 4
    },
    {
      "From": 52,
      "To": 5
    },
    {
      "From": 54,
      "To": 6
    },
    {
      "From": 54,
      "To": 7
    },
    {
      "From": 36,
      "To": 8
    },
    {
      "From": 36,
      "To": 9
    },
    {
      "From": 10,
      "To": 10
    },
    {
      "From": 10,
      "To": 11
    },
    {
      "From": 52,
      "To": 12
    },
    {
      "From": 52,
      "To": 13
    },
    {
      "From": 54,
      "To": 14
    },
    {
      "From": 54,
      "To": 15
    },
    {
      "From": 36,
      "To": 16
    },
    {
      "From": 36,
      "To": 17
    },
    {
      "From": 28,
      "To": 18
    },
    {
      "From": 59,
      "To": 19
    },
    {
      "From": 10,
      "To": 20
    },
    {
      "From": 10,
      "To": 21
    },
    {
      "From": 11,
      "To": 22
    },
    {
      "From": 0,
      "To": 23
    },
    {
      "From": 1,
      "To": 24
    },
    {
      "From": 36,
      "To": 25
    },
    {
      "From": 9,
      "To": 26
    },
    {
      "From": 11,
      "To": 27
    },
    {
      "From": 11,
      "To": 28
    },
    {
      "From": 0,
      "To": 29
    },
    {
      "From": 6,
      "To": 30
    },
    {
      "From": 6,
      "To": 31
    },
    {
      "From": 1,
      "To": 32
    },
    {
      "From": 12,
      "To": 33
    },
    {
      "From": 40,
      "To": 34
    },
    {
      "From": 42,
      "To": 35
    },
    {
      "From": 0,
      "To": 36
    },
    {
      "From": 31,
      "To": 37
    },
    {
      "From": 43,
      "To": 38
    },
    {
      "From": 43,
      "To": 39
    },
    {
      "From": 42,
      "To": 40
    },
    {
      "From": 40,
      "To": 41
    },
    {
      "From": 40,
      "To": 42
    },
    {
      "From": 42,
      "To": 43
    },
    {
      "From": 0,
      "To": 44
    },
    {
      "From": 0,
      "To": 45
    },
    {
      "From": 43,
      "To": 46
    },
    {
      "From": 43,
      "To": 47
    },
    {
      "From": 42,
      "To": 48
    },
    {
      "From": 42,
      "To": 49
    },
    {
      "From": 35,
      "To": 50
    },
    {
      "From": 14,
      "To": 51
    },
    {
      "From": 14,
      "To": 52
    },
    {
      "From": 14,
      "To": 53
    },
    {
      "From": 0,
      "To": 54
    },
    {
      "From": 0,
      "To": 55
    },
    {
      "From": 11,
      "To": 56
    },
    {
      "From": 42,
      "To": 57
    },
    {
      "From": 42,
      "To": 58
    },
    {
      "From": 14,
      "To": 59
    },
    {
      "From": 14,
      "To": 60
    },
    {
      "From": 14,
      "To": 61
    },
    {
      "From": 0,
      "To": 62
    },
    {
      "From": 0,
      "To": 63
    }
  ],
  "OverworldCoordinates": {
    "Coneria": {
      "X": 40,
      "Y": 82
    },
    "ConeriaCastle1": {
      "X": 41,
      "Y": 81
    },
    "TempleOfFiends1": {
      "X": 87,
      "Y": 87
    },
    "Pravoka": {
      "X": 33,
      "Y": 51
    },
    "Gaia": {
      "X": 229,
      "Y": 117
    },
    "CastleOrdeals1": {
      "X": 44,
      "Y": 148
    },
    "TitansTunnelWest": {
      "X": 41,
      "Y": 131
    },
    "SardasCave": {
      "X": 45,
      "Y": 130
    },
    "EarthCave1": {
      "X": 50,
      "Y": 219
    },
    "MirageTower1": {
      "X": 133,
      "Y": 218
    },
    "Onrac": {
      "X": 81,
      "Y": 117
    },
    "TitansTunnelEast": {
      "X": 77,
      "Y": 158
    },
    "MatoyasCave": {
      "X": 92,
      "Y": 90
    },
    "DwarfCave": {
      "X": 77,
      "Y": 200
    },
    "Elfland": {
      "X": 187,
      "Y": 59
    },
    "ElflandCastle": {
      "X": 188,
      "Y": 58
    },
    "MarshCave1": {
      "X": 98,
      "Y": 74
    },
    "NorthwestCastle": {
      "X": 212,
      "Y": 168
    },
    "Melmond": {
      "X": 95,
      "Y": 155
    },
    "CrescentLake": {
      "X": 217,
      "Y": 30
    },
    "Lefein": {
      "X": 186,
      "Y": 139
    },
    "BahamutCave1": {
      "X": 195,
      "Y": 75
    },
    "Cardia1": {
      "X": 97,
      "Y": 41
    },
    "Cardia2": {
      "X": 114,
      "Y": 21
    },
    "Cardia4": {
      "X": 162,
      "Y": 82
    },
    "Cardia5": {
      "X": 128,
      "Y": 115
    },
    "Cardia6": {
      "X": 32,
      "Y": 238
    },
    "Waterfall": {
      "X": 32,
      "Y": 131
    },
    "IceCave1": {
      "X": 40,
      "Y": 112
    },
    "GurguVolcano1": {
      "X": 55,
      "Y": 107
    }
  }
}