﻿{
  "StartingLocation": {
    "X": 70,
    "Y": 81
  },
  "AirShipLocation": {
    "X": 117,
    "Y": 110
  },
  "BridgeLocation": {
    "X": 80,
    "Y": 109
  },
  "CanalLocation": {
    "X": 117,
    "Y": 39
  },
  "ShipLocations": [
    {
      "TeleporterIndex": 255,
      "X": 79,
      "Y": 116
    }
  ],
  "TeleporterFixups": [
    {
      "Type": 1,
      "Index": 0,
      "From": null,
      "To": {
        "Map": 255,
        "X": 111,
        "Y": 107
      }
    },
    {
      "Type": 1,
      "Index": 1,
      "From": null,
      "To": {
        "Map": 255,
        "X": 120,
        "Y": 90
      }
    },
    {
      "Type": 1,
      "Index": 2,
      "From": null,
      "To": {
        "Map": 255,
        "X": 59,
        "Y": 166
      }
    },
    {
      "Type": 1,
      "Index": 3,
      "From": null,
      "To": {
        "Map": 255,
        "X": 95,
        "Y": 215
      }
    },
    {
      "Type": 1,
      "Index": 4,
      "From": null,
      "To": {
        "Map": 255,
        "X": 70,
        "Y": 79
      }
    },
    {
      "Type": 1,
      "Index": 5,
      "From": null,
      "To": {
        "Map": 255,
        "X": 140,
        "Y": 66
      }
    },
    {
      "Type": 1,
      "Index": 6,
      "From": null,
      "To": {
        "Map": 255,
        "X": 85,
        "Y": 192
      }
    },
    {
      "Type": 1,
      "Index": 7,
      "From": null,
      "To": {
        "Map": 255,
        "X": 115,
        "Y": 182
      }
    },
    {
      "Type": 1,
      "Index": 8,
      "From": null,
      "To": {
        "Map": 255,
        "X": 88,
        "Y": 79
      }
    }
  ],
  "DomainFixups": [],
  "DomainUpdates": [
    {
      "From": 59,
      "To": 0
    },
    {
      "From": 59,
      "To": 1
    },
    {
      "From": 0,
      "To": 2
    },
    {
      "From": 1,
      "To": 3
    },
    {
      "From": 1,
      "To": 4
    },
    {
      "From": 1,
      "To": 5
    },
    {
      "From": 0,
      "To": 6
    },
    {
      "From": 0,
      "To": 7
    },
    {
      "From": 59,
      "To": 8
    },
    {
      "From": 59,
      "To": 9
    },
    {
      "From": 14,
      "To": 10
    },
    {
      "From": 1,
      "To": 11
    },
    {
      "From": 42,
      "To": 12
    },
    {
      "From": 11,
      "To": 13
    },
    {
      "From": 0,
      "To": 14
    },
    {
      "From": 11,
      "To": 15
    },
    {
      "From": 10,
      "To": 16
    },
    {
      "From": 36,
      "To": 17
    },
    {
      "From": 14,
      "To": 18
    },
    {
      "From": 43,
      "To": 19
    },
    {
      "From": 42,
      "To": 20
    },
    {
      "From": 11,
      "To": 21
    },
    {
      "From": 0,
      "To": 22
    },
    {
      "From": 0,
      "To": 23
    },
    {
      "From": 10,
      "To": 24
    },
    {
      "From": 52,
      "To": 25
    },
    {
      "From": 52,
      "To": 26
    },
    {
      "From": 40,
      "To": 27
    },
    {
      "From": 40,
      "To": 28
    },
    {
      "From": 0,
      "To": 29
    },
    {
      "From": 0,
      "To": 30
    },
    {
      "From": 0,
      "To": 31
    },
    {
      "From": 0,
      "To": 32
    },
    {
      "From": 54,
      "To": 33
    },
    {
      "From": 54,
      "To": 34
    },
    {
      "From": 9,
      "To": 35
    },
    {
      "From": 0,
      "To": 36
    },
    {
      "From": 0,
      "To": 37
    },
    {
      "From": 0,
      "To": 38
    },
    {
      "From": 0,
      "To": 39
    },
    {
      "From": 54,
      "To": 40
    },
    {
      "From": 54,
      "To": 41
    },
    {
      "From": 54,
      "To": 42
    },
    {
      "From": 9,
      "To": 43
    },
    {
      "From": 0,
      "To": 44
    },
    {
      "From": 42,
      "To": 45
    },
    {
      "From": 11,
      "To": 46
    },
    {
      "From": 0,
      "To": 47
    },
    {
      "From": 54,
      "To": 48
    },
    {
      "From": 54,
      "To": 49
    },
    {
      "From": 54,
      "To": 50
    },
    {
      "From": 9,
      "To": 51
    },
    {
      "From": 0,
      "To": 52
    },
    {
      "From": 54,
      "To": 53
    },
    {
      "From": 42,
      "To": 54
    },
    {
      "From": 0,
      "To": 55
    },
    {
      "From": 6,
      "To": 56
    },
    {
      "From": 0,
      "To": 57
    },
    {
      "From": 10,
      "To": 58
    },
    {
      "From": 10,
      "To": 59
    },
    {
      "From": 0,
      "To": 60
    },
    {
      "From": 54,
      "To": 61
    },
    {
      "From": 42,
      "To": 62
    },
    {
      "From": 0,
      "To": 63
    }
  ],
  "OverworldCoordinates": {
    "Coneria": {
      "X": 69,
      "Y": 80
    },
    "ConeriaCastle1": {
      "X": 70,
      "Y": 79
    },
    "TempleOfFiends1": {
      "X": 49,
      "Y": 133
    },
    "Pravoka": {
      "X": 80,
      "Y": 112
    },
    "Gaia": {
      "X": 25,
      "Y": 233
    },
    "CastleOrdeals1": {
      "X": 95,
      "Y": 215
    },
    "TitansTunnelWest": {
      "X": 120,
      "Y": 90
    },
    "SardasCave": {
      "X": 118,
      "Y": 90
    },
    "EarthCave1": {
      "X": 140,
      "Y": 66
    },
    "MirageTower1": {
      "X": 88,
      "Y": 79
    },
    "Onrac": {
      "X": 115,
      "Y": 182
    },
    "TitansTunnelEast": {
      "X": 111,
      "Y": 107
    },
    "MatoyasCave": {
      "X": 113,
      "Y": 100
    },
    "DwarfCave": {
      "X": 111,
      "Y": 94
    },
    "Elfland": {
      "X": 51,
      "Y": 115
    },
    "ElflandCastle": {
      "X": 52,
      "Y": 114
    },
    "MarshCave1": {
      "X": 37,
      "Y": 37
    },
    "NorthwestCastle": {
      "X": 102,
      "Y": 69
    },
    "Melmond": {
      "X": 192,
      "Y": 206
    },
    "CrescentLake": {
      "X": 173,
      "Y": 217
    },
    "Lefein": {
      "X": 109,
      "Y": 197
    },
    "BahamutCave1": {
      "X": 184,
      "Y": 64
    },
    "Cardia1": {
      "X": 96,
      "Y": 230
    },
    "Cardia2": {
      "X": 184,
      "Y": 45
    },
    "Cardia4": {
      "X": 30,
      "Y": 93
    },
    "Cardia5": {
      "X": 209,
      "Y": 171
    },
    "Cardia6": {
      "X": 238,
      "Y": 38
    },
    "Waterfall": {
      "X": 119,
      "Y": 62
    },
    "IceCave1": {
      "X": 59,
      "Y": 166
    },
    "GurguVolcano1": {
      "X": 85,
      "Y": 192
    }
  }
}