﻿{
  "StartingLocation": {
    "X": 115,
    "Y": 95
  },
  "AirShipLocation": {
    "X": 166,
    "Y": 234
  },
  "BridgeLocation": {
    "X": 152,
    "Y": 104
  },
  "CanalLocation": {
    "X": 210,
    "Y": 209
  },
  "ShipLocations": [
    {
      "TeleporterIndex": 255,
      "X": 151,
      "Y": 111
    }
  ],
  "TeleporterFixups": [
    {
      "Type": 1,
      "Index": 0,
      "From": null,
      "To": {
        "Map": 255,
        "X": 218,
        "Y": 172
      }
    },
    {
      "Type": 1,
      "Index": 1,
      "From": null,
      "To": {
        "Map": 255,
        "X": 135,
        "Y": 42
      }
    },
    {
      "Type": 1,
      "Index": 2,
      "From": null,
      "To": {
        "Map": 255,
        "X": 194,
        "Y": 184
      }
    },
    {
      "Type": 1,
      "Index": 3,
      "From": null,
      "To": {
        "Map": 255,
        "X": 185,
        "Y": 211
      }
    },
    {
      "Type": 1,
      "Index": 4,
      "From": null,
      "To": {
        "Map": 255,
        "X": 115,
        "Y": 93
      }
    },
    {
      "Type": 1,
      "Index": 5,
      "From": null,
      "To": {
        "Map": 255,
        "X": 208,
        "Y": 204
      }
    },
    {
      "Type": 1,
      "Index": 6,
      "From": null,
      "To": {
        "Map": 255,
        "X": 159,
        "Y": 57
      }
    },
    {
      "Type": 1,
      "Index": 7,
      "From": null,
      "To": {
        "Map": 255,
        "X": 30,
        "Y": 191
      }
    },
    {
      "Type": 1,
      "Index": 8,
      "From": null,
      "To": {
        "Map": 255,
        "X": 150,
        "Y": 119
      }
    }
  ],
  "DomainFixups": [],
  "DomainUpdates": [
    {
      "From": 11,
      "To": 0
    },
    {
      "From": 0,
      "To": 1
    },
    {
      "From": 0,
      "To": 2
    },
    {
      "From": 59,
      "To": 3
    },
    {
      "From": 59,
      "To": 4
    },
    {
      "From": 59,
      "To": 5
    },
    {
      "From": 43,
      "To": 6
    },
    {
      "From": 0,
      "To": 7
    },
    {
      "From": 11,
      "To": 8
    },
    {
      "From": 11,
      "To": 9
    },
    {
      "From": 11,
      "To": 10
    },
    {
      "From": 36,
      "To": 11
    },
    {
      "From": 59,
      "To": 12
    },
    {
      "From": 59,
      "To": 13
    },
    {
      "From": 28,
      "To": 14
    },
    {
      "From": 28,
      "To": 15
    },
    {
      "From": 10,
      "To": 16
    },
    {
      "From": 29,
      "To": 17
    },
    {
      "From": 36,
      "To": 18
    },
    {
      "From": 36,
      "To": 19
    },
    {
      "From": 54,
      "To": 20
    },
    {
      "From": 59,
      "To": 21
    },
    {
      "From": 28,
      "To": 22
    },
    {
      "From": 28,
      "To": 23
    },
    {
      "From": 0,
      "To": 24
    },
    {
      "From": 0,
      "To": 25
    },
    {
      "From": 36,
      "To": 26
    },
    {
      "From": 36,
      "To": 27
    },
    {
      "From": 54,
      "To": 28
    },
    {
      "From": 14,
      "To": 29
    },
    {
      "From": 0,
      "To": 30
    },
    {
      "From": 0,
      "To": 31
    },
    {
      "From": 10,
      "To": 32
    },
    {
      "From": 10,
      "To": 33
    },
    {
      "From": 0,
      "To": 34
    },
    {
      "From": 0,
      "To": 35
    },
    {
      "From": 52,
      "To": 36
    },
    {
      "From": 52,
      "To": 37
    },
    {
      "From": 42,
      "To": 38
    },
    {
      "From": 42,
      "To": 39
    },
    {
      "From": 9,
      "To": 40
    },
    {
      "From": 0,
      "To": 41
    },
    {
      "From": 0,
      "To": 42
    },
    {
      "From": 0,
      "To": 43
    },
    {
      "From": 35,
      "To": 44
    },
    {
      "From": 35,
      "To": 45
    },
    {
      "From": 40,
      "To": 46
    },
    {
      "From": 40,
      "To": 47
    },
    {
      "From": 9,
      "To": 48
    },
    {
      "From": 0,
      "To": 49
    },
    {
      "From": 0,
      "To": 50
    },
    {
      "From": 0,
      "To": 51
    },
    {
      "From": 35,
      "To": 52
    },
    {
      "From": 35,
      "To": 53
    },
    {
      "From": 42,
      "To": 54
    },
    {
      "From": 40,
      "To": 55
    },
    {
      "From": 6,
      "To": 56
    },
    {
      "From": 6,
      "To": 57
    },
    {
      "From": 0,
      "To": 58
    },
    {
      "From": 0,
      "To": 59
    },
    {
      "From": 35,
      "To": 60
    },
    {
      "From": 35,
      "To": 61
    },
    {
      "From": 0,
      "To": 62
    },
    {
      "From": 0,
      "To": 63
    }
  ],
  "OverworldCoordinates": {
    "Coneria": {
      "X": 114,
      "Y": 94
    },
    "ConeriaCastle1": {
      "X": 115,
      "Y": 93
    },
    "TempleOfFiends1": {
      "X": 201,
      "Y": 60
    },
    "Pravoka": {
      "X": 152,
      "Y": 107
    },
    "Gaia": {
      "X": 28,
      "Y": 236
    },
    "CastleOrdeals1": {
      "X": 185,
      "Y": 211
    },
    "TitansTunnelWest": {
      "X": 135,
      "Y": 42
    },
    "SardasCave": {
      "X": 137,
      "Y": 42
    },
    "EarthCave1": {
      "X": 208,
      "Y": 204
    },
    "MirageTower1": {
      "X": 150,
      "Y": 119
    },
    "Onrac": {
      "X": 30,
      "Y": 191
    },
    "TitansTunnelEast": {
      "X": 218,
      "Y": 172
    },
    "MatoyasCave": {
      "X": 44,
      "Y": 76
    },
    "DwarfCave": {
      "X": 175,
      "Y": 192
    },
    "Elfland": {
      "X": 196,
      "Y": 167
    },
    "ElflandCastle": {
      "X": 197,
      "Y": 166
    },
    "MarshCave1": {
      "X": 175,
      "Y": 46
    },
    "NorthwestCastle": {
      "X": 214,
      "Y": 21
    },
    "Melmond": {
      "X": 228,
      "Y": 157
    },
    "CrescentLake": {
      "X": 137,
      "Y": 89
    },
    "Lefein": {
      "X": 160,
      "Y": 77
    },
    "BahamutCave1": {
      "X": 98,
      "Y": 16
    },
    "Cardia1": {
      "X": 25,
      "Y": 157
    },
    "Cardia2": {
      "X": 22,
      "Y": 81
    },
    "Cardia4": {
      "X": 134,
      "Y": 236
    },
    "Cardia5": {
      "X": 20,
      "Y": 18
    },
    "Cardia6": {
      "X": 45,
      "Y": 57
    },
    "Waterfall": {
      "X": 52,
      "Y": 69
    },
    "IceCave1": {
      "X": 194,
      "Y": 184
    },
    "GurguVolcano1": {
      "X": 159,
      "Y": 57
    }
  }
}