﻿{
  "StartingLocation": {
    "X": 222,
    "Y": 25
  },
  "AirShipLocation": {
    "X": 164,
    "Y": 230
  },
  "BridgeLocation": {
    "X": 177,
    "Y": 38
  },
  "CanalLocation": {
    "X": 175,
    "Y": 218
  },
  "ShipLocations": [
    {
      "TeleporterIndex": 255,
      "X": 176,
      "Y": 45
    }
  ],
  "TeleporterFixups": [
    {
      "Type": 1,
      "Index": 0,
      "From": null,
      "To": {
        "Map": 255,
        "X": 87,
        "Y": 69
      }
    },
    {
      "Type": 1,
      "Index": 1,
      "From": null,
      "To": {
        "Map": 255,
        "X": 43,
        "Y": 99
      }
    },
    {
      "Type": 1,
      "Index": 2,
      "From": null,
      "To": {
        "Map": 255,
        "X": 65,
        "Y": 45
      }
    },
    {
      "Type": 1,
      "Index": 3,
      "From": null,
      "To": {
        "Map": 255,
        "X": 197,
        "Y": 198
      }
    },
    {
      "Type": 1,
      "Index": 4,
      "From": null,
      "To": {
        "Map": 255,
        "X": 222,
        "Y": 23
      }
    },
    {
      "Type": 1,
      "Index": 5,
      "From": null,
      "To": {
        "Map": 255,
        "X": 190,
        "Y": 193
      }
    },
    {
      "Type": 1,
      "Index": 6,
      "From": null,
      "To": {
        "Map": 255,
        "X": 72,
        "Y": 80
      }
    },
    {
      "Type": 1,
      "Index": 7,
      "From": null,
      "To": {
        "Map": 255,
        "X": 75,
        "Y": 19
      }
    },
    {
      "Type": 1,
      "Index": 8,
      "From": null,
      "To": {
        "Map": 255,
        "X": 23,
        "Y": 98
      }
    }
  ],
  "DomainFixups": [],
  "DomainUpdates": [
    {
      "From": 0,
      "To": 0
    },
    {
      "From": 9,
      "To": 1
    },
    {
      "From": 9,
      "To": 2
    },
    {
      "From": 54,
      "To": 3
    },
    {
      "From": 54,
      "To": 4
    },
    {
      "From": 28,
      "To": 5
    },
    {
      "From": 28,
      "To": 6
    },
    {
      "From": 42,
      "To": 7
    },
    {
      "From": 29,
      "To": 8
    },
    {
      "From": 54,
      "To": 9
    },
    {
      "From": 54,
      "To": 10
    },
    {
      "From": 54,
      "To": 11
    },
    {
      "From": 54,
      "To": 12
    },
    {
      "From": 52,
      "To": 13
    },
    {
      "From": 52,
      "To": 14
    },
    {
      "From": 42,
      "To": 15
    },
    {
      "From": 29,
      "To": 16
    },
    {
      "From": 1,
      "To": 17
    },
    {
      "From": 40,
      "To": 18
    },
    {
      "From": 59,
      "To": 19
    },
    {
      "From": 0,
      "To": 20
    },
    {
      "From": 11,
      "To": 21
    },
    {
      "From": 52,
      "To": 22
    },
    {
      "From": 42,
      "To": 23
    },
    {
      "From": 14,
      "To": 24
    },
    {
      "From": 40,
      "To": 25
    },
    {
      "From": 43,
      "To": 26
    },
    {
      "From": 59,
      "To": 27
    },
    {
      "From": 0,
      "To": 28
    },
    {
      "From": 11,
      "To": 29
    },
    {
      "From": 0,
      "To": 30
    },
    {
      "From": 0,
      "To": 31
    },
    {
      "From": 0,
      "To": 32
    },
    {
      "From": 0,
      "To": 33
    },
    {
      "From": 0,
      "To": 34
    },
    {
      "From": 0,
      "To": 35
    },
    {
      "From": 0,
      "To": 36
    },
    {
      "From": 0,
      "To": 37
    },
    {
      "From": 42,
      "To": 38
    },
    {
      "From": 0,
      "To": 39
    },
    {
      "From": 10,
      "To": 40
    },
    {
      "From": 10,
      "To": 41
    },
    {
      "From": 0,
      "To": 42
    },
    {
      "From": 0,
      "To": 43
    },
    {
      "From": 42,
      "To": 44
    },
    {
      "From": 42,
      "To": 45
    },
    {
      "From": 42,
      "To": 46
    },
    {
      "From": 42,
      "To": 47
    },
    {
      "From": 10,
      "To": 48
    },
    {
      "From": 10,
      "To": 49
    },
    {
      "From": 0,
      "To": 50
    },
    {
      "From": 42,
      "To": 51
    },
    {
      "From": 42,
      "To": 52
    },
    {
      "From": 42,
      "To": 53
    },
    {
      "From": 42,
      "To": 54
    },
    {
      "From": 42,
      "To": 55
    },
    {
      "From": 0,
      "To": 56
    },
    {
      "From": 10,
      "To": 57
    },
    {
      "From": 0,
      "To": 58
    },
    {
      "From": 42,
      "To": 59
    },
    {
      "From": 42,
      "To": 60
    },
    {
      "From": 42,
      "To": 61
    },
    {
      "From": 42,
      "To": 62
    },
    {
      "From": 11,
      "To": 63
    }
  ],
  "OverworldCoordinates": {
    "Coneria": {
      "X": 221,
      "Y": 24
    },
    "ConeriaCastle1": {
      "X": 222,
      "Y": 23
    },
    "TempleOfFiends1": {
      "X": 183,
      "Y": 21
    },
    "Pravoka": {
      "X": 177,
      "Y": 41
    },
    "Gaia": {
      "X": 41,
      "Y": 217
    },
    "CastleOrdeals1": {
      "X": 197,
      "Y": 198
    },
    "TitansTunnelWest": {
      "X": 43,
      "Y": 99
    },
    "SardasCave": {
      "X": 45,
      "Y": 99
    },
    "EarthCave1": {
      "X": 190,
      "Y": 193
    },
    "MirageTower1": {
      "X": 23,
      "Y": 98
    },
    "Onrac": {
      "X": 75,
      "Y": 19
    },
    "TitansTunnelEast": {
      "X": 87,
      "Y": 69
    },
    "MatoyasCave": {
      "X": 37,
      "Y": 69
    },
    "DwarfCave": {
      "X": 39,
      "Y": 69
    },
    "Elfland": {
      "X": 194,
      "Y": 39
    },
    "ElflandCastle": {
      "X": 195,
      "Y": 38
    },
    "MarshCave1": {
      "X": 103,
      "Y": 70
    },
    "NorthwestCastle": {
      "X": 84,
      "Y": 98
    },
    "Melmond": {
      "X": 236,
      "Y": 20
    },
    "CrescentLake": {
      "X": 124,
      "Y": 35
    },
    "Lefein": {
      "X": 143,
      "Y": 27
    },
    "BahamutCave1": {
      "X": 15,
      "Y": 207
    },
    "Cardia1": {
      "X": 51,
      "Y": 231
    },
    "Cardia2": {
      "X": 34,
      "Y": 198
    },
    "Cardia4": {
      "X": 124,
      "Y": 110
    },
    "Cardia5": {
      "X": 233,
      "Y": 241
    },
    "Cardia6": {
      "X": 171,
      "Y": 90
    },
    "Waterfall": {
      "X": 55,
      "Y": 82
    },
    "IceCave1": {
      "X": 65,
      "Y": 45
    },
    "GurguVolcano1": {
      "X": 72,
      "Y": 80
    }
  }
}