﻿{
  "StartingLocation": {
    "X": 141,
    "Y": 171
  },
  "AirShipLocation": {
    "X": 55,
    "Y": 41
  },
  "BridgeLocation": {
    "X": 140,
    "Y": 178
  },
  "CanalLocation": {
    "X": 123,
    "Y": 113
  },
  "ShipLocations": [
    {
      "TeleporterIndex": 1,
      "X": 139,
      "Y": 185
    },
    {
      "TeleporterIndex": 9,
      "X": 139,
      "Y": 185
    },
    {
      "TeleporterIndex": 255,
      "X": 139,
      "Y": 185
    },
    {
      "TeleporterIndex": 13,
      "X": 117,
      "Y": 182
    },
    {
      "TeleporterIndex": 2,
      "X": 139,
      "Y": 185
    },
    {
      "TeleporterIndex": 24,
      "X": 71,
      "Y": 60
    },
    {
      "TeleporterIndex": 7,
      "X": 217,
      "Y": 96
    },
    {
      "TeleporterIndex": 3,
      "X": 54,
      "Y": 213
    },
    {
      "TeleporterIndex": 10,
      "X": 54,
      "Y": 213
    },
    {
      "TeleporterIndex": 23,
      "X": 217,
      "Y": 96
    },
    {
      "TeleporterIndex": 11,
      "X": 117,
      "Y": 182
    },
    {
      "TeleporterIndex": 4,
      "X": 119,
      "Y": 18
    },
    {
      "TeleporterIndex": 5,
      "X": 227,
      "Y": 38
    },
    {
      "TeleporterIndex": 29,
      "X": 71,
      "Y": 60
    }
  ],
  "TeleporterFixups": [
    {
      "Type": 1,
      "Index": 0,
      "From": null,
      "To": {
        "Map": 255,
        "X": 187,
        "Y": 70
      }
    },
    {
      "Type": 1,
      "Index": 1,
      "From": null,
      "To": {
        "Map": 255,
        "X": 101,
        "Y": 80
      }
    },
    {
      "Type": 1,
      "Index": 2,
      "From": null,
      "To": {
        "Map": 255,
        "X": 186,
        "Y": 52
      }
    },
    {
      "Type": 1,
      "Index": 3,
      "From": null,
      "To": {
        "Map": 255,
        "X": 177,
        "Y": 80
      }
    },
    {
      "Type": 1,
      "Index": 4,
      "From": null,
      "To": {
        "Map": 255,
        "X": 141,
        "Y": 169
      }
    },
    {
      "Type": 1,
      "Index": 5,
      "From": null,
      "To": {
        "Map": 255,
        "X": 104,
        "Y": 54
      }
    },
    {
      "Type": 1,
      "Index": 6,
      "From": null,
      "To": {
        "Map": 255,
        "X": 167,
        "Y": 43
      }
    },
    {
      "Type": 1,
      "Index": 7,
      "From": null,
      "To": {
        "Map": 255,
        "X": 231,
        "Y": 69
      }
    },
    {
      "Type": 1,
      "Index": 8,
      "From": null,
      "To": {
        "Map": 255,
        "X": 73,
        "Y": 27
      }
    }
  ],
  "DomainFixups": [],
  "DomainUpdates": [
    {
      "From": 0,
      "To": 0
    },
    {
      "From": 14,
      "To": 1
    },
    {
      "From": 14,
      "To": 2
    },
    {
      "From": 11,
      "To": 3
    },
    {
      "From": 42,
      "To": 4
    },
    {
      "From": 42,
      "To": 5
    },
    {
      "From": 54,
      "To": 6
    },
    {
      "From": 0,
      "To": 7
    },
    {
      "From": 0,
      "To": 8
    },
    {
      "From": 35,
      "To": 9
    },
    {
      "From": 35,
      "To": 10
    },
    {
      "From": 42,
      "To": 11
    },
    {
      "From": 54,
      "To": 12
    },
    {
      "From": 54,
      "To": 13
    },
    {
      "From": 59,
      "To": 14
    },
    {
      "From": 9,
      "To": 15
    },
    {
      "From": 0,
      "To": 16
    },
    {
      "From": 35,
      "To": 17
    },
    {
      "From": 42,
      "To": 18
    },
    {
      "From": 1,
      "To": 19
    },
    {
      "From": 1,
      "To": 20
    },
    {
      "From": 40,
      "To": 21
    },
    {
      "From": 59,
      "To": 22
    },
    {
      "From": 9,
      "To": 23
    },
    {
      "From": 10,
      "To": 24
    },
    {
      "From": 0,
      "To": 25
    },
    {
      "From": 42,
      "To": 26
    },
    {
      "From": 1,
      "To": 27
    },
    {
      "From": 1,
      "To": 28
    },
    {
      "From": 59,
      "To": 29
    },
    {
      "From": 59,
      "To": 30
    },
    {
      "From": 10,
      "To": 31
    },
    {
      "From": 0,
      "To": 32
    },
    {
      "From": 0,
      "To": 33
    },
    {
      "From": 28,
      "To": 34
    },
    {
      "From": 28,
      "To": 35
    },
    {
      "From": 43,
      "To": 36
    },
    {
      "From": 10,
      "To": 37
    },
    {
      "From": 10,
      "To": 38
    },
    {
      "From": 10,
      "To": 39
    },
    {
      "From": 0,
      "To": 40
    },
    {
      "From": 0,
      "To": 41
    },
    {
      "From": 28,
      "To": 42
    },
    {
      "From": 29,
      "To": 43
    },
    {
      "From": 36,
      "To": 44
    },
    {
      "From": 10,
      "To": 45
    },
    {
      "From": 6,
      "To": 46
    },
    {
      "From": 6,
      "To": 47
    },
    {
      "From": 0,
      "To": 48
    },
    {
      "From": 52,
      "To": 49
    },
    {
      "From": 52,
      "To": 50
    },
    {
      "From": 29,
      "To": 51
    },
    {
      "From": 36,
      "To": 52
    },
    {
      "From": 0,
      "To": 53
    },
    {
      "From": 6,
      "To": 54
    },
    {
      "From": 6,
      "To": 55
    },
    {
      "From": 0,
      "To": 56
    },
    {
      "From": 52,
      "To": 57
    },
    {
      "From": 52,
      "To": 58
    },
    {
      "From": 0,
      "To": 59
    },
    {
      "From": 0,
      "To": 60
    },
    {
      "From": 0,
      "To": 61
    },
    {
      "From": 0,
      "To": 62
    },
    {
      "From": 0,
      "To": 63
    }
  ],
  "OverworldCoordinates": {
    "Coneria": {
      "X": 140,
      "Y": 170
    },
    "ConeriaCastle1": {
      "X": 141,
      "Y": 169
    },
    "TempleOfFiends1": {
      "X": 104,
      "Y": 154
    },
    "Pravoka": {
      "X": 140,
      "Y": 181
    },
    "Gaia": {
      "X": 230,
      "Y": 187
    },
    "CastleOrdeals1": {
      "X": 177,
      "Y": 80
    },
    "TitansTunnelWest": {
      "X": 101,
      "Y": 80
    },
    "SardasCave": {
      "X": 104,
      "Y": 79
    },
    "EarthCave1": {
      "X": 104,
      "Y": 54
    },
    "MirageTower1": {
      "X": 73,
      "Y": 27
    },
    "Onrac": {
      "X": 231,
      "Y": 69
    },
    "TitansTunnelEast": {
      "X": 187,
      "Y": 70
    },
    "MatoyasCave": {
      "X": 123,
      "Y": 163
    },
    "DwarfCave": {
      "X": 79,
      "Y": 38
    },
    "Elfland": {
      "X": 72,
      "Y": 222
    },
    "ElflandCastle": {
      "X": 73,
      "Y": 221
    },
    "MarshCave1": {
      "X": 210,
      "Y": 67
    },
    "NorthwestCastle": {
      "X": 132,
      "Y": 148
    },
    "Melmond": {
      "X": 153,
      "Y": 30
    },
    "CrescentLake": {
      "X": 202,
      "Y": 22
    },
    "Lefein": {
      "X": 151,
      "Y": 79
    },
    "BahamutCave1": {
      "X": 180,
      "Y": 152
    },
    "Cardia1": {
      "X": 232,
      "Y": 130
    },
    "Cardia2": {
      "X": 164,
      "Y": 162
    },
    "Cardia4": {
      "X": 18,
      "Y": 102
    },
    "Cardia5": {
      "X": 73,
      "Y": 81
    },
    "Cardia6": {
      "X": 96,
      "Y": 38
    },
    "Waterfall": {
      "X": 165,
      "Y": 70
    },
    "IceCave1": {
      "X": 186,
      "Y": 52
    },
    "GurguVolcano1": {
      "X": 167,
      "Y": 43
    }
  }
}