﻿{
  "StartingLocation": {
    "X": 202,
    "Y": 37
  },
  "AirShipLocation": {
    "X": 21,
    "Y": 236
  },
  "BridgeLocation": {
    "X": 209,
    "Y": 52
  },
  "CanalLocation": {
    "X": 165,
    "Y": 135
  },
  "ShipLocations": [
    {
      "TeleporterIndex": 255,
      "X": 208,
      "Y": 59
    }
  ],
  "TeleporterFixups": [
    {
      "Type": 1,
      "Index": 0,
      "From": null,
      "To": {
        "Map": 255,
        "X": 213,
        "Y": 38
      }
    },
    {
      "Type": 1,
      "Index": 1,
      "From": null,
      "To": {
        "Map": 255,
        "X": 52,
        "Y": 38
      }
    },
    {
      "Type": 1,
      "Index": 2,
      "From": null,
      "To": {
        "Map": 255,
        "X": 27,
        "Y": 72
      }
    },
    {
      "Type": 1,
      "Index": 3,
      "From": null,
      "To": {
        "Map": 255,
        "X": 49,
        "Y": 101
      }
    },
    {
      "Type": 1,
      "Index": 4,
      "From": null,
      "To": {
        "Map": 255,
        "X": 202,
        "Y": 35
      }
    },
    {
      "Type": 1,
      "Index": 5,
      "From": null,
      "To": {
        "Map": 255,
        "X": 142,
        "Y": 128
      }
    },
    {
      "Type": 1,
      "Index": 6,
      "From": null,
      "To": {
        "Map": 255,
        "X": 42,
        "Y": 61
      }
    },
    {
      "Type": 1,
      "Index": 7,
      "From": null,
      "To": {
        "Map": 255,
        "X": 98,
        "Y": 33
      }
    },
    {
      "Type": 1,
      "Index": 8,
      "From": null,
      "To": {
        "Map": 255,
        "X": 237,
        "Y": 233
      }
    }
  ],
  "DomainFixups": [],
  "DomainUpdates": [
    {
      "From": 0,
      "To": 0
    },
    {
      "From": 11,
      "To": 1
    },
    {
      "From": 42,
      "To": 2
    },
    {
      "From": 9,
      "To": 3
    },
    {
      "From": 0,
      "To": 4
    },
    {
      "From": 10,
      "To": 5
    },
    {
      "From": 40,
      "To": 6
    },
    {
      "From": 40,
      "To": 7
    },
    {
      "From": 11,
      "To": 8
    },
    {
      "From": 11,
      "To": 9
    },
    {
      "From": 42,
      "To": 10
    },
    {
      "From": 9,
      "To": 11
    },
    {
      "From": 0,
      "To": 12
    },
    {
      "From": 36,
      "To": 13
    },
    {
      "From": 36,
      "To": 14
    },
    {
      "From": 54,
      "To": 15
    },
    {
      "From": 54,
      "To": 16
    },
    {
      "From": 54,
      "To": 17
    },
    {
      "From": 1,
      "To": 18
    },
    {
      "From": 0,
      "To": 19
    },
    {
      "From": 0,
      "To": 20
    },
    {
      "From": 0,
      "To": 21
    },
    {
      "From": 43,
      "To": 22
    },
    {
      "From": 43,
      "To": 23
    },
    {
      "From": 12,
      "To": 24
    },
    {
      "From": 12,
      "To": 25
    },
    {
      "From": 29,
      "To": 26
    },
    {
      "From": 59,
      "To": 27
    },
    {
      "From": 6,
      "To": 28
    },
    {
      "From": 6,
      "To": 29
    },
    {
      "From": 28,
      "To": 30
    },
    {
      "From": 35,
      "To": 31
    },
    {
      "From": 11,
      "To": 32
    },
    {
      "From": 0,
      "To": 33
    },
    {
      "From": 29,
      "To": 34
    },
    {
      "From": 59,
      "To": 35
    },
    {
      "From": 42,
      "To": 36
    },
    {
      "From": 42,
      "To": 37
    },
    {
      "From": 28,
      "To": 38
    },
    {
      "From": 28,
      "To": 39
    },
    {
      "From": 11,
      "To": 40
    },
    {
      "From": 11,
      "To": 41
    },
    {
      "From": 0,
      "To": 42
    },
    {
      "From": 0,
      "To": 43
    },
    {
      "From": 0,
      "To": 44
    },
    {
      "From": 0,
      "To": 45
    },
    {
      "From": 52,
      "To": 46
    },
    {
      "From": 10,
      "To": 47
    },
    {
      "From": 10,
      "To": 48
    },
    {
      "From": 0,
      "To": 49
    },
    {
      "From": 0,
      "To": 50
    },
    {
      "From": 0,
      "To": 51
    },
    {
      "From": 0,
      "To": 52
    },
    {
      "From": 52,
      "To": 53
    },
    {
      "From": 52,
      "To": 54
    },
    {
      "From": 14,
      "To": 55
    },
    {
      "From": 0,
      "To": 56
    },
    {
      "From": 0,
      "To": 57
    },
    {
      "From": 0,
      "To": 58
    },
    {
      "From": 0,
      "To": 59
    },
    {
      "From": 0,
      "To": 60
    },
    {
      "From": 52,
      "To": 61
    },
    {
      "From": 52,
      "To": 62
    },
    {
      "From": 14,
      "To": 63
    }
  ],
  "OverworldCoordinates": {
    "Coneria": {
      "X": 201,
      "Y": 36
    },
    "ConeriaCastle1": {
      "X": 202,
      "Y": 35
    },
    "TempleOfFiends1": {
      "X": 215,
      "Y": 116
    },
    "Pravoka": {
      "X": 209,
      "Y": 55
    },
    "Gaia": {
      "X": 137,
      "Y": 125
    },
    "CastleOrdeals1": {
      "X": 49,
      "Y": 101
    },
    "TitansTunnelWest": {
      "X": 52,
      "Y": 38
    },
    "SardasCave": {
      "X": 50,
      "Y": 38
    },
    "EarthCave1": {
      "X": 142,
      "Y": 128
    },
    "MirageTower1": {
      "X": 237,
      "Y": 233
    },
    "Onrac": {
      "X": 98,
      "Y": 33
    },
    "TitansTunnelEast": {
      "X": 213,
      "Y": 38
    },
    "MatoyasCave": {
      "X": 78,
      "Y": 129
    },
    "DwarfCave": {
      "X": 224,
      "Y": 115
    },
    "Elfland": {
      "X": 200,
      "Y": 232
    },
    "ElflandCastle": {
      "X": 201,
      "Y": 231
    },
    "MarshCave1": {
      "X": 100,
      "Y": 123
    },
    "NorthwestCastle": {
      "X": 213,
      "Y": 68
    },
    "Melmond": {
      "X": 79,
      "Y": 31
    },
    "CrescentLake": {
      "X": 226,
      "Y": 54
    },
    "Lefein": {
      "X": 22,
      "Y": 100
    },
    "BahamutCave1": {
      "X": 31,
      "Y": 174
    },
    "Cardia1": {
      "X": 19,
      "Y": 207
    },
    "Cardia2": {
      "X": 232,
      "Y": 180
    },
    "Cardia4": {
      "X": 173,
      "Y": 15
    },
    "Cardia5": {
      "X": 13,
      "Y": 145
    },
    "Cardia6": {
      "X": 31,
      "Y": 33
    },
    "Waterfall": {
      "X": 63,
      "Y": 60
    },
    "IceCave1": {
      "X": 27,
      "Y": 72
    },
    "GurguVolcano1": {
      "X": 42,
      "Y": 61
    }
  }
}