﻿{
  "StartingLocation": {
    "X": 225,
    "Y": 100
  },
  "AirShipLocation": {
    "X": 193,
    "Y": 44
  },
  "BridgeLocation": {
    "X": 234,
    "Y": 74
  },
  "CanalLocation": {
    "X": 18,
    "Y": 200
  },
  "ShipLocations": [
    {
      "TeleporterIndex": 255,
      "X": 233,
      "Y": 81
    }
  ],
  "TeleporterFixups": [
    {
      "Type": 1,
      "Index": 0,
      "From": null,
      "To": {
        "Map": 255,
        "X": 112,
        "Y": 129
      }
    },
    {
      "Type": 1,
      "Index": 1,
      "From": null,
      "To": {
        "Map": 255,
        "X": 222,
        "Y": 143
      }
    },
    {
      "Type": 1,
      "Index": 2,
      "From": null,
      "To": {
        "Map": 255,
        "X": 41,
        "Y": 178
      }
    },
    {
      "Type": 1,
      "Index": 3,
      "From": null,
      "To": {
        "Map": 255,
        "X": 94,
        "Y": 103
      }
    },
    {
      "Type": 1,
      "Index": 4,
      "From": null,
      "To": {
        "Map": 255,
        "X": 225,
        "Y": 98
      }
    },
    {
      "Type": 1,
      "Index": 5,
      "From": null,
      "To": {
        "Map": 255,
        "X": 81,
        "Y": 233
      }
    },
    {
      "Type": 1,
      "Index": 6,
      "From": null,
      "To": {
        "Map": 255,
        "X": 78,
        "Y": 128
      }
    },
    {
      "Type": 1,
      "Index": 7,
      "From": null,
      "To": {
        "Map": 255,
        "X": 89,
        "Y": 149
      }
    },
    {
      "Type": 1,
      "Index": 8,
      "From": null,
      "To": {
        "Map": 255,
        "X": 14,
        "Y": 70
      }
    }
  ],
  "DomainFixups": [],
  "DomainUpdates": [
    {
      "From": 0,
      "To": 0
    },
    {
      "From": 0,
      "To": 1
    },
    {
      "From": 42,
      "To": 2
    },
    {
      "From": 42,
      "To": 3
    },
    {
      "From": 42,
      "To": 4
    },
    {
      "From": 10,
      "To": 5
    },
    {
      "From": 11,
      "To": 6
    },
    {
      "From": 11,
      "To": 7
    },
    {
      "From": 0,
      "To": 8
    },
    {
      "From": 0,
      "To": 9
    },
    {
      "From": 0,
      "To": 10
    },
    {
      "From": 42,
      "To": 11
    },
    {
      "From": 0,
      "To": 12
    },
    {
      "From": 54,
      "To": 13
    },
    {
      "From": 54,
      "To": 14
    },
    {
      "From": 0,
      "To": 15
    },
    {
      "From": 14,
      "To": 16
    },
    {
      "From": 43,
      "To": 17
    },
    {
      "From": 12,
      "To": 18
    },
    {
      "From": 12,
      "To": 19
    },
    {
      "From": 0,
      "To": 20
    },
    {
      "From": 54,
      "To": 21
    },
    {
      "From": 54,
      "To": 22
    },
    {
      "From": 36,
      "To": 23
    },
    {
      "From": 43,
      "To": 24
    },
    {
      "From": 43,
      "To": 25
    },
    {
      "From": 12,
      "To": 26
    },
    {
      "From": 12,
      "To": 27
    },
    {
      "From": 0,
      "To": 28
    },
    {
      "From": 0,
      "To": 29
    },
    {
      "From": 28,
      "To": 30
    },
    {
      "From": 36,
      "To": 31
    },
    {
      "From": 54,
      "To": 32
    },
    {
      "From": 35,
      "To": 33
    },
    {
      "From": 9,
      "To": 34
    },
    {
      "From": 40,
      "To": 35
    },
    {
      "From": 52,
      "To": 36
    },
    {
      "From": 0,
      "To": 37
    },
    {
      "From": 40,
      "To": 38
    },
    {
      "From": 40,
      "To": 39
    },
    {
      "From": 54,
      "To": 40
    },
    {
      "From": 54,
      "To": 41
    },
    {
      "From": 59,
      "To": 42
    },
    {
      "From": 52,
      "To": 43
    },
    {
      "From": 52,
      "To": 44
    },
    {
      "From": 0,
      "To": 45
    },
    {
      "From": 29,
      "To": 46
    },
    {
      "From": 29,
      "To": 47
    },
    {
      "From": 54,
      "To": 48
    },
    {
      "From": 54,
      "To": 49
    },
    {
      "From": 42,
      "To": 50
    },
    {
      "From": 42,
      "To": 51
    },
    {
      "From": 11,
      "To": 52
    },
    {
      "From": 0,
      "To": 53
    },
    {
      "From": 29,
      "To": 54
    },
    {
      "From": 10,
      "To": 55
    },
    {
      "From": 54,
      "To": 56
    },
    {
      "From": 42,
      "To": 57
    },
    {
      "From": 42,
      "To": 58
    },
    {
      "From": 42,
      "To": 59
    },
    {
      "From": 11,
      "To": 60
    },
    {
      "From": 0,
      "To": 61
    },
    {
      "From": 0,
      "To": 62
    },
    {
      "From": 0,
      "To": 63
    }
  ],
  "OverworldCoordinates": {
    "Coneria": {
      "X": 224,
      "Y": 99
    },
    "ConeriaCastle1": {
      "X": 225,
      "Y": 98
    },
    "TempleOfFiends1": {
      "X": 215,
      "Y": 123
    },
    "Pravoka": {
      "X": 234,
      "Y": 77
    },
    "Gaia": {
      "X": 197,
      "Y": 201
    },
    "CastleOrdeals1": {
      "X": 94,
      "Y": 103
    },
    "TitansTunnelWest": {
      "X": 222,
      "Y": 143
    },
    "SardasCave": {
      "X": 216,
      "Y": 143
    },
    "EarthCave1": {
      "X": 81,
      "Y": 233
    },
    "MirageTower1": {
      "X": 14,
      "Y": 70
    },
    "Onrac": {
      "X": 89,
      "Y": 149
    },
    "TitansTunnelEast": {
      "X": 112,
      "Y": 129
    },
    "MatoyasCave": {
      "X": 224,
      "Y": 185
    },
    "DwarfCave": {
      "X": 60,
      "Y": 121
    },
    "Elfland": {
      "X": 152,
      "Y": 157
    },
    "ElflandCastle": {
      "X": 153,
      "Y": 156
    },
    "MarshCave1": {
      "X": 71,
      "Y": 170
    },
    "NorthwestCastle": {
      "X": 52,
      "Y": 99
    },
    "Melmond": {
      "X": 107,
      "Y": 25
    },
    "CrescentLake": {
      "X": 200,
      "Y": 100
    },
    "Lefein": {
      "X": 59,
      "Y": 229
    },
    "BahamutCave1": {
      "X": 157,
      "Y": 207
    },
    "Cardia1": {
      "X": 20,
      "Y": 163
    },
    "Cardia2": {
      "X": 234,
      "Y": 205
    },
    "Cardia4": {
      "X": 175,
      "Y": 19
    },
    "Cardia5": {
      "X": 144,
      "Y": 229
    },
    "Cardia6": {
      "X": 234,
      "Y": 20
    },
    "Waterfall": {
      "X": 64,
      "Y": 138
    },
    "IceCave1": {
      "X": 41,
      "Y": 178
    },
    "GurguVolcano1": {
      "X": 78,
      "Y": 128
    }
  }
}