﻿{
  "StartingLocation": {
    "X": 153,
    "Y": 171
  },
  "AirShipLocation": {
    "X": 76,
    "Y": 171
  },
  "BridgeLocation": {
    "X": 132,
    "Y": 158
  },
  "CanalLocation": {
    "X": 56,
    "Y": 47
  },
  "ShipLocations": [
    {
      "TeleporterIndex": 255,
      "X": 131,
      "Y": 165
    }
  ],
  "TeleporterFixups": [
    {
      "Type": 1,
      "Index": 0,
      "From": null,
      "To": {
        "Map": 255,
        "X": 52,
        "Y": 68
      }
    },
    {
      "Type": 1,
      "Index": 1,
      "From": null,
      "To": {
        "Map": 255,
        "X": 153,
        "Y": 38
      }
    },
    {
      "Type": 1,
      "Index": 2,
      "From": null,
      "To": {
        "Map": 255,
        "X": 216,
        "Y": 195
      }
    },
    {
      "Type": 1,
      "Index": 3,
      "From": null,
      "To": {
        "Map": 255,
        "X": 197,
        "Y": 186
      }
    },
    {
      "Type": 1,
      "Index": 4,
      "From": null,
      "To": {
        "Map": 255,
        "X": 153,
        "Y": 169
      }
    },
    {
      "Type": 1,
      "Index": 5,
      "From": null,
      "To": {
        "Map": 255,
        "X": 68,
        "Y": 74
      }
    },
    {
      "Type": 1,
      "Index": 6,
      "From": null,
      "To": {
        "Map": 255,
        "X": 186,
        "Y": 200
      }
    },
    {
      "Type": 1,
      "Index": 7,
      "From": null,
      "To": {
        "Map": 255,
        "X": 84,
        "Y": 154
      }
    },
    {
      "Type": 1,
      "Index": 8,
      "From": null,
      "To": {
        "Map": 255,
        "X": 209,
        "Y": 163
      }
    }
  ],
  "DomainFixups": [],
  "DomainUpdates": [
    {
      "From": 42,
      "To": 0
    },
    {
      "From": 35,
      "To": 1
    },
    {
      "From": 10,
      "To": 2
    },
    {
      "From": 0,
      "To": 3
    },
    {
      "From": 40,
      "To": 4
    },
    {
      "From": 40,
      "To": 5
    },
    {
      "From": 0,
      "To": 6
    },
    {
      "From": 0,
      "To": 7
    },
    {
      "From": 42,
      "To": 8
    },
    {
      "From": 35,
      "To": 9
    },
    {
      "From": 42,
      "To": 10
    },
    {
      "From": 42,
      "To": 11
    },
    {
      "From": 40,
      "To": 12
    },
    {
      "From": 40,
      "To": 13
    },
    {
      "From": 0,
      "To": 14
    },
    {
      "From": 0,
      "To": 15
    },
    {
      "From": 35,
      "To": 16
    },
    {
      "From": 35,
      "To": 17
    },
    {
      "From": 42,
      "To": 18
    },
    {
      "From": 6,
      "To": 19
    },
    {
      "From": 0,
      "To": 20
    },
    {
      "From": 0,
      "To": 21
    },
    {
      "From": 0,
      "To": 22
    },
    {
      "From": 10,
      "To": 23
    },
    {
      "From": 35,
      "To": 24
    },
    {
      "From": 35,
      "To": 25
    },
    {
      "From": 0,
      "To": 26
    },
    {
      "From": 0,
      "To": 27
    },
    {
      "From": 59,
      "To": 28
    },
    {
      "From": 0,
      "To": 29
    },
    {
      "From": 14,
      "To": 30
    },
    {
      "From": 10,
      "To": 31
    },
    {
      "From": 0,
      "To": 32
    },
    {
      "From": 0,
      "To": 33
    },
    {
      "From": 9,
      "To": 34
    },
    {
      "From": 29,
      "To": 35
    },
    {
      "From": 29,
      "To": 36
    },
    {
      "From": 29,
      "To": 37
    },
    {
      "From": 14,
      "To": 38
    },
    {
      "From": 14,
      "To": 39
    },
    {
      "From": 0,
      "To": 40
    },
    {
      "From": 9,
      "To": 41
    },
    {
      "From": 9,
      "To": 42
    },
    {
      "From": 29,
      "To": 43
    },
    {
      "From": 36,
      "To": 44
    },
    {
      "From": 28,
      "To": 45
    },
    {
      "From": 14,
      "To": 46
    },
    {
      "From": 14,
      "To": 47
    },
    {
      "From": 11,
      "To": 48
    },
    {
      "From": 54,
      "To": 49
    },
    {
      "From": 54,
      "To": 50
    },
    {
      "From": 54,
      "To": 51
    },
    {
      "From": 43,
      "To": 52
    },
    {
      "From": 54,
      "To": 53
    },
    {
      "From": 54,
      "To": 54
    },
    {
      "From": 54,
      "To": 55
    },
    {
      "From": 11,
      "To": 56
    },
    {
      "From": 11,
      "To": 57
    },
    {
      "From": 54,
      "To": 58
    },
    {
      "From": 54,
      "To": 59
    },
    {
      "From": 43,
      "To": 60
    },
    {
      "From": 54,
      "To": 61
    },
    {
      "From": 1,
      "To": 62
    },
    {
      "From": 54,
      "To": 63
    }
  ],
  "OverworldCoordinates": {
    "Coneria": {
      "X": 152,
      "Y": 170
    },
    "ConeriaCastle1": {
      "X": 153,
      "Y": 169
    },
    "TempleOfFiends1": {
      "X": 166,
      "Y": 178
    },
    "Pravoka": {
      "X": 132,
      "Y": 161
    },
    "Gaia": {
      "X": 95,
      "Y": 71
    },
    "CastleOrdeals1": {
      "X": 197,
      "Y": 186
    },
    "TitansTunnelWest": {
      "X": 153,
      "Y": 38
    },
    "SardasCave": {
      "X": 156,
      "Y": 35
    },
    "EarthCave1": {
      "X": 68,
      "Y": 74
    },
    "MirageTower1": {
      "X": 209,
      "Y": 163
    },
    "Onrac": {
      "X": 84,
      "Y": 154
    },
    "TitansTunnelEast": {
      "X": 52,
      "Y": 68
    },
    "MatoyasCave": {
      "X": 164,
      "Y": 150
    },
    "DwarfCave": {
      "X": 44,
      "Y": 63
    },
    "Elfland": {
      "X": 132,
      "Y": 213
    },
    "ElflandCastle": {
      "X": 133,
      "Y": 212
    },
    "MarshCave1": {
      "X": 148,
      "Y": 136
    },
    "NorthwestCastle": {
      "X": 146,
      "Y": 216
    },
    "Melmond": {
      "X": 25,
      "Y": 60
    },
    "CrescentLake": {
      "X": 87,
      "Y": 229
    },
    "Lefein": {
      "X": 52,
      "Y": 207
    },
    "BahamutCave1": {
      "X": 43,
      "Y": 232
    },
    "Cardia1": {
      "X": 233,
      "Y": 113
    },
    "Cardia2": {
      "X": 65,
      "Y": 25
    },
    "Cardia4": {
      "X": 233,
      "Y": 88
    },
    "Cardia5": {
      "X": 26,
      "Y": 224
    },
    "Cardia6": {
      "X": 103,
      "Y": 155
    },
    "Waterfall": {
      "X": 207,
      "Y": 214
    },
    "IceCave1": {
      "X": 216,
      "Y": 195
    },
    "GurguVolcano1": {
      "X": 186,
      "Y": 200
    }
  }
}