﻿{
  "StartingLocation": {
    "X": 36,
    "Y": 147
  },
  "AirShipLocation": {
    "X": 131,
    "Y": 53
  },
  "BridgeLocation": {
    "X": 57,
    "Y": 148
  },
  "CanalLocation": {
    "X": 235,
    "Y": 166
  },
  "ShipLocations": [
    {
      "TeleporterIndex": 1,
      "X": 56,
      "Y": 155
    },
    {
      "TeleporterIndex": 9,
      "X": 56,
      "Y": 155
    },
    {
      "TeleporterIndex": 255,
      "X": 56,
      "Y": 155
    },
    {
      "TeleporterIndex": 13,
      "X": 56,
      "Y": 155
    },
    {
      "TeleporterIndex": 2,
      "X": 56,
      "Y": 155
    },
    {
      "TeleporterIndex": 24,
      "X": 164,
      "Y": 161
    },
    {
      "TeleporterIndex": 3,
      "X": 84,
      "Y": 158
    },
    {
      "TeleporterIndex": 10,
      "X": 84,
      "Y": 158
    },
    {
      "TeleporterIndex": 23,
      "X": 188,
      "Y": 217
    },
    {
      "TeleporterIndex": 11,
      "X": 188,
      "Y": 217
    },
    {
      "TeleporterIndex": 4,
      "X": 79,
      "Y": 184
    },
    {
      "TeleporterIndex": 5,
      "X": 114,
      "Y": 211
    },
    {
      "TeleporterIndex": 8,
      "X": 164,
      "Y": 161
    },
    {
      "TeleporterIndex": 29,
      "X": 164,
      "Y": 161
    }
  ],
  "TeleporterFixups": [
    {
      "Type": 1,
      "Index": 0,
      "From": null,
      "To": {
        "Map": 255,
        "X": 29,
        "Y": 144
      }
    },
    {
      "Type": 1,
      "Index": 1,
      "From": null,
      "To": {
        "Map": 255,
        "X": 204,
        "Y": 235
      }
    },
    {
      "Type": 1,
      "Index": 2,
      "From": null,
      "To": {
        "Map": 255,
        "X": 63,
        "Y": 112
      }
    },
    {
      "Type": 1,
      "Index": 3,
      "From": null,
      "To": {
        "Map": 255,
        "X": 102,
        "Y": 116
      }
    },
    {
      "Type": 1,
      "Index": 4,
      "From": null,
      "To": {
        "Map": 255,
        "X": 36,
        "Y": 145
      }
    },
    {
      "Type": 1,
      "Index": 5,
      "From": null,
      "To": {
        "Map": 255,
        "X": 232,
        "Y": 176
      }
    },
    {
      "Type": 1,
      "Index": 6,
      "From": null,
      "To": {
        "Map": 255,
        "X": 100,
        "Y": 33
      }
    },
    {
      "Type": 1,
      "Index": 7,
      "From": null,
      "To": {
        "Map": 255,
        "X": 222,
        "Y": 28
      }
    },
    {
      "Type": 1,
      "Index": 8,
      "From": null,
      "To": {
        "Map": 255,
        "X": 151,
        "Y": 142
      }
    }
  ],
  "DomainFixups": [],
  "DomainUpdates": [
    {
      "From": 0,
      "To": 0
    },
    {
      "From": 0,
      "To": 1
    },
    {
      "From": 0,
      "To": 2
    },
    {
      "From": 54,
      "To": 3
    },
    {
      "From": 0,
      "To": 4
    },
    {
      "From": 0,
      "To": 5
    },
    {
      "From": 9,
      "To": 6
    },
    {
      "From": 9,
      "To": 7
    },
    {
      "From": 11,
      "To": 8
    },
    {
      "From": 0,
      "To": 9
    },
    {
      "From": 54,
      "To": 10
    },
    {
      "From": 54,
      "To": 11
    },
    {
      "From": 54,
      "To": 12
    },
    {
      "From": 0,
      "To": 13
    },
    {
      "From": 0,
      "To": 14
    },
    {
      "From": 0,
      "To": 15
    },
    {
      "From": 11,
      "To": 16
    },
    {
      "From": 0,
      "To": 17
    },
    {
      "From": 54,
      "To": 18
    },
    {
      "From": 54,
      "To": 19
    },
    {
      "From": 54,
      "To": 20
    },
    {
      "From": 0,
      "To": 21
    },
    {
      "From": 0,
      "To": 22
    },
    {
      "From": 10,
      "To": 23
    },
    {
      "From": 0,
      "To": 24
    },
    {
      "From": 54,
      "To": 25
    },
    {
      "From": 54,
      "To": 26
    },
    {
      "From": 12,
      "To": 27
    },
    {
      "From": 0,
      "To": 28
    },
    {
      "From": 0,
      "To": 29
    },
    {
      "From": 0,
      "To": 30
    },
    {
      "From": 6,
      "To": 31
    },
    {
      "From": 40,
      "To": 32
    },
    {
      "From": 36,
      "To": 33
    },
    {
      "From": 52,
      "To": 34
    },
    {
      "From": 12,
      "To": 35
    },
    {
      "From": 14,
      "To": 36
    },
    {
      "From": 14,
      "To": 37
    },
    {
      "From": 0,
      "To": 38
    },
    {
      "From": 0,
      "To": 39
    },
    {
      "From": 0,
      "To": 40
    },
    {
      "From": 28,
      "To": 41
    },
    {
      "From": 54,
      "To": 42
    },
    {
      "From": 11,
      "To": 43
    },
    {
      "From": 35,
      "To": 44
    },
    {
      "From": 35,
      "To": 45
    },
    {
      "From": 35,
      "To": 46
    },
    {
      "From": 42,
      "To": 47
    },
    {
      "From": 0,
      "To": 48
    },
    {
      "From": 42,
      "To": 49
    },
    {
      "From": 54,
      "To": 50
    },
    {
      "From": 54,
      "To": 51
    },
    {
      "From": 35,
      "To": 52
    },
    {
      "From": 43,
      "To": 53
    },
    {
      "From": 43,
      "To": 54
    },
    {
      "From": 59,
      "To": 55
    },
    {
      "From": 0,
      "To": 56
    },
    {
      "From": 42,
      "To": 57
    },
    {
      "From": 42,
      "To": 58
    },
    {
      "From": 0,
      "To": 59
    },
    {
      "From": 43,
      "To": 60
    },
    {
      "From": 43,
      "To": 61
    },
    {
      "From": 43,
      "To": 62
    },
    {
      "From": 29,
      "To": 63
    }
  ],
  "OverworldCoordinates": {
    "Coneria": {
      "X": 35,
      "Y": 146
    },
    "ConeriaCastle1": {
      "X": 36,
      "Y": 145
    },
    "TempleOfFiends1": {
      "X": 40,
      "Y": 162
    },
    "Pravoka": {
      "X": 57,
      "Y": 151
    },
    "Gaia": {
      "X": 239,
      "Y": 115
    },
    "CastleOrdeals1": {
      "X": 102,
      "Y": 116
    },
    "TitansTunnelWest": {
      "X": 204,
      "Y": 235
    },
    "SardasCave": {
      "X": 202,
      "Y": 235
    },
    "EarthCave1": {
      "X": 232,
      "Y": 176
    },
    "MirageTower1": {
      "X": 151,
      "Y": 142
    },
    "Onrac": {
      "X": 222,
      "Y": 28
    },
    "TitansTunnelEast": {
      "X": 29,
      "Y": 144
    },
    "MatoyasCave": {
      "X": 213,
      "Y": 236
    },
    "DwarfCave": {
      "X": 190,
      "Y": 185
    },
    "Elfland": {
      "X": 79,
      "Y": 139
    },
    "ElflandCastle": {
      "X": 80,
      "Y": 138
    },
    "MarshCave1": {
      "X": 236,
      "Y": 209
    },
    "NorthwestCastle": {
      "X": 216,
      "Y": 207
    },
    "Melmond": {
      "X": 73,
      "Y": 206
    },
    "CrescentLake": {
      "X": 91,
      "Y": 211
    },
    "Lefein": {
      "X": 165,
      "Y": 178
    },
    "BahamutCave1": {
      "X": 112,
      "Y": 192
    },
    "Cardia1": {
      "X": 13,
      "Y": 136
    },
    "Cardia2": {
      "X": 232,
      "Y": 74
    },
    "Cardia4": {
      "X": 53,
      "Y": 191
    },
    "Cardia5": {
      "X": 15,
      "Y": 63
    },
    "Cardia6": {
      "X": 209,
      "Y": 169
    },
    "Waterfall": {
      "X": 79,
      "Y": 128
    },
    "IceCave1": {
      "X": 63,
      "Y": 112
    },
    "GurguVolcano1": {
      "X": 100,
      "Y": 33
    }
  }
}