﻿{
  "StartingLocation": {
    "X": 137,
    "Y": 159
  },
  "AirShipLocation": {
    "X": 205,
    "Y": 81
  },
  "BridgeLocation": {
    "X": 150,
    "Y": 130
  },
  "CanalLocation": {
    "X": 115,
    "Y": 74
  },
  "ShipLocations": [
    {
      "TeleporterIndex": 1,
      "X": 149,
      "Y": 137
    },
    {
      "TeleporterIndex": 9,
      "X": 149,
      "Y": 137
    },
    {
      "TeleporterIndex": 255,
      "X": 149,
      "Y": 137
    },
    {
      "TeleporterIndex": 13,
      "X": 117,
      "Y": 197
    },
    {
      "TeleporterIndex": 2,
      "X": 149,
      "Y": 137
    },
    {
      "TeleporterIndex": 24,
      "X": 149,
      "Y": 137
    },
    {
      "TeleporterIndex": 3,
      "X": 221,
      "Y": 105
    },
    {
      "TeleporterIndex": 10,
      "X": 221,
      "Y": 105
    },
    {
      "TeleporterIndex": 23,
      "X": 27,
      "Y": 93
    },
    {
      "TeleporterIndex": 11,
      "X": 218,
      "Y": 197
    },
    {
      "TeleporterIndex": 4,
      "X": 222,
      "Y": 70
    },
    {
      "TeleporterIndex": 5,
      "X": 149,
      "Y": 137
    },
    {
      "TeleporterIndex": 27,
      "X": 117,
      "Y": 197
    }
  ],
  "TeleporterFixups": [
    {
      "Type": 1,
      "Index": 0,
      "From": null,
      "To": {
        "Map": 255,
        "X": 223,
        "Y": 128
      }
    },
    {
      "Type": 1,
      "Index": 1,
      "From": null,
      "To": {
        "Map": 255,
        "X": 164,
        "Y": 152
      }
    },
    {
      "Type": 1,
      "Index": 2,
      "From": null,
      "To": {
        "Map": 255,
        "X": 147,
        "Y": 70
      }
    },
    {
      "Type": 1,
      "Index": 3,
      "From": null,
      "To": {
        "Map": 255,
        "X": 212,
        "Y": 141
      }
    },
    {
      "Type": 1,
      "Index": 4,
      "From": null,
      "To": {
        "Map": 255,
        "X": 137,
        "Y": 157
      }
    },
    {
      "Type": 1,
      "Index": 5,
      "From": null,
      "To": {
        "Map": 255,
        "X": 115,
        "Y": 51
      }
    },
    {
      "Type": 1,
      "Index": 6,
      "From": null,
      "To": {
        "Map": 255,
        "X": 191,
        "Y": 139
      }
    },
    {
      "Type": 1,
      "Index": 7,
      "From": null,
      "To": {
        "Map": 255,
        "X": 86,
        "Y": 51
      }
    },
    {
      "Type": 1,
      "Index": 8,
      "From": null,
      "To": {
        "Map": 255,
        "X": 163,
        "Y": 171
      }
    }
  ],
  "DomainFixups": [],
  "DomainUpdates": [
    {
      "From": 0,
      "To": 0
    },
    {
      "From": 0,
      "To": 1
    },
    {
      "From": 42,
      "To": 2
    },
    {
      "From": 42,
      "To": 3
    },
    {
      "From": 42,
      "To": 4
    },
    {
      "From": 0,
      "To": 5
    },
    {
      "From": 0,
      "To": 6
    },
    {
      "From": 0,
      "To": 7
    },
    {
      "From": 11,
      "To": 8
    },
    {
      "From": 11,
      "To": 9
    },
    {
      "From": 9,
      "To": 10
    },
    {
      "From": 42,
      "To": 11
    },
    {
      "From": 42,
      "To": 12
    },
    {
      "From": 11,
      "To": 13
    },
    {
      "From": 0,
      "To": 14
    },
    {
      "From": 0,
      "To": 15
    },
    {
      "From": 59,
      "To": 16
    },
    {
      "From": 59,
      "To": 17
    },
    {
      "From": 59,
      "To": 18
    },
    {
      "From": 42,
      "To": 19
    },
    {
      "From": 54,
      "To": 20
    },
    {
      "From": 52,
      "To": 21
    },
    {
      "From": 42,
      "To": 22
    },
    {
      "From": 42,
      "To": 23
    },
    {
      "From": 59,
      "To": 24
    },
    {
      "From": 59,
      "To": 25
    },
    {
      "From": 59,
      "To": 26
    },
    {
      "From": 59,
      "To": 27
    },
    {
      "From": 54,
      "To": 28
    },
    {
      "From": 1,
      "To": 29
    },
    {
      "From": 40,
      "To": 30
    },
    {
      "From": 40,
      "To": 31
    },
    {
      "From": 0,
      "To": 32
    },
    {
      "From": 0,
      "To": 33
    },
    {
      "From": 0,
      "To": 34
    },
    {
      "From": 36,
      "To": 35
    },
    {
      "From": 36,
      "To": 36
    },
    {
      "From": 54,
      "To": 37
    },
    {
      "From": 12,
      "To": 38
    },
    {
      "From": 40,
      "To": 39
    },
    {
      "From": 0,
      "To": 40
    },
    {
      "From": 0,
      "To": 41
    },
    {
      "From": 0,
      "To": 42
    },
    {
      "From": 10,
      "To": 43
    },
    {
      "From": 29,
      "To": 44
    },
    {
      "From": 29,
      "To": 45
    },
    {
      "From": 35,
      "To": 46
    },
    {
      "From": 0,
      "To": 47
    },
    {
      "From": 0,
      "To": 48
    },
    {
      "From": 0,
      "To": 49
    },
    {
      "From": 0,
      "To": 50
    },
    {
      "From": 10,
      "To": 51
    },
    {
      "From": 28,
      "To": 52
    },
    {
      "From": 28,
      "To": 53
    },
    {
      "From": 35,
      "To": 54
    },
    {
      "From": 35,
      "To": 55
    },
    {
      "From": 0,
      "To": 56
    },
    {
      "From": 0,
      "To": 57
    },
    {
      "From": 0,
      "To": 58
    },
    {
      "From": 0,
      "To": 59
    },
    {
      "From": 43,
      "To": 60
    },
    {
      "From": 43,
      "To": 61
    },
    {
      "From": 10,
      "To": 62
    },
    {
      "From": 0,
      "To": 63
    }
  ],
  "OverworldCoordinates": {
    "Coneria": {
      "X": 136,
      "Y": 158
    },
    "ConeriaCastle1": {
      "X": 137,
      "Y": 157
    },
    "TempleOfFiends1": {
      "X": 153,
      "Y": 207
    },
    "Pravoka": {
      "X": 150,
      "Y": 133
    },
    "Gaia": {
      "X": 55,
      "Y": 66
    },
    "CastleOrdeals1": {
      "X": 212,
      "Y": 141
    },
    "TitansTunnelWest": {
      "X": 164,
      "Y": 152
    },
    "SardasCave": {
      "X": 161,
      "Y": 153
    },
    "EarthCave1": {
      "X": 115,
      "Y": 51
    },
    "MirageTower1": {
      "X": 163,
      "Y": 171
    },
    "Onrac": {
      "X": 86,
      "Y": 51
    },
    "TitansTunnelEast": {
      "X": 223,
      "Y": 128
    },
    "MatoyasCave": {
      "X": 156,
      "Y": 180
    },
    "DwarfCave": {
      "X": 200,
      "Y": 170
    },
    "Elfland": {
      "X": 188,
      "Y": 92
    },
    "ElflandCastle": {
      "X": 189,
      "Y": 91
    },
    "MarshCave1": {
      "X": 59,
      "Y": 90
    },
    "NorthwestCastle": {
      "X": 169,
      "Y": 227
    },
    "Melmond": {
      "X": 217,
      "Y": 82
    },
    "CrescentLake": {
      "X": 165,
      "Y": 128
    },
    "Lefein": {
      "X": 98,
      "Y": 27
    },
    "BahamutCave1": {
      "X": 35,
      "Y": 50
    },
    "Cardia1": {
      "X": 102,
      "Y": 90
    },
    "Cardia2": {
      "X": 202,
      "Y": 230
    },
    "Cardia4": {
      "X": 128,
      "Y": 180
    },
    "Cardia5": {
      "X": 164,
      "Y": 59
    },
    "Cardia6": {
      "X": 183,
      "Y": 126
    },
    "Waterfall": {
      "X": 172,
      "Y": 97
    },
    "IceCave1": {
      "X": 147,
      "Y": 70
    },
    "GurguVolcano1": {
      "X": 191,
      "Y": 139
    }
  }
}