﻿{
  "StartingLocation": {
    "X": 122,
    "Y": 30
  },
  "AirShipLocation": {
    "X": 158,
    "Y": 235
  },
  "BridgeLocation": {
    "X": 104,
    "Y": 32
  },
  "CanalLocation": {
    "X": 94,
    "Y": 125
  },
  "ShipLocations": [
    {
      "TeleporterIndex": 1,
      "X": 103,
      "Y": 39
    },
    {
      "TeleporterIndex": 9,
      "X": 103,
      "Y": 39
    },
    {
      "TeleporterIndex": 255,
      "X": 103,
      "Y": 39
    },
    {
      "TeleporterIndex": 13,
      "X": 103,
      "Y": 39
    },
    {
      "TeleporterIndex": 2,
      "X": 103,
      "Y": 39
    },
    {
      "TeleporterIndex": 24,
      "X": 148,
      "Y": 180
    },
    {
      "TeleporterIndex": 7,
      "X": 148,
      "Y": 180
    },
    {
      "TeleporterIndex": 3,
      "X": 38,
      "Y": 132
    },
    {
      "TeleporterIndex": 10,
      "X": 38,
      "Y": 132
    },
    {
      "TeleporterIndex": 23,
      "X": 38,
      "Y": 132
    },
    {
      "TeleporterIndex": 11,
      "X": 103,
      "Y": 39
    },
    {
      "TeleporterIndex": 4,
      "X": 210,
      "Y": 84
    },
    {
      "TeleporterIndex": 5,
      "X": 31,
      "Y": 79
    },
    {
      "TeleporterIndex": 8,
      "X": 106,
      "Y": 238
    }
  ],
  "TeleporterFixups": [
    {
      "Type": 1,
      "Index": 0,
      "From": null,
      "To": {
        "Map": 255,
        "X": 81,
        "Y": 188
      }
    },
    {
      "Type": 1,
      "Index": 1,
      "From": null,
      "To": {
        "Map": 255,
        "X": 99,
        "Y": 149
      }
    },
    {
      "Type": 1,
      "Index": 2,
      "From": null,
      "To": {
        "Map": 255,
        "X": 119,
        "Y": 165
      }
    },
    {
      "Type": 1,
      "Index": 3,
      "From": null,
      "To": {
        "Map": 255,
        "X": 109,
        "Y": 147
      }
    },
    {
      "Type": 1,
      "Index": 4,
      "From": null,
      "To": {
        "Map": 255,
        "X": 122,
        "Y": 28
      }
    },
    {
      "Type": 1,
      "Index": 5,
      "From": null,
      "To": {
        "Map": 255,
        "X": 78,
        "Y": 143
      }
    },
    {
      "Type": 1,
      "Index": 6,
      "From": null,
      "To": {
        "Map": 255,
        "X": 122,
        "Y": 189
      }
    },
    {
      "Type": 1,
      "Index": 7,
      "From": null,
      "To": {
        "Map": 255,
        "X": 175,
        "Y": 226
      }
    },
    {
      "Type": 1,
      "Index": 8,
      "From": null,
      "To": {
        "Map": 255,
        "X": 130,
        "Y": 208
      }
    }
  ],
  "DomainFixups": [],
  "DomainUpdates": [
    {
      "From": 54,
      "To": 0
    },
    {
      "From": 54,
      "To": 1
    },
    {
      "From": 28,
      "To": 2
    },
    {
      "From": 36,
      "To": 3
    },
    {
      "From": 6,
      "To": 4
    },
    {
      "From": 6,
      "To": 5
    },
    {
      "From": 0,
      "To": 6
    },
    {
      "From": 0,
      "To": 7
    },
    {
      "From": 54,
      "To": 8
    },
    {
      "From": 54,
      "To": 9
    },
    {
      "From": 28,
      "To": 10
    },
    {
      "From": 36,
      "To": 11
    },
    {
      "From": 6,
      "To": 12
    },
    {
      "From": 6,
      "To": 13
    },
    {
      "From": 42,
      "To": 14
    },
    {
      "From": 42,
      "To": 15
    },
    {
      "From": 54,
      "To": 16
    },
    {
      "From": 54,
      "To": 17
    },
    {
      "From": 54,
      "To": 18
    },
    {
      "From": 10,
      "To": 19
    },
    {
      "From": 10,
      "To": 20
    },
    {
      "From": 0,
      "To": 21
    },
    {
      "From": 42,
      "To": 22
    },
    {
      "From": 42,
      "To": 23
    },
    {
      "From": 0,
      "To": 24
    },
    {
      "From": 35,
      "To": 25
    },
    {
      "From": 42,
      "To": 26
    },
    {
      "From": 10,
      "To": 27
    },
    {
      "From": 10,
      "To": 28
    },
    {
      "From": 0,
      "To": 29
    },
    {
      "From": 0,
      "To": 30
    },
    {
      "From": 0,
      "To": 31
    },
    {
      "From": 59,
      "To": 32
    },
    {
      "From": 59,
      "To": 33
    },
    {
      "From": 42,
      "To": 34
    },
    {
      "From": 42,
      "To": 35
    },
    {
      "From": 12,
      "To": 36
    },
    {
      "From": 54,
      "To": 37
    },
    {
      "From": 0,
      "To": 38
    },
    {
      "From": 0,
      "To": 39
    },
    {
      "From": 52,
      "To": 40
    },
    {
      "From": 40,
      "To": 41
    },
    {
      "From": 40,
      "To": 42
    },
    {
      "From": 54,
      "To": 43
    },
    {
      "From": 54,
      "To": 44
    },
    {
      "From": 54,
      "To": 45
    },
    {
      "From": 0,
      "To": 46
    },
    {
      "From": 0,
      "To": 47
    },
    {
      "From": 11,
      "To": 48
    },
    {
      "From": 52,
      "To": 49
    },
    {
      "From": 1,
      "To": 50
    },
    {
      "From": 29,
      "To": 51
    },
    {
      "From": 14,
      "To": 52
    },
    {
      "From": 9,
      "To": 53
    },
    {
      "From": 0,
      "To": 54
    },
    {
      "From": 0,
      "To": 55
    },
    {
      "From": 0,
      "To": 56
    },
    {
      "From": 0,
      "To": 57
    },
    {
      "From": 1,
      "To": 58
    },
    {
      "From": 29,
      "To": 59
    },
    {
      "From": 9,
      "To": 60
    },
    {
      "From": 11,
      "To": 61
    },
    {
      "From": 0,
      "To": 62
    },
    {
      "From": 0,
      "To": 63
    }
  ],
  "OverworldCoordinates": {
    "Coneria": {
      "X": 121,
      "Y": 29
    },
    "ConeriaCastle1": {
      "X": 122,
      "Y": 28
    },
    "TempleOfFiends1": {
      "X": 87,
      "Y": 43
    },
    "Pravoka": {
      "X": 104,
      "Y": 35
    },
    "Gaia": {
      "X": 152,
      "Y": 49
    },
    "CastleOrdeals1": {
      "X": 109,
      "Y": 147
    },
    "TitansTunnelWest": {
      "X": 99,
      "Y": 149
    },
    "SardasCave": {
      "X": 101,
      "Y": 149
    },
    "EarthCave1": {
      "X": 78,
      "Y": 143
    },
    "MirageTower1": {
      "X": 130,
      "Y": 208
    },
    "Onrac": {
      "X": 175,
      "Y": 226
    },
    "TitansTunnelEast": {
      "X": 81,
      "Y": 188
    },
    "MatoyasCave": {
      "X": 108,
      "Y": 200
    },
    "DwarfCave": {
      "X": 57,
      "Y": 110
    },
    "Elfland": {
      "X": 16,
      "Y": 164
    },
    "ElflandCastle": {
      "X": 17,
      "Y": 163
    },
    "MarshCave1": {
      "X": 44,
      "Y": 150
    },
    "NorthwestCastle": {
      "X": 70,
      "Y": 51
    },
    "Melmond": {
      "X": 213,
      "Y": 66
    },
    "CrescentLake": {
      "X": 56,
      "Y": 87
    },
    "Lefein": {
      "X": 93,
      "Y": 211
    },
    "BahamutCave1": {
      "X": 189,
      "Y": 234
    },
    "Cardia1": {
      "X": 241,
      "Y": 44
    },
    "Cardia2": {
      "X": 14,
      "Y": 134
    },
    "Cardia4": {
      "X": 127,
      "Y": 101
    },
    "Cardia5": {
      "X": 18,
      "Y": 200
    },
    "Cardia6": {
      "X": 113,
      "Y": 126
    },
    "Waterfall": {
      "X": 95,
      "Y": 196
    },
    "IceCave1": {
      "X": 119,
      "Y": 165
    },
    "GurguVolcano1": {
      "X": 122,
      "Y": 189
    }
  }
}