﻿{
  "StartingLocation": {
    "X": 58,
    "Y": 215
  },
  "AirShipLocation": {
    "X": 21,
    "Y": 114
  },
  "BridgeLocation": {
    "X": 69,
    "Y": 216
  },
  "CanalLocation": {
    "X": 126,
    "Y": 14
  },
  "ShipLocations": [
    {
      "TeleporterIndex": 255,
      "X": 68,
      "Y": 223
    }
  ],
  "TeleporterFixups": [
    {
      "Type": 1,
      "Index": 0,
      "From": null,
      "To": {
        "Map": 255,
        "X": 51,
        "Y": 152
      }
    },
    {
      "Type": 1,
      "Index": 1,
      "From": null,
      "To": {
        "Map": 255,
        "X": 37,
        "Y": 22
      }
    },
    {
      "Type": 1,
      "Index": 2,
      "From": null,
      "To": {
        "Map": 255,
        "X": 111,
        "Y": 59
      }
    },
    {
      "Type": 1,
      "Index": 3,
      "From": null,
      "To": {
        "Map": 255,
        "X": 132,
        "Y": 100
      }
    },
    {
      "Type": 1,
      "Index": 4,
      "From": null,
      "To": {
        "Map": 255,
        "X": 58,
        "Y": 213
      }
    },
    {
      "Type": 1,
      "Index": 5,
      "From": null,
      "To": {
        "Map": 255,
        "X": 142,
        "Y": 31
      }
    },
    {
      "Type": 1,
      "Index": 6,
      "From": null,
      "To": {
        "Map": 255,
        "X": 105,
        "Y": 104
      }
    },
    {
      "Type": 1,
      "Index": 7,
      "From": null,
      "To": {
        "Map": 255,
        "X": 74,
        "Y": 197
      }
    },
    {
      "Type": 1,
      "Index": 8,
      "From": null,
      "To": {
        "Map": 255,
        "X": 47,
        "Y": 145
      }
    }
  ],
  "DomainFixups": [],
  "DomainUpdates": [
    {
      "From": 40,
      "To": 0
    },
    {
      "From": 40,
      "To": 1
    },
    {
      "From": 0,
      "To": 2
    },
    {
      "From": 42,
      "To": 3
    },
    {
      "From": 42,
      "To": 4
    },
    {
      "From": 0,
      "To": 5
    },
    {
      "From": 11,
      "To": 6
    },
    {
      "From": 11,
      "To": 7
    },
    {
      "From": 6,
      "To": 8
    },
    {
      "From": 40,
      "To": 9
    },
    {
      "From": 0,
      "To": 10
    },
    {
      "From": 54,
      "To": 11
    },
    {
      "From": 42,
      "To": 12
    },
    {
      "From": 0,
      "To": 13
    },
    {
      "From": 0,
      "To": 14
    },
    {
      "From": 0,
      "To": 15
    },
    {
      "From": 35,
      "To": 16
    },
    {
      "From": 0,
      "To": 17
    },
    {
      "From": 1,
      "To": 18
    },
    {
      "From": 54,
      "To": 19
    },
    {
      "From": 59,
      "To": 20
    },
    {
      "From": 59,
      "To": 21
    },
    {
      "From": 0,
      "To": 22
    },
    {
      "From": 10,
      "To": 23
    },
    {
      "From": 35,
      "To": 24
    },
    {
      "From": 14,
      "To": 25
    },
    {
      "From": 1,
      "To": 26
    },
    {
      "From": 54,
      "To": 27
    },
    {
      "From": 12,
      "To": 28
    },
    {
      "From": 0,
      "To": 29
    },
    {
      "From": 0,
      "To": 30
    },
    {
      "From": 42,
      "To": 31
    },
    {
      "From": 28,
      "To": 32
    },
    {
      "From": 14,
      "To": 33
    },
    {
      "From": 11,
      "To": 34
    },
    {
      "From": 11,
      "To": 35
    },
    {
      "From": 0,
      "To": 36
    },
    {
      "From": 0,
      "To": 37
    },
    {
      "From": 54,
      "To": 38
    },
    {
      "From": 42,
      "To": 39
    },
    {
      "From": 29,
      "To": 40
    },
    {
      "From": 40,
      "To": 41
    },
    {
      "From": 43,
      "To": 42
    },
    {
      "From": 11,
      "To": 43
    },
    {
      "From": 0,
      "To": 44
    },
    {
      "From": 0,
      "To": 45
    },
    {
      "From": 54,
      "To": 46
    },
    {
      "From": 52,
      "To": 47
    },
    {
      "From": 10,
      "To": 48
    },
    {
      "From": 36,
      "To": 49
    },
    {
      "From": 9,
      "To": 50
    },
    {
      "From": 0,
      "To": 51
    },
    {
      "From": 0,
      "To": 52
    },
    {
      "From": 0,
      "To": 53
    },
    {
      "From": 52,
      "To": 54
    },
    {
      "From": 52,
      "To": 55
    },
    {
      "From": 0,
      "To": 56
    },
    {
      "From": 36,
      "To": 57
    },
    {
      "From": 36,
      "To": 58
    },
    {
      "From": 10,
      "To": 59
    },
    {
      "From": 10,
      "To": 60
    },
    {
      "From": 0,
      "To": 61
    },
    {
      "From": 52,
      "To": 62
    },
    {
      "From": 52,
      "To": 63
    }
  ],
  "OverworldCoordinates": {
    "Coneria": {
      "X": 57,
      "Y": 214
    },
    "ConeriaCastle1": {
      "X": 58,
      "Y": 213
    },
    "TempleOfFiends1": {
      "X": 34,
      "Y": 150
    },
    "Pravoka": {
      "X": 69,
      "Y": 219
    },
    "Gaia": {
      "X": 21,
      "Y": 46
    },
    "CastleOrdeals1": {
      "X": 132,
      "Y": 100
    },
    "TitansTunnelWest": {
      "X": 37,
      "Y": 22
    },
    "SardasCave": {
      "X": 40,
      "Y": 16
    },
    "EarthCave1": {
      "X": 142,
      "Y": 31
    },
    "MirageTower1": {
      "X": 47,
      "Y": 145
    },
    "Onrac": {
      "X": 74,
      "Y": 197
    },
    "TitansTunnelEast": {
      "X": 51,
      "Y": 152
    },
    "MatoyasCave": {
      "X": 22,
      "Y": 160
    },
    "DwarfCave": {
      "X": 25,
      "Y": 98
    },
    "Elfland": {
      "X": 236,
      "Y": 198
    },
    "ElflandCastle": {
      "X": 237,
      "Y": 197
    },
    "MarshCave1": {
      "X": 146,
      "Y": 86
    },
    "NorthwestCastle": {
      "X": 69,
      "Y": 164
    },
    "Melmond": {
      "X": 239,
      "Y": 131
    },
    "CrescentLake": {
      "X": 218,
      "Y": 159
    },
    "Lefein": {
      "X": 54,
      "Y": 228
    },
    "BahamutCave1": {
      "X": 226,
      "Y": 21
    },
    "Cardia1": {
      "X": 20,
      "Y": 192
    },
    "Cardia2": {
      "X": 128,
      "Y": 244
    },
    "Cardia4": {
      "X": 244,
      "Y": 98
    },
    "Cardia5": {
      "X": 94,
      "Y": 155
    },
    "Cardia6": {
      "X": 104,
      "Y": 133
    },
    "Waterfall": {
      "X": 79,
      "Y": 120
    },
    "IceCave1": {
      "X": 111,
      "Y": 59
    },
    "GurguVolcano1": {
      "X": 105,
      "Y": 104
    }
  }
}