﻿{
  "StartingLocation": {
    "X": 175,
    "Y": 83
  },
  "AirShipLocation": {
    "X": 18,
    "Y": 188
  },
  "BridgeLocation": {
    "X": 195,
    "Y": 81
  },
  "CanalLocation": {
    "X": 16,
    "Y": 207
  },
  "ShipLocations": [
    {
      "TeleporterIndex": 1,
      "X": 194,
      "Y": 88
    },
    {
      "TeleporterIndex": 9,
      "X": 194,
      "Y": 88
    },
    {
      "TeleporterIndex": 255,
      "X": 194,
      "Y": 88
    },
    {
      "TeleporterIndex": 13,
      "X": 194,
      "Y": 88
    },
    {
      "TeleporterIndex": 2,
      "X": 194,
      "Y": 88
    },
    {
      "TeleporterIndex": 24,
      "X": 100,
      "Y": 72
    },
    {
      "TeleporterIndex": 3,
      "X": 100,
      "Y": 72
    },
    {
      "TeleporterIndex": 10,
      "X": 100,
      "Y": 72
    },
    {
      "TeleporterIndex": 23,
      "X": 94,
      "Y": 242
    },
    {
      "TeleporterIndex": 11,
      "X": 14,
      "Y": 86
    },
    {
      "TeleporterIndex": 4,
      "X": 169,
      "Y": 241
    },
    {
      "TeleporterIndex": 5,
      "X": 194,
      "Y": 88
    },
    {
      "TeleporterIndex": 29,
      "X": 14,
      "Y": 86
    }
  ],
  "TeleporterFixups": [
    {
      "Type": 1,
      "Index": 0,
      "From": null,
      "To": {
        "Map": 255,
        "X": 174,
        "Y": 156
      }
    },
    {
      "Type": 1,
      "Index": 1,
      "From": null,
      "To": {
        "Map": 255,
        "X": 217,
        "Y": 231
      }
    },
    {
      "Type": 1,
      "Index": 2,
      "From": null,
      "To": {
        "Map": 255,
        "X": 68,
        "Y": 181
      }
    },
    {
      "Type": 1,
      "Index": 3,
      "From": null,
      "To": {
        "Map": 255,
        "X": 71,
        "Y": 239
      }
    },
    {
      "Type": 1,
      "Index": 4,
      "From": null,
      "To": {
        "Map": 255,
        "X": 175,
        "Y": 81
      }
    },
    {
      "Type": 1,
      "Index": 5,
      "From": null,
      "To": {
        "Map": 255,
        "X": 47,
        "Y": 185
      }
    },
    {
      "Type": 1,
      "Index": 6,
      "From": null,
      "To": {
        "Map": 255,
        "X": 76,
        "Y": 194
      }
    },
    {
      "Type": 1,
      "Index": 7,
      "From": null,
      "To": {
        "Map": 255,
        "X": 45,
        "Y": 85
      }
    },
    {
      "Type": 1,
      "Index": 8,
      "From": null,
      "To": {
        "Map": 255,
        "X": 86,
        "Y": 50
      }
    }
  ],
  "DomainFixups": [],
  "DomainUpdates": [
    {
      "From": 0,
      "To": 0
    },
    {
      "From": 0,
      "To": 1
    },
    {
      "From": 14,
      "To": 2
    },
    {
      "From": 52,
      "To": 3
    },
    {
      "From": 52,
      "To": 4
    },
    {
      "From": 0,
      "To": 5
    },
    {
      "From": 10,
      "To": 6
    },
    {
      "From": 0,
      "To": 7
    },
    {
      "From": 43,
      "To": 8
    },
    {
      "From": 0,
      "To": 9
    },
    {
      "From": 14,
      "To": 10
    },
    {
      "From": 52,
      "To": 11
    },
    {
      "From": 28,
      "To": 12
    },
    {
      "From": 28,
      "To": 13
    },
    {
      "From": 10,
      "To": 14
    },
    {
      "From": 0,
      "To": 15
    },
    {
      "From": 11,
      "To": 16
    },
    {
      "From": 9,
      "To": 17
    },
    {
      "From": 29,
      "To": 18
    },
    {
      "From": 35,
      "To": 19
    },
    {
      "From": 35,
      "To": 20
    },
    {
      "From": 36,
      "To": 21
    },
    {
      "From": 36,
      "To": 22
    },
    {
      "From": 6,
      "To": 23
    },
    {
      "From": 0,
      "To": 24
    },
    {
      "From": 0,
      "To": 25
    },
    {
      "From": 0,
      "To": 26
    },
    {
      "From": 0,
      "To": 27
    },
    {
      "From": 35,
      "To": 28
    },
    {
      "From": 36,
      "To": 29
    },
    {
      "From": 36,
      "To": 30
    },
    {
      "From": 0,
      "To": 31
    },
    {
      "From": 0,
      "To": 32
    },
    {
      "From": 0,
      "To": 33
    },
    {
      "From": 0,
      "To": 34
    },
    {
      "From": 0,
      "To": 35
    },
    {
      "From": 36,
      "To": 36
    },
    {
      "From": 40,
      "To": 37
    },
    {
      "From": 40,
      "To": 38
    },
    {
      "From": 0,
      "To": 39
    },
    {
      "From": 42,
      "To": 40
    },
    {
      "From": 42,
      "To": 41
    },
    {
      "From": 54,
      "To": 42
    },
    {
      "From": 0,
      "To": 43
    },
    {
      "From": 0,
      "To": 44
    },
    {
      "From": 11,
      "To": 45
    },
    {
      "From": 40,
      "To": 46
    },
    {
      "From": 40,
      "To": 47
    },
    {
      "From": 42,
      "To": 48
    },
    {
      "From": 10,
      "To": 49
    },
    {
      "From": 54,
      "To": 50
    },
    {
      "From": 59,
      "To": 51
    },
    {
      "From": 42,
      "To": 52
    },
    {
      "From": 11,
      "To": 53
    },
    {
      "From": 40,
      "To": 54
    },
    {
      "From": 40,
      "To": 55
    },
    {
      "From": 0,
      "To": 56
    },
    {
      "From": 1,
      "To": 57
    },
    {
      "From": 1,
      "To": 58
    },
    {
      "From": 59,
      "To": 59
    },
    {
      "From": 42,
      "To": 60
    },
    {
      "From": 11,
      "To": 61
    },
    {
      "From": 40,
      "To": 62
    },
    {
      "From": 40,
      "To": 63
    }
  ],
  "OverworldCoordinates": {
    "Coneria": {
      "X": 174,
      "Y": 82
    },
    "ConeriaCastle1": {
      "X": 175,
      "Y": 81
    },
    "TempleOfFiends1": {
      "X": 154,
      "Y": 62
    },
    "Pravoka": {
      "X": 195,
      "Y": 84
    },
    "Gaia": {
      "X": 231,
      "Y": 79
    },
    "CastleOrdeals1": {
      "X": 71,
      "Y": 239
    },
    "TitansTunnelWest": {
      "X": 217,
      "Y": 231
    },
    "SardasCave": {
      "X": 206,
      "Y": 204
    },
    "EarthCave1": {
      "X": 47,
      "Y": 185
    },
    "MirageTower1": {
      "X": 86,
      "Y": 50
    },
    "Onrac": {
      "X": 45,
      "Y": 85
    },
    "TitansTunnelEast": {
      "X": 174,
      "Y": 156
    },
    "MatoyasCave": {
      "X": 82,
      "Y": 53
    },
    "DwarfCave": {
      "X": 126,
      "Y": 64
    },
    "Elfland": {
      "X": 103,
      "Y": 48
    },
    "ElflandCastle": {
      "X": 104,
      "Y": 47
    },
    "MarshCave1": {
      "X": 109,
      "Y": 233
    },
    "NorthwestCastle": {
      "X": 26,
      "Y": 60
    },
    "Melmond": {
      "X": 153,
      "Y": 216
    },
    "CrescentLake": {
      "X": 165,
      "Y": 95
    },
    "Lefein": {
      "X": 90,
      "Y": 30
    },
    "BahamutCave1": {
      "X": 188,
      "Y": 238
    },
    "Cardia1": {
      "X": 235,
      "Y": 172
    },
    "Cardia2": {
      "X": 202,
      "Y": 30
    },
    "Cardia4": {
      "X": 49,
      "Y": 223
    },
    "Cardia5": {
      "X": 187,
      "Y": 210
    },
    "Cardia6": {
      "X": 29,
      "Y": 75
    },
    "Waterfall": {
      "X": 70,
      "Y": 225
    },
    "IceCave1": {
      "X": 68,
      "Y": 181
    },
    "GurguVolcano1": {
      "X": 76,
      "Y": 194
    }
  }
}