﻿{
  "StartingLocation": {
    "X": 189,
    "Y": 140
  },
  "AirShipLocation": {
    "X": 130,
    "Y": 151
  },
  "BridgeLocation": {
    "X": 211,
    "Y": 147
  },
  "CanalLocation": {
    "X": 160,
    "Y": 214
  },
  "ShipLocations": [
    {
      "TeleporterIndex": 255,
      "X": 210,
      "Y": 154
    }
  ],
  "TeleporterFixups": [
    {
      "Type": 1,
      "Index": 0,
      "From": null,
      "To": {
        "Map": 255,
        "X": 37,
        "Y": 59
      }
    },
    {
      "Type": 1,
      "Index": 1,
      "From": null,
      "To": {
        "Map": 255,
        "X": 75,
        "Y": 219
      }
    },
    {
      "Type": 1,
      "Index": 2,
      "From": null,
      "To": {
        "Map": 255,
        "X": 152,
        "Y": 166
      }
    },
    {
      "Type": 1,
      "Index": 3,
      "From": null,
      "To": {
        "Map": 255,
        "X": 166,
        "Y": 137
      }
    },
    {
      "Type": 1,
      "Index": 4,
      "From": null,
      "To": {
        "Map": 255,
        "X": 189,
        "Y": 138
      }
    },
    {
      "Type": 1,
      "Index": 5,
      "From": null,
      "To": {
        "Map": 255,
        "X": 182,
        "Y": 230
      }
    },
    {
      "Type": 1,
      "Index": 6,
      "From": null,
      "To": {
        "Map": 255,
        "X": 165,
        "Y": 174
      }
    },
    {
      "Type": 1,
      "Index": 7,
      "From": null,
      "To": {
        "Map": 255,
        "X": 235,
        "Y": 240
      }
    },
    {
      "Type": 1,
      "Index": 8,
      "From": null,
      "To": {
        "Map": 255,
        "X": 155,
        "Y": 95
      }
    }
  ],
  "DomainFixups": [],
  "DomainUpdates": [
    {
      "From": 42,
      "To": 0
    },
    {
      "From": 54,
      "To": 1
    },
    {
      "From": 0,
      "To": 2
    },
    {
      "From": 0,
      "To": 3
    },
    {
      "From": 0,
      "To": 4
    },
    {
      "From": 0,
      "To": 5
    },
    {
      "From": 52,
      "To": 6
    },
    {
      "From": 52,
      "To": 7
    },
    {
      "From": 42,
      "To": 8
    },
    {
      "From": 40,
      "To": 9
    },
    {
      "From": 40,
      "To": 10
    },
    {
      "From": 0,
      "To": 11
    },
    {
      "From": 0,
      "To": 12
    },
    {
      "From": 0,
      "To": 13
    },
    {
      "From": 52,
      "To": 14
    },
    {
      "From": 52,
      "To": 15
    },
    {
      "From": 0,
      "To": 16
    },
    {
      "From": 40,
      "To": 17
    },
    {
      "From": 40,
      "To": 18
    },
    {
      "From": 0,
      "To": 19
    },
    {
      "From": 14,
      "To": 20
    },
    {
      "From": 14,
      "To": 21
    },
    {
      "From": 52,
      "To": 22
    },
    {
      "From": 28,
      "To": 23
    },
    {
      "From": 0,
      "To": 24
    },
    {
      "From": 0,
      "To": 25
    },
    {
      "From": 0,
      "To": 26
    },
    {
      "From": 0,
      "To": 27
    },
    {
      "From": 6,
      "To": 28
    },
    {
      "From": 0,
      "To": 29
    },
    {
      "From": 28,
      "To": 30
    },
    {
      "From": 28,
      "To": 31
    },
    {
      "From": 0,
      "To": 32
    },
    {
      "From": 0,
      "To": 33
    },
    {
      "From": 0,
      "To": 34
    },
    {
      "From": 54,
      "To": 35
    },
    {
      "From": 12,
      "To": 36
    },
    {
      "From": 36,
      "To": 37
    },
    {
      "From": 29,
      "To": 38
    },
    {
      "From": 28,
      "To": 39
    },
    {
      "From": 0,
      "To": 40
    },
    {
      "From": 0,
      "To": 41
    },
    {
      "From": 11,
      "To": 42
    },
    {
      "From": 11,
      "To": 43
    },
    {
      "From": 54,
      "To": 44
    },
    {
      "From": 54,
      "To": 45
    },
    {
      "From": 29,
      "To": 46
    },
    {
      "From": 43,
      "To": 47
    },
    {
      "From": 40,
      "To": 48
    },
    {
      "From": 40,
      "To": 49
    },
    {
      "From": 40,
      "To": 50
    },
    {
      "From": 11,
      "To": 51
    },
    {
      "From": 1,
      "To": 52
    },
    {
      "From": 1,
      "To": 53
    },
    {
      "From": 59,
      "To": 54
    },
    {
      "From": 11,
      "To": 55
    },
    {
      "From": 0,
      "To": 56
    },
    {
      "From": 40,
      "To": 57
    },
    {
      "From": 40,
      "To": 58
    },
    {
      "From": 11,
      "To": 59
    },
    {
      "From": 10,
      "To": 60
    },
    {
      "From": 10,
      "To": 61
    },
    {
      "From": 42,
      "To": 62
    },
    {
      "From": 9,
      "To": 63
    }
  ],
  "OverworldCoordinates": {
    "Coneria": {
      "X": 188,
      "Y": 139
    },
    "ConeriaCastle1": {
      "X": 189,
      "Y": 138
    },
    "TempleOfFiends1": {
      "X": 228,
      "Y": 145
    },
    "Pravoka": {
      "X": 211,
      "Y": 150
    },
    "Gaia": {
      "X": 149,
      "Y": 111
    },
    "CastleOrdeals1": {
      "X": 166,
      "Y": 137
    },
    "TitansTunnelWest": {
      "X": 75,
      "Y": 219
    },
    "SardasCave": {
      "X": 52,
      "Y": 208
    },
    "EarthCave1": {
      "X": 182,
      "Y": 230
    },
    "MirageTower1": {
      "X": 155,
      "Y": 95
    },
    "Onrac": {
      "X": 235,
      "Y": 240
    },
    "TitansTunnelEast": {
      "X": 37,
      "Y": 59
    },
    "MatoyasCave": {
      "X": 201,
      "Y": 143
    },
    "DwarfCave": {
      "X": 190,
      "Y": 191
    },
    "Elfland": {
      "X": 230,
      "Y": 58
    },
    "ElflandCastle": {
      "X": 231,
      "Y": 57
    },
    "MarshCave1": {
      "X": 207,
      "Y": 194
    },
    "NorthwestCastle": {
      "X": 221,
      "Y": 194
    },
    "Melmond": {
      "X": 20,
      "Y": 50
    },
    "CrescentLake": {
      "X": 33,
      "Y": 41
    },
    "Lefein": {
      "X": 116,
      "Y": 178
    },
    "BahamutCave1": {
      "X": 109,
      "Y": 238
    },
    "Cardia1": {
      "X": 49,
      "Y": 14
    },
    "Cardia2": {
      "X": 239,
      "Y": 171
    },
    "Cardia4": {
      "X": 168,
      "Y": 241
    },
    "Cardia5": {
      "X": 243,
      "Y": 210
    },
    "Cardia6": {
      "X": 98,
      "Y": 205
    },
    "Waterfall": {
      "X": 169,
      "Y": 205
    },
    "IceCave1": {
      "X": 152,
      "Y": 166
    },
    "GurguVolcano1": {
      "X": 165,
      "Y": 174
    }
  }
}