﻿{
  "StartingLocation": {
    "X": 171,
    "Y": 128
  },
  "AirShipLocation": {
    "X": 189,
    "Y": 102
  },
  "BridgeLocation": {
    "X": 206,
    "Y": 156
  },
  "CanalLocation": {
    "X": 82,
    "Y": 116
  },
  "ShipLocations": [
    {
      "TeleporterIndex": 1,
      "X": 190,
      "Y": 143
    },
    {
      "TeleporterIndex": 9,
      "X": 190,
      "Y": 143
    },
    {
      "TeleporterIndex": 255,
      "X": 190,
      "Y": 143
    },
    {
      "TeleporterIndex": 13,
      "X": 236,
      "Y": 94
    },
    {
      "TeleporterIndex": 2,
      "X": 205,
      "Y": 163
    },
    {
      "TeleporterIndex": 24,
      "X": 156,
      "Y": 43
    },
    {
      "TeleporterIndex": 3,
      "X": 156,
      "Y": 43
    },
    {
      "TeleporterIndex": 10,
      "X": 156,
      "Y": 43
    },
    {
      "TeleporterIndex": 23,
      "X": 23,
      "Y": 42
    },
    {
      "TeleporterIndex": 11,
      "X": 52,
      "Y": 117
    },
    {
      "TeleporterIndex": 4,
      "X": 156,
      "Y": 43
    },
    {
      "TeleporterIndex": 5,
      "X": 182,
      "Y": 82
    },
    {
      "TeleporterIndex": 28,
      "X": 190,
      "Y": 143
    }
  ],
  "TeleporterFixups": [
    {
      "Type": 1,
      "Index": 0,
      "From": null,
      "To": {
        "Map": 255,
        "X": 203,
        "Y": 181
      }
    },
    {
      "Type": 1,
      "Index": 1,
      "From": null,
      "To": {
        "Map": 255,
        "X": 142,
        "Y": 191
      }
    },
    {
      "Type": 1,
      "Index": 2,
      "From": null,
      "To": {
        "Map": 255,
        "X": 86,
        "Y": 97
      }
    },
    {
      "Type": 1,
      "Index": 3,
      "From": null,
      "To": {
        "Map": 255,
        "X": 99,
        "Y": 85
      }
    },
    {
      "Type": 1,
      "Index": 4,
      "From": null,
      "To": {
        "Map": 255,
        "X": 171,
        "Y": 126
      }
    },
    {
      "Type": 1,
      "Index": 5,
      "From": null,
      "To": {
        "Map": 255,
        "X": 74,
        "Y": 113
      }
    },
    {
      "Type": 1,
      "Index": 6,
      "From": null,
      "To": {
        "Map": 255,
        "X": 158,
        "Y": 74
      }
    },
    {
      "Type": 1,
      "Index": 7,
      "From": null,
      "To": {
        "Map": 255,
        "X": 232,
        "Y": 39
      }
    },
    {
      "Type": 1,
      "Index": 8,
      "From": null,
      "To": {
        "Map": 255,
        "X": 185,
        "Y": 38
      }
    }
  ],
  "DomainFixups": [],
  "DomainUpdates": [
    {
      "From": 59,
      "To": 0
    },
    {
      "From": 59,
      "To": 1
    },
    {
      "From": 0,
      "To": 2
    },
    {
      "From": 0,
      "To": 3
    },
    {
      "From": 0,
      "To": 4
    },
    {
      "From": 14,
      "To": 5
    },
    {
      "From": 14,
      "To": 6
    },
    {
      "From": 9,
      "To": 7
    },
    {
      "From": 59,
      "To": 8
    },
    {
      "From": 59,
      "To": 9
    },
    {
      "From": 0,
      "To": 10
    },
    {
      "From": 52,
      "To": 11
    },
    {
      "From": 52,
      "To": 12
    },
    {
      "From": 14,
      "To": 13
    },
    {
      "From": 14,
      "To": 14
    },
    {
      "From": 9,
      "To": 15
    },
    {
      "From": 0,
      "To": 16
    },
    {
      "From": 29,
      "To": 17
    },
    {
      "From": 43,
      "To": 18
    },
    {
      "From": 12,
      "To": 19
    },
    {
      "From": 54,
      "To": 20
    },
    {
      "From": 54,
      "To": 21
    },
    {
      "From": 28,
      "To": 22
    },
    {
      "From": 28,
      "To": 23
    },
    {
      "From": 10,
      "To": 24
    },
    {
      "From": 29,
      "To": 25
    },
    {
      "From": 54,
      "To": 26
    },
    {
      "From": 1,
      "To": 27
    },
    {
      "From": 1,
      "To": 28
    },
    {
      "From": 11,
      "To": 29
    },
    {
      "From": 28,
      "To": 30
    },
    {
      "From": 28,
      "To": 31
    },
    {
      "From": 10,
      "To": 32
    },
    {
      "From": 11,
      "To": 33
    },
    {
      "From": 11,
      "To": 34
    },
    {
      "From": 11,
      "To": 35
    },
    {
      "From": 35,
      "To": 36
    },
    {
      "From": 36,
      "To": 37
    },
    {
      "From": 28,
      "To": 38
    },
    {
      "From": 28,
      "To": 39
    },
    {
      "From": 0,
      "To": 40
    },
    {
      "From": 11,
      "To": 41
    },
    {
      "From": 11,
      "To": 42
    },
    {
      "From": 40,
      "To": 43
    },
    {
      "From": 40,
      "To": 44
    },
    {
      "From": 40,
      "To": 45
    },
    {
      "From": 40,
      "To": 46
    },
    {
      "From": 40,
      "To": 47
    },
    {
      "From": 10,
      "To": 48
    },
    {
      "From": 0,
      "To": 49
    },
    {
      "From": 0,
      "To": 50
    },
    {
      "From": 40,
      "To": 51
    },
    {
      "From": 40,
      "To": 52
    },
    {
      "From": 40,
      "To": 53
    },
    {
      "From": 40,
      "To": 54
    },
    {
      "From": 40,
      "To": 55
    },
    {
      "From": 0,
      "To": 56
    },
    {
      "From": 6,
      "To": 57
    },
    {
      "From": 10,
      "To": 58
    },
    {
      "From": 0,
      "To": 59
    },
    {
      "From": 0,
      "To": 60
    },
    {
      "From": 0,
      "To": 61
    },
    {
      "From": 0,
      "To": 62
    },
    {
      "From": 0,
      "To": 63
    }
  ],
  "OverworldCoordinates": {
    "Coneria": {
      "X": 170,
      "Y": 127
    },
    "ConeriaCastle1": {
      "X": 171,
      "Y": 126
    },
    "TempleOfFiends1": {
      "X": 215,
      "Y": 117
    },
    "Pravoka": {
      "X": 206,
      "Y": 159
    },
    "Gaia": {
      "X": 52,
      "Y": 236
    },
    "CastleOrdeals1": {
      "X": 99,
      "Y": 85
    },
    "TitansTunnelWest": {
      "X": 142,
      "Y": 191
    },
    "SardasCave": {
      "X": 140,
      "Y": 195
    },
    "EarthCave1": {
      "X": 74,
      "Y": 113
    },
    "MirageTower1": {
      "X": 185,
      "Y": 38
    },
    "Onrac": {
      "X": 232,
      "Y": 39
    },
    "TitansTunnelEast": {
      "X": 203,
      "Y": 181
    },
    "MatoyasCave": {
      "X": 67,
      "Y": 88
    },
    "DwarfCave": {
      "X": 166,
      "Y": 117
    },
    "Elfland": {
      "X": 130,
      "Y": 49
    },
    "ElflandCastle": {
      "X": 131,
      "Y": 48
    },
    "MarshCave1": {
      "X": 42,
      "Y": 38
    },
    "NorthwestCastle": {
      "X": 59,
      "Y": 72
    },
    "Melmond": {
      "X": 165,
      "Y": 57
    },
    "CrescentLake": {
      "X": 177,
      "Y": 67
    },
    "Lefein": {
      "X": 124,
      "Y": 67
    },
    "BahamutCave1": {
      "X": 117,
      "Y": 133
    },
    "Cardia1": {
      "X": 85,
      "Y": 237
    },
    "Cardia2": {
      "X": 25,
      "Y": 203
    },
    "Cardia4": {
      "X": 25,
      "Y": 127
    },
    "Cardia5": {
      "X": 187,
      "Y": 116
    },
    "Cardia6": {
      "X": 78,
      "Y": 136
    },
    "Waterfall": {
      "X": 145,
      "Y": 92
    },
    "IceCave1": {
      "X": 86,
      "Y": 97
    },
    "GurguVolcano1": {
      "X": 158,
      "Y": 74
    }
  }
}