﻿{
  "StartingLocation": {
    "X": 65,
    "Y": 58
  },
  "AirShipLocation": {
    "X": 77,
    "Y": 184
  },
  "BridgeLocation": {
    "X": 26,
    "Y": 86
  },
  "CanalLocation": {
    "X": 122,
    "Y": 117
  },
  "ShipLocations": [
    {
      "TeleporterIndex": 1,
      "X": 67,
      "Y": 72
    },
    {
      "TeleporterIndex": 9,
      "X": 67,
      "Y": 72
    },
    {
      "TeleporterIndex": 255,
      "X": 67,
      "Y": 72
    },
    {
      "TeleporterIndex": 13,
      "X": 67,
      "Y": 72
    },
    {
      "TeleporterIndex": 2,
      "X": 25,
      "Y": 93
    },
    {
      "TeleporterIndex": 24,
      "X": 130,
      "Y": 230
    },
    {
      "TeleporterIndex": 3,
      "X": 96,
      "Y": 184
    },
    {
      "TeleporterIndex": 10,
      "X": 96,
      "Y": 184
    },
    {
      "TeleporterIndex": 23,
      "X": 51,
      "Y": 97
    },
    {
      "TeleporterIndex": 11,
      "X": 96,
      "Y": 184
    },
    {
      "TeleporterIndex": 4,
      "X": 25,
      "Y": 54
    },
    {
      "TeleporterIndex": 5,
      "X": 67,
      "Y": 72
    },
    {
      "TeleporterIndex": 8,
      "X": 96,
      "Y": 184
    },
    {
      "TeleporterIndex": 28,
      "X": 67,
      "Y": 72
    },
    {
      "TeleporterIndex": 29,
      "X": 25,
      "Y": 54
    }
  ],
  "TeleporterFixups": [
    {
      "Type": 1,
      "Index": 0,
      "From": null,
      "To": {
        "Map": 255,
        "X": 42,
        "Y": 73
      }
    },
    {
      "Type": 1,
      "Index": 1,
      "From": null,
      "To": {
        "Map": 255,
        "X": 80,
        "Y": 203
      }
    },
    {
      "Type": 1,
      "Index": 2,
      "From": null,
      "To": {
        "Map": 255,
        "X": 59,
        "Y": 216
      }
    },
    {
      "Type": 1,
      "Index": 3,
      "From": null,
      "To": {
        "Map": 255,
        "X": 58,
        "Y": 16
      }
    },
    {
      "Type": 1,
      "Index": 4,
      "From": null,
      "To": {
        "Map": 255,
        "X": 65,
        "Y": 56
      }
    },
    {
      "Type": 1,
      "Index": 5,
      "From": null,
      "To": {
        "Map": 255,
        "X": 109,
        "Y": 110
      }
    },
    {
      "Type": 1,
      "Index": 6,
      "From": null,
      "To": {
        "Map": 255,
        "X": 72,
        "Y": 37
      }
    },
    {
      "Type": 1,
      "Index": 7,
      "From": null,
      "To": {
        "Map": 255,
        "X": 165,
        "Y": 23
      }
    },
    {
      "Type": 1,
      "Index": 8,
      "From": null,
      "To": {
        "Map": 255,
        "X": 104,
        "Y": 237
      }
    }
  ],
  "DomainFixups": [],
  "DomainUpdates": [
    {
      "From": 0,
      "To": 0
    },
    {
      "From": 12,
      "To": 1
    },
    {
      "From": 54,
      "To": 2
    },
    {
      "From": 29,
      "To": 3
    },
    {
      "From": 9,
      "To": 4
    },
    {
      "From": 9,
      "To": 5
    },
    {
      "From": 0,
      "To": 6
    },
    {
      "From": 10,
      "To": 7
    },
    {
      "From": 11,
      "To": 8
    },
    {
      "From": 42,
      "To": 9
    },
    {
      "From": 28,
      "To": 10
    },
    {
      "From": 29,
      "To": 11
    },
    {
      "From": 29,
      "To": 12
    },
    {
      "From": 1,
      "To": 13
    },
    {
      "From": 0,
      "To": 14
    },
    {
      "From": 10,
      "To": 15
    },
    {
      "From": 11,
      "To": 16
    },
    {
      "From": 40,
      "To": 17
    },
    {
      "From": 54,
      "To": 18
    },
    {
      "From": 11,
      "To": 19
    },
    {
      "From": 1,
      "To": 20
    },
    {
      "From": 0,
      "To": 21
    },
    {
      "From": 0,
      "To": 22
    },
    {
      "From": 0,
      "To": 23
    },
    {
      "From": 52,
      "To": 24
    },
    {
      "From": 40,
      "To": 25
    },
    {
      "From": 59,
      "To": 26
    },
    {
      "From": 42,
      "To": 27
    },
    {
      "From": 42,
      "To": 28
    },
    {
      "From": 11,
      "To": 29
    },
    {
      "From": 0,
      "To": 30
    },
    {
      "From": 0,
      "To": 31
    },
    {
      "From": 52,
      "To": 32
    },
    {
      "From": 52,
      "To": 33
    },
    {
      "From": 43,
      "To": 34
    },
    {
      "From": 43,
      "To": 35
    },
    {
      "From": 0,
      "To": 36
    },
    {
      "From": 11,
      "To": 37
    },
    {
      "From": 6,
      "To": 38
    },
    {
      "From": 6,
      "To": 39
    },
    {
      "From": 0,
      "To": 40
    },
    {
      "From": 43,
      "To": 41
    },
    {
      "From": 43,
      "To": 42
    },
    {
      "From": 43,
      "To": 43
    },
    {
      "From": 0,
      "To": 44
    },
    {
      "From": 0,
      "To": 45
    },
    {
      "From": 6,
      "To": 46
    },
    {
      "From": 6,
      "To": 47
    },
    {
      "From": 54,
      "To": 48
    },
    {
      "From": 54,
      "To": 49
    },
    {
      "From": 43,
      "To": 50
    },
    {
      "From": 14,
      "To": 51
    },
    {
      "From": 14,
      "To": 52
    },
    {
      "From": 0,
      "To": 53
    },
    {
      "From": 0,
      "To": 54
    },
    {
      "From": 0,
      "To": 55
    },
    {
      "From": 10,
      "To": 56
    },
    {
      "From": 54,
      "To": 57
    },
    {
      "From": 14,
      "To": 58
    },
    {
      "From": 14,
      "To": 59
    },
    {
      "From": 10,
      "To": 60
    },
    {
      "From": 0,
      "To": 61
    },
    {
      "From": 0,
      "To": 62
    },
    {
      "From": 0,
      "To": 63
    }
  ],
  "OverworldCoordinates": {
    "Coneria": {
      "X": 64,
      "Y": 57
    },
    "ConeriaCastle1": {
      "X": 65,
      "Y": 56
    },
    "TempleOfFiends1": {
      "X": 80,
      "Y": 56
    },
    "Pravoka": {
      "X": 26,
      "Y": 89
    },
    "Gaia": {
      "X": 217,
      "Y": 160
    },
    "CastleOrdeals1": {
      "X": 58,
      "Y": 16
    },
    "TitansTunnelWest": {
      "X": 80,
      "Y": 203
    },
    "SardasCave": {
      "X": 82,
      "Y": 203
    },
    "EarthCave1": {
      "X": 109,
      "Y": 110
    },
    "MirageTower1": {
      "X": 104,
      "Y": 237
    },
    "Onrac": {
      "X": 165,
      "Y": 23
    },
    "TitansTunnelEast": {
      "X": 42,
      "Y": 73
    },
    "MatoyasCave": {
      "X": 104,
      "Y": 41
    },
    "DwarfCave": {
      "X": 62,
      "Y": 199
    },
    "Elfland": {
      "X": 36,
      "Y": 147
    },
    "ElflandCastle": {
      "X": 37,
      "Y": 146
    },
    "MarshCave1": {
      "X": 82,
      "Y": 109
    },
    "NorthwestCastle": {
      "X": 80,
      "Y": 160
    },
    "Melmond": {
      "X": 44,
      "Y": 49
    },
    "CrescentLake": {
      "X": 84,
      "Y": 85
    },
    "Lefein": {
      "X": 60,
      "Y": 165
    },
    "BahamutCave1": {
      "X": 187,
      "Y": 130
    },
    "Cardia1": {
      "X": 22,
      "Y": 230
    },
    "Cardia2": {
      "X": 237,
      "Y": 33
    },
    "Cardia4": {
      "X": 141,
      "Y": 233
    },
    "Cardia5": {
      "X": 101,
      "Y": 61
    },
    "Cardia6": {
      "X": 24,
      "Y": 67
    },
    "Waterfall": {
      "X": 134,
      "Y": 83
    },
    "IceCave1": {
      "X": 59,
      "Y": 216
    },
    "GurguVolcano1": {
      "X": 72,
      "Y": 37
    }
  }
}