﻿{
  "StartingLocation": {
    "X": 124,
    "Y": 231
  },
  "AirShipLocation": {
    "X": 112,
    "Y": 122
  },
  "BridgeLocation": {
    "X": 135,
    "Y": 169
  },
  "CanalLocation": {
    "X": 100,
    "Y": 17
  },
  "ShipLocations": [
    {
      "TeleporterIndex": 255,
      "X": 134,
      "Y": 176
    }
  ],
  "TeleporterFixups": [
    {
      "Type": 1,
      "Index": 0,
      "From": null,
      "To": {
        "Map": 255,
        "X": 151,
        "Y": 54
      }
    },
    {
      "Type": 1,
      "Index": 1,
      "From": null,
      "To": {
        "Map": 255,
        "X": 133,
        "Y": 40
      }
    },
    {
      "Type": 1,
      "Index": 2,
      "From": null,
      "To": {
        "Map": 255,
        "X": 128,
        "Y": 66
      }
    },
    {
      "Type": 1,
      "Index": 3,
      "From": null,
      "To": {
        "Map": 255,
        "X": 126,
        "Y": 20
      }
    },
    {
      "Type": 1,
      "Index": 4,
      "From": null,
      "To": {
        "Map": 255,
        "X": 124,
        "Y": 229
      }
    },
    {
      "Type": 1,
      "Index": 5,
      "From": null,
      "To": {
        "Map": 255,
        "X": 93,
        "Y": 45
      }
    },
    {
      "Type": 1,
      "Index": 6,
      "From": null,
      "To": {
        "Map": 255,
        "X": 99,
        "Y": 137
      }
    },
    {
      "Type": 1,
      "Index": 7,
      "From": null,
      "To": {
        "Map": 255,
        "X": 54,
        "Y": 140
      }
    },
    {
      "Type": 1,
      "Index": 8,
      "From": null,
      "To": {
        "Map": 255,
        "X": 113,
        "Y": 86
      }
    }
  ],
  "DomainFixups": [],
  "DomainUpdates": [
    {
      "From": 0,
      "To": 0
    },
    {
      "From": 0,
      "To": 1
    },
    {
      "From": 12,
      "To": 2
    },
    {
      "From": 12,
      "To": 3
    },
    {
      "From": 29,
      "To": 4
    },
    {
      "From": 29,
      "To": 5
    },
    {
      "From": 0,
      "To": 6
    },
    {
      "From": 0,
      "To": 7
    },
    {
      "From": 0,
      "To": 8
    },
    {
      "From": 0,
      "To": 9
    },
    {
      "From": 42,
      "To": 10
    },
    {
      "From": 42,
      "To": 11
    },
    {
      "From": 40,
      "To": 12
    },
    {
      "From": 40,
      "To": 13
    },
    {
      "From": 11,
      "To": 14
    },
    {
      "From": 11,
      "To": 15
    },
    {
      "From": 0,
      "To": 16
    },
    {
      "From": 0,
      "To": 17
    },
    {
      "From": 0,
      "To": 18
    },
    {
      "From": 14,
      "To": 19
    },
    {
      "From": 54,
      "To": 20
    },
    {
      "From": 40,
      "To": 21
    },
    {
      "From": 11,
      "To": 22
    },
    {
      "From": 10,
      "To": 23
    },
    {
      "From": 11,
      "To": 24
    },
    {
      "From": 54,
      "To": 25
    },
    {
      "From": 54,
      "To": 26
    },
    {
      "From": 54,
      "To": 27
    },
    {
      "From": 42,
      "To": 28
    },
    {
      "From": 42,
      "To": 29
    },
    {
      "From": 0,
      "To": 30
    },
    {
      "From": 0,
      "To": 31
    },
    {
      "From": 0,
      "To": 32
    },
    {
      "From": 9,
      "To": 33
    },
    {
      "From": 54,
      "To": 34
    },
    {
      "From": 42,
      "To": 35
    },
    {
      "From": 42,
      "To": 36
    },
    {
      "From": 42,
      "To": 37
    },
    {
      "From": 0,
      "To": 38
    },
    {
      "From": 0,
      "To": 39
    },
    {
      "From": 11,
      "To": 40
    },
    {
      "From": 59,
      "To": 41
    },
    {
      "From": 59,
      "To": 42
    },
    {
      "From": 28,
      "To": 43
    },
    {
      "From": 42,
      "To": 44
    },
    {
      "From": 0,
      "To": 45
    },
    {
      "From": 0,
      "To": 46
    },
    {
      "From": 0,
      "To": 47
    },
    {
      "From": 10,
      "To": 48
    },
    {
      "From": 59,
      "To": 49
    },
    {
      "From": 54,
      "To": 50
    },
    {
      "From": 52,
      "To": 51
    },
    {
      "From": 52,
      "To": 52
    },
    {
      "From": 0,
      "To": 53
    },
    {
      "From": 0,
      "To": 54
    },
    {
      "From": 0,
      "To": 55
    },
    {
      "From": 10,
      "To": 56
    },
    {
      "From": 10,
      "To": 57
    },
    {
      "From": 35,
      "To": 58
    },
    {
      "From": 36,
      "To": 59
    },
    {
      "From": 36,
      "To": 60
    },
    {
      "From": 0,
      "To": 61
    },
    {
      "From": 0,
      "To": 62
    },
    {
      "From": 0,
      "To": 63
    }
  ],
  "OverworldCoordinates": {
    "Coneria": {
      "X": 123,
      "Y": 230
    },
    "ConeriaCastle1": {
      "X": 124,
      "Y": 229
    },
    "TempleOfFiends1": {
      "X": 112,
      "Y": 180
    },
    "Pravoka": {
      "X": 135,
      "Y": 172
    },
    "Gaia": {
      "X": 138,
      "Y": 91
    },
    "CastleOrdeals1": {
      "X": 126,
      "Y": 20
    },
    "TitansTunnelWest": {
      "X": 133,
      "Y": 40
    },
    "SardasCave": {
      "X": 135,
      "Y": 40
    },
    "EarthCave1": {
      "X": 93,
      "Y": 45
    },
    "MirageTower1": {
      "X": 113,
      "Y": 86
    },
    "Onrac": {
      "X": 54,
      "Y": 140
    },
    "TitansTunnelEast": {
      "X": 151,
      "Y": 54
    },
    "MatoyasCave": {
      "X": 156,
      "Y": 24
    },
    "DwarfCave": {
      "X": 89,
      "Y": 220
    },
    "Elfland": {
      "X": 111,
      "Y": 207
    },
    "ElflandCastle": {
      "X": 112,
      "Y": 206
    },
    "MarshCave1": {
      "X": 78,
      "Y": 190
    },
    "NorthwestCastle": {
      "X": 103,
      "Y": 158
    },
    "Melmond": {
      "X": 122,
      "Y": 189
    },
    "CrescentLake": {
      "X": 77,
      "Y": 206
    },
    "Lefein": {
      "X": 127,
      "Y": 209
    },
    "BahamutCave1": {
      "X": 213,
      "Y": 58
    },
    "Cardia1": {
      "X": 39,
      "Y": 239
    },
    "Cardia2": {
      "X": 15,
      "Y": 215
    },
    "Cardia4": {
      "X": 234,
      "Y": 78
    },
    "Cardia5": {
      "X": 14,
      "Y": 116
    },
    "Cardia6": {
      "X": 13,
      "Y": 181
    },
    "Waterfall": {
      "X": 118,
      "Y": 30
    },
    "IceCave1": {
      "X": 128,
      "Y": 66
    },
    "GurguVolcano1": {
      "X": 99,
      "Y": 137
    }
  }
}