﻿{
  "StartingLocation": {
    "X": 90,
    "Y": 169
  },
  "AirShipLocation": {
    "X": 99,
    "Y": 38
  },
  "BridgeLocation": {
    "X": 37,
    "Y": 155
  },
  "CanalLocation": {
    "X": 185,
    "Y": 231
  },
  "ShipLocations": [
    {
      "TeleporterIndex": 1,
      "X": 131,
      "Y": 194
    },
    {
      "TeleporterIndex": 9,
      "X": 131,
      "Y": 194
    },
    {
      "TeleporterIndex": 255,
      "X": 131,
      "Y": 194
    },
    {
      "TeleporterIndex": 13,
      "X": 36,
      "Y": 162
    },
    {
      "TeleporterIndex": 2,
      "X": 36,
      "Y": 162
    },
    {
      "TeleporterIndex": 24,
      "X": 152,
      "Y": 110
    },
    {
      "TeleporterIndex": 3,
      "X": 36,
      "Y": 162
    },
    {
      "TeleporterIndex": 10,
      "X": 36,
      "Y": 162
    },
    {
      "TeleporterIndex": 23,
      "X": 224,
      "Y": 168
    },
    {
      "TeleporterIndex": 11,
      "X": 131,
      "Y": 194
    },
    {
      "TeleporterIndex": 4,
      "X": 131,
      "Y": 194
    },
    {
      "TeleporterIndex": 5,
      "X": 100,
      "Y": 74
    },
    {
      "TeleporterIndex": 8,
      "X": 120,
      "Y": 66
    },
    {
      "TeleporterIndex": 18,
      "X": 120,
      "Y": 66
    },
    {
      "TeleporterIndex": 0,
      "X": 48,
      "Y": 94
    },
    {
      "TeleporterIndex": 17,
      "X": 120,
      "Y": 66
    },
    {
      "TeleporterIndex": 27,
      "X": 36,
      "Y": 162
    },
    {
      "TeleporterIndex": 28,
      "X": 131,
      "Y": 194
    }
  ],
  "TeleporterFixups": [
    {
      "Type": 1,
      "Index": 0,
      "From": null,
      "To": {
        "Map": 255,
        "X": 133,
        "Y": 55
      }
    },
    {
      "Type": 1,
      "Index": 1,
      "From": null,
      "To": {
        "Map": 255,
        "X": 211,
        "Y": 191
      }
    },
    {
      "Type": 1,
      "Index": 2,
      "From": null,
      "To": {
        "Map": 255,
        "X": 164,
        "Y": 189
      }
    },
    {
      "Type": 1,
      "Index": 3,
      "From": null,
      "To": {
        "Map": 255,
        "X": 190,
        "Y": 217
      }
    },
    {
      "Type": 1,
      "Index": 4,
      "From": null,
      "To": {
        "Map": 255,
        "X": 90,
        "Y": 167
      }
    },
    {
      "Type": 1,
      "Index": 5,
      "From": null,
      "To": {
        "Map": 255,
        "X": 186,
        "Y": 197
      }
    },
    {
      "Type": 1,
      "Index": 6,
      "From": null,
      "To": {
        "Map": 255,
        "X": 168,
        "Y": 204
      }
    },
    {
      "Type": 1,
      "Index": 7,
      "From": null,
      "To": {
        "Map": 255,
        "X": 40,
        "Y": 72
      }
    },
    {
      "Type": 1,
      "Index": 8,
      "From": null,
      "To": {
        "Map": 255,
        "X": 121,
        "Y": 111
      }
    }
  ],
  "DomainFixups": [],
  "DomainUpdates": [
    {
      "From": 0,
      "To": 0
    },
    {
      "From": 0,
      "To": 1
    },
    {
      "From": 11,
      "To": 2
    },
    {
      "From": 11,
      "To": 3
    },
    {
      "From": 11,
      "To": 4
    },
    {
      "From": 11,
      "To": 5
    },
    {
      "From": 0,
      "To": 6
    },
    {
      "From": 0,
      "To": 7
    },
    {
      "From": 0,
      "To": 8
    },
    {
      "From": 9,
      "To": 9
    },
    {
      "From": 11,
      "To": 10
    },
    {
      "From": 11,
      "To": 11
    },
    {
      "From": 35,
      "To": 12
    },
    {
      "From": 11,
      "To": 13
    },
    {
      "From": 0,
      "To": 14
    },
    {
      "From": 0,
      "To": 15
    },
    {
      "From": 0,
      "To": 16
    },
    {
      "From": 10,
      "To": 17
    },
    {
      "From": 11,
      "To": 18
    },
    {
      "From": 40,
      "To": 19
    },
    {
      "From": 10,
      "To": 20
    },
    {
      "From": 0,
      "To": 21
    },
    {
      "From": 6,
      "To": 22
    },
    {
      "From": 0,
      "To": 23
    },
    {
      "From": 10,
      "To": 24
    },
    {
      "From": 10,
      "To": 25
    },
    {
      "From": 10,
      "To": 26
    },
    {
      "From": 14,
      "To": 27
    },
    {
      "From": 29,
      "To": 28
    },
    {
      "From": 0,
      "To": 29
    },
    {
      "From": 0,
      "To": 30
    },
    {
      "From": 0,
      "To": 31
    },
    {
      "From": 52,
      "To": 32
    },
    {
      "From": 52,
      "To": 33
    },
    {
      "From": 28,
      "To": 34
    },
    {
      "From": 36,
      "To": 35
    },
    {
      "From": 36,
      "To": 36
    },
    {
      "From": 11,
      "To": 37
    },
    {
      "From": 11,
      "To": 38
    },
    {
      "From": 0,
      "To": 39
    },
    {
      "From": 52,
      "To": 40
    },
    {
      "From": 28,
      "To": 41
    },
    {
      "From": 10,
      "To": 42
    },
    {
      "From": 36,
      "To": 43
    },
    {
      "From": 11,
      "To": 44
    },
    {
      "From": 11,
      "To": 45
    },
    {
      "From": 59,
      "To": 46
    },
    {
      "From": 59,
      "To": 47
    },
    {
      "From": 42,
      "To": 48
    },
    {
      "From": 42,
      "To": 49
    },
    {
      "From": 42,
      "To": 50
    },
    {
      "From": 42,
      "To": 51
    },
    {
      "From": 43,
      "To": 52
    },
    {
      "From": 42,
      "To": 53
    },
    {
      "From": 42,
      "To": 54
    },
    {
      "From": 0,
      "To": 55
    },
    {
      "From": 0,
      "To": 56
    },
    {
      "From": 0,
      "To": 57
    },
    {
      "From": 42,
      "To": 58
    },
    {
      "From": 0,
      "To": 59
    },
    {
      "From": 54,
      "To": 60
    },
    {
      "From": 12,
      "To": 61
    },
    {
      "From": 12,
      "To": 62
    },
    {
      "From": 0,
      "To": 63
    }
  ],
  "OverworldCoordinates": {
    "Coneria": {
      "X": 89,
      "Y": 168
    },
    "ConeriaCastle1": {
      "X": 90,
      "Y": 167
    },
    "TempleOfFiends1": {
      "X": 66,
      "Y": 155
    },
    "Pravoka": {
      "X": 37,
      "Y": 158
    },
    "Gaia": {
      "X": 199,
      "Y": 69
    },
    "CastleOrdeals1": {
      "X": 190,
      "Y": 217
    },
    "TitansTunnelWest": {
      "X": 211,
      "Y": 191
    },
    "SardasCave": {
      "X": 213,
      "Y": 191
    },
    "EarthCave1": {
      "X": 186,
      "Y": 197
    },
    "MirageTower1": {
      "X": 121,
      "Y": 111
    },
    "Onrac": {
      "X": 40,
      "Y": 72
    },
    "TitansTunnelEast": {
      "X": 133,
      "Y": 55
    },
    "MatoyasCave": {
      "X": 139,
      "Y": 92
    },
    "DwarfCave": {
      "X": 135,
      "Y": 55
    },
    "Elfland": {
      "X": 34,
      "Y": 137
    },
    "ElflandCastle": {
      "X": 35,
      "Y": 136
    },
    "MarshCave1": {
      "X": 200,
      "Y": 178
    },
    "NorthwestCastle": {
      "X": 146,
      "Y": 203
    },
    "Melmond": {
      "X": 89,
      "Y": 202
    },
    "CrescentLake": {
      "X": 102,
      "Y": 111
    },
    "Lefein": {
      "X": 111,
      "Y": 30
    },
    "BahamutCave1": {
      "X": 127,
      "Y": 28
    },
    "Cardia1": {
      "X": 38,
      "Y": 109
    },
    "Cardia2": {
      "X": 137,
      "Y": 73
    },
    "Cardia4": {
      "X": 73,
      "Y": 184
    },
    "Cardia5": {
      "X": 147,
      "Y": 178
    },
    "Cardia6": {
      "X": 148,
      "Y": 30
    },
    "Waterfall": {
      "X": 138,
      "Y": 33
    },
    "IceCave1": {
      "X": 164,
      "Y": 189
    },
    "GurguVolcano1": {
      "X": 168,
      "Y": 204
    }
  }
}