﻿{
  "StartingLocation": {
    "X": 148,
    "Y": 108
  },
  "AirShipLocation": {
    "X": 187,
    "Y": 108
  },
  "BridgeLocation": {
    "X": 139,
    "Y": 124
  },
  "CanalLocation": {
    "X": 25,
    "Y": 86
  },
  "ShipLocations": [
    {
      "TeleporterIndex": 1,
      "X": 138,
      "Y": 131
    },
    {
      "TeleporterIndex": 9,
      "X": 138,
      "Y": 131
    },
    {
      "TeleporterIndex": 255,
      "X": 138,
      "Y": 131
    },
    {
      "TeleporterIndex": 13,
      "X": 167,
      "Y": 76
    },
    {
      "TeleporterIndex": 2,
      "X": 138,
      "Y": 131
    },
    {
      "TeleporterIndex": 7,
      "X": 170,
      "Y": 147
    },
    {
      "TeleporterIndex": 3,
      "X": 77,
      "Y": 21
    },
    {
      "TeleporterIndex": 10,
      "X": 77,
      "Y": 21
    },
    {
      "TeleporterIndex": 23,
      "X": 167,
      "Y": 76
    },
    {
      "TeleporterIndex": 11,
      "X": 170,
      "Y": 147
    },
    {
      "TeleporterIndex": 4,
      "X": 131,
      "Y": 211
    },
    {
      "TeleporterIndex": 5,
      "X": 35,
      "Y": 128
    }
  ],
  "TeleporterFixups": [
    {
      "Type": 1,
      "Index": 0,
      "From": null,
      "To": {
        "Map": 255,
        "X": 77,
        "Y": 157
      }
    },
    {
      "Type": 1,
      "Index": 1,
      "From": null,
      "To": {
        "Map": 255,
        "X": 216,
        "Y": 83
      }
    },
    {
      "Type": 1,
      "Index": 2,
      "From": null,
      "To": {
        "Map": 255,
        "X": 184,
        "Y": 196
      }
    },
    {
      "Type": 1,
      "Index": 3,
      "From": null,
      "To": {
        "Map": 255,
        "X": 150,
        "Y": 177
      }
    },
    {
      "Type": 1,
      "Index": 4,
      "From": null,
      "To": {
        "Map": 255,
        "X": 148,
        "Y": 106
      }
    },
    {
      "Type": 1,
      "Index": 5,
      "From": null,
      "To": {
        "Map": 255,
        "X": 27,
        "Y": 98
      }
    },
    {
      "Type": 1,
      "Index": 6,
      "From": null,
      "To": {
        "Map": 255,
        "X": 183,
        "Y": 210
      }
    },
    {
      "Type": 1,
      "Index": 7,
      "From": null,
      "To": {
        "Map": 255,
        "X": 188,
        "Y": 160
      }
    },
    {
      "Type": 1,
      "Index": 8,
      "From": null,
      "To": {
        "Map": 255,
        "X": 89,
        "Y": 226
      }
    }
  ],
  "DomainFixups": [],
  "DomainUpdates": [
    {
      "From": 0,
      "To": 0
    },
    {
      "From": 11,
      "To": 1
    },
    {
      "From": 52,
      "To": 2
    },
    {
      "From": 52,
      "To": 3
    },
    {
      "From": 0,
      "To": 4
    },
    {
      "From": 0,
      "To": 5
    },
    {
      "From": 10,
      "To": 6
    },
    {
      "From": 6,
      "To": 7
    },
    {
      "From": 0,
      "To": 8
    },
    {
      "From": 11,
      "To": 9
    },
    {
      "From": 11,
      "To": 10
    },
    {
      "From": 11,
      "To": 11
    },
    {
      "From": 28,
      "To": 12
    },
    {
      "From": 28,
      "To": 13
    },
    {
      "From": 10,
      "To": 14
    },
    {
      "From": 10,
      "To": 15
    },
    {
      "From": 42,
      "To": 16
    },
    {
      "From": 42,
      "To": 17
    },
    {
      "From": 11,
      "To": 18
    },
    {
      "From": 11,
      "To": 19
    },
    {
      "From": 29,
      "To": 20
    },
    {
      "From": 59,
      "To": 21
    },
    {
      "From": 40,
      "To": 22
    },
    {
      "From": 40,
      "To": 23
    },
    {
      "From": 42,
      "To": 24
    },
    {
      "From": 42,
      "To": 25
    },
    {
      "From": 0,
      "To": 26
    },
    {
      "From": 0,
      "To": 27
    },
    {
      "From": 36,
      "To": 28
    },
    {
      "From": 59,
      "To": 29
    },
    {
      "From": 40,
      "To": 30
    },
    {
      "From": 40,
      "To": 31
    },
    {
      "From": 54,
      "To": 32
    },
    {
      "From": 35,
      "To": 33
    },
    {
      "From": 40,
      "To": 34
    },
    {
      "From": 40,
      "To": 35
    },
    {
      "From": 36,
      "To": 36
    },
    {
      "From": 9,
      "To": 37
    },
    {
      "From": 0,
      "To": 38
    },
    {
      "From": 0,
      "To": 39
    },
    {
      "From": 54,
      "To": 40
    },
    {
      "From": 35,
      "To": 41
    },
    {
      "From": 40,
      "To": 42
    },
    {
      "From": 42,
      "To": 43
    },
    {
      "From": 12,
      "To": 44
    },
    {
      "From": 43,
      "To": 45
    },
    {
      "From": 43,
      "To": 46
    },
    {
      "From": 0,
      "To": 47
    },
    {
      "From": 10,
      "To": 48
    },
    {
      "From": 11,
      "To": 49
    },
    {
      "From": 14,
      "To": 50
    },
    {
      "From": 14,
      "To": 51
    },
    {
      "From": 1,
      "To": 52
    },
    {
      "From": 54,
      "To": 53
    },
    {
      "From": 54,
      "To": 54
    },
    {
      "From": 0,
      "To": 55
    },
    {
      "From": 0,
      "To": 56
    },
    {
      "From": 0,
      "To": 57
    },
    {
      "From": 14,
      "To": 58
    },
    {
      "From": 14,
      "To": 59
    },
    {
      "From": 14,
      "To": 60
    },
    {
      "From": 54,
      "To": 61
    },
    {
      "From": 0,
      "To": 62
    },
    {
      "From": 0,
      "To": 63
    }
  ],
  "OverworldCoordinates": {
    "Coneria": {
      "X": 147,
      "Y": 107
    },
    "ConeriaCastle1": {
      "X": 148,
      "Y": 106
    },
    "TempleOfFiends1": {
      "X": 134,
      "Y": 60
    },
    "Pravoka": {
      "X": 139,
      "Y": 127
    },
    "Gaia": {
      "X": 230,
      "Y": 19
    },
    "CastleOrdeals1": {
      "X": 150,
      "Y": 177
    },
    "TitansTunnelWest": {
      "X": 216,
      "Y": 83
    },
    "SardasCave": {
      "X": 209,
      "Y": 86
    },
    "EarthCave1": {
      "X": 27,
      "Y": 98
    },
    "MirageTower1": {
      "X": 89,
      "Y": 226
    },
    "Onrac": {
      "X": 188,
      "Y": 160
    },
    "TitansTunnelEast": {
      "X": 77,
      "Y": 157
    },
    "MatoyasCave": {
      "X": 153,
      "Y": 97
    },
    "DwarfCave": {
      "X": 52,
      "Y": 159
    },
    "Elfland": {
      "X": 104,
      "Y": 37
    },
    "ElflandCastle": {
      "X": 105,
      "Y": 36
    },
    "MarshCave1": {
      "X": 181,
      "Y": 88
    },
    "NorthwestCastle": {
      "X": 182,
      "Y": 177
    },
    "Melmond": {
      "X": 127,
      "Y": 194
    },
    "CrescentLake": {
      "X": 19,
      "Y": 141
    },
    "Lefein": {
      "X": 120,
      "Y": 224
    },
    "BahamutCave1": {
      "X": 52,
      "Y": 191
    },
    "Cardia1": {
      "X": 235,
      "Y": 41
    },
    "Cardia2": {
      "X": 30,
      "Y": 199
    },
    "Cardia4": {
      "X": 112,
      "Y": 151
    },
    "Cardia5": {
      "X": 225,
      "Y": 64
    },
    "Cardia6": {
      "X": 99,
      "Y": 50
    },
    "Waterfall": {
      "X": 157,
      "Y": 198
    },
    "IceCave1": {
      "X": 184,
      "Y": 196
    },
    "GurguVolcano1": {
      "X": 183,
      "Y": 210
    }
  }
}