﻿{
  "StartingLocation": {
    "X": 97,
    "Y": 186
  },
  "AirShipLocation": {
    "X": 112,
    "Y": 49
  },
  "BridgeLocation": {
    "X": 38,
    "Y": 148
  },
  "CanalLocation": {
    "X": 190,
    "Y": 211
  },
  "ShipLocations": [
    {
      "TeleporterIndex": 255,
      "X": 37,
      "Y": 155
    }
  ],
  "TeleporterFixups": [
    {
      "Type": 1,
      "Index": 0,
      "From": null,
      "To": {
        "Map": 255,
        "X": 79,
        "Y": 174
      }
    },
    {
      "Type": 1,
      "Index": 1,
      "From": null,
      "To": {
        "Map": 255,
        "X": 170,
        "Y": 212
      }
    },
    {
      "Type": 1,
      "Index": 2,
      "From": null,
      "To": {
        "Map": 255,
        "X": 168,
        "Y": 83
      }
    },
    {
      "Type": 1,
      "Index": 3,
      "From": null,
      "To": {
        "Map": 255,
        "X": 152,
        "Y": 83
      }
    },
    {
      "Type": 1,
      "Index": 4,
      "From": null,
      "To": {
        "Map": 255,
        "X": 97,
        "Y": 184
      }
    },
    {
      "Type": 1,
      "Index": 5,
      "From": null,
      "To": {
        "Map": 255,
        "X": 181,
        "Y": 189
      }
    },
    {
      "Type": 1,
      "Index": 6,
      "From": null,
      "To": {
        "Map": 255,
        "X": 134,
        "Y": 44
      }
    },
    {
      "Type": 1,
      "Index": 7,
      "From": null,
      "To": {
        "Map": 255,
        "X": 126,
        "Y": 19
      }
    },
    {
      "Type": 1,
      "Index": 8,
      "From": null,
      "To": {
        "Map": 255,
        "X": 31,
        "Y": 170
      }
    }
  ],
  "DomainFixups": [],
  "DomainUpdates": [
    {
      "From": 0,
      "To": 0
    },
    {
      "From": 10,
      "To": 1
    },
    {
      "From": 0,
      "To": 2
    },
    {
      "From": 9,
      "To": 3
    },
    {
      "From": 9,
      "To": 4
    },
    {
      "From": 1,
      "To": 5
    },
    {
      "From": 0,
      "To": 6
    },
    {
      "From": 0,
      "To": 7
    },
    {
      "From": 0,
      "To": 8
    },
    {
      "From": 0,
      "To": 9
    },
    {
      "From": 0,
      "To": 10
    },
    {
      "From": 9,
      "To": 11
    },
    {
      "From": 1,
      "To": 12
    },
    {
      "From": 1,
      "To": 13
    },
    {
      "From": 1,
      "To": 14
    },
    {
      "From": 0,
      "To": 15
    },
    {
      "From": 0,
      "To": 16
    },
    {
      "From": 0,
      "To": 17
    },
    {
      "From": 0,
      "To": 18
    },
    {
      "From": 12,
      "To": 19
    },
    {
      "From": 12,
      "To": 20
    },
    {
      "From": 10,
      "To": 21
    },
    {
      "From": 10,
      "To": 22
    },
    {
      "From": 0,
      "To": 23
    },
    {
      "From": 42,
      "To": 24
    },
    {
      "From": 11,
      "To": 25
    },
    {
      "From": 28,
      "To": 26
    },
    {
      "From": 28,
      "To": 27
    },
    {
      "From": 10,
      "To": 28
    },
    {
      "From": 10,
      "To": 29
    },
    {
      "From": 10,
      "To": 30
    },
    {
      "From": 0,
      "To": 31
    },
    {
      "From": 14,
      "To": 32
    },
    {
      "From": 14,
      "To": 33
    },
    {
      "From": 28,
      "To": 34
    },
    {
      "From": 28,
      "To": 35
    },
    {
      "From": 28,
      "To": 36
    },
    {
      "From": 59,
      "To": 37
    },
    {
      "From": 59,
      "To": 38
    },
    {
      "From": 59,
      "To": 39
    },
    {
      "From": 14,
      "To": 40
    },
    {
      "From": 35,
      "To": 41
    },
    {
      "From": 40,
      "To": 42
    },
    {
      "From": 36,
      "To": 43
    },
    {
      "From": 43,
      "To": 44
    },
    {
      "From": 42,
      "To": 45
    },
    {
      "From": 54,
      "To": 46
    },
    {
      "From": 59,
      "To": 47
    },
    {
      "From": 11,
      "To": 48
    },
    {
      "From": 35,
      "To": 49
    },
    {
      "From": 52,
      "To": 50
    },
    {
      "From": 36,
      "To": 51
    },
    {
      "From": 43,
      "To": 52
    },
    {
      "From": 42,
      "To": 53
    },
    {
      "From": 42,
      "To": 54
    },
    {
      "From": 0,
      "To": 55
    },
    {
      "From": 0,
      "To": 56
    },
    {
      "From": 0,
      "To": 57
    },
    {
      "From": 52,
      "To": 58
    },
    {
      "From": 43,
      "To": 59
    },
    {
      "From": 43,
      "To": 60
    },
    {
      "From": 42,
      "To": 61
    },
    {
      "From": 42,
      "To": 62
    },
    {
      "From": 0,
      "To": 63
    }
  ],
  "OverworldCoordinates": {
    "Coneria": {
      "X": 96,
      "Y": 185
    },
    "ConeriaCastle1": {
      "X": 97,
      "Y": 184
    },
    "TempleOfFiends1": {
      "X": 69,
      "Y": 124
    },
    "Pravoka": {
      "X": 38,
      "Y": 151
    },
    "Gaia": {
      "X": 92,
      "Y": 114
    },
    "CastleOrdeals1": {
      "X": 152,
      "Y": 83
    },
    "TitansTunnelWest": {
      "X": 170,
      "Y": 212
    },
    "SardasCave": {
      "X": 172,
      "Y": 212
    },
    "EarthCave1": {
      "X": 181,
      "Y": 189
    },
    "MirageTower1": {
      "X": 31,
      "Y": 170
    },
    "Onrac": {
      "X": 126,
      "Y": 19
    },
    "TitansTunnelEast": {
      "X": 79,
      "Y": 174
    },
    "MatoyasCave": {
      "X": 41,
      "Y": 188
    },
    "DwarfCave": {
      "X": 56,
      "Y": 188
    },
    "Elfland": {
      "X": 75,
      "Y": 229
    },
    "ElflandCastle": {
      "X": 76,
      "Y": 228
    },
    "MarshCave1": {
      "X": 214,
      "Y": 155
    },
    "NorthwestCastle": {
      "X": 146,
      "Y": 185
    },
    "Melmond": {
      "X": 31,
      "Y": 128
    },
    "CrescentLake": {
      "X": 208,
      "Y": 177
    },
    "Lefein": {
      "X": 47,
      "Y": 157
    },
    "BahamutCave1": {
      "X": 103,
      "Y": 21
    },
    "Cardia1": {
      "X": 143,
      "Y": 125
    },
    "Cardia2": {
      "X": 37,
      "Y": 23
    },
    "Cardia4": {
      "X": 176,
      "Y": 107
    },
    "Cardia5": {
      "X": 46,
      "Y": 131
    },
    "Cardia6": {
      "X": 23,
      "Y": 185
    },
    "Waterfall": {
      "X": 155,
      "Y": 45
    },
    "IceCave1": {
      "X": 168,
      "Y": 83
    },
    "GurguVolcano1": {
      "X": 134,
      "Y": 44
    }
  }
}