﻿{
  "StartingLocation": {
    "X": 128,
    "Y": 104
  },
  "AirShipLocation": {
    "X": 38,
    "Y": 165
  },
  "BridgeLocation": {
    "X": 144,
    "Y": 74
  },
  "CanalLocation": {
    "X": 33,
    "Y": 220
  },
  "ShipLocations": [
    {
      "TeleporterIndex": 255,
      "X": 143,
      "Y": 81
    }
  ],
  "TeleporterFixups": [
    {
      "Type": 1,
      "Index": 0,
      "From": null,
      "To": {
        "Map": 255,
        "X": 88,
        "Y": 185
      }
    },
    {
      "Type": 1,
      "Index": 1,
      "From": null,
      "To": {
        "Map": 255,
        "X": 38,
        "Y": 23
      }
    },
    {
      "Type": 1,
      "Index": 2,
      "From": null,
      "To": {
        "Map": 255,
        "X": 41,
        "Y": 183
      }
    },
    {
      "Type": 1,
      "Index": 3,
      "From": null,
      "To": {
        "Map": 255,
        "X": 78,
        "Y": 175
      }
    },
    {
      "Type": 1,
      "Index": 4,
      "From": null,
      "To": {
        "Map": 255,
        "X": 128,
        "Y": 102
      }
    },
    {
      "Type": 1,
      "Index": 5,
      "From": null,
      "To": {
        "Map": 255,
        "X": 38,
        "Y": 218
      }
    },
    {
      "Type": 1,
      "Index": 6,
      "From": null,
      "To": {
        "Map": 255,
        "X": 94,
        "Y": 155
      }
    },
    {
      "Type": 1,
      "Index": 7,
      "From": null,
      "To": {
        "Map": 255,
        "X": 66,
        "Y": 79
      }
    },
    {
      "Type": 1,
      "Index": 8,
      "From": null,
      "To": {
        "Map": 255,
        "X": 91,
        "Y": 190
      }
    }
  ],
  "DomainFixups": [],
  "DomainUpdates": [
    {
      "From": 40,
      "To": 0
    },
    {
      "From": 40,
      "To": 1
    },
    {
      "From": 0,
      "To": 2
    },
    {
      "From": 28,
      "To": 3
    },
    {
      "From": 28,
      "To": 4
    },
    {
      "From": 10,
      "To": 5
    },
    {
      "From": 0,
      "To": 6
    },
    {
      "From": 0,
      "To": 7
    },
    {
      "From": 40,
      "To": 8
    },
    {
      "From": 40,
      "To": 9
    },
    {
      "From": 9,
      "To": 10
    },
    {
      "From": 43,
      "To": 11
    },
    {
      "From": 28,
      "To": 12
    },
    {
      "From": 0,
      "To": 13
    },
    {
      "From": 0,
      "To": 14
    },
    {
      "From": 0,
      "To": 15
    },
    {
      "From": 6,
      "To": 16
    },
    {
      "From": 9,
      "To": 17
    },
    {
      "From": 9,
      "To": 18
    },
    {
      "From": 42,
      "To": 19
    },
    {
      "From": 28,
      "To": 20
    },
    {
      "From": 0,
      "To": 21
    },
    {
      "From": 0,
      "To": 22
    },
    {
      "From": 0,
      "To": 23
    },
    {
      "From": 0,
      "To": 24
    },
    {
      "From": 59,
      "To": 25
    },
    {
      "From": 35,
      "To": 26
    },
    {
      "From": 1,
      "To": 27
    },
    {
      "From": 36,
      "To": 28
    },
    {
      "From": 0,
      "To": 29
    },
    {
      "From": 10,
      "To": 30
    },
    {
      "From": 10,
      "To": 31
    },
    {
      "From": 0,
      "To": 32
    },
    {
      "From": 59,
      "To": 33
    },
    {
      "From": 1,
      "To": 34
    },
    {
      "From": 1,
      "To": 35
    },
    {
      "From": 52,
      "To": 36
    },
    {
      "From": 0,
      "To": 37
    },
    {
      "From": 10,
      "To": 38
    },
    {
      "From": 0,
      "To": 39
    },
    {
      "From": 54,
      "To": 40
    },
    {
      "From": 54,
      "To": 41
    },
    {
      "From": 12,
      "To": 42
    },
    {
      "From": 52,
      "To": 43
    },
    {
      "From": 52,
      "To": 44
    },
    {
      "From": 0,
      "To": 45
    },
    {
      "From": 10,
      "To": 46
    },
    {
      "From": 10,
      "To": 47
    },
    {
      "From": 54,
      "To": 48
    },
    {
      "From": 54,
      "To": 49
    },
    {
      "From": 14,
      "To": 50
    },
    {
      "From": 11,
      "To": 51
    },
    {
      "From": 11,
      "To": 52
    },
    {
      "From": 0,
      "To": 53
    },
    {
      "From": 10,
      "To": 54
    },
    {
      "From": 10,
      "To": 55
    },
    {
      "From": 42,
      "To": 56
    },
    {
      "From": 42,
      "To": 57
    },
    {
      "From": 0,
      "To": 58
    },
    {
      "From": 0,
      "To": 59
    },
    {
      "From": 0,
      "To": 60
    },
    {
      "From": 0,
      "To": 61
    },
    {
      "From": 0,
      "To": 62
    },
    {
      "From": 0,
      "To": 63
    }
  ],
  "OverworldCoordinates": {
    "Coneria": {
      "X": 127,
      "Y": 103
    },
    "ConeriaCastle1": {
      "X": 128,
      "Y": 102
    },
    "TempleOfFiends1": {
      "X": 138,
      "Y": 30
    },
    "Pravoka": {
      "X": 144,
      "Y": 77
    },
    "Gaia": {
      "X": 25,
      "Y": 80
    },
    "CastleOrdeals1": {
      "X": 78,
      "Y": 175
    },
    "TitansTunnelWest": {
      "X": 38,
      "Y": 23
    },
    "SardasCave": {
      "X": 37,
      "Y": 49
    },
    "EarthCave1": {
      "X": 38,
      "Y": 218
    },
    "MirageTower1": {
      "X": 91,
      "Y": 190
    },
    "Onrac": {
      "X": 66,
      "Y": 79
    },
    "TitansTunnelEast": {
      "X": 88,
      "Y": 185
    },
    "MatoyasCave": {
      "X": 123,
      "Y": 78
    },
    "DwarfCave": {
      "X": 75,
      "Y": 109
    },
    "Elfland": {
      "X": 115,
      "Y": 164
    },
    "ElflandCastle": {
      "X": 116,
      "Y": 163
    },
    "MarshCave1": {
      "X": 59,
      "Y": 115
    },
    "NorthwestCastle": {
      "X": 121,
      "Y": 61
    },
    "Melmond": {
      "X": 101,
      "Y": 87
    },
    "CrescentLake": {
      "X": 105,
      "Y": 71
    },
    "Lefein": {
      "X": 59,
      "Y": 173
    },
    "BahamutCave1": {
      "X": 60,
      "Y": 241
    },
    "Cardia1": {
      "X": 223,
      "Y": 190
    },
    "Cardia2": {
      "X": 185,
      "Y": 15
    },
    "Cardia4": {
      "X": 225,
      "Y": 106
    },
    "Cardia5": {
      "X": 218,
      "Y": 140
    },
    "Cardia6": {
      "X": 119,
      "Y": 205
    },
    "Waterfall": {
      "X": 85,
      "Y": 131
    },
    "IceCave1": {
      "X": 41,
      "Y": 183
    },
    "GurguVolcano1": {
      "X": 94,
      "Y": 155
    }
  }
}