﻿{
  "StartingLocation": {
    "X": 185,
    "Y": 210
  },
  "AirShipLocation": {
    "X": 116,
    "Y": 100
  },
  "BridgeLocation": {
    "X": 194,
    "Y": 215
  },
  "CanalLocation": {
    "X": 81,
    "Y": 18
  },
  "ShipLocations": [
    {
      "TeleporterIndex": 255,
      "X": 193,
      "Y": 222
    }
  ],
  "TeleporterFixups": [
    {
      "Type": 1,
      "Index": 0,
      "From": null,
      "To": {
        "Map": 255,
        "X": 166,
        "Y": 187
      }
    },
    {
      "Type": 1,
      "Index": 1,
      "From": null,
      "To": {
        "Map": 255,
        "X": 233,
        "Y": 68
      }
    },
    {
      "Type": 1,
      "Index": 2,
      "From": null,
      "To": {
        "Map": 255,
        "X": 94,
        "Y": 67
      }
    },
    {
      "Type": 1,
      "Index": 3,
      "From": null,
      "To": {
        "Map": 255,
        "X": 132,
        "Y": 55
      }
    },
    {
      "Type": 1,
      "Index": 4,
      "From": null,
      "To": {
        "Map": 255,
        "X": 185,
        "Y": 208
      }
    },
    {
      "Type": 1,
      "Index": 5,
      "From": null,
      "To": {
        "Map": 255,
        "X": 87,
        "Y": 23
      }
    },
    {
      "Type": 1,
      "Index": 6,
      "From": null,
      "To": {
        "Map": 255,
        "X": 99,
        "Y": 46
      }
    },
    {
      "Type": 1,
      "Index": 7,
      "From": null,
      "To": {
        "Map": 255,
        "X": 193,
        "Y": 14
      }
    },
    {
      "Type": 1,
      "Index": 8,
      "From": null,
      "To": {
        "Map": 255,
        "X": 35,
        "Y": 164
      }
    }
  ],
  "DomainFixups": [],
  "DomainUpdates": [
    {
      "From": 54,
      "To": 0
    },
    {
      "From": 54,
      "To": 1
    },
    {
      "From": 42,
      "To": 2
    },
    {
      "From": 59,
      "To": 3
    },
    {
      "From": 59,
      "To": 4
    },
    {
      "From": 11,
      "To": 5
    },
    {
      "From": 9,
      "To": 6
    },
    {
      "From": 0,
      "To": 7
    },
    {
      "From": 54,
      "To": 8
    },
    {
      "From": 54,
      "To": 9
    },
    {
      "From": 54,
      "To": 10
    },
    {
      "From": 1,
      "To": 11
    },
    {
      "From": 59,
      "To": 12
    },
    {
      "From": 10,
      "To": 13
    },
    {
      "From": 40,
      "To": 14
    },
    {
      "From": 40,
      "To": 15
    },
    {
      "From": 6,
      "To": 16
    },
    {
      "From": 0,
      "To": 17
    },
    {
      "From": 54,
      "To": 18
    },
    {
      "From": 54,
      "To": 19
    },
    {
      "From": 43,
      "To": 20
    },
    {
      "From": 43,
      "To": 21
    },
    {
      "From": 40,
      "To": 22
    },
    {
      "From": 40,
      "To": 23
    },
    {
      "From": 6,
      "To": 24
    },
    {
      "From": 0,
      "To": 25
    },
    {
      "From": 43,
      "To": 26
    },
    {
      "From": 43,
      "To": 27
    },
    {
      "From": 28,
      "To": 28
    },
    {
      "From": 28,
      "To": 29
    },
    {
      "From": 0,
      "To": 30
    },
    {
      "From": 0,
      "To": 31
    },
    {
      "From": 14,
      "To": 32
    },
    {
      "From": 14,
      "To": 33
    },
    {
      "From": 0,
      "To": 34
    },
    {
      "From": 43,
      "To": 35
    },
    {
      "From": 28,
      "To": 36
    },
    {
      "From": 28,
      "To": 37
    },
    {
      "From": 52,
      "To": 38
    },
    {
      "From": 10,
      "To": 39
    },
    {
      "From": 29,
      "To": 40
    },
    {
      "From": 11,
      "To": 41
    },
    {
      "From": 0,
      "To": 42
    },
    {
      "From": 0,
      "To": 43
    },
    {
      "From": 40,
      "To": 44
    },
    {
      "From": 40,
      "To": 45
    },
    {
      "From": 52,
      "To": 46
    },
    {
      "From": 0,
      "To": 47
    },
    {
      "From": 29,
      "To": 48
    },
    {
      "From": 29,
      "To": 49
    },
    {
      "From": 0,
      "To": 50
    },
    {
      "From": 0,
      "To": 51
    },
    {
      "From": 42,
      "To": 52
    },
    {
      "From": 36,
      "To": 53
    },
    {
      "From": 35,
      "To": 54
    },
    {
      "From": 0,
      "To": 55
    },
    {
      "From": 0,
      "To": 56
    },
    {
      "From": 0,
      "To": 57
    },
    {
      "From": 0,
      "To": 58
    },
    {
      "From": 0,
      "To": 59
    },
    {
      "From": 0,
      "To": 60
    },
    {
      "From": 11,
      "To": 61
    },
    {
      "From": 36,
      "To": 62
    },
    {
      "From": 0,
      "To": 63
    }
  ],
  "OverworldCoordinates": {
    "Coneria": {
      "X": 184,
      "Y": 209
    },
    "ConeriaCastle1": {
      "X": 185,
      "Y": 208
    },
    "TempleOfFiends1": {
      "X": 158,
      "Y": 138
    },
    "Pravoka": {
      "X": 194,
      "Y": 218
    },
    "Gaia": {
      "X": 14,
      "Y": 94
    },
    "CastleOrdeals1": {
      "X": 132,
      "Y": 55
    },
    "TitansTunnelWest": {
      "X": 233,
      "Y": 68
    },
    "SardasCave": {
      "X": 228,
      "Y": 68
    },
    "EarthCave1": {
      "X": 87,
      "Y": 23
    },
    "MirageTower1": {
      "X": 35,
      "Y": 164
    },
    "Onrac": {
      "X": 193,
      "Y": 14
    },
    "TitansTunnelEast": {
      "X": 166,
      "Y": 187
    },
    "MatoyasCave": {
      "X": 22,
      "Y": 171
    },
    "DwarfCave": {
      "X": 201,
      "Y": 211
    },
    "Elfland": {
      "X": 201,
      "Y": 154
    },
    "ElflandCastle": {
      "X": 202,
      "Y": 153
    },
    "MarshCave1": {
      "X": 129,
      "Y": 21
    },
    "NorthwestCastle": {
      "X": 130,
      "Y": 101
    },
    "Melmond": {
      "X": 160,
      "Y": 209
    },
    "CrescentLake": {
      "X": 44,
      "Y": 40
    },
    "Lefein": {
      "X": 103,
      "Y": 16
    },
    "BahamutCave1": {
      "X": 172,
      "Y": 24
    },
    "Cardia1": {
      "X": 233,
      "Y": 148
    },
    "Cardia2": {
      "X": 192,
      "Y": 52
    },
    "Cardia4": {
      "X": 210,
      "Y": 226
    },
    "Cardia5": {
      "X": 178,
      "Y": 241
    },
    "Cardia6": {
      "X": 44,
      "Y": 181
    },
    "Waterfall": {
      "X": 123,
      "Y": 52
    },
    "IceCave1": {
      "X": 94,
      "Y": 67
    },
    "GurguVolcano1": {
      "X": 99,
      "Y": 46
    }
  }
}