﻿{
  "StartingLocation": {
    "X": 158,
    "Y": 132
  },
  "AirShipLocation": {
    "X": 105,
    "Y": 203
  },
  "BridgeLocation": {
    "X": 161,
    "Y": 146
  },
  "CanalLocation": {
    "X": 155,
    "Y": 33
  },
  "ShipLocations": [
    {
      "TeleporterIndex": 1,
      "X": 160,
      "Y": 153
    },
    {
      "TeleporterIndex": 9,
      "X": 160,
      "Y": 153
    },
    {
      "TeleporterIndex": 255,
      "X": 160,
      "Y": 153
    },
    {
      "TeleporterIndex": 13,
      "X": 97,
      "Y": 105
    },
    {
      "TeleporterIndex": 2,
      "X": 160,
      "Y": 153
    },
    {
      "TeleporterIndex": 7,
      "X": 66,
      "Y": 155
    },
    {
      "TeleporterIndex": 3,
      "X": 21,
      "Y": 43
    },
    {
      "TeleporterIndex": 10,
      "X": 21,
      "Y": 43
    },
    {
      "TeleporterIndex": 23,
      "X": 114,
      "Y": 223
    },
    {
      "TeleporterIndex": 11,
      "X": 24,
      "Y": 152
    },
    {
      "TeleporterIndex": 4,
      "X": 97,
      "Y": 105
    },
    {
      "TeleporterIndex": 5,
      "X": 26,
      "Y": 129
    },
    {
      "TeleporterIndex": 8,
      "X": 97,
      "Y": 105
    },
    {
      "TeleporterIndex": 28,
      "X": 66,
      "Y": 155
    }
  ],
  "TeleporterFixups": [
    {
      "Type": 1,
      "Index": 0,
      "From": null,
      "To": {
        "Map": 255,
        "X": 73,
        "Y": 129
      }
    },
    {
      "Type": 1,
      "Index": 1,
      "From": null,
      "To": {
        "Map": 255,
        "X": 129,
        "Y": 79
      }
    },
    {
      "Type": 1,
      "Index": 2,
      "From": null,
      "To": {
        "Map": 255,
        "X": 147,
        "Y": 93
      }
    },
    {
      "Type": 1,
      "Index": 3,
      "From": null,
      "To": {
        "Map": 255,
        "X": 133,
        "Y": 181
      }
    },
    {
      "Type": 1,
      "Index": 4,
      "From": null,
      "To": {
        "Map": 255,
        "X": 158,
        "Y": 130
      }
    },
    {
      "Type": 1,
      "Index": 5,
      "From": null,
      "To": {
        "Map": 255,
        "X": 157,
        "Y": 24
      }
    },
    {
      "Type": 1,
      "Index": 6,
      "From": null,
      "To": {
        "Map": 255,
        "X": 187,
        "Y": 144
      }
    },
    {
      "Type": 1,
      "Index": 7,
      "From": null,
      "To": {
        "Map": 255,
        "X": 69,
        "Y": 137
      }
    },
    {
      "Type": 1,
      "Index": 8,
      "From": null,
      "To": {
        "Map": 255,
        "X": 194,
        "Y": 125
      }
    }
  ],
  "DomainFixups": [],
  "DomainUpdates": [
    {
      "From": 52,
      "To": 0
    },
    {
      "From": 52,
      "To": 1
    },
    {
      "From": 10,
      "To": 2
    },
    {
      "From": 10,
      "To": 3
    },
    {
      "From": 42,
      "To": 4
    },
    {
      "From": 42,
      "To": 5
    },
    {
      "From": 0,
      "To": 6
    },
    {
      "From": 0,
      "To": 7
    },
    {
      "From": 52,
      "To": 8
    },
    {
      "From": 52,
      "To": 9
    },
    {
      "From": 10,
      "To": 10
    },
    {
      "From": 10,
      "To": 11
    },
    {
      "From": 40,
      "To": 12
    },
    {
      "From": 40,
      "To": 13
    },
    {
      "From": 0,
      "To": 14
    },
    {
      "From": 0,
      "To": 15
    },
    {
      "From": 54,
      "To": 16
    },
    {
      "From": 54,
      "To": 17
    },
    {
      "From": 10,
      "To": 18
    },
    {
      "From": 10,
      "To": 19
    },
    {
      "From": 40,
      "To": 20
    },
    {
      "From": 10,
      "To": 21
    },
    {
      "From": 10,
      "To": 22
    },
    {
      "From": 0,
      "To": 23
    },
    {
      "From": 43,
      "To": 24
    },
    {
      "From": 54,
      "To": 25
    },
    {
      "From": 40,
      "To": 26
    },
    {
      "From": 42,
      "To": 27
    },
    {
      "From": 29,
      "To": 28
    },
    {
      "From": 29,
      "To": 29
    },
    {
      "From": 35,
      "To": 30
    },
    {
      "From": 35,
      "To": 31
    },
    {
      "From": 43,
      "To": 32
    },
    {
      "From": 43,
      "To": 33
    },
    {
      "From": 9,
      "To": 34
    },
    {
      "From": 28,
      "To": 35
    },
    {
      "From": 36,
      "To": 36
    },
    {
      "From": 54,
      "To": 37
    },
    {
      "From": 11,
      "To": 38
    },
    {
      "From": 0,
      "To": 39
    },
    {
      "From": 11,
      "To": 40
    },
    {
      "From": 11,
      "To": 41
    },
    {
      "From": 0,
      "To": 42
    },
    {
      "From": 59,
      "To": 43
    },
    {
      "From": 36,
      "To": 44
    },
    {
      "From": 36,
      "To": 45
    },
    {
      "From": 0,
      "To": 46
    },
    {
      "From": 0,
      "To": 47
    },
    {
      "From": 0,
      "To": 48
    },
    {
      "From": 0,
      "To": 49
    },
    {
      "From": 59,
      "To": 50
    },
    {
      "From": 59,
      "To": 51
    },
    {
      "From": 12,
      "To": 52
    },
    {
      "From": 0,
      "To": 53
    },
    {
      "From": 0,
      "To": 54
    },
    {
      "From": 0,
      "To": 55
    },
    {
      "From": 0,
      "To": 56
    },
    {
      "From": 0,
      "To": 57
    },
    {
      "From": 59,
      "To": 58
    },
    {
      "From": 59,
      "To": 59
    },
    {
      "From": 0,
      "To": 60
    },
    {
      "From": 0,
      "To": 61
    },
    {
      "From": 11,
      "To": 62
    },
    {
      "From": 11,
      "To": 63
    }
  ],
  "OverworldCoordinates": {
    "Coneria": {
      "X": 157,
      "Y": 131
    },
    "ConeriaCastle1": {
      "X": 158,
      "Y": 130
    },
    "TempleOfFiends1": {
      "X": 99,
      "Y": 137
    },
    "Pravoka": {
      "X": 161,
      "Y": 149
    },
    "Gaia": {
      "X": 19,
      "Y": 60
    },
    "CastleOrdeals1": {
      "X": 133,
      "Y": 181
    },
    "TitansTunnelWest": {
      "X": 129,
      "Y": 79
    },
    "SardasCave": {
      "X": 180,
      "Y": 39
    },
    "EarthCave1": {
      "X": 157,
      "Y": 24
    },
    "MirageTower1": {
      "X": 194,
      "Y": 125
    },
    "Onrac": {
      "X": 69,
      "Y": 137
    },
    "TitansTunnelEast": {
      "X": 73,
      "Y": 129
    },
    "MatoyasCave": {
      "X": 151,
      "Y": 113
    },
    "DwarfCave": {
      "X": 206,
      "Y": 113
    },
    "Elfland": {
      "X": 45,
      "Y": 39
    },
    "ElflandCastle": {
      "X": 46,
      "Y": 38
    },
    "MarshCave1": {
      "X": 106,
      "Y": 180
    },
    "NorthwestCastle": {
      "X": 45,
      "Y": 149
    },
    "Melmond": {
      "X": 118,
      "Y": 105
    },
    "CrescentLake": {
      "X": 26,
      "Y": 82
    },
    "Lefein": {
      "X": 113,
      "Y": 122
    },
    "BahamutCave1": {
      "X": 223,
      "Y": 228
    },
    "Cardia1": {
      "X": 187,
      "Y": 23
    },
    "Cardia2": {
      "X": 112,
      "Y": 77
    },
    "Cardia4": {
      "X": 176,
      "Y": 71
    },
    "Cardia5": {
      "X": 48,
      "Y": 164
    },
    "Cardia6": {
      "X": 207,
      "Y": 140
    },
    "Waterfall": {
      "X": 180,
      "Y": 114
    },
    "IceCave1": {
      "X": 147,
      "Y": 93
    },
    "GurguVolcano1": {
      "X": 187,
      "Y": 144
    }
  }
}