﻿{
  "StartingLocation": {
    "X": 67,
    "Y": 152
  },
  "AirShipLocation": {
    "X": 21,
    "Y": 164
  },
  "BridgeLocation": {
    "X": 76,
    "Y": 157
  },
  "CanalLocation": {
    "X": 194,
    "Y": 104
  },
  "ShipLocations": [
    {
      "TeleporterIndex": 255,
      "X": 75,
      "Y": 164
    }
  ],
  "TeleporterFixups": [
    {
      "Type": 1,
      "Index": 0,
      "From": null,
      "To": {
        "Map": 255,
        "X": 160,
        "Y": 82
      }
    },
    {
      "Type": 1,
      "Index": 1,
      "From": null,
      "To": {
        "Map": 255,
        "X": 186,
        "Y": 164
      }
    },
    {
      "Type": 1,
      "Index": 2,
      "From": null,
      "To": {
        "Map": 255,
        "X": 191,
        "Y": 59
      }
    },
    {
      "Type": 1,
      "Index": 3,
      "From": null,
      "To": {
        "Map": 255,
        "X": 223,
        "Y": 79
      }
    },
    {
      "Type": 1,
      "Index": 4,
      "From": null,
      "To": {
        "Map": 255,
        "X": 67,
        "Y": 150
      }
    },
    {
      "Type": 1,
      "Index": 5,
      "From": null,
      "To": {
        "Map": 255,
        "X": 196,
        "Y": 81
      }
    },
    {
      "Type": 1,
      "Index": 6,
      "From": null,
      "To": {
        "Map": 255,
        "X": 42,
        "Y": 156
      }
    },
    {
      "Type": 1,
      "Index": 7,
      "From": null,
      "To": {
        "Map": 255,
        "X": 213,
        "Y": 173
      }
    },
    {
      "Type": 1,
      "Index": 8,
      "From": null,
      "To": {
        "Map": 255,
        "X": 86,
        "Y": 22
      }
    }
  ],
  "DomainFixups": [],
  "DomainUpdates": [
    {
      "From": 11,
      "To": 0
    },
    {
      "From": 11,
      "To": 1
    },
    {
      "From": 14,
      "To": 2
    },
    {
      "From": 10,
      "To": 3
    },
    {
      "From": 10,
      "To": 4
    },
    {
      "From": 43,
      "To": 5
    },
    {
      "From": 1,
      "To": 6
    },
    {
      "From": 0,
      "To": 7
    },
    {
      "From": 11,
      "To": 8
    },
    {
      "From": 11,
      "To": 9
    },
    {
      "From": 35,
      "To": 10
    },
    {
      "From": 11,
      "To": 11
    },
    {
      "From": 0,
      "To": 12
    },
    {
      "From": 43,
      "To": 13
    },
    {
      "From": 42,
      "To": 14
    },
    {
      "From": 42,
      "To": 15
    },
    {
      "From": 11,
      "To": 16
    },
    {
      "From": 52,
      "To": 17
    },
    {
      "From": 35,
      "To": 18
    },
    {
      "From": 11,
      "To": 19
    },
    {
      "From": 40,
      "To": 20
    },
    {
      "From": 40,
      "To": 21
    },
    {
      "From": 42,
      "To": 22
    },
    {
      "From": 12,
      "To": 23
    },
    {
      "From": 52,
      "To": 24
    },
    {
      "From": 52,
      "To": 25
    },
    {
      "From": 0,
      "To": 26
    },
    {
      "From": 0,
      "To": 27
    },
    {
      "From": 40,
      "To": 28
    },
    {
      "From": 40,
      "To": 29
    },
    {
      "From": 42,
      "To": 30
    },
    {
      "From": 12,
      "To": 31
    },
    {
      "From": 54,
      "To": 32
    },
    {
      "From": 29,
      "To": 33
    },
    {
      "From": 36,
      "To": 34
    },
    {
      "From": 0,
      "To": 35
    },
    {
      "From": 0,
      "To": 36
    },
    {
      "From": 40,
      "To": 37
    },
    {
      "From": 40,
      "To": 38
    },
    {
      "From": 0,
      "To": 39
    },
    {
      "From": 28,
      "To": 40
    },
    {
      "From": 28,
      "To": 41
    },
    {
      "From": 59,
      "To": 42
    },
    {
      "From": 59,
      "To": 43
    },
    {
      "From": 0,
      "To": 44
    },
    {
      "From": 40,
      "To": 45
    },
    {
      "From": 40,
      "To": 46
    },
    {
      "From": 0,
      "To": 47
    },
    {
      "From": 28,
      "To": 48
    },
    {
      "From": 28,
      "To": 49
    },
    {
      "From": 59,
      "To": 50
    },
    {
      "From": 0,
      "To": 51
    },
    {
      "From": 0,
      "To": 52
    },
    {
      "From": 6,
      "To": 53
    },
    {
      "From": 0,
      "To": 54
    },
    {
      "From": 0,
      "To": 55
    },
    {
      "From": 28,
      "To": 56
    },
    {
      "From": 28,
      "To": 57
    },
    {
      "From": 59,
      "To": 58
    },
    {
      "From": 0,
      "To": 59
    },
    {
      "From": 0,
      "To": 60
    },
    {
      "From": 6,
      "To": 61
    },
    {
      "From": 11,
      "To": 62
    },
    {
      "From": 11,
      "To": 63
    }
  ],
  "OverworldCoordinates": {
    "Coneria": {
      "X": 66,
      "Y": 151
    },
    "ConeriaCastle1": {
      "X": 67,
      "Y": 150
    },
    "TempleOfFiends1": {
      "X": 36,
      "Y": 186
    },
    "Pravoka": {
      "X": 76,
      "Y": 160
    },
    "Gaia": {
      "X": 184,
      "Y": 213
    },
    "CastleOrdeals1": {
      "X": 223,
      "Y": 79
    },
    "TitansTunnelWest": {
      "X": 186,
      "Y": 164
    },
    "SardasCave": {
      "X": 174,
      "Y": 158
    },
    "EarthCave1": {
      "X": 196,
      "Y": 81
    },
    "MirageTower1": {
      "X": 86,
      "Y": 22
    },
    "Onrac": {
      "X": 213,
      "Y": 173
    },
    "TitansTunnelEast": {
      "X": 160,
      "Y": 82
    },
    "MatoyasCave": {
      "X": 62,
      "Y": 156
    },
    "DwarfCave": {
      "X": 78,
      "Y": 40
    },
    "Elfland": {
      "X": 34,
      "Y": 103
    },
    "ElflandCastle": {
      "X": 35,
      "Y": 102
    },
    "MarshCave1": {
      "X": 72,
      "Y": 174
    },
    "NorthwestCastle": {
      "X": 177,
      "Y": 31
    },
    "Melmond": {
      "X": 217,
      "Y": 54
    },
    "CrescentLake": {
      "X": 27,
      "Y": 149
    },
    "Lefein": {
      "X": 195,
      "Y": 181
    },
    "BahamutCave1": {
      "X": 105,
      "Y": 64
    },
    "Cardia1": {
      "X": 241,
      "Y": 231
    },
    "Cardia2": {
      "X": 125,
      "Y": 23
    },
    "Cardia4": {
      "X": 169,
      "Y": 188
    },
    "Cardia5": {
      "X": 222,
      "Y": 239
    },
    "Cardia6": {
      "X": 68,
      "Y": 18
    },
    "Waterfall": {
      "X": 194,
      "Y": 39
    },
    "IceCave1": {
      "X": 191,
      "Y": 59
    },
    "GurguVolcano1": {
      "X": 42,
      "Y": 156
    }
  }
}