﻿{
  "StartingLocation": {
    "X": 155,
    "Y": 67
  },
  "AirShipLocation": {
    "X": 159,
    "Y": 121
  },
  "BridgeLocation": {
    "X": 206,
    "Y": 40
  },
  "CanalLocation": {
    "X": 222,
    "Y": 96
  },
  "ShipLocations": [
    {
      "TeleporterIndex": 255,
      "X": 205,
      "Y": 47
    }
  ],
  "TeleporterFixups": [
    {
      "Type": 1,
      "Index": 0,
      "From": null,
      "To": {
        "Map": 255,
        "X": 192,
        "Y": 221
      }
    },
    {
      "Type": 1,
      "Index": 1,
      "From": null,
      "To": {
        "Map": 255,
        "X": 59,
        "Y": 223
      }
    },
    {
      "Type": 1,
      "Index": 2,
      "From": null,
      "To": {
        "Map": 255,
        "X": 176,
        "Y": 101
      }
    },
    {
      "Type": 1,
      "Index": 3,
      "From": null,
      "To": {
        "Map": 255,
        "X": 168,
        "Y": 178
      }
    },
    {
      "Type": 1,
      "Index": 4,
      "From": null,
      "To": {
        "Map": 255,
        "X": 155,
        "Y": 65
      }
    },
    {
      "Type": 1,
      "Index": 5,
      "From": null,
      "To": {
        "Map": 255,
        "X": 211,
        "Y": 127
      }
    },
    {
      "Type": 1,
      "Index": 6,
      "From": null,
      "To": {
        "Map": 255,
        "X": 193,
        "Y": 185
      }
    },
    {
      "Type": 1,
      "Index": 7,
      "From": null,
      "To": {
        "Map": 255,
        "X": 237,
        "Y": 127
      }
    },
    {
      "Type": 1,
      "Index": 8,
      "From": null,
      "To": {
        "Map": 255,
        "X": 134,
        "Y": 231
      }
    }
  ],
  "DomainFixups": [],
  "DomainUpdates": [
    {
      "From": 0,
      "To": 0
    },
    {
      "From": 0,
      "To": 1
    },
    {
      "From": 0,
      "To": 2
    },
    {
      "From": 0,
      "To": 3
    },
    {
      "From": 11,
      "To": 4
    },
    {
      "From": 11,
      "To": 5
    },
    {
      "From": 11,
      "To": 6
    },
    {
      "From": 11,
      "To": 7
    },
    {
      "From": 0,
      "To": 8
    },
    {
      "From": 0,
      "To": 9
    },
    {
      "From": 43,
      "To": 10
    },
    {
      "From": 0,
      "To": 11
    },
    {
      "From": 36,
      "To": 12
    },
    {
      "From": 28,
      "To": 13
    },
    {
      "From": 11,
      "To": 14
    },
    {
      "From": 11,
      "To": 15
    },
    {
      "From": 10,
      "To": 16
    },
    {
      "From": 42,
      "To": 17
    },
    {
      "From": 43,
      "To": 18
    },
    {
      "From": 52,
      "To": 19
    },
    {
      "From": 54,
      "To": 20
    },
    {
      "From": 28,
      "To": 21
    },
    {
      "From": 28,
      "To": 22
    },
    {
      "From": 9,
      "To": 23
    },
    {
      "From": 0,
      "To": 24
    },
    {
      "From": 35,
      "To": 25
    },
    {
      "From": 52,
      "To": 26
    },
    {
      "From": 52,
      "To": 27
    },
    {
      "From": 54,
      "To": 28
    },
    {
      "From": 54,
      "To": 29
    },
    {
      "From": 54,
      "To": 30
    },
    {
      "From": 9,
      "To": 31
    },
    {
      "From": 0,
      "To": 32
    },
    {
      "From": 0,
      "To": 33
    },
    {
      "From": 10,
      "To": 34
    },
    {
      "From": 10,
      "To": 35
    },
    {
      "From": 12,
      "To": 36
    },
    {
      "From": 1,
      "To": 37
    },
    {
      "From": 42,
      "To": 38
    },
    {
      "From": 9,
      "To": 39
    },
    {
      "From": 0,
      "To": 40
    },
    {
      "From": 0,
      "To": 41
    },
    {
      "From": 10,
      "To": 42
    },
    {
      "From": 10,
      "To": 43
    },
    {
      "From": 12,
      "To": 44
    },
    {
      "From": 12,
      "To": 45
    },
    {
      "From": 54,
      "To": 46
    },
    {
      "From": 29,
      "To": 47
    },
    {
      "From": 40,
      "To": 48
    },
    {
      "From": 40,
      "To": 49
    },
    {
      "From": 40,
      "To": 50
    },
    {
      "From": 59,
      "To": 51
    },
    {
      "From": 59,
      "To": 52
    },
    {
      "From": 40,
      "To": 53
    },
    {
      "From": 40,
      "To": 54
    },
    {
      "From": 29,
      "To": 55
    },
    {
      "From": 0,
      "To": 56
    },
    {
      "From": 40,
      "To": 57
    },
    {
      "From": 40,
      "To": 58
    },
    {
      "From": 14,
      "To": 59
    },
    {
      "From": 59,
      "To": 60
    },
    {
      "From": 40,
      "To": 61
    },
    {
      "From": 40,
      "To": 62
    },
    {
      "From": 0,
      "To": 63
    }
  ],
  "OverworldCoordinates": {
    "Coneria": {
      "X": 154,
      "Y": 66
    },
    "ConeriaCastle1": {
      "X": 155,
      "Y": 65
    },
    "TempleOfFiends1": {
      "X": 177,
      "Y": 62
    },
    "Pravoka": {
      "X": 206,
      "Y": 43
    },
    "Gaia": {
      "X": 241,
      "Y": 174
    },
    "CastleOrdeals1": {
      "X": 168,
      "Y": 178
    },
    "TitansTunnelWest": {
      "X": 59,
      "Y": 223
    },
    "SardasCave": {
      "X": 61,
      "Y": 226
    },
    "EarthCave1": {
      "X": 211,
      "Y": 127
    },
    "MirageTower1": {
      "X": 134,
      "Y": 231
    },
    "Onrac": {
      "X": 237,
      "Y": 127
    },
    "TitansTunnelEast": {
      "X": 192,
      "Y": 221
    },
    "MatoyasCave": {
      "X": 212,
      "Y": 189
    },
    "DwarfCave": {
      "X": 58,
      "Y": 95
    },
    "Elfland": {
      "X": 74,
      "Y": 101
    },
    "ElflandCastle": {
      "X": 75,
      "Y": 100
    },
    "MarshCave1": {
      "X": 139,
      "Y": 193
    },
    "NorthwestCastle": {
      "X": 93,
      "Y": 67
    },
    "Melmond": {
      "X": 50,
      "Y": 79
    },
    "CrescentLake": {
      "X": 145,
      "Y": 79
    },
    "Lefein": {
      "X": 219,
      "Y": 73
    },
    "BahamutCave1": {
      "X": 192,
      "Y": 22
    },
    "Cardia1": {
      "X": 103,
      "Y": 152
    },
    "Cardia2": {
      "X": 12,
      "Y": 68
    },
    "Cardia4": {
      "X": 28,
      "Y": 72
    },
    "Cardia5": {
      "X": 162,
      "Y": 21
    },
    "Cardia6": {
      "X": 241,
      "Y": 37
    },
    "Waterfall": {
      "X": 191,
      "Y": 145
    },
    "IceCave1": {
      "X": 176,
      "Y": 101
    },
    "GurguVolcano1": {
      "X": 193,
      "Y": 185
    }
  }
}