﻿{
  "StartingLocation": {
    "X": 20,
    "Y": 91
  },
  "AirShipLocation": {
    "X": 120,
    "Y": 104
  },
  "BridgeLocation": {
    "X": 69,
    "Y": 51
  },
  "CanalLocation": {
    "X": 83,
    "Y": 233
  },
  "ShipLocations": [
    {
      "TeleporterIndex": 255,
      "X": 68,
      "Y": 58
    }
  ],
  "TeleporterFixups": [
    {
      "Type": 1,
      "Index": 0,
      "From": null,
      "To": {
        "Map": 255,
        "X": 102,
        "Y": 79
      }
    },
    {
      "Type": 1,
      "Index": 1,
      "From": null,
      "To": {
        "Map": 255,
        "X": 22,
        "Y": 229
      }
    },
    {
      "Type": 1,
      "Index": 2,
      "From": null,
      "To": {
        "Map": 255,
        "X": 148,
        "Y": 187
      }
    },
    {
      "Type": 1,
      "Index": 3,
      "From": null,
      "To": {
        "Map": 255,
        "X": 134,
        "Y": 225
      }
    },
    {
      "Type": 1,
      "Index": 4,
      "From": null,
      "To": {
        "Map": 255,
        "X": 20,
        "Y": 89
      }
    },
    {
      "Type": 1,
      "Index": 5,
      "From": null,
      "To": {
        "Map": 255,
        "X": 104,
        "Y": 227
      }
    },
    {
      "Type": 1,
      "Index": 6,
      "From": null,
      "To": {
        "Map": 255,
        "X": 128,
        "Y": 194
      }
    },
    {
      "Type": 1,
      "Index": 7,
      "From": null,
      "To": {
        "Map": 255,
        "X": 239,
        "Y": 66
      }
    },
    {
      "Type": 1,
      "Index": 8,
      "From": null,
      "To": {
        "Map": 255,
        "X": 98,
        "Y": 175
      }
    }
  ],
  "DomainFixups": [],
  "DomainUpdates": [
    {
      "From": 0,
      "To": 0
    },
    {
      "From": 0,
      "To": 1
    },
    {
      "From": 11,
      "To": 2
    },
    {
      "From": 11,
      "To": 3
    },
    {
      "From": 11,
      "To": 4
    },
    {
      "From": 35,
      "To": 5
    },
    {
      "From": 35,
      "To": 6
    },
    {
      "From": 11,
      "To": 7
    },
    {
      "From": 0,
      "To": 8
    },
    {
      "From": 28,
      "To": 9
    },
    {
      "From": 28,
      "To": 10
    },
    {
      "From": 28,
      "To": 11
    },
    {
      "From": 35,
      "To": 12
    },
    {
      "From": 35,
      "To": 13
    },
    {
      "From": 35,
      "To": 14
    },
    {
      "From": 11,
      "To": 15
    },
    {
      "From": 36,
      "To": 16
    },
    {
      "From": 52,
      "To": 17
    },
    {
      "From": 28,
      "To": 18
    },
    {
      "From": 28,
      "To": 19
    },
    {
      "From": 28,
      "To": 20
    },
    {
      "From": 35,
      "To": 21
    },
    {
      "From": 0,
      "To": 22
    },
    {
      "From": 9,
      "To": 23
    },
    {
      "From": 59,
      "To": 24
    },
    {
      "From": 52,
      "To": 25
    },
    {
      "From": 52,
      "To": 26
    },
    {
      "From": 40,
      "To": 27
    },
    {
      "From": 10,
      "To": 28
    },
    {
      "From": 54,
      "To": 29
    },
    {
      "From": 54,
      "To": 30
    },
    {
      "From": 54,
      "To": 31
    },
    {
      "From": 0,
      "To": 32
    },
    {
      "From": 59,
      "To": 33
    },
    {
      "From": 0,
      "To": 34
    },
    {
      "From": 10,
      "To": 35
    },
    {
      "From": 10,
      "To": 36
    },
    {
      "From": 43,
      "To": 37
    },
    {
      "From": 54,
      "To": 38
    },
    {
      "From": 54,
      "To": 39
    },
    {
      "From": 6,
      "To": 40
    },
    {
      "From": 40,
      "To": 41
    },
    {
      "From": 42,
      "To": 42
    },
    {
      "From": 14,
      "To": 43
    },
    {
      "From": 43,
      "To": 44
    },
    {
      "From": 43,
      "To": 45
    },
    {
      "From": 0,
      "To": 46
    },
    {
      "From": 54,
      "To": 47
    },
    {
      "From": 40,
      "To": 48
    },
    {
      "From": 40,
      "To": 49
    },
    {
      "From": 42,
      "To": 50
    },
    {
      "From": 42,
      "To": 51
    },
    {
      "From": 54,
      "To": 52
    },
    {
      "From": 29,
      "To": 53
    },
    {
      "From": 0,
      "To": 54
    },
    {
      "From": 0,
      "To": 55
    },
    {
      "From": 40,
      "To": 56
    },
    {
      "From": 40,
      "To": 57
    },
    {
      "From": 42,
      "To": 58
    },
    {
      "From": 42,
      "To": 59
    },
    {
      "From": 12,
      "To": 60
    },
    {
      "From": 29,
      "To": 61
    },
    {
      "From": 0,
      "To": 62
    },
    {
      "From": 0,
      "To": 63
    }
  ],
  "OverworldCoordinates": {
    "Coneria": {
      "X": 19,
      "Y": 90
    },
    "ConeriaCastle1": {
      "X": 20,
      "Y": 89
    },
    "TempleOfFiends1": {
      "X": 111,
      "Y": 66
    },
    "Pravoka": {
      "X": 69,
      "Y": 54
    },
    "Gaia": {
      "X": 12,
      "Y": 179
    },
    "CastleOrdeals1": {
      "X": 134,
      "Y": 225
    },
    "TitansTunnelWest": {
      "X": 22,
      "Y": 229
    },
    "SardasCave": {
      "X": 42,
      "Y": 210
    },
    "EarthCave1": {
      "X": 104,
      "Y": 227
    },
    "MirageTower1": {
      "X": 98,
      "Y": 175
    },
    "Onrac": {
      "X": 239,
      "Y": 66
    },
    "TitansTunnelEast": {
      "X": 102,
      "Y": 79
    },
    "MatoyasCave": {
      "X": 169,
      "Y": 219
    },
    "DwarfCave": {
      "X": 163,
      "Y": 68
    },
    "Elfland": {
      "X": 57,
      "Y": 105
    },
    "ElflandCastle": {
      "X": 58,
      "Y": 104
    },
    "MarshCave1": {
      "X": 32,
      "Y": 99
    },
    "NorthwestCastle": {
      "X": 168,
      "Y": 187
    },
    "Melmond": {
      "X": 113,
      "Y": 43
    },
    "CrescentLake": {
      "X": 228,
      "Y": 149
    },
    "Lefein": {
      "X": 138,
      "Y": 76
    },
    "BahamutCave1": {
      "X": 126,
      "Y": 23
    },
    "Cardia1": {
      "X": 142,
      "Y": 125
    },
    "Cardia2": {
      "X": 129,
      "Y": 138
    },
    "Cardia4": {
      "X": 25,
      "Y": 190
    },
    "Cardia5": {
      "X": 71,
      "Y": 20
    },
    "Cardia6": {
      "X": 235,
      "Y": 14
    },
    "Waterfall": {
      "X": 135,
      "Y": 216
    },
    "IceCave1": {
      "X": 148,
      "Y": 187
    },
    "GurguVolcano1": {
      "X": 128,
      "Y": 194
    }
  }
}