﻿{
  "StartingLocation": {
    "X": 149,
    "Y": 119
  },
  "AirShipLocation": {
    "X": 50,
    "Y": 175
  },
  "BridgeLocation": {
    "X": 143,
    "Y": 129
  },
  "CanalLocation": {
    "X": 32,
    "Y": 99
  },
  "ShipLocations": [
    {
      "TeleporterIndex": 255,
      "X": 142,
      "Y": 136
    }
  ],
  "TeleporterFixups": [
    {
      "Type": 1,
      "Index": 0,
      "From": null,
      "To": {
        "Map": 255,
        "X": 172,
        "Y": 129
      }
    },
    {
      "Type": 1,
      "Index": 1,
      "From": null,
      "To": {
        "Map": 255,
        "X": 56,
        "Y": 148
      }
    },
    {
      "Type": 1,
      "Index": 2,
      "From": null,
      "To": {
        "Map": 255,
        "X": 96,
        "Y": 152
      }
    },
    {
      "Type": 1,
      "Index": 3,
      "From": null,
      "To": {
        "Map": 255,
        "X": 116,
        "Y": 155
      }
    },
    {
      "Type": 1,
      "Index": 4,
      "From": null,
      "To": {
        "Map": 255,
        "X": 149,
        "Y": 117
      }
    },
    {
      "Type": 1,
      "Index": 5,
      "From": null,
      "To": {
        "Map": 255,
        "X": 51,
        "Y": 98
      }
    },
    {
      "Type": 1,
      "Index": 6,
      "From": null,
      "To": {
        "Map": 255,
        "X": 73,
        "Y": 133
      }
    },
    {
      "Type": 1,
      "Index": 7,
      "From": null,
      "To": {
        "Map": 255,
        "X": 27,
        "Y": 190
      }
    },
    {
      "Type": 1,
      "Index": 8,
      "From": null,
      "To": {
        "Map": 255,
        "X": 177,
        "Y": 101
      }
    }
  ],
  "DomainFixups": [],
  "DomainUpdates": [
    {
      "From": 31,
      "To": 0
    },
    {
      "From": 0,
      "To": 1
    },
    {
      "From": 0,
      "To": 2
    },
    {
      "From": 0,
      "To": 3
    },
    {
      "From": 6,
      "To": 4
    },
    {
      "From": 0,
      "To": 5
    },
    {
      "From": 0,
      "To": 6
    },
    {
      "From": 10,
      "To": 7
    },
    {
      "From": 0,
      "To": 8
    },
    {
      "From": 0,
      "To": 9
    },
    {
      "From": 0,
      "To": 10
    },
    {
      "From": 43,
      "To": 11
    },
    {
      "From": 54,
      "To": 12
    },
    {
      "From": 0,
      "To": 13
    },
    {
      "From": 10,
      "To": 14
    },
    {
      "From": 10,
      "To": 15
    },
    {
      "From": 0,
      "To": 16
    },
    {
      "From": 42,
      "To": 17
    },
    {
      "From": 0,
      "To": 18
    },
    {
      "From": 43,
      "To": 19
    },
    {
      "From": 54,
      "To": 20
    },
    {
      "From": 54,
      "To": 21
    },
    {
      "From": 11,
      "To": 22
    },
    {
      "From": 11,
      "To": 23
    },
    {
      "From": 42,
      "To": 24
    },
    {
      "From": 42,
      "To": 25
    },
    {
      "From": 42,
      "To": 26
    },
    {
      "From": 1,
      "To": 27
    },
    {
      "From": 35,
      "To": 28
    },
    {
      "From": 14,
      "To": 29
    },
    {
      "From": 14,
      "To": 30
    },
    {
      "From": 28,
      "To": 31
    },
    {
      "From": 0,
      "To": 32
    },
    {
      "From": 42,
      "To": 33
    },
    {
      "From": 54,
      "To": 34
    },
    {
      "From": 1,
      "To": 35
    },
    {
      "From": 59,
      "To": 36
    },
    {
      "From": 40,
      "To": 37
    },
    {
      "From": 28,
      "To": 38
    },
    {
      "From": 28,
      "To": 39
    },
    {
      "From": 9,
      "To": 40
    },
    {
      "From": 42,
      "To": 41
    },
    {
      "From": 42,
      "To": 42
    },
    {
      "From": 54,
      "To": 43
    },
    {
      "From": 59,
      "To": 44
    },
    {
      "From": 59,
      "To": 45
    },
    {
      "From": 0,
      "To": 46
    },
    {
      "From": 0,
      "To": 47
    },
    {
      "From": 52,
      "To": 48
    },
    {
      "From": 52,
      "To": 49
    },
    {
      "From": 0,
      "To": 50
    },
    {
      "From": 0,
      "To": 51
    },
    {
      "From": 0,
      "To": 52
    },
    {
      "From": 0,
      "To": 53
    },
    {
      "From": 0,
      "To": 54
    },
    {
      "From": 0,
      "To": 55
    },
    {
      "From": 52,
      "To": 56
    },
    {
      "From": 52,
      "To": 57
    },
    {
      "From": 11,
      "To": 58
    },
    {
      "From": 0,
      "To": 59
    },
    {
      "From": 0,
      "To": 60
    },
    {
      "From": 11,
      "To": 61
    },
    {
      "From": 11,
      "To": 62
    },
    {
      "From": 10,
      "To": 63
    }
  ],
  "OverworldCoordinates": {
    "Coneria": {
      "X": 148,
      "Y": 118
    },
    "ConeriaCastle1": {
      "X": 149,
      "Y": 117
    },
    "TempleOfFiends1": {
      "X": 208,
      "Y": 138
    },
    "Pravoka": {
      "X": 143,
      "Y": 132
    },
    "Gaia": {
      "X": 155,
      "Y": 21
    },
    "CastleOrdeals1": {
      "X": 116,
      "Y": 155
    },
    "TitansTunnelWest": {
      "X": 56,
      "Y": 148
    },
    "SardasCave": {
      "X": 58,
      "Y": 148
    },
    "EarthCave1": {
      "X": 51,
      "Y": 98
    },
    "MirageTower1": {
      "X": 177,
      "Y": 101
    },
    "Onrac": {
      "X": 27,
      "Y": 190
    },
    "TitansTunnelEast": {
      "X": 172,
      "Y": 129
    },
    "MatoyasCave": {
      "X": 159,
      "Y": 98
    },
    "DwarfCave": {
      "X": 142,
      "Y": 122
    },
    "Elfland": {
      "X": 14,
      "Y": 213
    },
    "ElflandCastle": {
      "X": 15,
      "Y": 212
    },
    "MarshCave1": {
      "X": 137,
      "Y": 145
    },
    "NorthwestCastle": {
      "X": 130,
      "Y": 91
    },
    "Melmond": {
      "X": 62,
      "Y": 165
    },
    "CrescentLake": {
      "X": 149,
      "Y": 71
    },
    "Lefein": {
      "X": 24,
      "Y": 26
    },
    "BahamutCave1": {
      "X": 241,
      "Y": 81
    },
    "Cardia1": {
      "X": 229,
      "Y": 31
    },
    "Cardia2": {
      "X": 236,
      "Y": 236
    },
    "Cardia4": {
      "X": 121,
      "Y": 41
    },
    "Cardia5": {
      "X": 199,
      "Y": 244
    },
    "Cardia6": {
      "X": 69,
      "Y": 240
    },
    "Waterfall": {
      "X": 104,
      "Y": 133
    },
    "IceCave1": {
      "X": 96,
      "Y": 152
    },
    "GurguVolcano1": {
      "X": 73,
      "Y": 133
    }
  }
}