﻿{
  "StartingLocation": {
    "X": 153,
    "Y": 132
  },
  "AirShipLocation": {
    "X": 64,
    "Y": 141
  },
  "BridgeLocation": {
    "X": 164,
    "Y": 106
  },
  "CanalLocation": {
    "X": 69,
    "Y": 106
  },
  "ShipLocations": [
    {
      "TeleporterIndex": 255,
      "X": 163,
      "Y": 113
    }
  ],
  "TeleporterFixups": [
    {
      "Type": 1,
      "Index": 0,
      "From": null,
      "To": {
        "Map": 255,
        "X": 191,
        "Y": 127
      }
    },
    {
      "Type": 1,
      "Index": 1,
      "From": null,
      "To": {
        "Map": 255,
        "X": 137,
        "Y": 43
      }
    },
    {
      "Type": 1,
      "Index": 2,
      "From": null,
      "To": {
        "Map": 255,
        "X": 170,
        "Y": 67
      }
    },
    {
      "Type": 1,
      "Index": 3,
      "From": null,
      "To": {
        "Map": 255,
        "X": 208,
        "Y": 94
      }
    },
    {
      "Type": 1,
      "Index": 4,
      "From": null,
      "To": {
        "Map": 255,
        "X": 153,
        "Y": 130
      }
    },
    {
      "Type": 1,
      "Index": 5,
      "From": null,
      "To": {
        "Map": 255,
        "X": 101,
        "Y": 98
      }
    },
    {
      "Type": 1,
      "Index": 6,
      "From": null,
      "To": {
        "Map": 255,
        "X": 169,
        "Y": 84
      }
    },
    {
      "Type": 1,
      "Index": 7,
      "From": null,
      "To": {
        "Map": 255,
        "X": 82,
        "Y": 30
      }
    },
    {
      "Type": 1,
      "Index": 8,
      "From": null,
      "To": {
        "Map": 255,
        "X": 112,
        "Y": 53
      }
    }
  ],
  "DomainFixups": [],
  "DomainUpdates": [
    {
      "From": 9,
      "To": 0
    },
    {
      "From": 9,
      "To": 1
    },
    {
      "From": 9,
      "To": 2
    },
    {
      "From": 14,
      "To": 3
    },
    {
      "From": 11,
      "To": 4
    },
    {
      "From": 52,
      "To": 5
    },
    {
      "From": 52,
      "To": 6
    },
    {
      "From": 11,
      "To": 7
    },
    {
      "From": 9,
      "To": 8
    },
    {
      "From": 9,
      "To": 9
    },
    {
      "From": 9,
      "To": 10
    },
    {
      "From": 14,
      "To": 11
    },
    {
      "From": 11,
      "To": 12
    },
    {
      "From": 52,
      "To": 13
    },
    {
      "From": 42,
      "To": 14
    },
    {
      "From": 10,
      "To": 15
    },
    {
      "From": 0,
      "To": 16
    },
    {
      "From": 10,
      "To": 17
    },
    {
      "From": 10,
      "To": 18
    },
    {
      "From": 42,
      "To": 19
    },
    {
      "From": 11,
      "To": 20
    },
    {
      "From": 54,
      "To": 21
    },
    {
      "From": 29,
      "To": 22
    },
    {
      "From": 0,
      "To": 23
    },
    {
      "From": 6,
      "To": 24
    },
    {
      "From": 10,
      "To": 25
    },
    {
      "From": 10,
      "To": 26
    },
    {
      "From": 42,
      "To": 27
    },
    {
      "From": 36,
      "To": 28
    },
    {
      "From": 43,
      "To": 29
    },
    {
      "From": 28,
      "To": 30
    },
    {
      "From": 0,
      "To": 31
    },
    {
      "From": 0,
      "To": 32
    },
    {
      "From": 10,
      "To": 33
    },
    {
      "From": 10,
      "To": 34
    },
    {
      "From": 0,
      "To": 35
    },
    {
      "From": 36,
      "To": 36
    },
    {
      "From": 36,
      "To": 37
    },
    {
      "From": 59,
      "To": 38
    },
    {
      "From": 59,
      "To": 39
    },
    {
      "From": 0,
      "To": 40
    },
    {
      "From": 10,
      "To": 41
    },
    {
      "From": 10,
      "To": 42
    },
    {
      "From": 0,
      "To": 43
    },
    {
      "From": 0,
      "To": 44
    },
    {
      "From": 36,
      "To": 45
    },
    {
      "From": 36,
      "To": 46
    },
    {
      "From": 0,
      "To": 47
    },
    {
      "From": 0,
      "To": 48
    },
    {
      "From": 10,
      "To": 49
    },
    {
      "From": 10,
      "To": 50
    },
    {
      "From": 0,
      "To": 51
    },
    {
      "From": 0,
      "To": 52
    },
    {
      "From": 0,
      "To": 53
    },
    {
      "From": 0,
      "To": 54
    },
    {
      "From": 0,
      "To": 55
    },
    {
      "From": 0,
      "To": 56
    },
    {
      "From": 0,
      "To": 57
    },
    {
      "From": 0,
      "To": 58
    },
    {
      "From": 0,
      "To": 59
    },
    {
      "From": 0,
      "To": 60
    },
    {
      "From": 0,
      "To": 61
    },
    {
      "From": 10,
      "To": 62
    },
    {
      "From": 0,
      "To": 63
    }
  ],
  "OverworldCoordinates": {
    "Coneria": {
      "X": 152,
      "Y": 131
    },
    "ConeriaCastle1": {
      "X": 153,
      "Y": 130
    },
    "TempleOfFiends1": {
      "X": 198,
      "Y": 127
    },
    "Pravoka": {
      "X": 164,
      "Y": 109
    },
    "Gaia": {
      "X": 28,
      "Y": 118
    },
    "CastleOrdeals1": {
      "X": 208,
      "Y": 94
    },
    "TitansTunnelWest": {
      "X": 137,
      "Y": 43
    },
    "SardasCave": {
      "X": 139,
      "Y": 43
    },
    "EarthCave1": {
      "X": 101,
      "Y": 98
    },
    "MirageTower1": {
      "X": 112,
      "Y": 53
    },
    "Onrac": {
      "X": 82,
      "Y": 30
    },
    "TitansTunnelEast": {
      "X": 191,
      "Y": 127
    },
    "MatoyasCave": {
      "X": 192,
      "Y": 63
    },
    "DwarfCave": {
      "X": 193,
      "Y": 127
    },
    "Elfland": {
      "X": 172,
      "Y": 48
    },
    "ElflandCastle": {
      "X": 173,
      "Y": 47
    },
    "MarshCave1": {
      "X": 194,
      "Y": 150
    },
    "NorthwestCastle": {
      "X": 169,
      "Y": 118
    },
    "Melmond": {
      "X": 207,
      "Y": 36
    },
    "CrescentLake": {
      "X": 204,
      "Y": 53
    },
    "Lefein": {
      "X": 52,
      "Y": 155
    },
    "BahamutCave1": {
      "X": 223,
      "Y": 27
    },
    "Cardia1": {
      "X": 230,
      "Y": 43
    },
    "Cardia2": {
      "X": 194,
      "Y": 232
    },
    "Cardia4": {
      "X": 66,
      "Y": 83
    },
    "Cardia5": {
      "X": 141,
      "Y": 77
    },
    "Cardia6": {
      "X": 130,
      "Y": 61
    },
    "Waterfall": {
      "X": 188,
      "Y": 104
    },
    "IceCave1": {
      "X": 170,
      "Y": 67
    },
    "GurguVolcano1": {
      "X": 169,
      "Y": 84
    }
  }
}