﻿{
  "StartingLocation": {
    "X": 19,
    "Y": 84
  },
  "AirShipLocation": {
    "X": 135,
    "Y": 142
  },
  "BridgeLocation": {
    "X": 29,
    "Y": 48
  },
  "CanalLocation": {
    "X": 187,
    "Y": 26
  },
  "ShipLocations": [
    {
      "TeleporterIndex": 1,
      "X": 28,
      "Y": 55
    },
    {
      "TeleporterIndex": 9,
      "X": 28,
      "Y": 55
    },
    {
      "TeleporterIndex": 255,
      "X": 28,
      "Y": 55
    },
    {
      "TeleporterIndex": 13,
      "X": 28,
      "Y": 55
    },
    {
      "TeleporterIndex": 2,
      "X": 28,
      "Y": 55
    },
    {
      "TeleporterIndex": 24,
      "X": 28,
      "Y": 55
    },
    {
      "TeleporterIndex": 7,
      "X": 236,
      "Y": 155
    },
    {
      "TeleporterIndex": 3,
      "X": 236,
      "Y": 155
    },
    {
      "TeleporterIndex": 10,
      "X": 236,
      "Y": 155
    },
    {
      "TeleporterIndex": 23,
      "X": 45,
      "Y": 146
    },
    {
      "TeleporterIndex": 11,
      "X": 45,
      "Y": 146
    },
    {
      "TeleporterIndex": 4,
      "X": 141,
      "Y": 30
    },
    {
      "TeleporterIndex": 5,
      "X": 78,
      "Y": 12
    }
  ],
  "TeleporterFixups": [
    {
      "Type": 1,
      "Index": 0,
      "From": null,
      "To": {
        "Map": 255,
        "X": 33,
        "Y": 70
      }
    },
    {
      "Type": 1,
      "Index": 1,
      "From": null,
      "To": {
        "Map": 255,
        "X": 64,
        "Y": 223
      }
    },
    {
      "Type": 1,
      "Index": 2,
      "From": null,
      "To": {
        "Map": 255,
        "X": 70,
        "Y": 64
      }
    },
    {
      "Type": 1,
      "Index": 3,
      "From": null,
      "To": {
        "Map": 255,
        "X": 85,
        "Y": 105
      }
    },
    {
      "Type": 1,
      "Index": 4,
      "From": null,
      "To": {
        "Map": 255,
        "X": 19,
        "Y": 82
      }
    },
    {
      "Type": 1,
      "Index": 5,
      "From": null,
      "To": {
        "Map": 255,
        "X": 187,
        "Y": 19
      }
    },
    {
      "Type": 1,
      "Index": 6,
      "From": null,
      "To": {
        "Map": 255,
        "X": 94,
        "Y": 117
      }
    },
    {
      "Type": 1,
      "Index": 7,
      "From": null,
      "To": {
        "Map": 255,
        "X": 239,
        "Y": 131
      }
    },
    {
      "Type": 1,
      "Index": 8,
      "From": null,
      "To": {
        "Map": 255,
        "X": 45,
        "Y": 29
      }
    }
  ],
  "DomainFixups": [],
  "DomainUpdates": [
    {
      "From": 28,
      "To": 0
    },
    {
      "From": 14,
      "To": 1
    },
    {
      "From": 54,
      "To": 2
    },
    {
      "From": 42,
      "To": 3
    },
    {
      "From": 42,
      "To": 4
    },
    {
      "From": 42,
      "To": 5
    },
    {
      "From": 42,
      "To": 6
    },
    {
      "From": 0,
      "To": 7
    },
    {
      "From": 28,
      "To": 8
    },
    {
      "From": 14,
      "To": 9
    },
    {
      "From": 54,
      "To": 10
    },
    {
      "From": 54,
      "To": 11
    },
    {
      "From": 42,
      "To": 12
    },
    {
      "From": 0,
      "To": 13
    },
    {
      "From": 0,
      "To": 14
    },
    {
      "From": 0,
      "To": 15
    },
    {
      "From": 36,
      "To": 16
    },
    {
      "From": 36,
      "To": 17
    },
    {
      "From": 12,
      "To": 18
    },
    {
      "From": 54,
      "To": 19
    },
    {
      "From": 54,
      "To": 20
    },
    {
      "From": 0,
      "To": 21
    },
    {
      "From": 0,
      "To": 22
    },
    {
      "From": 10,
      "To": 23
    },
    {
      "From": 10,
      "To": 24
    },
    {
      "From": 1,
      "To": 25
    },
    {
      "From": 1,
      "To": 26
    },
    {
      "From": 54,
      "To": 27
    },
    {
      "From": 11,
      "To": 28
    },
    {
      "From": 0,
      "To": 29
    },
    {
      "From": 0,
      "To": 30
    },
    {
      "From": 0,
      "To": 31
    },
    {
      "From": 59,
      "To": 32
    },
    {
      "From": 43,
      "To": 33
    },
    {
      "From": 35,
      "To": 34
    },
    {
      "From": 35,
      "To": 35
    },
    {
      "From": 35,
      "To": 36
    },
    {
      "From": 0,
      "To": 37
    },
    {
      "From": 52,
      "To": 38
    },
    {
      "From": 9,
      "To": 39
    },
    {
      "From": 59,
      "To": 40
    },
    {
      "From": 43,
      "To": 41
    },
    {
      "From": 0,
      "To": 42
    },
    {
      "From": 35,
      "To": 43
    },
    {
      "From": 10,
      "To": 44
    },
    {
      "From": 10,
      "To": 45
    },
    {
      "From": 31,
      "To": 46
    },
    {
      "From": 0,
      "To": 47
    },
    {
      "From": 0,
      "To": 48
    },
    {
      "From": 40,
      "To": 49
    },
    {
      "From": 40,
      "To": 50
    },
    {
      "From": 0,
      "To": 51
    },
    {
      "From": 0,
      "To": 52
    },
    {
      "From": 0,
      "To": 53
    },
    {
      "From": 0,
      "To": 54
    },
    {
      "From": 0,
      "To": 55
    },
    {
      "From": 0,
      "To": 56
    },
    {
      "From": 40,
      "To": 57
    },
    {
      "From": 40,
      "To": 58
    },
    {
      "From": 0,
      "To": 59
    },
    {
      "From": 11,
      "To": 60
    },
    {
      "From": 0,
      "To": 61
    },
    {
      "From": 0,
      "To": 62
    },
    {
      "From": 11,
      "To": 63
    }
  ],
  "OverworldCoordinates": {
    "Coneria": {
      "X": 18,
      "Y": 83
    },
    "ConeriaCastle1": {
      "X": 19,
      "Y": 82
    },
    "TempleOfFiends1": {
      "X": 32,
      "Y": 28
    },
    "Pravoka": {
      "X": 29,
      "Y": 51
    },
    "Gaia": {
      "X": 129,
      "Y": 225
    },
    "CastleOrdeals1": {
      "X": 85,
      "Y": 105
    },
    "TitansTunnelWest": {
      "X": 64,
      "Y": 223
    },
    "SardasCave": {
      "X": 67,
      "Y": 210
    },
    "EarthCave1": {
      "X": 187,
      "Y": 19
    },
    "MirageTower1": {
      "X": 45,
      "Y": 29
    },
    "Onrac": {
      "X": 239,
      "Y": 131
    },
    "TitansTunnelEast": {
      "X": 33,
      "Y": 70
    },
    "MatoyasCave": {
      "X": 31,
      "Y": 70
    },
    "DwarfCave": {
      "X": 105,
      "Y": 150
    },
    "Elfland": {
      "X": 222,
      "Y": 141
    },
    "ElflandCastle": {
      "X": 223,
      "Y": 140
    },
    "MarshCave1": {
      "X": 12,
      "Y": 161
    },
    "NorthwestCastle": {
      "X": 41,
      "Y": 158
    },
    "Melmond": {
      "X": 126,
      "Y": 17
    },
    "CrescentLake": {
      "X": 56,
      "Y": 17
    },
    "Lefein": {
      "X": 219,
      "Y": 184
    },
    "BahamutCave1": {
      "X": 238,
      "Y": 228
    },
    "Cardia1": {
      "X": 151,
      "Y": 174
    },
    "Cardia2": {
      "X": 15,
      "Y": 124
    },
    "Cardia4": {
      "X": 242,
      "Y": 88
    },
    "Cardia5": {
      "X": 134,
      "Y": 103
    },
    "Cardia6": {
      "X": 156,
      "Y": 236
    },
    "Waterfall": {
      "X": 75,
      "Y": 119
    },
    "IceCave1": {
      "X": 70,
      "Y": 64
    },
    "GurguVolcano1": {
      "X": 94,
      "Y": 117
    }
  }
}