﻿{
  "StartingLocation": {
    "X": 234,
    "Y": 185
  },
  "AirShipLocation": {
    "X": 79,
    "Y": 237
  },
  "BridgeLocation": {
    "X": 210,
    "Y": 203
  },
  "CanalLocation": {
    "X": 182,
    "Y": 241
  },
  "ShipLocations": [
    {
      "TeleporterIndex": 1,
      "X": 209,
      "Y": 210
    },
    {
      "TeleporterIndex": 9,
      "X": 209,
      "Y": 210
    },
    {
      "TeleporterIndex": 255,
      "X": 209,
      "Y": 210
    },
    {
      "TeleporterIndex": 13,
      "X": 209,
      "Y": 210
    },
    {
      "TeleporterIndex": 2,
      "X": 209,
      "Y": 210
    },
    {
      "TeleporterIndex": 3,
      "X": 62,
      "Y": 223
    },
    {
      "TeleporterIndex": 10,
      "X": 62,
      "Y": 223
    },
    {
      "TeleporterIndex": 23,
      "X": 70,
      "Y": 166
    },
    {
      "TeleporterIndex": 11,
      "X": 73,
      "Y": 210
    },
    {
      "TeleporterIndex": 4,
      "X": 20,
      "Y": 65
    },
    {
      "TeleporterIndex": 5,
      "X": 208,
      "Y": 107
    },
    {
      "TeleporterIndex": 19,
      "X": 156,
      "Y": 187
    }
  ],
  "TeleporterFixups": [
    {
      "Type": 1,
      "Index": 0,
      "From": null,
      "To": {
        "Map": 255,
        "X": 92,
        "Y": 154
      }
    },
    {
      "Type": 1,
      "Index": 1,
      "From": null,
      "To": {
        "Map": 255,
        "X": 118,
        "Y": 198
      }
    },
    {
      "Type": 1,
      "Index": 2,
      "From": null,
      "To": {
        "Map": 255,
        "X": 155,
        "Y": 217
      }
    },
    {
      "Type": 1,
      "Index": 3,
      "From": null,
      "To": {
        "Map": 255,
        "X": 178,
        "Y": 193
      }
    },
    {
      "Type": 1,
      "Index": 4,
      "From": null,
      "To": {
        "Map": 255,
        "X": 234,
        "Y": 183
      }
    },
    {
      "Type": 1,
      "Index": 5,
      "From": null,
      "To": {
        "Map": 255,
        "X": 188,
        "Y": 219
      }
    },
    {
      "Type": 1,
      "Index": 6,
      "From": null,
      "To": {
        "Map": 255,
        "X": 182,
        "Y": 154
      }
    },
    {
      "Type": 1,
      "Index": 7,
      "From": null,
      "To": {
        "Map": 255,
        "X": 16,
        "Y": 85
      }
    },
    {
      "Type": 1,
      "Index": 8,
      "From": null,
      "To": {
        "Map": 255,
        "X": 170,
        "Y": 176
      }
    }
  ],
  "DomainFixups": [],
  "DomainUpdates": [
    {
      "From": 0,
      "To": 0
    },
    {
      "From": 0,
      "To": 1
    },
    {
      "From": 0,
      "To": 2
    },
    {
      "From": 0,
      "To": 3
    },
    {
      "From": 0,
      "To": 4
    },
    {
      "From": 11,
      "To": 5
    },
    {
      "From": 0,
      "To": 6
    },
    {
      "From": 11,
      "To": 7
    },
    {
      "From": 42,
      "To": 8
    },
    {
      "From": 0,
      "To": 9
    },
    {
      "From": 0,
      "To": 10
    },
    {
      "From": 0,
      "To": 11
    },
    {
      "From": 0,
      "To": 12
    },
    {
      "From": 0,
      "To": 13
    },
    {
      "From": 0,
      "To": 14
    },
    {
      "From": 11,
      "To": 15
    },
    {
      "From": 42,
      "To": 16
    },
    {
      "From": 42,
      "To": 17
    },
    {
      "From": 0,
      "To": 18
    },
    {
      "From": 0,
      "To": 19
    },
    {
      "From": 14,
      "To": 20
    },
    {
      "From": 0,
      "To": 21
    },
    {
      "From": 54,
      "To": 22
    },
    {
      "From": 54,
      "To": 23
    },
    {
      "From": 0,
      "To": 24
    },
    {
      "From": 10,
      "To": 25
    },
    {
      "From": 10,
      "To": 26
    },
    {
      "From": 0,
      "To": 27
    },
    {
      "From": 14,
      "To": 28
    },
    {
      "From": 14,
      "To": 29
    },
    {
      "From": 54,
      "To": 30
    },
    {
      "From": 54,
      "To": 31
    },
    {
      "From": 0,
      "To": 32
    },
    {
      "From": 59,
      "To": 33
    },
    {
      "From": 40,
      "To": 34
    },
    {
      "From": 40,
      "To": 35
    },
    {
      "From": 10,
      "To": 36
    },
    {
      "From": 14,
      "To": 37
    },
    {
      "From": 14,
      "To": 38
    },
    {
      "From": 10,
      "To": 39
    },
    {
      "From": 0,
      "To": 40
    },
    {
      "From": 59,
      "To": 41
    },
    {
      "From": 29,
      "To": 42
    },
    {
      "From": 29,
      "To": 43
    },
    {
      "From": 14,
      "To": 44
    },
    {
      "From": 14,
      "To": 45
    },
    {
      "From": 14,
      "To": 46
    },
    {
      "From": 36,
      "To": 47
    },
    {
      "From": 6,
      "To": 48
    },
    {
      "From": 52,
      "To": 49
    },
    {
      "From": 35,
      "To": 50
    },
    {
      "From": 43,
      "To": 51
    },
    {
      "From": 1,
      "To": 52
    },
    {
      "From": 12,
      "To": 53
    },
    {
      "From": 42,
      "To": 54
    },
    {
      "From": 28,
      "To": 55
    },
    {
      "From": 6,
      "To": 56
    },
    {
      "From": 0,
      "To": 57
    },
    {
      "From": 43,
      "To": 58
    },
    {
      "From": 43,
      "To": 59
    },
    {
      "From": 54,
      "To": 60
    },
    {
      "From": 42,
      "To": 61
    },
    {
      "From": 11,
      "To": 62
    },
    {
      "From": 0,
      "To": 63
    }
  ],
  "OverworldCoordinates": {
    "Coneria": {
      "X": 233,
      "Y": 184
    },
    "ConeriaCastle1": {
      "X": 234,
      "Y": 183
    },
    "TempleOfFiends1": {
      "X": 235,
      "Y": 196
    },
    "Pravoka": {
      "X": 210,
      "Y": 206
    },
    "Gaia": {
      "X": 18,
      "Y": 225
    },
    "CastleOrdeals1": {
      "X": 178,
      "Y": 193
    },
    "TitansTunnelWest": {
      "X": 118,
      "Y": 198
    },
    "SardasCave": {
      "X": 120,
      "Y": 198
    },
    "EarthCave1": {
      "X": 188,
      "Y": 219
    },
    "MirageTower1": {
      "X": 170,
      "Y": 176
    },
    "Onrac": {
      "X": 16,
      "Y": 85
    },
    "TitansTunnelEast": {
      "X": 92,
      "Y": 154
    },
    "MatoyasCave": {
      "X": 90,
      "Y": 180
    },
    "DwarfCave": {
      "X": 81,
      "Y": 207
    },
    "Elfland": {
      "X": 46,
      "Y": 206
    },
    "ElflandCastle": {
      "X": 47,
      "Y": 205
    },
    "MarshCave1": {
      "X": 52,
      "Y": 141
    },
    "NorthwestCastle": {
      "X": 90,
      "Y": 221
    },
    "Melmond": {
      "X": 30,
      "Y": 82
    },
    "CrescentLake": {
      "X": 229,
      "Y": 96
    },
    "Lefein": {
      "X": 219,
      "Y": 155
    },
    "BahamutCave1": {
      "X": 167,
      "Y": 22
    },
    "Cardia1": {
      "X": 52,
      "Y": 117
    },
    "Cardia2": {
      "X": 143,
      "Y": 135
    },
    "Cardia4": {
      "X": 241,
      "Y": 125
    },
    "Cardia5": {
      "X": 237,
      "Y": 27
    },
    "Cardia6": {
      "X": 206,
      "Y": 238
    },
    "Waterfall": {
      "X": 126,
      "Y": 213
    },
    "IceCave1": {
      "X": 155,
      "Y": 217
    },
    "GurguVolcano1": {
      "X": 182,
      "Y": 154
    }
  }
}