﻿{
  "StartingLocation": {
    "X": 124,
    "Y": 65
  },
  "AirShipLocation": {
    "X": 55,
    "Y": 179
  },
  "BridgeLocation": {
    "X": 106,
    "Y": 90
  },
  "CanalLocation": {
    "X": 96,
    "Y": 239
  },
  "ShipLocations": [
    {
      "TeleporterIndex": 255,
      "X": 105,
      "Y": 97
    }
  ],
  "TeleporterFixups": [
    {
      "Type": 1,
      "Index": 0,
      "From": null,
      "To": {
        "Map": 255,
        "X": 63,
        "Y": 101
      }
    },
    {
      "Type": 1,
      "Index": 1,
      "From": null,
      "To": {
        "Map": 255,
        "X": 216,
        "Y": 199
      }
    },
    {
      "Type": 1,
      "Index": 2,
      "From": null,
      "To": {
        "Map": 255,
        "X": 58,
        "Y": 46
      }
    },
    {
      "Type": 1,
      "Index": 3,
      "From": null,
      "To": {
        "Map": 255,
        "X": 92,
        "Y": 198
      }
    },
    {
      "Type": 1,
      "Index": 4,
      "From": null,
      "To": {
        "Map": 255,
        "X": 124,
        "Y": 63
      }
    },
    {
      "Type": 1,
      "Index": 5,
      "From": null,
      "To": {
        "Map": 255,
        "X": 63,
        "Y": 223
      }
    },
    {
      "Type": 1,
      "Index": 6,
      "From": null,
      "To": {
        "Map": 255,
        "X": 72,
        "Y": 48
      }
    },
    {
      "Type": 1,
      "Index": 7,
      "From": null,
      "To": {
        "Map": 255,
        "X": 22,
        "Y": 50
      }
    },
    {
      "Type": 1,
      "Index": 8,
      "From": null,
      "To": {
        "Map": 255,
        "X": 224,
        "Y": 233
      }
    }
  ],
  "DomainFixups": [],
  "DomainUpdates": [
    {
      "From": 0,
      "To": 0
    },
    {
      "From": 59,
      "To": 1
    },
    {
      "From": 59,
      "To": 2
    },
    {
      "From": 28,
      "To": 3
    },
    {
      "From": 28,
      "To": 4
    },
    {
      "From": 28,
      "To": 5
    },
    {
      "From": 0,
      "To": 6
    },
    {
      "From": 0,
      "To": 7
    },
    {
      "From": 9,
      "To": 8
    },
    {
      "From": 54,
      "To": 9
    },
    {
      "From": 52,
      "To": 10
    },
    {
      "From": 52,
      "To": 11
    },
    {
      "From": 28,
      "To": 12
    },
    {
      "From": 43,
      "To": 13
    },
    {
      "From": 11,
      "To": 14
    },
    {
      "From": 0,
      "To": 15
    },
    {
      "From": 9,
      "To": 16
    },
    {
      "From": 40,
      "To": 17
    },
    {
      "From": 40,
      "To": 18
    },
    {
      "From": 11,
      "To": 19
    },
    {
      "From": 36,
      "To": 20
    },
    {
      "From": 42,
      "To": 21
    },
    {
      "From": 11,
      "To": 22
    },
    {
      "From": 0,
      "To": 23
    },
    {
      "From": 0,
      "To": 24
    },
    {
      "From": 40,
      "To": 25
    },
    {
      "From": 40,
      "To": 26
    },
    {
      "From": 11,
      "To": 27
    },
    {
      "From": 0,
      "To": 28
    },
    {
      "From": 0,
      "To": 29
    },
    {
      "From": 0,
      "To": 30
    },
    {
      "From": 0,
      "To": 31
    },
    {
      "From": 35,
      "To": 32
    },
    {
      "From": 35,
      "To": 33
    },
    {
      "From": 54,
      "To": 34
    },
    {
      "From": 10,
      "To": 35
    },
    {
      "From": 10,
      "To": 36
    },
    {
      "From": 0,
      "To": 37
    },
    {
      "From": 0,
      "To": 38
    },
    {
      "From": 10,
      "To": 39
    },
    {
      "From": 10,
      "To": 40
    },
    {
      "From": 35,
      "To": 41
    },
    {
      "From": 29,
      "To": 42
    },
    {
      "From": 12,
      "To": 43
    },
    {
      "From": 0,
      "To": 44
    },
    {
      "From": 0,
      "To": 45
    },
    {
      "From": 40,
      "To": 46
    },
    {
      "From": 40,
      "To": 47
    },
    {
      "From": 0,
      "To": 48
    },
    {
      "From": 42,
      "To": 49
    },
    {
      "From": 1,
      "To": 50
    },
    {
      "From": 12,
      "To": 51
    },
    {
      "From": 0,
      "To": 52
    },
    {
      "From": 0,
      "To": 53
    },
    {
      "From": 40,
      "To": 54
    },
    {
      "From": 40,
      "To": 55
    },
    {
      "From": 11,
      "To": 56
    },
    {
      "From": 42,
      "To": 57
    },
    {
      "From": 42,
      "To": 58
    },
    {
      "From": 42,
      "To": 59
    },
    {
      "From": 0,
      "To": 60
    },
    {
      "From": 6,
      "To": 61
    },
    {
      "From": 14,
      "To": 62
    },
    {
      "From": 14,
      "To": 63
    }
  ],
  "OverworldCoordinates": {
    "Coneria": {
      "X": 123,
      "Y": 64
    },
    "ConeriaCastle1": {
      "X": 124,
      "Y": 63
    },
    "TempleOfFiends1": {
      "X": 128,
      "Y": 28
    },
    "Pravoka": {
      "X": 106,
      "Y": 93
    },
    "Gaia": {
      "X": 172,
      "Y": 239
    },
    "CastleOrdeals1": {
      "X": 92,
      "Y": 198
    },
    "TitansTunnelWest": {
      "X": 216,
      "Y": 199
    },
    "SardasCave": {
      "X": 224,
      "Y": 217
    },
    "EarthCave1": {
      "X": 63,
      "Y": 223
    },
    "MirageTower1": {
      "X": 224,
      "Y": 233
    },
    "Onrac": {
      "X": 22,
      "Y": 50
    },
    "TitansTunnelEast": {
      "X": 63,
      "Y": 101
    },
    "MatoyasCave": {
      "X": 82,
      "Y": 175
    },
    "DwarfCave": {
      "X": 50,
      "Y": 161
    },
    "Elfland": {
      "X": 104,
      "Y": 53
    },
    "ElflandCastle": {
      "X": 105,
      "Y": 52
    },
    "MarshCave1": {
      "X": 72,
      "Y": 18
    },
    "NorthwestCastle": {
      "X": 163,
      "Y": 49
    },
    "Melmond": {
      "X": 184,
      "Y": 56
    },
    "CrescentLake": {
      "X": 67,
      "Y": 162
    },
    "Lefein": {
      "X": 52,
      "Y": 191
    },
    "BahamutCave1": {
      "X": 203,
      "Y": 65
    },
    "Cardia1": {
      "X": 121,
      "Y": 142
    },
    "Cardia2": {
      "X": 26,
      "Y": 183
    },
    "Cardia4": {
      "X": 232,
      "Y": 150
    },
    "Cardia5": {
      "X": 20,
      "Y": 240
    },
    "Cardia6": {
      "X": 107,
      "Y": 70
    },
    "Waterfall": {
      "X": 80,
      "Y": 197
    },
    "IceCave1": {
      "X": 58,
      "Y": 46
    },
    "GurguVolcano1": {
      "X": 72,
      "Y": 48
    }
  }
}