﻿{
  "StartingLocation": {
    "X": 71,
    "Y": 51
  },
  "AirShipLocation": {
    "X": 134,
    "Y": 60
  },
  "BridgeLocation": {
    "X": 104,
    "Y": 60
  },
  "CanalLocation": {
    "X": 239,
    "Y": 218
  },
  "ShipLocations": [
    {
      "TeleporterIndex": 255,
      "X": 103,
      "Y": 67
    }
  ],
  "TeleporterFixups": [
    {
      "Type": 1,
      "Index": 0,
      "From": null,
      "To": {
        "Map": 255,
        "X": 209,
        "Y": 184
      }
    },
    {
      "Type": 1,
      "Index": 1,
      "From": null,
      "To": {
        "Map": 255,
        "X": 200,
        "Y": 171
      }
    },
    {
      "Type": 1,
      "Index": 2,
      "From": null,
      "To": {
        "Map": 255,
        "X": 95,
        "Y": 113
      }
    },
    {
      "Type": 1,
      "Index": 3,
      "From": null,
      "To": {
        "Map": 255,
        "X": 206,
        "Y": 202
      }
    },
    {
      "Type": 1,
      "Index": 4,
      "From": null,
      "To": {
        "Map": 255,
        "X": 71,
        "Y": 49
      }
    },
    {
      "Type": 1,
      "Index": 5,
      "From": null,
      "To": {
        "Map": 255,
        "X": 192,
        "Y": 223
      }
    },
    {
      "Type": 1,
      "Index": 6,
      "From": null,
      "To": {
        "Map": 255,
        "X": 101,
        "Y": 85
      }
    },
    {
      "Type": 1,
      "Index": 7,
      "From": null,
      "To": {
        "Map": 255,
        "X": 101,
        "Y": 132
      }
    },
    {
      "Type": 1,
      "Index": 8,
      "From": null,
      "To": {
        "Map": 255,
        "X": 19,
        "Y": 60
      }
    }
  ],
  "DomainFixups": [],
  "DomainUpdates": [
    {
      "From": 0,
      "To": 0
    },
    {
      "From": 0,
      "To": 1
    },
    {
      "From": 0,
      "To": 2
    },
    {
      "From": 11,
      "To": 3
    },
    {
      "From": 11,
      "To": 4
    },
    {
      "From": 0,
      "To": 5
    },
    {
      "From": 0,
      "To": 6
    },
    {
      "From": 0,
      "To": 7
    },
    {
      "From": 14,
      "To": 8
    },
    {
      "From": 36,
      "To": 9
    },
    {
      "From": 36,
      "To": 10
    },
    {
      "From": 35,
      "To": 11
    },
    {
      "From": 43,
      "To": 12
    },
    {
      "From": 0,
      "To": 13
    },
    {
      "From": 52,
      "To": 14
    },
    {
      "From": 52,
      "To": 15
    },
    {
      "From": 14,
      "To": 16
    },
    {
      "From": 0,
      "To": 17
    },
    {
      "From": 59,
      "To": 18
    },
    {
      "From": 54,
      "To": 19
    },
    {
      "From": 43,
      "To": 20
    },
    {
      "From": 0,
      "To": 21
    },
    {
      "From": 52,
      "To": 22
    },
    {
      "From": 52,
      "To": 23
    },
    {
      "From": 10,
      "To": 24
    },
    {
      "From": 59,
      "To": 25
    },
    {
      "From": 59,
      "To": 26
    },
    {
      "From": 9,
      "To": 27
    },
    {
      "From": 0,
      "To": 28
    },
    {
      "From": 0,
      "To": 29
    },
    {
      "From": 11,
      "To": 30
    },
    {
      "From": 10,
      "To": 31
    },
    {
      "From": 0,
      "To": 32
    },
    {
      "From": 59,
      "To": 33
    },
    {
      "From": 59,
      "To": 34
    },
    {
      "From": 9,
      "To": 35
    },
    {
      "From": 42,
      "To": 36
    },
    {
      "From": 42,
      "To": 37
    },
    {
      "From": 42,
      "To": 38
    },
    {
      "From": 6,
      "To": 39
    },
    {
      "From": 11,
      "To": 40
    },
    {
      "From": 11,
      "To": 41
    },
    {
      "From": 0,
      "To": 42
    },
    {
      "From": 0,
      "To": 43
    },
    {
      "From": 42,
      "To": 44
    },
    {
      "From": 42,
      "To": 45
    },
    {
      "From": 40,
      "To": 46
    },
    {
      "From": 42,
      "To": 47
    },
    {
      "From": 0,
      "To": 48
    },
    {
      "From": 0,
      "To": 49
    },
    {
      "From": 0,
      "To": 50
    },
    {
      "From": 54,
      "To": 51
    },
    {
      "From": 54,
      "To": 52
    },
    {
      "From": 1,
      "To": 53
    },
    {
      "From": 12,
      "To": 54
    },
    {
      "From": 12,
      "To": 55
    },
    {
      "From": 10,
      "To": 56
    },
    {
      "From": 0,
      "To": 57
    },
    {
      "From": 0,
      "To": 58
    },
    {
      "From": 54,
      "To": 59
    },
    {
      "From": 54,
      "To": 60
    },
    {
      "From": 42,
      "To": 61
    },
    {
      "From": 42,
      "To": 62
    },
    {
      "From": 42,
      "To": 63
    }
  ],
  "OverworldCoordinates": {
    "Coneria": {
      "X": 70,
      "Y": 50
    },
    "ConeriaCastle1": {
      "X": 71,
      "Y": 49
    },
    "TempleOfFiends1": {
      "X": 90,
      "Y": 62
    },
    "Pravoka": {
      "X": 104,
      "Y": 63
    },
    "Gaia": {
      "X": 238,
      "Y": 158
    },
    "CastleOrdeals1": {
      "X": 206,
      "Y": 202
    },
    "TitansTunnelWest": {
      "X": 200,
      "Y": 171
    },
    "SardasCave": {
      "X": 202,
      "Y": 171
    },
    "EarthCave1": {
      "X": 192,
      "Y": 223
    },
    "MirageTower1": {
      "X": 19,
      "Y": 60
    },
    "Onrac": {
      "X": 101,
      "Y": 132
    },
    "TitansTunnelEast": {
      "X": 209,
      "Y": 184
    },
    "MatoyasCave": {
      "X": 77,
      "Y": 122
    },
    "DwarfCave": {
      "X": 96,
      "Y": 54
    },
    "Elfland": {
      "X": 234,
      "Y": 69
    },
    "ElflandCastle": {
      "X": 235,
      "Y": 68
    },
    "MarshCave1": {
      "X": 66,
      "Y": 141
    },
    "NorthwestCastle": {
      "X": 132,
      "Y": 74
    },
    "Melmond": {
      "X": 221,
      "Y": 168
    },
    "CrescentLake": {
      "X": 130,
      "Y": 224
    },
    "Lefein": {
      "X": 217,
      "Y": 228
    },
    "BahamutCave1": {
      "X": 119,
      "Y": 30
    },
    "Cardia1": {
      "X": 22,
      "Y": 233
    },
    "Cardia2": {
      "X": 229,
      "Y": 95
    },
    "Cardia4": {
      "X": 20,
      "Y": 108
    },
    "Cardia5": {
      "X": 200,
      "Y": 83
    },
    "Cardia6": {
      "X": 32,
      "Y": 174
    },
    "Waterfall": {
      "X": 196,
      "Y": 187
    },
    "IceCave1": {
      "X": 95,
      "Y": 113
    },
    "GurguVolcano1": {
      "X": 101,
      "Y": 85
    }
  }
}