﻿{
  "StartingLocation": {
    "X": 22,
    "Y": 80
  },
  "AirShipLocation": {
    "X": 53,
    "Y": 27
  },
  "BridgeLocation": {
    "X": 58,
    "Y": 77
  },
  "CanalLocation": {
    "X": 107,
    "Y": 181
  },
  "ShipLocations": [
    {
      "TeleporterIndex": 1,
      "X": 57,
      "Y": 84
    },
    {
      "TeleporterIndex": 9,
      "X": 57,
      "Y": 84
    },
    {
      "TeleporterIndex": 255,
      "X": 57,
      "Y": 84
    },
    {
      "TeleporterIndex": 13,
      "X": 57,
      "Y": 84
    },
    {
      "TeleporterIndex": 2,
      "X": 57,
      "Y": 84
    },
    {
      "TeleporterIndex": 3,
      "X": 177,
      "Y": 56
    },
    {
      "TeleporterIndex": 10,
      "X": 177,
      "Y": 56
    },
    {
      "TeleporterIndex": 23,
      "X": 232,
      "Y": 22
    },
    {
      "TeleporterIndex": 11,
      "X": 177,
      "Y": 56
    },
    {
      "TeleporterIndex": 4,
      "X": 26,
      "Y": 36
    },
    {
      "TeleporterIndex": 5,
      "X": 113,
      "Y": 20
    },
    {
      "TeleporterIndex": 8,
      "X": 177,
      "Y": 56
    }
  ],
  "TeleporterFixups": [
    {
      "Type": 1,
      "Index": 0,
      "From": null,
      "To": {
        "Map": 255,
        "X": 30,
        "Y": 53
      }
    },
    {
      "Type": 1,
      "Index": 1,
      "From": null,
      "To": {
        "Map": 255,
        "X": 74,
        "Y": 202
      }
    },
    {
      "Type": 1,
      "Index": 2,
      "From": null,
      "To": {
        "Map": 255,
        "X": 107,
        "Y": 39
      }
    },
    {
      "Type": 1,
      "Index": 3,
      "From": null,
      "To": {
        "Map": 255,
        "X": 88,
        "Y": 30
      }
    },
    {
      "Type": 1,
      "Index": 4,
      "From": null,
      "To": {
        "Map": 255,
        "X": 22,
        "Y": 78
      }
    },
    {
      "Type": 1,
      "Index": 5,
      "From": null,
      "To": {
        "Map": 255,
        "X": 79,
        "Y": 203
      }
    },
    {
      "Type": 1,
      "Index": 6,
      "From": null,
      "To": {
        "Map": 255,
        "X": 68,
        "Y": 50
      }
    },
    {
      "Type": 1,
      "Index": 7,
      "From": null,
      "To": {
        "Map": 255,
        "X": 67,
        "Y": 14
      }
    },
    {
      "Type": 1,
      "Index": 8,
      "From": null,
      "To": {
        "Map": 255,
        "X": 236,
        "Y": 80
      }
    }
  ],
  "DomainFixups": [],
  "DomainUpdates": [
    {
      "From": 10,
      "To": 0
    },
    {
      "From": 42,
      "To": 1
    },
    {
      "From": 12,
      "To": 2
    },
    {
      "From": 12,
      "To": 3
    },
    {
      "From": 54,
      "To": 4
    },
    {
      "From": 0,
      "To": 5
    },
    {
      "From": 59,
      "To": 6
    },
    {
      "From": 59,
      "To": 7
    },
    {
      "From": 40,
      "To": 8
    },
    {
      "From": 42,
      "To": 9
    },
    {
      "From": 1,
      "To": 10
    },
    {
      "From": 54,
      "To": 11
    },
    {
      "From": 54,
      "To": 12
    },
    {
      "From": 52,
      "To": 13
    },
    {
      "From": 52,
      "To": 14
    },
    {
      "From": 14,
      "To": 15
    },
    {
      "From": 36,
      "To": 16
    },
    {
      "From": 28,
      "To": 17
    },
    {
      "From": 29,
      "To": 18
    },
    {
      "From": 35,
      "To": 19
    },
    {
      "From": 43,
      "To": 20
    },
    {
      "From": 43,
      "To": 21
    },
    {
      "From": 52,
      "To": 22
    },
    {
      "From": 14,
      "To": 23
    },
    {
      "From": 0,
      "To": 24
    },
    {
      "From": 0,
      "To": 25
    },
    {
      "From": 0,
      "To": 26
    },
    {
      "From": 35,
      "To": 27
    },
    {
      "From": 35,
      "To": 28
    },
    {
      "From": 0,
      "To": 29
    },
    {
      "From": 52,
      "To": 30
    },
    {
      "From": 0,
      "To": 31
    },
    {
      "From": 0,
      "To": 32
    },
    {
      "From": 40,
      "To": 33
    },
    {
      "From": 40,
      "To": 34
    },
    {
      "From": 0,
      "To": 35
    },
    {
      "From": 0,
      "To": 36
    },
    {
      "From": 0,
      "To": 37
    },
    {
      "From": 0,
      "To": 38
    },
    {
      "From": 0,
      "To": 39
    },
    {
      "From": 40,
      "To": 40
    },
    {
      "From": 40,
      "To": 41
    },
    {
      "From": 42,
      "To": 42
    },
    {
      "From": 11,
      "To": 43
    },
    {
      "From": 0,
      "To": 44
    },
    {
      "From": 0,
      "To": 45
    },
    {
      "From": 10,
      "To": 46
    },
    {
      "From": 6,
      "To": 47
    },
    {
      "From": 40,
      "To": 48
    },
    {
      "From": 40,
      "To": 49
    },
    {
      "From": 11,
      "To": 50
    },
    {
      "From": 11,
      "To": 51
    },
    {
      "From": 0,
      "To": 52
    },
    {
      "From": 11,
      "To": 53
    },
    {
      "From": 11,
      "To": 54
    },
    {
      "From": 0,
      "To": 55
    },
    {
      "From": 0,
      "To": 56
    },
    {
      "From": 0,
      "To": 57
    },
    {
      "From": 11,
      "To": 58
    },
    {
      "From": 11,
      "To": 59
    },
    {
      "From": 0,
      "To": 60
    },
    {
      "From": 11,
      "To": 61
    },
    {
      "From": 11,
      "To": 62
    },
    {
      "From": 0,
      "To": 63
    }
  ],
  "OverworldCoordinates": {
    "Coneria": {
      "X": 21,
      "Y": 79
    },
    "ConeriaCastle1": {
      "X": 22,
      "Y": 78
    },
    "TempleOfFiends1": {
      "X": 43,
      "Y": 82
    },
    "Pravoka": {
      "X": 58,
      "Y": 80
    },
    "Gaia": {
      "X": 236,
      "Y": 168
    },
    "CastleOrdeals1": {
      "X": 88,
      "Y": 30
    },
    "TitansTunnelWest": {
      "X": 74,
      "Y": 202
    },
    "SardasCave": {
      "X": 71,
      "Y": 203
    },
    "EarthCave1": {
      "X": 79,
      "Y": 203
    },
    "MirageTower1": {
      "X": 236,
      "Y": 80
    },
    "Onrac": {
      "X": 67,
      "Y": 14
    },
    "TitansTunnelEast": {
      "X": 30,
      "Y": 53
    },
    "MatoyasCave": {
      "X": 73,
      "Y": 68
    },
    "DwarfCave": {
      "X": 131,
      "Y": 99
    },
    "Elfland": {
      "X": 191,
      "Y": 41
    },
    "ElflandCastle": {
      "X": 192,
      "Y": 40
    },
    "MarshCave1": {
      "X": 216,
      "Y": 33
    },
    "NorthwestCastle": {
      "X": 152,
      "Y": 78
    },
    "Melmond": {
      "X": 50,
      "Y": 40
    },
    "CrescentLake": {
      "X": 127,
      "Y": 43
    },
    "Lefein": {
      "X": 189,
      "Y": 54
    },
    "BahamutCave1": {
      "X": 93,
      "Y": 232
    },
    "Cardia1": {
      "X": 25,
      "Y": 15
    },
    "Cardia2": {
      "X": 113,
      "Y": 221
    },
    "Cardia4": {
      "X": 225,
      "Y": 183
    },
    "Cardia5": {
      "X": 188,
      "Y": 227
    },
    "Cardia6": {
      "X": 95,
      "Y": 206
    },
    "Waterfall": {
      "X": 87,
      "Y": 53
    },
    "IceCave1": {
      "X": 107,
      "Y": 39
    },
    "GurguVolcano1": {
      "X": 68,
      "Y": 50
    }
  }
}