﻿{
  "StartingLocation": {
    "X": 43,
    "Y": 159
  },
  "AirShipLocation": {
    "X": 124,
    "Y": 59
  },
  "BridgeLocation": {
    "X": 15,
    "Y": 163
  },
  "CanalLocation": {
    "X": 206,
    "Y": 169
  },
  "ShipLocations": [
    {
      "TeleporterIndex": 1,
      "X": 14,
      "Y": 170
    },
    {
      "TeleporterIndex": 9,
      "X": 14,
      "Y": 170
    },
    {
      "TeleporterIndex": 255,
      "X": 14,
      "Y": 170
    },
    {
      "TeleporterIndex": 13,
      "X": 70,
      "Y": 245
    },
    {
      "TeleporterIndex": 2,
      "X": 14,
      "Y": 170
    },
    {
      "TeleporterIndex": 24,
      "X": 236,
      "Y": 51
    },
    {
      "TeleporterIndex": 3,
      "X": 14,
      "Y": 170
    },
    {
      "TeleporterIndex": 10,
      "X": 14,
      "Y": 170
    },
    {
      "TeleporterIndex": 23,
      "X": 221,
      "Y": 197
    },
    {
      "TeleporterIndex": 11,
      "X": 142,
      "Y": 107
    },
    {
      "TeleporterIndex": 4,
      "X": 70,
      "Y": 245
    },
    {
      "TeleporterIndex": 5,
      "X": 109,
      "Y": 216
    }
  ],
  "TeleporterFixups": [
    {
      "Type": 1,
      "Index": 0,
      "From": null,
      "To": {
        "Map": 255,
        "X": 123,
        "Y": 41
      }
    },
    {
      "Type": 1,
      "Index": 1,
      "From": null,
      "To": {
        "Map": 255,
        "X": 148,
        "Y": 131
      }
    },
    {
      "Type": 1,
      "Index": 2,
      "From": null,
      "To": {
        "Map": 255,
        "X": 43,
        "Y": 171
      }
    },
    {
      "Type": 1,
      "Index": 3,
      "From": null,
      "To": {
        "Map": 255,
        "X": 78,
        "Y": 213
      }
    },
    {
      "Type": 1,
      "Index": 4,
      "From": null,
      "To": {
        "Map": 255,
        "X": 43,
        "Y": 157
      }
    },
    {
      "Type": 1,
      "Index": 5,
      "From": null,
      "To": {
        "Map": 255,
        "X": 186,
        "Y": 166
      }
    },
    {
      "Type": 1,
      "Index": 6,
      "From": null,
      "To": {
        "Map": 255,
        "X": 190,
        "Y": 143
      }
    },
    {
      "Type": 1,
      "Index": 7,
      "From": null,
      "To": {
        "Map": 255,
        "X": 119,
        "Y": 16
      }
    },
    {
      "Type": 1,
      "Index": 8,
      "From": null,
      "To": {
        "Map": 255,
        "X": 212,
        "Y": 26
      }
    }
  ],
  "DomainFixups": [],
  "DomainUpdates": [
    {
      "From": 11,
      "To": 0
    },
    {
      "From": 11,
      "To": 1
    },
    {
      "From": 10,
      "To": 2
    },
    {
      "From": 9,
      "To": 3
    },
    {
      "From": 40,
      "To": 4
    },
    {
      "From": 0,
      "To": 5
    },
    {
      "From": 14,
      "To": 6
    },
    {
      "From": 29,
      "To": 7
    },
    {
      "From": 11,
      "To": 8
    },
    {
      "From": 11,
      "To": 9
    },
    {
      "From": 11,
      "To": 10
    },
    {
      "From": 40,
      "To": 11
    },
    {
      "From": 40,
      "To": 12
    },
    {
      "From": 0,
      "To": 13
    },
    {
      "From": 29,
      "To": 14
    },
    {
      "From": 29,
      "To": 15
    },
    {
      "From": 0,
      "To": 16
    },
    {
      "From": 0,
      "To": 17
    },
    {
      "From": 0,
      "To": 18
    },
    {
      "From": 43,
      "To": 19
    },
    {
      "From": 40,
      "To": 20
    },
    {
      "From": 0,
      "To": 21
    },
    {
      "From": 35,
      "To": 22
    },
    {
      "From": 35,
      "To": 23
    },
    {
      "From": 0,
      "To": 24
    },
    {
      "From": 0,
      "To": 25
    },
    {
      "From": 0,
      "To": 26
    },
    {
      "From": 43,
      "To": 27
    },
    {
      "From": 43,
      "To": 28
    },
    {
      "From": 35,
      "To": 29
    },
    {
      "From": 35,
      "To": 30
    },
    {
      "From": 35,
      "To": 31
    },
    {
      "From": 36,
      "To": 32
    },
    {
      "From": 52,
      "To": 33
    },
    {
      "From": 52,
      "To": 34
    },
    {
      "From": 0,
      "To": 35
    },
    {
      "From": 40,
      "To": 36
    },
    {
      "From": 54,
      "To": 37
    },
    {
      "From": 54,
      "To": 38
    },
    {
      "From": 35,
      "To": 39
    },
    {
      "From": 54,
      "To": 40
    },
    {
      "From": 54,
      "To": 41
    },
    {
      "From": 1,
      "To": 42
    },
    {
      "From": 0,
      "To": 43
    },
    {
      "From": 0,
      "To": 44
    },
    {
      "From": 42,
      "To": 45
    },
    {
      "From": 42,
      "To": 46
    },
    {
      "From": 59,
      "To": 47
    },
    {
      "From": 54,
      "To": 48
    },
    {
      "From": 54,
      "To": 49
    },
    {
      "From": 12,
      "To": 50
    },
    {
      "From": 54,
      "To": 51
    },
    {
      "From": 0,
      "To": 52
    },
    {
      "From": 0,
      "To": 53
    },
    {
      "From": 59,
      "To": 54
    },
    {
      "From": 59,
      "To": 55
    },
    {
      "From": 54,
      "To": 56
    },
    {
      "From": 28,
      "To": 57
    },
    {
      "From": 42,
      "To": 58
    },
    {
      "From": 54,
      "To": 59
    },
    {
      "From": 10,
      "To": 60
    },
    {
      "From": 10,
      "To": 61
    },
    {
      "From": 0,
      "To": 62
    },
    {
      "From": 0,
      "To": 63
    }
  ],
  "OverworldCoordinates": {
    "Coneria": {
      "X": 42,
      "Y": 158
    },
    "ConeriaCastle1": {
      "X": 43,
      "Y": 157
    },
    "TempleOfFiends1": {
      "X": 61,
      "Y": 228
    },
    "Pravoka": {
      "X": 15,
      "Y": 166
    },
    "Gaia": {
      "X": 106,
      "Y": 38
    },
    "CastleOrdeals1": {
      "X": 78,
      "Y": 213
    },
    "TitansTunnelWest": {
      "X": 148,
      "Y": 131
    },
    "SardasCave": {
      "X": 143,
      "Y": 126
    },
    "EarthCave1": {
      "X": 186,
      "Y": 166
    },
    "MirageTower1": {
      "X": 212,
      "Y": 26
    },
    "Onrac": {
      "X": 119,
      "Y": 16
    },
    "TitansTunnelEast": {
      "X": 123,
      "Y": 41
    },
    "MatoyasCave": {
      "X": 218,
      "Y": 31
    },
    "DwarfCave": {
      "X": 215,
      "Y": 113
    },
    "Elfland": {
      "X": 58,
      "Y": 157
    },
    "ElflandCastle": {
      "X": 59,
      "Y": 156
    },
    "MarshCave1": {
      "X": 222,
      "Y": 178
    },
    "NorthwestCastle": {
      "X": 114,
      "Y": 82
    },
    "Melmond": {
      "X": 92,
      "Y": 238
    },
    "CrescentLake": {
      "X": 113,
      "Y": 239
    },
    "Lefein": {
      "X": 163,
      "Y": 106
    },
    "BahamutCave1": {
      "X": 80,
      "Y": 42
    },
    "Cardia1": {
      "X": 68,
      "Y": 15
    },
    "Cardia2": {
      "X": 95,
      "Y": 20
    },
    "Cardia4": {
      "X": 155,
      "Y": 236
    },
    "Cardia5": {
      "X": 37,
      "Y": 27
    },
    "Cardia6": {
      "X": 13,
      "Y": 48
    },
    "Waterfall": {
      "X": 69,
      "Y": 175
    },
    "IceCave1": {
      "X": 43,
      "Y": 171
    },
    "GurguVolcano1": {
      "X": 190,
      "Y": 143
    }
  }
}