﻿{
  "StartingLocation": {
    "X": 170,
    "Y": 19
  },
  "AirShipLocation": {
    "X": 117,
    "Y": 77
  },
  "BridgeLocation": {
    "X": 100,
    "Y": 40
  },
  "CanalLocation": {
    "X": 85,
    "Y": 230
  },
  "ShipLocations": [
    {
      "TeleporterIndex": 1,
      "X": 124,
      "Y": 26
    },
    {
      "TeleporterIndex": 9,
      "X": 124,
      "Y": 26
    },
    {
      "TeleporterIndex": 255,
      "X": 124,
      "Y": 26
    },
    {
      "TeleporterIndex": 13,
      "X": 124,
      "Y": 26
    },
    {
      "TeleporterIndex": 2,
      "X": 99,
      "Y": 47
    },
    {
      "TeleporterIndex": 24,
      "X": 99,
      "Y": 47
    },
    {
      "TeleporterIndex": 3,
      "X": 15,
      "Y": 148
    },
    {
      "TeleporterIndex": 10,
      "X": 15,
      "Y": 148
    },
    {
      "TeleporterIndex": 23,
      "X": 124,
      "Y": 26
    },
    {
      "TeleporterIndex": 11,
      "X": 230,
      "Y": 205
    },
    {
      "TeleporterIndex": 4,
      "X": 169,
      "Y": 84
    },
    {
      "TeleporterIndex": 5,
      "X": 234,
      "Y": 143
    },
    {
      "TeleporterIndex": 8,
      "X": 230,
      "Y": 205
    }
  ],
  "TeleporterFixups": [
    {
      "Type": 1,
      "Index": 0,
      "From": null,
      "To": {
        "Map": 255,
        "X": 20,
        "Y": 128
      }
    },
    {
      "Type": 1,
      "Index": 1,
      "From": null,
      "To": {
        "Map": 255,
        "X": 149,
        "Y": 146
      }
    },
    {
      "Type": 1,
      "Index": 2,
      "From": null,
      "To": {
        "Map": 255,
        "X": 149,
        "Y": 45
      }
    },
    {
      "Type": 1,
      "Index": 3,
      "From": null,
      "To": {
        "Map": 255,
        "X": 213,
        "Y": 25
      }
    },
    {
      "Type": 1,
      "Index": 4,
      "From": null,
      "To": {
        "Map": 255,
        "X": 170,
        "Y": 17
      }
    },
    {
      "Type": 1,
      "Index": 5,
      "From": null,
      "To": {
        "Map": 255,
        "X": 96,
        "Y": 236
      }
    },
    {
      "Type": 1,
      "Index": 6,
      "From": null,
      "To": {
        "Map": 255,
        "X": 197,
        "Y": 62
      }
    },
    {
      "Type": 1,
      "Index": 7,
      "From": null,
      "To": {
        "Map": 255,
        "X": 184,
        "Y": 133
      }
    },
    {
      "Type": 1,
      "Index": 8,
      "From": null,
      "To": {
        "Map": 255,
        "X": 104,
        "Y": 67
      }
    }
  ],
  "DomainFixups": [],
  "DomainUpdates": [
    {
      "From": 0,
      "To": 0
    },
    {
      "From": 10,
      "To": 1
    },
    {
      "From": 28,
      "To": 2
    },
    {
      "From": 28,
      "To": 3
    },
    {
      "From": 28,
      "To": 4
    },
    {
      "From": 59,
      "To": 5
    },
    {
      "From": 12,
      "To": 6
    },
    {
      "From": 12,
      "To": 7
    },
    {
      "From": 10,
      "To": 8
    },
    {
      "From": 0,
      "To": 9
    },
    {
      "From": 14,
      "To": 10
    },
    {
      "From": 54,
      "To": 11
    },
    {
      "From": 54,
      "To": 12
    },
    {
      "From": 54,
      "To": 13
    },
    {
      "From": 29,
      "To": 14
    },
    {
      "From": 29,
      "To": 15
    },
    {
      "From": 10,
      "To": 16
    },
    {
      "From": 0,
      "To": 17
    },
    {
      "From": 14,
      "To": 18
    },
    {
      "From": 14,
      "To": 19
    },
    {
      "From": 42,
      "To": 20
    },
    {
      "From": 35,
      "To": 21
    },
    {
      "From": 54,
      "To": 22
    },
    {
      "From": 54,
      "To": 23
    },
    {
      "From": 40,
      "To": 24
    },
    {
      "From": 40,
      "To": 25
    },
    {
      "From": 40,
      "To": 26
    },
    {
      "From": 11,
      "To": 27
    },
    {
      "From": 11,
      "To": 28
    },
    {
      "From": 9,
      "To": 29
    },
    {
      "From": 54,
      "To": 30
    },
    {
      "From": 54,
      "To": 31
    },
    {
      "From": 52,
      "To": 32
    },
    {
      "From": 40,
      "To": 33
    },
    {
      "From": 40,
      "To": 34
    },
    {
      "From": 0,
      "To": 35
    },
    {
      "From": 40,
      "To": 36
    },
    {
      "From": 9,
      "To": 37
    },
    {
      "From": 54,
      "To": 38
    },
    {
      "From": 54,
      "To": 39
    },
    {
      "From": 0,
      "To": 40
    },
    {
      "From": 40,
      "To": 41
    },
    {
      "From": 40,
      "To": 42
    },
    {
      "From": 0,
      "To": 43
    },
    {
      "From": 40,
      "To": 44
    },
    {
      "From": 0,
      "To": 45
    },
    {
      "From": 43,
      "To": 46
    },
    {
      "From": 43,
      "To": 47
    },
    {
      "From": 0,
      "To": 48
    },
    {
      "From": 0,
      "To": 49
    },
    {
      "From": 42,
      "To": 50
    },
    {
      "From": 42,
      "To": 51
    },
    {
      "From": 0,
      "To": 52
    },
    {
      "From": 0,
      "To": 53
    },
    {
      "From": 43,
      "To": 54
    },
    {
      "From": 43,
      "To": 55
    },
    {
      "From": 0,
      "To": 56
    },
    {
      "From": 0,
      "To": 57
    },
    {
      "From": 42,
      "To": 58
    },
    {
      "From": 42,
      "To": 59
    },
    {
      "From": 0,
      "To": 60
    },
    {
      "From": 10,
      "To": 61
    },
    {
      "From": 43,
      "To": 62
    },
    {
      "From": 43,
      "To": 63
    }
  ],
  "OverworldCoordinates": {
    "Coneria": {
      "X": 169,
      "Y": 18
    },
    "ConeriaCastle1": {
      "X": 170,
      "Y": 17
    },
    "TempleOfFiends1": {
      "X": 143,
      "Y": 18
    },
    "Pravoka": {
      "X": 100,
      "Y": 43
    },
    "Gaia": {
      "X": 199,
      "Y": 238
    },
    "CastleOrdeals1": {
      "X": 213,
      "Y": 25
    },
    "TitansTunnelWest": {
      "X": 149,
      "Y": 146
    },
    "SardasCave": {
      "X": 156,
      "Y": 143
    },
    "EarthCave1": {
      "X": 96,
      "Y": 236
    },
    "MirageTower1": {
      "X": 104,
      "Y": 67
    },
    "Onrac": {
      "X": 184,
      "Y": 133
    },
    "TitansTunnelEast": {
      "X": 20,
      "Y": 128
    },
    "MatoyasCave": {
      "X": 225,
      "Y": 42
    },
    "DwarfCave": {
      "X": 164,
      "Y": 58
    },
    "Elfland": {
      "X": 28,
      "Y": 143
    },
    "ElflandCastle": {
      "X": 29,
      "Y": 142
    },
    "MarshCave1": {
      "X": 183,
      "Y": 15
    },
    "NorthwestCastle": {
      "X": 226,
      "Y": 222
    },
    "Melmond": {
      "X": 138,
      "Y": 81
    },
    "CrescentLake": {
      "X": 235,
      "Y": 129
    },
    "Lefein": {
      "X": 225,
      "Y": 239
    },
    "BahamutCave1": {
      "X": 237,
      "Y": 180
    },
    "Cardia1": {
      "X": 45,
      "Y": 16
    },
    "Cardia2": {
      "X": 16,
      "Y": 71
    },
    "Cardia4": {
      "X": 176,
      "Y": 240
    },
    "Cardia5": {
      "X": 104,
      "Y": 12
    },
    "Cardia6": {
      "X": 127,
      "Y": 117
    },
    "Waterfall": {
      "X": 188,
      "Y": 41
    },
    "IceCave1": {
      "X": 149,
      "Y": 45
    },
    "GurguVolcano1": {
      "X": 197,
      "Y": 62
    }
  }
}