﻿{
  "StartingLocation": {
    "X": 83,
    "Y": 225
  },
  "AirShipLocation": {
    "X": 70,
    "Y": 163
  },
  "BridgeLocation": {
    "X": 75,
    "Y": 195
  },
  "CanalLocation": {
    "X": 25,
    "Y": 76
  },
  "ShipLocations": [
    {
      "TeleporterIndex": 255,
      "X": 74,
      "Y": 202
    }
  ],
  "TeleporterFixups": [
    {
      "Type": 1,
      "Index": 0,
      "From": null,
      "To": {
        "Map": 255,
        "X": 51,
        "Y": 142
      }
    },
    {
      "Type": 1,
      "Index": 1,
      "From": null,
      "To": {
        "Map": 255,
        "X": 28,
        "Y": 229
      }
    },
    {
      "Type": 1,
      "Index": 2,
      "From": null,
      "To": {
        "Map": 255,
        "X": 61,
        "Y": 114
      }
    },
    {
      "Type": 1,
      "Index": 3,
      "From": null,
      "To": {
        "Map": 255,
        "X": 59,
        "Y": 81
      }
    },
    {
      "Type": 1,
      "Index": 4,
      "From": null,
      "To": {
        "Map": 255,
        "X": 83,
        "Y": 223
      }
    },
    {
      "Type": 1,
      "Index": 5,
      "From": null,
      "To": {
        "Map": 255,
        "X": 28,
        "Y": 82
      }
    },
    {
      "Type": 1,
      "Index": 6,
      "From": null,
      "To": {
        "Map": 255,
        "X": 64,
        "Y": 40
      }
    },
    {
      "Type": 1,
      "Index": 7,
      "From": null,
      "To": {
        "Map": 255,
        "X": 235,
        "Y": 28
      }
    },
    {
      "Type": 1,
      "Index": 8,
      "From": null,
      "To": {
        "Map": 255,
        "X": 98,
        "Y": 60
      }
    }
  ],
  "DomainFixups": [],
  "DomainUpdates": [
    {
      "From": 0,
      "To": 0
    },
    {
      "From": 54,
      "To": 1
    },
    {
      "From": 43,
      "To": 2
    },
    {
      "From": 10,
      "To": 3
    },
    {
      "From": 10,
      "To": 4
    },
    {
      "From": 0,
      "To": 5
    },
    {
      "From": 0,
      "To": 6
    },
    {
      "From": 9,
      "To": 7
    },
    {
      "From": 42,
      "To": 8
    },
    {
      "From": 54,
      "To": 9
    },
    {
      "From": 54,
      "To": 10
    },
    {
      "From": 10,
      "To": 11
    },
    {
      "From": 10,
      "To": 12
    },
    {
      "From": 0,
      "To": 13
    },
    {
      "From": 0,
      "To": 14
    },
    {
      "From": 9,
      "To": 15
    },
    {
      "From": 42,
      "To": 16
    },
    {
      "From": 12,
      "To": 17
    },
    {
      "From": 10,
      "To": 18
    },
    {
      "From": 14,
      "To": 19
    },
    {
      "From": 0,
      "To": 20
    },
    {
      "From": 0,
      "To": 21
    },
    {
      "From": 0,
      "To": 22
    },
    {
      "From": 0,
      "To": 23
    },
    {
      "From": 11,
      "To": 24
    },
    {
      "From": 11,
      "To": 25
    },
    {
      "From": 59,
      "To": 26
    },
    {
      "From": 59,
      "To": 27
    },
    {
      "From": 0,
      "To": 28
    },
    {
      "From": 0,
      "To": 29
    },
    {
      "From": 0,
      "To": 30
    },
    {
      "From": 31,
      "To": 31
    },
    {
      "From": 54,
      "To": 32
    },
    {
      "From": 40,
      "To": 33
    },
    {
      "From": 40,
      "To": 34
    },
    {
      "From": 52,
      "To": 35
    },
    {
      "From": 52,
      "To": 36
    },
    {
      "From": 0,
      "To": 37
    },
    {
      "From": 11,
      "To": 38
    },
    {
      "From": 0,
      "To": 39
    },
    {
      "From": 54,
      "To": 40
    },
    {
      "From": 40,
      "To": 41
    },
    {
      "From": 52,
      "To": 42
    },
    {
      "From": 52,
      "To": 43
    },
    {
      "From": 52,
      "To": 44
    },
    {
      "From": 0,
      "To": 45
    },
    {
      "From": 0,
      "To": 46
    },
    {
      "From": 0,
      "To": 47
    },
    {
      "From": 11,
      "To": 48
    },
    {
      "From": 11,
      "To": 49
    },
    {
      "From": 29,
      "To": 50
    },
    {
      "From": 29,
      "To": 51
    },
    {
      "From": 0,
      "To": 52
    },
    {
      "From": 42,
      "To": 53
    },
    {
      "From": 42,
      "To": 54
    },
    {
      "From": 6,
      "To": 55
    },
    {
      "From": 40,
      "To": 56
    },
    {
      "From": 40,
      "To": 57
    },
    {
      "From": 28,
      "To": 58
    },
    {
      "From": 0,
      "To": 59
    },
    {
      "From": 0,
      "To": 60
    },
    {
      "From": 42,
      "To": 61
    },
    {
      "From": 42,
      "To": 62
    },
    {
      "From": 0,
      "To": 63
    }
  ],
  "OverworldCoordinates": {
    "Coneria": {
      "X": 82,
      "Y": 224
    },
    "ConeriaCastle1": {
      "X": 83,
      "Y": 223
    },
    "TempleOfFiends1": {
      "X": 80,
      "Y": 236
    },
    "Pravoka": {
      "X": 75,
      "Y": 198
    },
    "Gaia": {
      "X": 243,
      "Y": 210
    },
    "CastleOrdeals1": {
      "X": 59,
      "Y": 81
    },
    "TitansTunnelWest": {
      "X": 28,
      "Y": 229
    },
    "SardasCave": {
      "X": 31,
      "Y": 228
    },
    "EarthCave1": {
      "X": 28,
      "Y": 82
    },
    "MirageTower1": {
      "X": 98,
      "Y": 60
    },
    "Onrac": {
      "X": 235,
      "Y": 28
    },
    "TitansTunnelEast": {
      "X": 51,
      "Y": 142
    },
    "MatoyasCave": {
      "X": 96,
      "Y": 191
    },
    "DwarfCave": {
      "X": 48,
      "Y": 138
    },
    "Elfland": {
      "X": 76,
      "Y": 179
    },
    "ElflandCastle": {
      "X": 77,
      "Y": 178
    },
    "MarshCave1": {
      "X": 99,
      "Y": 99
    },
    "NorthwestCastle": {
      "X": 81,
      "Y": 15
    },
    "Melmond": {
      "X": 193,
      "Y": 238
    },
    "CrescentLake": {
      "X": 30,
      "Y": 136
    },
    "Lefein": {
      "X": 227,
      "Y": 127
    },
    "BahamutCave1": {
      "X": 209,
      "Y": 139
    },
    "Cardia1": {
      "X": 111,
      "Y": 45
    },
    "Cardia2": {
      "X": 100,
      "Y": 18
    },
    "Cardia4": {
      "X": 83,
      "Y": 83
    },
    "Cardia5": {
      "X": 16,
      "Y": 216
    },
    "Cardia6": {
      "X": 49,
      "Y": 103
    },
    "Waterfall": {
      "X": 50,
      "Y": 96
    },
    "IceCave1": {
      "X": 61,
      "Y": 114
    },
    "GurguVolcano1": {
      "X": 64,
      "Y": 40
    }
  }
}