﻿{
  "StartingLocation": {
    "X": 39,
    "Y": 154
  },
  "AirShipLocation": {
    "X": 173,
    "Y": 185
  },
  "BridgeLocation": {
    "X": 17,
    "Y": 206
  },
  "CanalLocation": {
    "X": 110,
    "Y": 105
  },
  "ShipLocations": [
    {
      "TeleporterIndex": 255,
      "X": 16,
      "Y": 213
    }
  ],
  "TeleporterFixups": [
    {
      "Type": 1,
      "Index": 0,
      "From": null,
      "To": {
        "Map": 255,
        "X": 44,
        "Y": 197
      }
    },
    {
      "Type": 1,
      "Index": 1,
      "From": null,
      "To": {
        "Map": 255,
        "X": 194,
        "Y": 199
      }
    },
    {
      "Type": 1,
      "Index": 2,
      "From": null,
      "To": {
        "Map": 255,
        "X": 174,
        "Y": 144
      }
    },
    {
      "Type": 1,
      "Index": 3,
      "From": null,
      "To": {
        "Map": 255,
        "X": 176,
        "Y": 204
      }
    },
    {
      "Type": 1,
      "Index": 4,
      "From": null,
      "To": {
        "Map": 255,
        "X": 39,
        "Y": 152
      }
    },
    {
      "Type": 1,
      "Index": 5,
      "From": null,
      "To": {
        "Map": 255,
        "X": 127,
        "Y": 112
      }
    },
    {
      "Type": 1,
      "Index": 6,
      "From": null,
      "To": {
        "Map": 255,
        "X": 188,
        "Y": 141
      }
    },
    {
      "Type": 1,
      "Index": 7,
      "From": null,
      "To": {
        "Map": 255,
        "X": 120,
        "Y": 23
      }
    },
    {
      "Type": 1,
      "Index": 8,
      "From": null,
      "To": {
        "Map": 255,
        "X": 59,
        "Y": 194
      }
    }
  ],
  "DomainFixups": [],
  "DomainUpdates": [
    {
      "From": 0,
      "To": 0
    },
    {
      "From": 0,
      "To": 1
    },
    {
      "From": 0,
      "To": 2
    },
    {
      "From": 9,
      "To": 3
    },
    {
      "From": 9,
      "To": 4
    },
    {
      "From": 0,
      "To": 5
    },
    {
      "From": 6,
      "To": 6
    },
    {
      "From": 0,
      "To": 7
    },
    {
      "From": 0,
      "To": 8
    },
    {
      "From": 0,
      "To": 9
    },
    {
      "From": 0,
      "To": 10
    },
    {
      "From": 9,
      "To": 11
    },
    {
      "From": 0,
      "To": 12
    },
    {
      "From": 0,
      "To": 13
    },
    {
      "From": 11,
      "To": 14
    },
    {
      "From": 0,
      "To": 15
    },
    {
      "From": 0,
      "To": 16
    },
    {
      "From": 0,
      "To": 17
    },
    {
      "From": 0,
      "To": 18
    },
    {
      "From": 42,
      "To": 19
    },
    {
      "From": 42,
      "To": 20
    },
    {
      "From": 0,
      "To": 21
    },
    {
      "From": 10,
      "To": 22
    },
    {
      "From": 59,
      "To": 23
    },
    {
      "From": 0,
      "To": 24
    },
    {
      "From": 0,
      "To": 25
    },
    {
      "From": 0,
      "To": 26
    },
    {
      "From": 42,
      "To": 27
    },
    {
      "From": 42,
      "To": 28
    },
    {
      "From": 11,
      "To": 29
    },
    {
      "From": 11,
      "To": 30
    },
    {
      "From": 11,
      "To": 31
    },
    {
      "From": 36,
      "To": 32
    },
    {
      "From": 42,
      "To": 33
    },
    {
      "From": 42,
      "To": 34
    },
    {
      "From": 52,
      "To": 35
    },
    {
      "From": 11,
      "To": 36
    },
    {
      "From": 11,
      "To": 37
    },
    {
      "From": 43,
      "To": 38
    },
    {
      "From": 43,
      "To": 39
    },
    {
      "From": 28,
      "To": 40
    },
    {
      "From": 54,
      "To": 41
    },
    {
      "From": 52,
      "To": 42
    },
    {
      "From": 52,
      "To": 43
    },
    {
      "From": 11,
      "To": 44
    },
    {
      "From": 29,
      "To": 45
    },
    {
      "From": 10,
      "To": 46
    },
    {
      "From": 0,
      "To": 47
    },
    {
      "From": 40,
      "To": 48
    },
    {
      "From": 40,
      "To": 49
    },
    {
      "From": 14,
      "To": 50
    },
    {
      "From": 0,
      "To": 51
    },
    {
      "From": 12,
      "To": 52
    },
    {
      "From": 12,
      "To": 53
    },
    {
      "From": 35,
      "To": 54
    },
    {
      "From": 0,
      "To": 55
    },
    {
      "From": 40,
      "To": 56
    },
    {
      "From": 40,
      "To": 57
    },
    {
      "From": 0,
      "To": 58
    },
    {
      "From": 0,
      "To": 59
    },
    {
      "From": 35,
      "To": 60
    },
    {
      "From": 35,
      "To": 61
    },
    {
      "From": 35,
      "To": 62
    },
    {
      "From": 0,
      "To": 63
    }
  ],
  "OverworldCoordinates": {
    "Coneria": {
      "X": 38,
      "Y": 153
    },
    "ConeriaCastle1": {
      "X": 39,
      "Y": 152
    },
    "TempleOfFiends1": {
      "X": 28,
      "Y": 174
    },
    "Pravoka": {
      "X": 17,
      "Y": 209
    },
    "Gaia": {
      "X": 216,
      "Y": 20
    },
    "CastleOrdeals1": {
      "X": 176,
      "Y": 204
    },
    "TitansTunnelWest": {
      "X": 194,
      "Y": 199
    },
    "SardasCave": {
      "X": 196,
      "Y": 199
    },
    "EarthCave1": {
      "X": 127,
      "Y": 112
    },
    "MirageTower1": {
      "X": 59,
      "Y": 194
    },
    "Onrac": {
      "X": 120,
      "Y": 23
    },
    "TitansTunnelEast": {
      "X": 44,
      "Y": 197
    },
    "MatoyasCave": {
      "X": 180,
      "Y": 179
    },
    "DwarfCave": {
      "X": 185,
      "Y": 228
    },
    "Elfland": {
      "X": 88,
      "Y": 173
    },
    "ElflandCastle": {
      "X": 89,
      "Y": 172
    },
    "MarshCave1": {
      "X": 226,
      "Y": 91
    },
    "NorthwestCastle": {
      "X": 218,
      "Y": 143
    },
    "Melmond": {
      "X": 54,
      "Y": 139
    },
    "CrescentLake": {
      "X": 55,
      "Y": 168
    },
    "Lefein": {
      "X": 237,
      "Y": 73
    },
    "BahamutCave1": {
      "X": 204,
      "Y": 52
    },
    "Cardia1": {
      "X": 214,
      "Y": 223
    },
    "Cardia2": {
      "X": 192,
      "Y": 160
    },
    "Cardia4": {
      "X": 202,
      "Y": 91
    },
    "Cardia5": {
      "X": 173,
      "Y": 124
    },
    "Cardia6": {
      "X": 209,
      "Y": 111
    },
    "Waterfall": {
      "X": 195,
      "Y": 176
    },
    "IceCave1": {
      "X": 174,
      "Y": 144
    },
    "GurguVolcano1": {
      "X": 188,
      "Y": 141
    }
  }
}