﻿{
  "StartingLocation": {
    "X": 202,
    "Y": 133
  },
  "AirShipLocation": {
    "X": 72,
    "Y": 212
  },
  "BridgeLocation": {
    "X": 196,
    "Y": 152
  },
  "CanalLocation": {
    "X": 87,
    "Y": 93
  },
  "ShipLocations": [
    {
      "TeleporterIndex": 255,
      "X": 195,
      "Y": 159
    }
  ],
  "TeleporterFixups": [
    {
      "Type": 1,
      "Index": 0,
      "From": null,
      "To": {
        "Map": 255,
        "X": 44,
        "Y": 192
      }
    },
    {
      "Type": 1,
      "Index": 1,
      "From": null,
      "To": {
        "Map": 255,
        "X": 68,
        "Y": 130
      }
    },
    {
      "Type": 1,
      "Index": 2,
      "From": null,
      "To": {
        "Map": 255,
        "X": 35,
        "Y": 111
      }
    },
    {
      "Type": 1,
      "Index": 3,
      "From": null,
      "To": {
        "Map": 255,
        "X": 54,
        "Y": 132
      }
    },
    {
      "Type": 1,
      "Index": 4,
      "From": null,
      "To": {
        "Map": 255,
        "X": 202,
        "Y": 131
      }
    },
    {
      "Type": 1,
      "Index": 5,
      "From": null,
      "To": {
        "Map": 255,
        "X": 76,
        "Y": 106
      }
    },
    {
      "Type": 1,
      "Index": 6,
      "From": null,
      "To": {
        "Map": 255,
        "X": 50,
        "Y": 100
      }
    },
    {
      "Type": 1,
      "Index": 7,
      "From": null,
      "To": {
        "Map": 255,
        "X": 44,
        "Y": 81
      }
    },
    {
      "Type": 1,
      "Index": 8,
      "From": null,
      "To": {
        "Map": 255,
        "X": 233,
        "Y": 111
      }
    }
  ],
  "DomainFixups": [],
  "DomainUpdates": [
    {
      "From": 6,
      "To": 0
    },
    {
      "From": 0,
      "To": 1
    },
    {
      "From": 0,
      "To": 2
    },
    {
      "From": 0,
      "To": 3
    },
    {
      "From": 11,
      "To": 4
    },
    {
      "From": 10,
      "To": 5
    },
    {
      "From": 11,
      "To": 6
    },
    {
      "From": 11,
      "To": 7
    },
    {
      "From": 6,
      "To": 8
    },
    {
      "From": 9,
      "To": 9
    },
    {
      "From": 10,
      "To": 10
    },
    {
      "From": 10,
      "To": 11
    },
    {
      "From": 0,
      "To": 12
    },
    {
      "From": 10,
      "To": 13
    },
    {
      "From": 0,
      "To": 14
    },
    {
      "From": 0,
      "To": 15
    },
    {
      "From": 9,
      "To": 16
    },
    {
      "From": 9,
      "To": 17
    },
    {
      "From": 42,
      "To": 18
    },
    {
      "From": 10,
      "To": 19
    },
    {
      "From": 28,
      "To": 20
    },
    {
      "From": 28,
      "To": 21
    },
    {
      "From": 0,
      "To": 22
    },
    {
      "From": 0,
      "To": 23
    },
    {
      "From": 54,
      "To": 24
    },
    {
      "From": 54,
      "To": 25
    },
    {
      "From": 42,
      "To": 26
    },
    {
      "From": 42,
      "To": 27
    },
    {
      "From": 28,
      "To": 28
    },
    {
      "From": 28,
      "To": 29
    },
    {
      "From": 52,
      "To": 30
    },
    {
      "From": 14,
      "To": 31
    },
    {
      "From": 42,
      "To": 32
    },
    {
      "From": 12,
      "To": 33
    },
    {
      "From": 1,
      "To": 34
    },
    {
      "From": 35,
      "To": 35
    },
    {
      "From": 35,
      "To": 36
    },
    {
      "From": 35,
      "To": 37
    },
    {
      "From": 36,
      "To": 38
    },
    {
      "From": 36,
      "To": 39
    },
    {
      "From": 42,
      "To": 40
    },
    {
      "From": 1,
      "To": 41
    },
    {
      "From": 43,
      "To": 42
    },
    {
      "From": 1,
      "To": 43
    },
    {
      "From": 35,
      "To": 44
    },
    {
      "From": 35,
      "To": 45
    },
    {
      "From": 35,
      "To": 46
    },
    {
      "From": 59,
      "To": 47
    },
    {
      "From": 42,
      "To": 48
    },
    {
      "From": 54,
      "To": 49
    },
    {
      "From": 54,
      "To": 50
    },
    {
      "From": 0,
      "To": 51
    },
    {
      "From": 0,
      "To": 52
    },
    {
      "From": 0,
      "To": 53
    },
    {
      "From": 59,
      "To": 54
    },
    {
      "From": 59,
      "To": 55
    },
    {
      "From": 0,
      "To": 56
    },
    {
      "From": 54,
      "To": 57
    },
    {
      "From": 54,
      "To": 58
    },
    {
      "From": 0,
      "To": 59
    },
    {
      "From": 0,
      "To": 60
    },
    {
      "From": 11,
      "To": 61
    },
    {
      "From": 0,
      "To": 62
    },
    {
      "From": 0,
      "To": 63
    }
  ],
  "OverworldCoordinates": {
    "Coneria": {
      "X": 201,
      "Y": 132
    },
    "ConeriaCastle1": {
      "X": 202,
      "Y": 131
    },
    "TempleOfFiends1": {
      "X": 140,
      "Y": 89
    },
    "Pravoka": {
      "X": 196,
      "Y": 155
    },
    "Gaia": {
      "X": 19,
      "Y": 34
    },
    "CastleOrdeals1": {
      "X": 54,
      "Y": 132
    },
    "TitansTunnelWest": {
      "X": 68,
      "Y": 130
    },
    "SardasCave": {
      "X": 74,
      "Y": 138
    },
    "EarthCave1": {
      "X": 76,
      "Y": 106
    },
    "MirageTower1": {
      "X": 233,
      "Y": 111
    },
    "Onrac": {
      "X": 44,
      "Y": 81
    },
    "TitansTunnelEast": {
      "X": 44,
      "Y": 192
    },
    "MatoyasCave": {
      "X": 194,
      "Y": 144
    },
    "DwarfCave": {
      "X": 187,
      "Y": 157
    },
    "Elfland": {
      "X": 213,
      "Y": 118
    },
    "ElflandCastle": {
      "X": 214,
      "Y": 117
    },
    "MarshCave1": {
      "X": 230,
      "Y": 202
    },
    "NorthwestCastle": {
      "X": 73,
      "Y": 179
    },
    "Melmond": {
      "X": 23,
      "Y": 179
    },
    "CrescentLake": {
      "X": 59,
      "Y": 195
    },
    "Lefein": {
      "X": 84,
      "Y": 123
    },
    "BahamutCave1": {
      "X": 141,
      "Y": 20
    },
    "Cardia1": {
      "X": 92,
      "Y": 48
    },
    "Cardia2": {
      "X": 111,
      "Y": 82
    },
    "Cardia4": {
      "X": 183,
      "Y": 32
    },
    "Cardia5": {
      "X": 171,
      "Y": 239
    },
    "Cardia6": {
      "X": 226,
      "Y": 20
    },
    "Waterfall": {
      "X": 80,
      "Y": 157
    },
    "IceCave1": {
      "X": 35,
      "Y": 111
    },
    "GurguVolcano1": {
      "X": 50,
      "Y": 100
    }
  }
}