﻿{
  "StartingLocation": {
    "X": 32,
    "Y": 151
  },
  "AirShipLocation": {
    "X": 33,
    "Y": 28
  },
  "BridgeLocation": {
    "X": 65,
    "Y": 183
  },
  "CanalLocation": {
    "X": 114,
    "Y": 102
  },
  "ShipLocations": [
    {
      "TeleporterIndex": 1,
      "X": 16,
      "Y": 168
    },
    {
      "TeleporterIndex": 9,
      "X": 16,
      "Y": 168
    },
    {
      "TeleporterIndex": 255,
      "X": 16,
      "Y": 168
    },
    {
      "TeleporterIndex": 13,
      "X": 16,
      "Y": 168
    },
    {
      "TeleporterIndex": 2,
      "X": 64,
      "Y": 190
    },
    {
      "TeleporterIndex": 3,
      "X": 16,
      "Y": 168
    },
    {
      "TeleporterIndex": 10,
      "X": 16,
      "Y": 168
    },
    {
      "TeleporterIndex": 23,
      "X": 72,
      "Y": 208
    },
    {
      "TeleporterIndex": 11,
      "X": 237,
      "Y": 154
    },
    {
      "TeleporterIndex": 4,
      "X": 234,
      "Y": 41
    },
    {
      "TeleporterIndex": 5,
      "X": 176,
      "Y": 21
    },
    {
      "TeleporterIndex": 8,
      "X": 16,
      "Y": 168
    }
  ],
  "TeleporterFixups": [
    {
      "Type": 1,
      "Index": 0,
      "From": null,
      "To": {
        "Map": 255,
        "X": 82,
        "Y": 143
      }
    },
    {
      "Type": 1,
      "Index": 1,
      "From": null,
      "To": {
        "Map": 255,
        "X": 73,
        "Y": 31
      }
    },
    {
      "Type": 1,
      "Index": 2,
      "From": null,
      "To": {
        "Map": 255,
        "X": 64,
        "Y": 59
      }
    },
    {
      "Type": 1,
      "Index": 3,
      "From": null,
      "To": {
        "Map": 255,
        "X": 51,
        "Y": 75
      }
    },
    {
      "Type": 1,
      "Index": 4,
      "From": null,
      "To": {
        "Map": 255,
        "X": 32,
        "Y": 149
      }
    },
    {
      "Type": 1,
      "Index": 5,
      "From": null,
      "To": {
        "Map": 255,
        "X": 97,
        "Y": 103
      }
    },
    {
      "Type": 1,
      "Index": 6,
      "From": null,
      "To": {
        "Map": 255,
        "X": 101,
        "Y": 126
      }
    },
    {
      "Type": 1,
      "Index": 7,
      "From": null,
      "To": {
        "Map": 255,
        "X": 200,
        "Y": 237
      }
    },
    {
      "Type": 1,
      "Index": 8,
      "From": null,
      "To": {
        "Map": 255,
        "X": 87,
        "Y": 52
      }
    }
  ],
  "DomainFixups": [],
  "DomainUpdates": [
    {
      "From": 54,
      "To": 0
    },
    {
      "From": 54,
      "To": 1
    },
    {
      "From": 14,
      "To": 2
    },
    {
      "From": 14,
      "To": 3
    },
    {
      "From": 54,
      "To": 4
    },
    {
      "From": 54,
      "To": 5
    },
    {
      "From": 42,
      "To": 6
    },
    {
      "From": 42,
      "To": 7
    },
    {
      "From": 54,
      "To": 8
    },
    {
      "From": 54,
      "To": 9
    },
    {
      "From": 14,
      "To": 10
    },
    {
      "From": 14,
      "To": 11
    },
    {
      "From": 54,
      "To": 12
    },
    {
      "From": 54,
      "To": 13
    },
    {
      "From": 42,
      "To": 14
    },
    {
      "From": 42,
      "To": 15
    },
    {
      "From": 11,
      "To": 16
    },
    {
      "From": 12,
      "To": 17
    },
    {
      "From": 11,
      "To": 18
    },
    {
      "From": 42,
      "To": 19
    },
    {
      "From": 0,
      "To": 20
    },
    {
      "From": 0,
      "To": 21
    },
    {
      "From": 0,
      "To": 22
    },
    {
      "From": 0,
      "To": 23
    },
    {
      "From": 1,
      "To": 24
    },
    {
      "From": 11,
      "To": 25
    },
    {
      "From": 11,
      "To": 26
    },
    {
      "From": 42,
      "To": 27
    },
    {
      "From": 0,
      "To": 28
    },
    {
      "From": 0,
      "To": 29
    },
    {
      "From": 0,
      "To": 30
    },
    {
      "From": 0,
      "To": 31
    },
    {
      "From": 36,
      "To": 32
    },
    {
      "From": 52,
      "To": 33
    },
    {
      "From": 40,
      "To": 34
    },
    {
      "From": 35,
      "To": 35
    },
    {
      "From": 35,
      "To": 36
    },
    {
      "From": 0,
      "To": 37
    },
    {
      "From": 43,
      "To": 38
    },
    {
      "From": 43,
      "To": 39
    },
    {
      "From": 28,
      "To": 40
    },
    {
      "From": 52,
      "To": 41
    },
    {
      "From": 29,
      "To": 42
    },
    {
      "From": 35,
      "To": 43
    },
    {
      "From": 0,
      "To": 44
    },
    {
      "From": 0,
      "To": 45
    },
    {
      "From": 10,
      "To": 46
    },
    {
      "From": 10,
      "To": 47
    },
    {
      "From": 0,
      "To": 48
    },
    {
      "From": 59,
      "To": 49
    },
    {
      "From": 59,
      "To": 50
    },
    {
      "From": 59,
      "To": 51
    },
    {
      "From": 0,
      "To": 52
    },
    {
      "From": 9,
      "To": 53
    },
    {
      "From": 9,
      "To": 54
    },
    {
      "From": 10,
      "To": 55
    },
    {
      "From": 0,
      "To": 56
    },
    {
      "From": 59,
      "To": 57
    },
    {
      "From": 59,
      "To": 58
    },
    {
      "From": 10,
      "To": 59
    },
    {
      "From": 0,
      "To": 60
    },
    {
      "From": 9,
      "To": 61
    },
    {
      "From": 9,
      "To": 62
    },
    {
      "From": 0,
      "To": 63
    }
  ],
  "OverworldCoordinates": {
    "Coneria": {
      "X": 31,
      "Y": 150
    },
    "ConeriaCastle1": {
      "X": 32,
      "Y": 149
    },
    "TempleOfFiends1": {
      "X": 15,
      "Y": 184
    },
    "Pravoka": {
      "X": 65,
      "Y": 186
    },
    "Gaia": {
      "X": 84,
      "Y": 115
    },
    "CastleOrdeals1": {
      "X": 51,
      "Y": 75
    },
    "TitansTunnelWest": {
      "X": 73,
      "Y": 31
    },
    "SardasCave": {
      "X": 71,
      "Y": 31
    },
    "EarthCave1": {
      "X": 97,
      "Y": 103
    },
    "MirageTower1": {
      "X": 87,
      "Y": 52
    },
    "Onrac": {
      "X": 200,
      "Y": 237
    },
    "TitansTunnelEast": {
      "X": 82,
      "Y": 143
    },
    "MatoyasCave": {
      "X": 67,
      "Y": 179
    },
    "DwarfCave": {
      "X": 108,
      "Y": 144
    },
    "Elfland": {
      "X": 46,
      "Y": 159
    },
    "ElflandCastle": {
      "X": 47,
      "Y": 158
    },
    "MarshCave1": {
      "X": 65,
      "Y": 226
    },
    "NorthwestCastle": {
      "X": 216,
      "Y": 136
    },
    "Melmond": {
      "X": 217,
      "Y": 39
    },
    "CrescentLake": {
      "X": 148,
      "Y": 32
    },
    "Lefein": {
      "X": 53,
      "Y": 138
    },
    "BahamutCave1": {
      "X": 170,
      "Y": 237
    },
    "Cardia1": {
      "X": 103,
      "Y": 229
    },
    "Cardia2": {
      "X": 118,
      "Y": 19
    },
    "Cardia4": {
      "X": 232,
      "Y": 180
    },
    "Cardia5": {
      "X": 68,
      "Y": 96
    },
    "Cardia6": {
      "X": 19,
      "Y": 103
    },
    "Waterfall": {
      "X": 31,
      "Y": 120
    },
    "IceCave1": {
      "X": 64,
      "Y": 59
    },
    "GurguVolcano1": {
      "X": 101,
      "Y": 126
    }
  }
}