﻿{
  "StartingLocation": {
    "X": 174,
    "Y": 121
  },
  "AirShipLocation": {
    "X": 41,
    "Y": 83
  },
  "BridgeLocation": {
    "X": 168,
    "Y": 131
  },
  "CanalLocation": {
    "X": 85,
    "Y": 90
  },
  "ShipLocations": [
    {
      "TeleporterIndex": 1,
      "X": 167,
      "Y": 138
    },
    {
      "TeleporterIndex": 9,
      "X": 167,
      "Y": 138
    },
    {
      "TeleporterIndex": 255,
      "X": 167,
      "Y": 138
    },
    {
      "TeleporterIndex": 13,
      "X": 167,
      "Y": 138
    },
    {
      "TeleporterIndex": 2,
      "X": 167,
      "Y": 138
    },
    {
      "TeleporterIndex": 24,
      "X": 167,
      "Y": 138
    },
    {
      "TeleporterIndex": 7,
      "X": 167,
      "Y": 138
    },
    {
      "TeleporterIndex": 3,
      "X": 57,
      "Y": 28
    },
    {
      "TeleporterIndex": 10,
      "X": 57,
      "Y": 28
    },
    {
      "TeleporterIndex": 23,
      "X": 100,
      "Y": 55
    },
    {
      "TeleporterIndex": 11,
      "X": 206,
      "Y": 56
    },
    {
      "TeleporterIndex": 4,
      "X": 57,
      "Y": 28
    },
    {
      "TeleporterIndex": 5,
      "X": 216,
      "Y": 199
    },
    {
      "TeleporterIndex": 8,
      "X": 206,
      "Y": 56
    },
    {
      "TeleporterIndex": 28,
      "X": 57,
      "Y": 28
    },
    {
      "TeleporterIndex": 29,
      "X": 177,
      "Y": 41
    }
  ],
  "TeleporterFixups": [
    {
      "Type": 1,
      "Index": 0,
      "From": null,
      "To": {
        "Map": 255,
        "X": 126,
        "Y": 23
      }
    },
    {
      "Type": 1,
      "Index": 1,
      "From": null,
      "To": {
        "Map": 255,
        "X": 37,
        "Y": 201
      }
    },
    {
      "Type": 1,
      "Index": 2,
      "From": null,
      "To": {
        "Map": 255,
        "X": 49,
        "Y": 113
      }
    },
    {
      "Type": 1,
      "Index": 3,
      "From": null,
      "To": {
        "Map": 255,
        "X": 70,
        "Y": 120
      }
    },
    {
      "Type": 1,
      "Index": 4,
      "From": null,
      "To": {
        "Map": 255,
        "X": 174,
        "Y": 119
      }
    },
    {
      "Type": 1,
      "Index": 5,
      "From": null,
      "To": {
        "Map": 255,
        "X": 108,
        "Y": 78
      }
    },
    {
      "Type": 1,
      "Index": 6,
      "From": null,
      "To": {
        "Map": 255,
        "X": 125,
        "Y": 72
      }
    },
    {
      "Type": 1,
      "Index": 7,
      "From": null,
      "To": {
        "Map": 255,
        "X": 175,
        "Y": 76
      }
    },
    {
      "Type": 1,
      "Index": 8,
      "From": null,
      "To": {
        "Map": 255,
        "X": 173,
        "Y": 154
      }
    }
  ],
  "DomainFixups": [],
  "DomainUpdates": [
    {
      "From": 11,
      "To": 0
    },
    {
      "From": 52,
      "To": 1
    },
    {
      "From": 52,
      "To": 2
    },
    {
      "From": 40,
      "To": 3
    },
    {
      "From": 40,
      "To": 4
    },
    {
      "From": 11,
      "To": 5
    },
    {
      "From": 0,
      "To": 6
    },
    {
      "From": 0,
      "To": 7
    },
    {
      "From": 52,
      "To": 8
    },
    {
      "From": 52,
      "To": 9
    },
    {
      "From": 1,
      "To": 10
    },
    {
      "From": 1,
      "To": 11
    },
    {
      "From": 59,
      "To": 12
    },
    {
      "From": 11,
      "To": 13
    },
    {
      "From": 43,
      "To": 14
    },
    {
      "From": 0,
      "To": 15
    },
    {
      "From": 35,
      "To": 16
    },
    {
      "From": 35,
      "To": 17
    },
    {
      "From": 42,
      "To": 18
    },
    {
      "From": 54,
      "To": 19
    },
    {
      "From": 54,
      "To": 20
    },
    {
      "From": 9,
      "To": 21
    },
    {
      "From": 43,
      "To": 22
    },
    {
      "From": 0,
      "To": 23
    },
    {
      "From": 35,
      "To": 24
    },
    {
      "From": 54,
      "To": 25
    },
    {
      "From": 12,
      "To": 26
    },
    {
      "From": 54,
      "To": 27
    },
    {
      "From": 28,
      "To": 28
    },
    {
      "From": 28,
      "To": 29
    },
    {
      "From": 10,
      "To": 30
    },
    {
      "From": 10,
      "To": 31
    },
    {
      "From": 29,
      "To": 32
    },
    {
      "From": 54,
      "To": 33
    },
    {
      "From": 12,
      "To": 34
    },
    {
      "From": 12,
      "To": 35
    },
    {
      "From": 14,
      "To": 36
    },
    {
      "From": 14,
      "To": 37
    },
    {
      "From": 14,
      "To": 38
    },
    {
      "From": 10,
      "To": 39
    },
    {
      "From": 6,
      "To": 40
    },
    {
      "From": 54,
      "To": 41
    },
    {
      "From": 12,
      "To": 42
    },
    {
      "From": 0,
      "To": 43
    },
    {
      "From": 10,
      "To": 44
    },
    {
      "From": 0,
      "To": 45
    },
    {
      "From": 54,
      "To": 46
    },
    {
      "From": 54,
      "To": 47
    },
    {
      "From": 40,
      "To": 48
    },
    {
      "From": 40,
      "To": 49
    },
    {
      "From": 0,
      "To": 50
    },
    {
      "From": 11,
      "To": 51
    },
    {
      "From": 11,
      "To": 52
    },
    {
      "From": 0,
      "To": 53
    },
    {
      "From": 54,
      "To": 54
    },
    {
      "From": 54,
      "To": 55
    },
    {
      "From": 0,
      "To": 56
    },
    {
      "From": 40,
      "To": 57
    },
    {
      "From": 0,
      "To": 58
    },
    {
      "From": 0,
      "To": 59
    },
    {
      "From": 0,
      "To": 60
    },
    {
      "From": 0,
      "To": 61
    },
    {
      "From": 0,
      "To": 62
    },
    {
      "From": 0,
      "To": 63
    }
  ],
  "OverworldCoordinates": {
    "Coneria": {
      "X": 173,
      "Y": 120
    },
    "ConeriaCastle1": {
      "X": 174,
      "Y": 119
    },
    "TempleOfFiends1": {
      "X": 172,
      "Y": 97
    },
    "Pravoka": {
      "X": 168,
      "Y": 134
    },
    "Gaia": {
      "X": 25,
      "Y": 185
    },
    "CastleOrdeals1": {
      "X": 70,
      "Y": 120
    },
    "TitansTunnelWest": {
      "X": 37,
      "Y": 201
    },
    "SardasCave": {
      "X": 41,
      "Y": 218
    },
    "EarthCave1": {
      "X": 108,
      "Y": 78
    },
    "MirageTower1": {
      "X": 173,
      "Y": 154
    },
    "Onrac": {
      "X": 175,
      "Y": 76
    },
    "TitansTunnelEast": {
      "X": 126,
      "Y": 23
    },
    "MatoyasCave": {
      "X": 26,
      "Y": 107
    },
    "DwarfCave": {
      "X": 22,
      "Y": 108
    },
    "Elfland": {
      "X": 43,
      "Y": 39
    },
    "ElflandCastle": {
      "X": 44,
      "Y": 38
    },
    "MarshCave1": {
      "X": 133,
      "Y": 50
    },
    "NorthwestCastle": {
      "X": 217,
      "Y": 81
    },
    "Melmond": {
      "X": 41,
      "Y": 54
    },
    "CrescentLake": {
      "X": 231,
      "Y": 190
    },
    "Lefein": {
      "X": 199,
      "Y": 74
    },
    "BahamutCave1": {
      "X": 127,
      "Y": 206
    },
    "Cardia1": {
      "X": 222,
      "Y": 124
    },
    "Cardia2": {
      "X": 193,
      "Y": 35
    },
    "Cardia4": {
      "X": 144,
      "Y": 179
    },
    "Cardia5": {
      "X": 34,
      "Y": 20
    },
    "Cardia6": {
      "X": 151,
      "Y": 37
    },
    "Waterfall": {
      "X": 102,
      "Y": 42
    },
    "IceCave1": {
      "X": 49,
      "Y": 113
    },
    "GurguVolcano1": {
      "X": 125,
      "Y": 72
    }
  }
}