﻿{
  "StartingLocation": {
    "X": 72,
    "Y": 213
  },
  "AirShipLocation": {
    "X": 21,
    "Y": 27
  },
  "BridgeLocation": {
    "X": 90,
    "Y": 223
  },
  "CanalLocation": {
    "X": 101,
    "Y": 153
  },
  "ShipLocations": [
    {
      "TeleporterIndex": 255,
      "X": 89,
      "Y": 230
    }
  ],
  "TeleporterFixups": [
    {
      "Type": 1,
      "Index": 0,
      "From": null,
      "To": {
        "Map": 255,
        "X": 74,
        "Y": 233
      }
    },
    {
      "Type": 1,
      "Index": 1,
      "From": null,
      "To": {
        "Map": 255,
        "X": 67,
        "Y": 198
      }
    },
    {
      "Type": 1,
      "Index": 2,
      "From": null,
      "To": {
        "Map": 255,
        "X": 80,
        "Y": 155
      }
    },
    {
      "Type": 1,
      "Index": 3,
      "From": null,
      "To": {
        "Map": 255,
        "X": 105,
        "Y": 67
      }
    },
    {
      "Type": 1,
      "Index": 4,
      "From": null,
      "To": {
        "Map": 255,
        "X": 72,
        "Y": 211
      }
    },
    {
      "Type": 1,
      "Index": 5,
      "From": null,
      "To": {
        "Map": 255,
        "X": 109,
        "Y": 112
      }
    },
    {
      "Type": 1,
      "Index": 6,
      "From": null,
      "To": {
        "Map": 255,
        "X": 47,
        "Y": 198
      }
    },
    {
      "Type": 1,
      "Index": 7,
      "From": null,
      "To": {
        "Map": 255,
        "X": 171,
        "Y": 26
      }
    },
    {
      "Type": 1,
      "Index": 8,
      "From": null,
      "To": {
        "Map": 255,
        "X": 179,
        "Y": 120
      }
    }
  ],
  "DomainFixups": [],
  "DomainUpdates": [
    {
      "From": 35,
      "To": 0
    },
    {
      "From": 35,
      "To": 1
    },
    {
      "From": 54,
      "To": 2
    },
    {
      "From": 54,
      "To": 3
    },
    {
      "From": 29,
      "To": 4
    },
    {
      "From": 9,
      "To": 5
    },
    {
      "From": 0,
      "To": 6
    },
    {
      "From": 0,
      "To": 7
    },
    {
      "From": 35,
      "To": 8
    },
    {
      "From": 35,
      "To": 9
    },
    {
      "From": 12,
      "To": 10
    },
    {
      "From": 11,
      "To": 11
    },
    {
      "From": 29,
      "To": 12
    },
    {
      "From": 11,
      "To": 13
    },
    {
      "From": 0,
      "To": 14
    },
    {
      "From": 0,
      "To": 15
    },
    {
      "From": 10,
      "To": 16
    },
    {
      "From": 42,
      "To": 17
    },
    {
      "From": 42,
      "To": 18
    },
    {
      "From": 12,
      "To": 19
    },
    {
      "From": 11,
      "To": 20
    },
    {
      "From": 11,
      "To": 21
    },
    {
      "From": 0,
      "To": 22
    },
    {
      "From": 0,
      "To": 23
    },
    {
      "From": 0,
      "To": 24
    },
    {
      "From": 42,
      "To": 25
    },
    {
      "From": 10,
      "To": 26
    },
    {
      "From": 42,
      "To": 27
    },
    {
      "From": 11,
      "To": 28
    },
    {
      "From": 14,
      "To": 29
    },
    {
      "From": 0,
      "To": 30
    },
    {
      "From": 0,
      "To": 31
    },
    {
      "From": 28,
      "To": 32
    },
    {
      "From": 10,
      "To": 33
    },
    {
      "From": 10,
      "To": 34
    },
    {
      "From": 10,
      "To": 35
    },
    {
      "From": 0,
      "To": 36
    },
    {
      "From": 43,
      "To": 37
    },
    {
      "From": 43,
      "To": 38
    },
    {
      "From": 43,
      "To": 39
    },
    {
      "From": 28,
      "To": 40
    },
    {
      "From": 10,
      "To": 41
    },
    {
      "From": 36,
      "To": 42
    },
    {
      "From": 54,
      "To": 43
    },
    {
      "From": 0,
      "To": 44
    },
    {
      "From": 43,
      "To": 45
    },
    {
      "From": 43,
      "To": 46
    },
    {
      "From": 43,
      "To": 47
    },
    {
      "From": 28,
      "To": 48
    },
    {
      "From": 54,
      "To": 49
    },
    {
      "From": 36,
      "To": 50
    },
    {
      "From": 40,
      "To": 51
    },
    {
      "From": 0,
      "To": 52
    },
    {
      "From": 0,
      "To": 53
    },
    {
      "From": 52,
      "To": 54
    },
    {
      "From": 52,
      "To": 55
    },
    {
      "From": 28,
      "To": 56
    },
    {
      "From": 40,
      "To": 57
    },
    {
      "From": 40,
      "To": 58
    },
    {
      "From": 40,
      "To": 59
    },
    {
      "From": 0,
      "To": 60
    },
    {
      "From": 0,
      "To": 61
    },
    {
      "From": 52,
      "To": 62
    },
    {
      "From": 59,
      "To": 63
    }
  ],
  "OverworldCoordinates": {
    "Coneria": {
      "X": 71,
      "Y": 212
    },
    "ConeriaCastle1": {
      "X": 72,
      "Y": 211
    },
    "TempleOfFiends1": {
      "X": 24,
      "Y": 219
    },
    "Pravoka": {
      "X": 90,
      "Y": 226
    },
    "Gaia": {
      "X": 40,
      "Y": 83
    },
    "CastleOrdeals1": {
      "X": 105,
      "Y": 67
    },
    "TitansTunnelWest": {
      "X": 67,
      "Y": 198
    },
    "SardasCave": {
      "X": 69,
      "Y": 198
    },
    "EarthCave1": {
      "X": 109,
      "Y": 112
    },
    "MirageTower1": {
      "X": 179,
      "Y": 120
    },
    "Onrac": {
      "X": 171,
      "Y": 26
    },
    "TitansTunnelEast": {
      "X": 74,
      "Y": 233
    },
    "MatoyasCave": {
      "X": 140,
      "Y": 47
    },
    "DwarfCave": {
      "X": 37,
      "Y": 36
    },
    "Elfland": {
      "X": 225,
      "Y": 217
    },
    "ElflandCastle": {
      "X": 226,
      "Y": 216
    },
    "MarshCave1": {
      "X": 239,
      "Y": 222
    },
    "NorthwestCastle": {
      "X": 209,
      "Y": 149
    },
    "Melmond": {
      "X": 63,
      "Y": 112
    },
    "CrescentLake": {
      "X": 83,
      "Y": 28
    },
    "Lefein": {
      "X": 43,
      "Y": 161
    },
    "BahamutCave1": {
      "X": 199,
      "Y": 214
    },
    "Cardia1": {
      "X": 29,
      "Y": 66
    },
    "Cardia2": {
      "X": 83,
      "Y": 141
    },
    "Cardia4": {
      "X": 79,
      "Y": 119
    },
    "Cardia5": {
      "X": 121,
      "Y": 49
    },
    "Cardia6": {
      "X": 133,
      "Y": 92
    },
    "Waterfall": {
      "X": 138,
      "Y": 76
    },
    "IceCave1": {
      "X": 80,
      "Y": 155
    },
    "GurguVolcano1": {
      "X": 47,
      "Y": 198
    }
  }
}