﻿{
  "StartingLocation": {
    "X": 57,
    "Y": 87
  },
  "AirShipLocation": {
    "X": 27,
    "Y": 162
  },
  "BridgeLocation": {
    "X": 54,
    "Y": 149
  },
  "CanalLocation": {
    "X": 109,
    "Y": 131
  },
  "ShipLocations": [
    {
      "TeleporterIndex": 255,
      "X": 53,
      "Y": 156
    }
  ],
  "TeleporterFixups": [
    {
      "Type": 1,
      "Index": 0,
      "From": null,
      "To": {
        "Map": 255,
        "X": 160,
        "Y": 81
      }
    },
    {
      "Type": 1,
      "Index": 1,
      "From": null,
      "To": {
        "Map": 255,
        "X": 127,
        "Y": 91
      }
    },
    {
      "Type": 1,
      "Index": 2,
      "From": null,
      "To": {
        "Map": 255,
        "X": 125,
        "Y": 56
      }
    },
    {
      "Type": 1,
      "Index": 3,
      "From": null,
      "To": {
        "Map": 255,
        "X": 28,
        "Y": 60
      }
    },
    {
      "Type": 1,
      "Index": 4,
      "From": null,
      "To": {
        "Map": 255,
        "X": 57,
        "Y": 85
      }
    },
    {
      "Type": 1,
      "Index": 5,
      "From": null,
      "To": {
        "Map": 255,
        "X": 132,
        "Y": 108
      }
    },
    {
      "Type": 1,
      "Index": 6,
      "From": null,
      "To": {
        "Map": 255,
        "X": 146,
        "Y": 65
      }
    },
    {
      "Type": 1,
      "Index": 7,
      "From": null,
      "To": {
        "Map": 255,
        "X": 97,
        "Y": 231
      }
    },
    {
      "Type": 1,
      "Index": 8,
      "From": null,
      "To": {
        "Map": 255,
        "X": 19,
        "Y": 121
      }
    }
  ],
  "DomainFixups": [],
  "DomainUpdates": [
    {
      "From": 10,
      "To": 0
    },
    {
      "From": 0,
      "To": 1
    },
    {
      "From": 1,
      "To": 2
    },
    {
      "From": 1,
      "To": 3
    },
    {
      "From": 0,
      "To": 4
    },
    {
      "From": 59,
      "To": 5
    },
    {
      "From": 59,
      "To": 6
    },
    {
      "From": 0,
      "To": 7
    },
    {
      "From": 12,
      "To": 8
    },
    {
      "From": 12,
      "To": 9
    },
    {
      "From": 1,
      "To": 10
    },
    {
      "From": 1,
      "To": 11
    },
    {
      "From": 54,
      "To": 12
    },
    {
      "From": 59,
      "To": 13
    },
    {
      "From": 59,
      "To": 14
    },
    {
      "From": 0,
      "To": 15
    },
    {
      "From": 52,
      "To": 16
    },
    {
      "From": 36,
      "To": 17
    },
    {
      "From": 36,
      "To": 18
    },
    {
      "From": 1,
      "To": 19
    },
    {
      "From": 40,
      "To": 20
    },
    {
      "From": 40,
      "To": 21
    },
    {
      "From": 59,
      "To": 22
    },
    {
      "From": 10,
      "To": 23
    },
    {
      "From": 52,
      "To": 24
    },
    {
      "From": 11,
      "To": 25
    },
    {
      "From": 42,
      "To": 26
    },
    {
      "From": 29,
      "To": 27
    },
    {
      "From": 42,
      "To": 28
    },
    {
      "From": 0,
      "To": 29
    },
    {
      "From": 0,
      "To": 30
    },
    {
      "From": 0,
      "To": 31
    },
    {
      "From": 14,
      "To": 32
    },
    {
      "From": 11,
      "To": 33
    },
    {
      "From": 28,
      "To": 34
    },
    {
      "From": 43,
      "To": 35
    },
    {
      "From": 6,
      "To": 36
    },
    {
      "From": 0,
      "To": 37
    },
    {
      "From": 0,
      "To": 38
    },
    {
      "From": 0,
      "To": 39
    },
    {
      "From": 14,
      "To": 40
    },
    {
      "From": 11,
      "To": 41
    },
    {
      "From": 28,
      "To": 42
    },
    {
      "From": 0,
      "To": 43
    },
    {
      "From": 6,
      "To": 44
    },
    {
      "From": 0,
      "To": 45
    },
    {
      "From": 0,
      "To": 46
    },
    {
      "From": 54,
      "To": 47
    },
    {
      "From": 0,
      "To": 48
    },
    {
      "From": 0,
      "To": 49
    },
    {
      "From": 0,
      "To": 50
    },
    {
      "From": 9,
      "To": 51
    },
    {
      "From": 0,
      "To": 52
    },
    {
      "From": 0,
      "To": 53
    },
    {
      "From": 54,
      "To": 54
    },
    {
      "From": 54,
      "To": 55
    },
    {
      "From": 0,
      "To": 56
    },
    {
      "From": 11,
      "To": 57
    },
    {
      "From": 11,
      "To": 58
    },
    {
      "From": 9,
      "To": 59
    },
    {
      "From": 0,
      "To": 60
    },
    {
      "From": 0,
      "To": 61
    },
    {
      "From": 10,
      "To": 62
    },
    {
      "From": 54,
      "To": 63
    }
  ],
  "OverworldCoordinates": {
    "Coneria": {
      "X": 56,
      "Y": 86
    },
    "ConeriaCastle1": {
      "X": 57,
      "Y": 85
    },
    "TempleOfFiends1": {
      "X": 68,
      "Y": 124
    },
    "Pravoka": {
      "X": 54,
      "Y": 152
    },
    "Gaia": {
      "X": 154,
      "Y": 165
    },
    "CastleOrdeals1": {
      "X": 28,
      "Y": 60
    },
    "TitansTunnelWest": {
      "X": 127,
      "Y": 91
    },
    "SardasCave": {
      "X": 125,
      "Y": 91
    },
    "EarthCave1": {
      "X": 132,
      "Y": 108
    },
    "MirageTower1": {
      "X": 19,
      "Y": 121
    },
    "Onrac": {
      "X": 97,
      "Y": 231
    },
    "TitansTunnelEast": {
      "X": 160,
      "Y": 81
    },
    "MatoyasCave": {
      "X": 111,
      "Y": 106
    },
    "DwarfCave": {
      "X": 113,
      "Y": 106
    },
    "Elfland": {
      "X": 18,
      "Y": 100
    },
    "ElflandCastle": {
      "X": 19,
      "Y": 99
    },
    "MarshCave1": {
      "X": 205,
      "Y": 68
    },
    "NorthwestCastle": {
      "X": 82,
      "Y": 122
    },
    "Melmond": {
      "X": 85,
      "Y": 103
    },
    "CrescentLake": {
      "X": 234,
      "Y": 224
    },
    "Lefein": {
      "X": 107,
      "Y": 57
    },
    "BahamutCave1": {
      "X": 67,
      "Y": 234
    },
    "Cardia1": {
      "X": 28,
      "Y": 22
    },
    "Cardia2": {
      "X": 203,
      "Y": 229
    },
    "Cardia4": {
      "X": 241,
      "Y": 81
    },
    "Cardia5": {
      "X": 121,
      "Y": 14
    },
    "Cardia6": {
      "X": 41,
      "Y": 126
    },
    "Waterfall": {
      "X": 112,
      "Y": 70
    },
    "IceCave1": {
      "X": 125,
      "Y": 56
    },
    "GurguVolcano1": {
      "X": 146,
      "Y": 65
    }
  }
}