﻿{
  "StartingLocation": {
    "X": 27,
    "Y": 214
  },
  "AirShipLocation": {
    "X": 111,
    "Y": 28
  },
  "BridgeLocation": {
    "X": 41,
    "Y": 215
  },
  "CanalLocation": {
    "X": 155,
    "Y": 207
  },
  "ShipLocations": [
    {
      "TeleporterIndex": 1,
      "X": 40,
      "Y": 222
    },
    {
      "TeleporterIndex": 9,
      "X": 40,
      "Y": 222
    },
    {
      "TeleporterIndex": 255,
      "X": 40,
      "Y": 222
    },
    {
      "TeleporterIndex": 13,
      "X": 70,
      "Y": 246
    },
    {
      "TeleporterIndex": 2,
      "X": 40,
      "Y": 222
    },
    {
      "TeleporterIndex": 7,
      "X": 16,
      "Y": 25
    },
    {
      "TeleporterIndex": 3,
      "X": 129,
      "Y": 120
    },
    {
      "TeleporterIndex": 10,
      "X": 129,
      "Y": 120
    },
    {
      "TeleporterIndex": 23,
      "X": 16,
      "Y": 25
    },
    {
      "TeleporterIndex": 11,
      "X": 162,
      "Y": 136
    },
    {
      "TeleporterIndex": 4,
      "X": 105,
      "Y": 102
    },
    {
      "TeleporterIndex": 5,
      "X": 142,
      "Y": 48
    },
    {
      "TeleporterIndex": 8,
      "X": 142,
      "Y": 48
    },
    {
      "TeleporterIndex": 29,
      "X": 142,
      "Y": 48
    }
  ],
  "TeleporterFixups": [
    {
      "Type": 1,
      "Index": 0,
      "From": null,
      "To": {
        "Map": 255,
        "X": 94,
        "Y": 158
      }
    },
    {
      "Type": 1,
      "Index": 1,
      "From": null,
      "To": {
        "Map": 255,
        "X": 56,
        "Y": 218
      }
    },
    {
      "Type": 1,
      "Index": 2,
      "From": null,
      "To": {
        "Map": 255,
        "X": 157,
        "Y": 187
      }
    },
    {
      "Type": 1,
      "Index": 3,
      "From": null,
      "To": {
        "Map": 255,
        "X": 82,
        "Y": 192
      }
    },
    {
      "Type": 1,
      "Index": 4,
      "From": null,
      "To": {
        "Map": 255,
        "X": 27,
        "Y": 212
      }
    },
    {
      "Type": 1,
      "Index": 5,
      "From": null,
      "To": {
        "Map": 255,
        "X": 173,
        "Y": 208
      }
    },
    {
      "Type": 1,
      "Index": 6,
      "From": null,
      "To": {
        "Map": 255,
        "X": 63,
        "Y": 154
      }
    },
    {
      "Type": 1,
      "Index": 7,
      "From": null,
      "To": {
        "Map": 255,
        "X": 23,
        "Y": 39
      }
    },
    {
      "Type": 1,
      "Index": 8,
      "From": null,
      "To": {
        "Map": 255,
        "X": 54,
        "Y": 79
      }
    }
  ],
  "DomainFixups": [],
  "DomainUpdates": [
    {
      "From": 9,
      "To": 0
    },
    {
      "From": 0,
      "To": 1
    },
    {
      "From": 0,
      "To": 2
    },
    {
      "From": 11,
      "To": 3
    },
    {
      "From": 11,
      "To": 4
    },
    {
      "From": 0,
      "To": 5
    },
    {
      "From": 0,
      "To": 6
    },
    {
      "From": 0,
      "To": 7
    },
    {
      "From": 9,
      "To": 8
    },
    {
      "From": 59,
      "To": 9
    },
    {
      "From": 11,
      "To": 10
    },
    {
      "From": 11,
      "To": 11
    },
    {
      "From": 54,
      "To": 12
    },
    {
      "From": 0,
      "To": 13
    },
    {
      "From": 0,
      "To": 14
    },
    {
      "From": 0,
      "To": 15
    },
    {
      "From": 14,
      "To": 16
    },
    {
      "From": 14,
      "To": 17
    },
    {
      "From": 14,
      "To": 18
    },
    {
      "From": 54,
      "To": 19
    },
    {
      "From": 54,
      "To": 20
    },
    {
      "From": 0,
      "To": 21
    },
    {
      "From": 0,
      "To": 22
    },
    {
      "From": 10,
      "To": 23
    },
    {
      "From": 14,
      "To": 24
    },
    {
      "From": 54,
      "To": 25
    },
    {
      "From": 54,
      "To": 26
    },
    {
      "From": 52,
      "To": 27
    },
    {
      "From": 52,
      "To": 28
    },
    {
      "From": 0,
      "To": 29
    },
    {
      "From": 0,
      "To": 30
    },
    {
      "From": 0,
      "To": 31
    },
    {
      "From": 0,
      "To": 32
    },
    {
      "From": 54,
      "To": 33
    },
    {
      "From": 40,
      "To": 34
    },
    {
      "From": 40,
      "To": 35
    },
    {
      "From": 43,
      "To": 36
    },
    {
      "From": 43,
      "To": 37
    },
    {
      "From": 0,
      "To": 38
    },
    {
      "From": 0,
      "To": 39
    },
    {
      "From": 10,
      "To": 40
    },
    {
      "From": 54,
      "To": 41
    },
    {
      "From": 12,
      "To": 42
    },
    {
      "From": 40,
      "To": 43
    },
    {
      "From": 54,
      "To": 44
    },
    {
      "From": 29,
      "To": 45
    },
    {
      "From": 43,
      "To": 46
    },
    {
      "From": 11,
      "To": 47
    },
    {
      "From": 36,
      "To": 48
    },
    {
      "From": 36,
      "To": 49
    },
    {
      "From": 28,
      "To": 50
    },
    {
      "From": 0,
      "To": 51
    },
    {
      "From": 54,
      "To": 52
    },
    {
      "From": 42,
      "To": 53
    },
    {
      "From": 42,
      "To": 54
    },
    {
      "From": 6,
      "To": 55
    },
    {
      "From": 36,
      "To": 56
    },
    {
      "From": 28,
      "To": 57
    },
    {
      "From": 28,
      "To": 58
    },
    {
      "From": 0,
      "To": 59
    },
    {
      "From": 0,
      "To": 60
    },
    {
      "From": 42,
      "To": 61
    },
    {
      "From": 42,
      "To": 62
    },
    {
      "From": 0,
      "To": 63
    }
  ],
  "OverworldCoordinates": {
    "Coneria": {
      "X": 26,
      "Y": 213
    },
    "ConeriaCastle1": {
      "X": 27,
      "Y": 212
    },
    "TempleOfFiends1": {
      "X": 79,
      "Y": 221
    },
    "Pravoka": {
      "X": 41,
      "Y": 218
    },
    "Gaia": {
      "X": 240,
      "Y": 200
    },
    "CastleOrdeals1": {
      "X": 82,
      "Y": 192
    },
    "TitansTunnelWest": {
      "X": 56,
      "Y": 218
    },
    "SardasCave": {
      "X": 61,
      "Y": 208
    },
    "EarthCave1": {
      "X": 173,
      "Y": 208
    },
    "MirageTower1": {
      "X": 54,
      "Y": 79
    },
    "Onrac": {
      "X": 23,
      "Y": 39
    },
    "TitansTunnelEast": {
      "X": 94,
      "Y": 158
    },
    "MatoyasCave": {
      "X": 170,
      "Y": 167
    },
    "DwarfCave": {
      "X": 71,
      "Y": 220
    },
    "Elfland": {
      "X": 122,
      "Y": 104
    },
    "ElflandCastle": {
      "X": 123,
      "Y": 103
    },
    "MarshCave1": {
      "X": 38,
      "Y": 48
    },
    "NorthwestCastle": {
      "X": 185,
      "Y": 155
    },
    "Melmond": {
      "X": 137,
      "Y": 89
    },
    "CrescentLake": {
      "X": 126,
      "Y": 74
    },
    "Lefein": {
      "X": 124,
      "Y": 26
    },
    "BahamutCave1": {
      "X": 31,
      "Y": 191
    },
    "Cardia1": {
      "X": 27,
      "Y": 169
    },
    "Cardia2": {
      "X": 100,
      "Y": 118
    },
    "Cardia4": {
      "X": 239,
      "Y": 67
    },
    "Cardia5": {
      "X": 241,
      "Y": 181
    },
    "Cardia6": {
      "X": 109,
      "Y": 41
    },
    "Waterfall": {
      "X": 120,
      "Y": 51
    },
    "IceCave1": {
      "X": 157,
      "Y": 187
    },
    "GurguVolcano1": {
      "X": 63,
      "Y": 154
    }
  }
}