﻿{
  "StartingLocation": {
    "X": 229,
    "Y": 181
  },
  "AirShipLocation": {
    "X": 91,
    "Y": 210
  },
  "BridgeLocation": {
    "X": 116,
    "Y": 235
  },
  "CanalLocation": {
    "X": 148,
    "Y": 150
  },
  "ShipLocations": [
    {
      "TeleporterIndex": 255,
      "X": 115,
      "Y": 242
    }
  ],
  "TeleporterFixups": [
    {
      "Type": 1,
      "Index": 0,
      "From": null,
      "To": {
        "Map": 255,
        "X": 237,
        "Y": 171
      }
    },
    {
      "Type": 1,
      "Index": 1,
      "From": null,
      "To": {
        "Map": 255,
        "X": 223,
        "Y": 144
      }
    },
    {
      "Type": 1,
      "Index": 2,
      "From": null,
      "To": {
        "Map": 255,
        "X": 117,
        "Y": 194
      }
    },
    {
      "Type": 1,
      "Index": 3,
      "From": null,
      "To": {
        "Map": 255,
        "X": 107,
        "Y": 179
      }
    },
    {
      "Type": 1,
      "Index": 4,
      "From": null,
      "To": {
        "Map": 255,
        "X": 229,
        "Y": 179
      }
    },
    {
      "Type": 1,
      "Index": 5,
      "From": null,
      "To": {
        "Map": 255,
        "X": 140,
        "Y": 159
      }
    },
    {
      "Type": 1,
      "Index": 6,
      "From": null,
      "To": {
        "Map": 255,
        "X": 135,
        "Y": 191
      }
    },
    {
      "Type": 1,
      "Index": 7,
      "From": null,
      "To": {
        "Map": 255,
        "X": 22,
        "Y": 234
      }
    },
    {
      "Type": 1,
      "Index": 8,
      "From": null,
      "To": {
        "Map": 255,
        "X": 50,
        "Y": 154
      }
    }
  ],
  "DomainFixups": [],
  "DomainUpdates": [
    {
      "From": 43,
      "To": 0
    },
    {
      "From": 43,
      "To": 1
    },
    {
      "From": 11,
      "To": 2
    },
    {
      "From": 0,
      "To": 3
    },
    {
      "From": 0,
      "To": 4
    },
    {
      "From": 0,
      "To": 5
    },
    {
      "From": 10,
      "To": 6
    },
    {
      "From": 10,
      "To": 7
    },
    {
      "From": 43,
      "To": 8
    },
    {
      "From": 43,
      "To": 9
    },
    {
      "From": 0,
      "To": 10
    },
    {
      "From": 0,
      "To": 11
    },
    {
      "From": 0,
      "To": 12
    },
    {
      "From": 0,
      "To": 13
    },
    {
      "From": 0,
      "To": 14
    },
    {
      "From": 0,
      "To": 15
    },
    {
      "From": 0,
      "To": 16
    },
    {
      "From": 0,
      "To": 17
    },
    {
      "From": 0,
      "To": 18
    },
    {
      "From": 0,
      "To": 19
    },
    {
      "From": 0,
      "To": 20
    },
    {
      "From": 0,
      "To": 21
    },
    {
      "From": 35,
      "To": 22
    },
    {
      "From": 40,
      "To": 23
    },
    {
      "From": 11,
      "To": 24
    },
    {
      "From": 10,
      "To": 25
    },
    {
      "From": 11,
      "To": 26
    },
    {
      "From": 0,
      "To": 27
    },
    {
      "From": 0,
      "To": 28
    },
    {
      "From": 35,
      "To": 29
    },
    {
      "From": 35,
      "To": 30
    },
    {
      "From": 40,
      "To": 31
    },
    {
      "From": 0,
      "To": 32
    },
    {
      "From": 14,
      "To": 33
    },
    {
      "From": 1,
      "To": 34
    },
    {
      "From": 1,
      "To": 35
    },
    {
      "From": 42,
      "To": 36
    },
    {
      "From": 35,
      "To": 37
    },
    {
      "From": 40,
      "To": 38
    },
    {
      "From": 40,
      "To": 39
    },
    {
      "From": 0,
      "To": 40
    },
    {
      "From": 14,
      "To": 41
    },
    {
      "From": 14,
      "To": 42
    },
    {
      "From": 12,
      "To": 43
    },
    {
      "From": 54,
      "To": 44
    },
    {
      "From": 59,
      "To": 45
    },
    {
      "From": 29,
      "To": 46
    },
    {
      "From": 40,
      "To": 47
    },
    {
      "From": 6,
      "To": 48
    },
    {
      "From": 0,
      "To": 49
    },
    {
      "From": 42,
      "To": 50
    },
    {
      "From": 28,
      "To": 51
    },
    {
      "From": 52,
      "To": 52
    },
    {
      "From": 59,
      "To": 53
    },
    {
      "From": 59,
      "To": 54
    },
    {
      "From": 36,
      "To": 55
    },
    {
      "From": 9,
      "To": 56
    },
    {
      "From": 9,
      "To": 57
    },
    {
      "From": 42,
      "To": 58
    },
    {
      "From": 28,
      "To": 59
    },
    {
      "From": 52,
      "To": 60
    },
    {
      "From": 59,
      "To": 61
    },
    {
      "From": 0,
      "To": 62
    },
    {
      "From": 0,
      "To": 63
    }
  ],
  "OverworldCoordinates": {
    "Coneria": {
      "X": 228,
      "Y": 180
    },
    "ConeriaCastle1": {
      "X": 229,
      "Y": 179
    },
    "TempleOfFiends1": {
      "X": 105,
      "Y": 228
    },
    "Pravoka": {
      "X": 116,
      "Y": 238
    },
    "Gaia": {
      "X": 19,
      "Y": 195
    },
    "CastleOrdeals1": {
      "X": 107,
      "Y": 179
    },
    "TitansTunnelWest": {
      "X": 223,
      "Y": 144
    },
    "SardasCave": {
      "X": 221,
      "Y": 144
    },
    "EarthCave1": {
      "X": 140,
      "Y": 159
    },
    "MirageTower1": {
      "X": 50,
      "Y": 154
    },
    "Onrac": {
      "X": 22,
      "Y": 234
    },
    "TitansTunnelEast": {
      "X": 237,
      "Y": 171
    },
    "MatoyasCave": {
      "X": 210,
      "Y": 158
    },
    "DwarfCave": {
      "X": 179,
      "Y": 143
    },
    "Elfland": {
      "X": 132,
      "Y": 219
    },
    "ElflandCastle": {
      "X": 133,
      "Y": 218
    },
    "MarshCave1": {
      "X": 175,
      "Y": 199
    },
    "NorthwestCastle": {
      "X": 16,
      "Y": 42
    },
    "Melmond": {
      "X": 70,
      "Y": 227
    },
    "CrescentLake": {
      "X": 155,
      "Y": 179
    },
    "Lefein": {
      "X": 21,
      "Y": 57
    },
    "BahamutCave1": {
      "X": 88,
      "Y": 11
    },
    "Cardia1": {
      "X": 241,
      "Y": 203
    },
    "Cardia2": {
      "X": 45,
      "Y": 127
    },
    "Cardia4": {
      "X": 222,
      "Y": 13
    },
    "Cardia5": {
      "X": 19,
      "Y": 115
    },
    "Cardia6": {
      "X": 76,
      "Y": 125
    },
    "Waterfall": {
      "X": 119,
      "Y": 152
    },
    "IceCave1": {
      "X": 117,
      "Y": 194
    },
    "GurguVolcano1": {
      "X": 135,
      "Y": 191
    }
  }
}