﻿{
  "StartingLocation": {
    "X": 194,
    "Y": 233
  },
  "AirShipLocation": {
    "X": 113,
    "Y": 186
  },
  "BridgeLocation": {
    "X": 169,
    "Y": 226
  },
  "CanalLocation": {
    "X": 119,
    "Y": 137
  },
  "ShipLocations": [
    {
      "TeleporterIndex": 1,
      "X": 168,
      "Y": 233
    },
    {
      "TeleporterIndex": 9,
      "X": 168,
      "Y": 233
    },
    {
      "TeleporterIndex": 255,
      "X": 168,
      "Y": 233
    },
    {
      "TeleporterIndex": 13,
      "X": 168,
      "Y": 233
    },
    {
      "TeleporterIndex": 2,
      "X": 168,
      "Y": 233
    },
    {
      "TeleporterIndex": 24,
      "X": 34,
      "Y": 242
    },
    {
      "TeleporterIndex": 7,
      "X": 175,
      "Y": 114
    },
    {
      "TeleporterIndex": 3,
      "X": 140,
      "Y": 230
    },
    {
      "TeleporterIndex": 10,
      "X": 140,
      "Y": 230
    },
    {
      "TeleporterIndex": 23,
      "X": 166,
      "Y": 174
    },
    {
      "TeleporterIndex": 11,
      "X": 42,
      "Y": 189
    },
    {
      "TeleporterIndex": 4,
      "X": 74,
      "Y": 56
    },
    {
      "TeleporterIndex": 5,
      "X": 34,
      "Y": 242
    }
  ],
  "TeleporterFixups": [
    {
      "Type": 1,
      "Index": 0,
      "From": null,
      "To": {
        "Map": 255,
        "X": 129,
        "Y": 213
      }
    },
    {
      "Type": 1,
      "Index": 1,
      "From": null,
      "To": {
        "Map": 255,
        "X": 218,
        "Y": 38
      }
    },
    {
      "Type": 1,
      "Index": 2,
      "From": null,
      "To": {
        "Map": 255,
        "X": 55,
        "Y": 205
      }
    },
    {
      "Type": 1,
      "Index": 3,
      "From": null,
      "To": {
        "Map": 255,
        "X": 236,
        "Y": 218
      }
    },
    {
      "Type": 1,
      "Index": 4,
      "From": null,
      "To": {
        "Map": 255,
        "X": 194,
        "Y": 231
      }
    },
    {
      "Type": 1,
      "Index": 5,
      "From": null,
      "To": {
        "Map": 255,
        "X": 122,
        "Y": 150
      }
    },
    {
      "Type": 1,
      "Index": 6,
      "From": null,
      "To": {
        "Map": 255,
        "X": 69,
        "Y": 192
      }
    },
    {
      "Type": 1,
      "Index": 7,
      "From": null,
      "To": {
        "Map": 255,
        "X": 161,
        "Y": 131
      }
    },
    {
      "Type": 1,
      "Index": 8,
      "From": null,
      "To": {
        "Map": 255,
        "X": 24,
        "Y": 222
      }
    }
  ],
  "DomainFixups": [],
  "DomainUpdates": [
    {
      "From": 0,
      "To": 0
    },
    {
      "From": 42,
      "To": 1
    },
    {
      "From": 42,
      "To": 2
    },
    {
      "From": 0,
      "To": 3
    },
    {
      "From": 0,
      "To": 4
    },
    {
      "From": 0,
      "To": 5
    },
    {
      "From": 40,
      "To": 6
    },
    {
      "From": 40,
      "To": 7
    },
    {
      "From": 0,
      "To": 8
    },
    {
      "From": 42,
      "To": 9
    },
    {
      "From": 42,
      "To": 10
    },
    {
      "From": 0,
      "To": 11
    },
    {
      "From": 40,
      "To": 12
    },
    {
      "From": 40,
      "To": 13
    },
    {
      "From": 40,
      "To": 14
    },
    {
      "From": 40,
      "To": 15
    },
    {
      "From": 0,
      "To": 16
    },
    {
      "From": 6,
      "To": 17
    },
    {
      "From": 6,
      "To": 18
    },
    {
      "From": 0,
      "To": 19
    },
    {
      "From": 40,
      "To": 20
    },
    {
      "From": 40,
      "To": 21
    },
    {
      "From": 0,
      "To": 22
    },
    {
      "From": 0,
      "To": 23
    },
    {
      "From": 0,
      "To": 24
    },
    {
      "From": 11,
      "To": 25
    },
    {
      "From": 0,
      "To": 26
    },
    {
      "From": 0,
      "To": 27
    },
    {
      "From": 9,
      "To": 28
    },
    {
      "From": 9,
      "To": 29
    },
    {
      "From": 0,
      "To": 30
    },
    {
      "From": 0,
      "To": 31
    },
    {
      "From": 10,
      "To": 32
    },
    {
      "From": 0,
      "To": 33
    },
    {
      "From": 43,
      "To": 34
    },
    {
      "From": 42,
      "To": 35
    },
    {
      "From": 59,
      "To": 36
    },
    {
      "From": 29,
      "To": 37
    },
    {
      "From": 10,
      "To": 38
    },
    {
      "From": 10,
      "To": 39
    },
    {
      "From": 11,
      "To": 40
    },
    {
      "From": 54,
      "To": 41
    },
    {
      "From": 43,
      "To": 42
    },
    {
      "From": 1,
      "To": 43
    },
    {
      "From": 59,
      "To": 44
    },
    {
      "From": 29,
      "To": 45
    },
    {
      "From": 10,
      "To": 46
    },
    {
      "From": 0,
      "To": 47
    },
    {
      "From": 14,
      "To": 48
    },
    {
      "From": 54,
      "To": 49
    },
    {
      "From": 35,
      "To": 50
    },
    {
      "From": 52,
      "To": 51
    },
    {
      "From": 40,
      "To": 52
    },
    {
      "From": 28,
      "To": 53
    },
    {
      "From": 12,
      "To": 54
    },
    {
      "From": 12,
      "To": 55
    },
    {
      "From": 14,
      "To": 56
    },
    {
      "From": 54,
      "To": 57
    },
    {
      "From": 54,
      "To": 58
    },
    {
      "From": 0,
      "To": 59
    },
    {
      "From": 28,
      "To": 60
    },
    {
      "From": 36,
      "To": 61
    },
    {
      "From": 12,
      "To": 62
    },
    {
      "From": 12,
      "To": 63
    }
  ],
  "OverworldCoordinates": {
    "Coneria": {
      "X": 193,
      "Y": 232
    },
    "ConeriaCastle1": {
      "X": 194,
      "Y": 231
    },
    "TempleOfFiends1": {
      "X": 158,
      "Y": 221
    },
    "Pravoka": {
      "X": 169,
      "Y": 229
    },
    "Gaia": {
      "X": 65,
      "Y": 77
    },
    "CastleOrdeals1": {
      "X": 236,
      "Y": 218
    },
    "TitansTunnelWest": {
      "X": 218,
      "Y": 38
    },
    "SardasCave": {
      "X": 220,
      "Y": 38
    },
    "EarthCave1": {
      "X": 122,
      "Y": 150
    },
    "MirageTower1": {
      "X": 24,
      "Y": 222
    },
    "Onrac": {
      "X": 161,
      "Y": 131
    },
    "TitansTunnelEast": {
      "X": 129,
      "Y": 213
    },
    "MatoyasCave": {
      "X": 158,
      "Y": 142
    },
    "DwarfCave": {
      "X": 94,
      "Y": 189
    },
    "Elfland": {
      "X": 111,
      "Y": 220
    },
    "ElflandCastle": {
      "X": 112,
      "Y": 219
    },
    "MarshCave1": {
      "X": 140,
      "Y": 143
    },
    "NorthwestCastle": {
      "X": 88,
      "Y": 148
    },
    "Melmond": {
      "X": 61,
      "Y": 16
    },
    "CrescentLake": {
      "X": 47,
      "Y": 232
    },
    "Lefein": {
      "X": 218,
      "Y": 225
    },
    "BahamutCave1": {
      "X": 20,
      "Y": 185
    },
    "Cardia1": {
      "X": 202,
      "Y": 166
    },
    "Cardia2": {
      "X": 17,
      "Y": 143
    },
    "Cardia4": {
      "X": 214,
      "Y": 140
    },
    "Cardia5": {
      "X": 186,
      "Y": 105
    },
    "Cardia6": {
      "X": 54,
      "Y": 114
    },
    "Waterfall": {
      "X": 102,
      "Y": 179
    },
    "IceCave1": {
      "X": 55,
      "Y": 205
    },
    "GurguVolcano1": {
      "X": 69,
      "Y": 192
    }
  }
}