﻿{
  "StartingLocation": {
    "X": 142,
    "Y": 44
  },
  "AirShipLocation": {
    "X": 66,
    "Y": 151
  },
  "BridgeLocation": {
    "X": 157,
    "Y": 13
  },
  "CanalLocation": {
    "X": 86,
    "Y": 162
  },
  "ShipLocations": [
    {
      "TeleporterIndex": 1,
      "X": 156,
      "Y": 20
    },
    {
      "TeleporterIndex": 9,
      "X": 156,
      "Y": 20
    },
    {
      "TeleporterIndex": 255,
      "X": 156,
      "Y": 20
    },
    {
      "TeleporterIndex": 13,
      "X": 120,
      "Y": 21
    },
    {
      "TeleporterIndex": 2,
      "X": 156,
      "Y": 20
    },
    {
      "TeleporterIndex": 24,
      "X": 38,
      "Y": 230
    },
    {
      "TeleporterIndex": 7,
      "X": 199,
      "Y": 151
    },
    {
      "TeleporterIndex": 3,
      "X": 38,
      "Y": 230
    },
    {
      "TeleporterIndex": 10,
      "X": 38,
      "Y": 230
    },
    {
      "TeleporterIndex": 23,
      "X": 177,
      "Y": 136
    },
    {
      "TeleporterIndex": 11,
      "X": 199,
      "Y": 151
    },
    {
      "TeleporterIndex": 4,
      "X": 199,
      "Y": 151
    },
    {
      "TeleporterIndex": 5,
      "X": 16,
      "Y": 165
    },
    {
      "TeleporterIndex": 29,
      "X": 38,
      "Y": 230
    }
  ],
  "TeleporterFixups": [
    {
      "Type": 1,
      "Index": 0,
      "From": null,
      "To": {
        "Map": 255,
        "X": 165,
        "Y": 219
      }
    },
    {
      "Type": 1,
      "Index": 1,
      "From": null,
      "To": {
        "Map": 255,
        "X": 214,
        "Y": 83
      }
    },
    {
      "Type": 1,
      "Index": 2,
      "From": null,
      "To": {
        "Map": 255,
        "X": 139,
        "Y": 108
      }
    },
    {
      "Type": 1,
      "Index": 3,
      "From": null,
      "To": {
        "Map": 255,
        "X": 195,
        "Y": 212
      }
    },
    {
      "Type": 1,
      "Index": 4,
      "From": null,
      "To": {
        "Map": 255,
        "X": 142,
        "Y": 42
      }
    },
    {
      "Type": 1,
      "Index": 5,
      "From": null,
      "To": {
        "Map": 255,
        "X": 80,
        "Y": 195
      }
    },
    {
      "Type": 1,
      "Index": 6,
      "From": null,
      "To": {
        "Map": 255,
        "X": 121,
        "Y": 85
      }
    },
    {
      "Type": 1,
      "Index": 7,
      "From": null,
      "To": {
        "Map": 255,
        "X": 188,
        "Y": 174
      }
    },
    {
      "Type": 1,
      "Index": 8,
      "From": null,
      "To": {
        "Map": 255,
        "X": 39,
        "Y": 188
      }
    }
  ],
  "DomainFixups": [],
  "DomainUpdates": [
    {
      "From": 0,
      "To": 0
    },
    {
      "From": 0,
      "To": 1
    },
    {
      "From": 0,
      "To": 2
    },
    {
      "From": 36,
      "To": 3
    },
    {
      "From": 36,
      "To": 4
    },
    {
      "From": 11,
      "To": 5
    },
    {
      "From": 0,
      "To": 6
    },
    {
      "From": 0,
      "To": 7
    },
    {
      "From": 0,
      "To": 8
    },
    {
      "From": 0,
      "To": 9
    },
    {
      "From": 0,
      "To": 10
    },
    {
      "From": 36,
      "To": 11
    },
    {
      "From": 36,
      "To": 12
    },
    {
      "From": 29,
      "To": 13
    },
    {
      "From": 29,
      "To": 14
    },
    {
      "From": 0,
      "To": 15
    },
    {
      "From": 0,
      "To": 16
    },
    {
      "From": 11,
      "To": 17
    },
    {
      "From": 0,
      "To": 18
    },
    {
      "From": 54,
      "To": 19
    },
    {
      "From": 28,
      "To": 20
    },
    {
      "From": 29,
      "To": 21
    },
    {
      "From": 40,
      "To": 22
    },
    {
      "From": 6,
      "To": 23
    },
    {
      "From": 0,
      "To": 24
    },
    {
      "From": 11,
      "To": 25
    },
    {
      "From": 0,
      "To": 26
    },
    {
      "From": 54,
      "To": 27
    },
    {
      "From": 54,
      "To": 28
    },
    {
      "From": 0,
      "To": 29
    },
    {
      "From": 40,
      "To": 30
    },
    {
      "From": 6,
      "To": 31
    },
    {
      "From": 54,
      "To": 32
    },
    {
      "From": 1,
      "To": 33
    },
    {
      "From": 1,
      "To": 34
    },
    {
      "From": 0,
      "To": 35
    },
    {
      "From": 0,
      "To": 36
    },
    {
      "From": 59,
      "To": 37
    },
    {
      "From": 9,
      "To": 38
    },
    {
      "From": 0,
      "To": 39
    },
    {
      "From": 54,
      "To": 40
    },
    {
      "From": 1,
      "To": 41
    },
    {
      "From": 42,
      "To": 42
    },
    {
      "From": 42,
      "To": 43
    },
    {
      "From": 43,
      "To": 44
    },
    {
      "From": 43,
      "To": 45
    },
    {
      "From": 9,
      "To": 46
    },
    {
      "From": 10,
      "To": 47
    },
    {
      "From": 52,
      "To": 48
    },
    {
      "From": 52,
      "To": 49
    },
    {
      "From": 42,
      "To": 50
    },
    {
      "From": 42,
      "To": 51
    },
    {
      "From": 40,
      "To": 52
    },
    {
      "From": 40,
      "To": 53
    },
    {
      "From": 12,
      "To": 54
    },
    {
      "From": 0,
      "To": 55
    },
    {
      "From": 11,
      "To": 56
    },
    {
      "From": 52,
      "To": 57
    },
    {
      "From": 0,
      "To": 58
    },
    {
      "From": 0,
      "To": 59
    },
    {
      "From": 40,
      "To": 60
    },
    {
      "From": 40,
      "To": 61
    },
    {
      "From": 40,
      "To": 62
    },
    {
      "From": 0,
      "To": 63
    }
  ],
  "OverworldCoordinates": {
    "Coneria": {
      "X": 141,
      "Y": 43
    },
    "ConeriaCastle1": {
      "X": 142,
      "Y": 42
    },
    "TempleOfFiends1": {
      "X": 129,
      "Y": 69
    },
    "Pravoka": {
      "X": 157,
      "Y": 16
    },
    "Gaia": {
      "X": 222,
      "Y": 81
    },
    "CastleOrdeals1": {
      "X": 195,
      "Y": 212
    },
    "TitansTunnelWest": {
      "X": 214,
      "Y": 83
    },
    "SardasCave": {
      "X": 217,
      "Y": 84
    },
    "EarthCave1": {
      "X": 80,
      "Y": 195
    },
    "MirageTower1": {
      "X": 39,
      "Y": 188
    },
    "Onrac": {
      "X": 188,
      "Y": 174
    },
    "TitansTunnelEast": {
      "X": 165,
      "Y": 219
    },
    "MatoyasCave": {
      "X": 166,
      "Y": 42
    },
    "DwarfCave": {
      "X": 39,
      "Y": 184
    },
    "Elfland": {
      "X": 32,
      "Y": 204
    },
    "ElflandCastle": {
      "X": 33,
      "Y": 203
    },
    "MarshCave1": {
      "X": 170,
      "Y": 162
    },
    "NorthwestCastle": {
      "X": 169,
      "Y": 179
    },
    "Melmond": {
      "X": 182,
      "Y": 192
    },
    "CrescentLake": {
      "X": 25,
      "Y": 139
    },
    "Lefein": {
      "X": 88,
      "Y": 179
    },
    "BahamutCave1": {
      "X": 49,
      "Y": 95
    },
    "Cardia1": {
      "X": 239,
      "Y": 85
    },
    "Cardia2": {
      "X": 232,
      "Y": 171
    },
    "Cardia4": {
      "X": 89,
      "Y": 145
    },
    "Cardia5": {
      "X": 172,
      "Y": 26
    },
    "Cardia6": {
      "X": 17,
      "Y": 217
    },
    "Waterfall": {
      "X": 48,
      "Y": 176
    },
    "IceCave1": {
      "X": 139,
      "Y": 108
    },
    "GurguVolcano1": {
      "X": 121,
      "Y": 85
    }
  }
}