﻿{
  "StartingLocation": {
    "X": 162,
    "Y": 134
  },
  "AirShipLocation": {
    "X": 100,
    "Y": 144
  },
  "BridgeLocation": {
    "X": 146,
    "Y": 141
  },
  "CanalLocation": {
    "X": 15,
    "Y": 116
  },
  "ShipLocations": [
    {
      "TeleporterIndex": 1,
      "X": 145,
      "Y": 148
    },
    {
      "TeleporterIndex": 9,
      "X": 145,
      "Y": 148
    },
    {
      "TeleporterIndex": 255,
      "X": 145,
      "Y": 148
    },
    {
      "TeleporterIndex": 13,
      "X": 63,
      "Y": 142
    },
    {
      "TeleporterIndex": 2,
      "X": 145,
      "Y": 148
    },
    {
      "TeleporterIndex": 24,
      "X": 145,
      "Y": 148
    },
    {
      "TeleporterIndex": 3,
      "X": 192,
      "Y": 30
    },
    {
      "TeleporterIndex": 10,
      "X": 192,
      "Y": 30
    },
    {
      "TeleporterIndex": 23,
      "X": 244,
      "Y": 89
    },
    {
      "TeleporterIndex": 11,
      "X": 163,
      "Y": 88
    },
    {
      "TeleporterIndex": 4,
      "X": 192,
      "Y": 30
    },
    {
      "TeleporterIndex": 5,
      "X": 163,
      "Y": 88
    }
  ],
  "TeleporterFixups": [
    {
      "Type": 1,
      "Index": 0,
      "From": null,
      "To": {
        "Map": 255,
        "X": 148,
        "Y": 174
      }
    },
    {
      "Type": 1,
      "Index": 1,
      "From": null,
      "To": {
        "Map": 255,
        "X": 29,
        "Y": 38
      }
    },
    {
      "Type": 1,
      "Index": 2,
      "From": null,
      "To": {
        "Map": 255,
        "X": 51,
        "Y": 106
      }
    },
    {
      "Type": 1,
      "Index": 3,
      "From": null,
      "To": {
        "Map": 255,
        "X": 27,
        "Y": 154
      }
    },
    {
      "Type": 1,
      "Index": 4,
      "From": null,
      "To": {
        "Map": 255,
        "X": 162,
        "Y": 132
      }
    },
    {
      "Type": 1,
      "Index": 5,
      "From": null,
      "To": {
        "Map": 255,
        "X": 19,
        "Y": 127
      }
    },
    {
      "Type": 1,
      "Index": 6,
      "From": null,
      "To": {
        "Map": 255,
        "X": 205,
        "Y": 113
      }
    },
    {
      "Type": 1,
      "Index": 7,
      "From": null,
      "To": {
        "Map": 255,
        "X": 101,
        "Y": 93
      }
    },
    {
      "Type": 1,
      "Index": 8,
      "From": null,
      "To": {
        "Map": 255,
        "X": 199,
        "Y": 134
      }
    }
  ],
  "DomainFixups": [],
  "DomainUpdates": [
    {
      "From": 40,
      "To": 0
    },
    {
      "From": 40,
      "To": 1
    },
    {
      "From": 10,
      "To": 2
    },
    {
      "From": 10,
      "To": 3
    },
    {
      "From": 0,
      "To": 4
    },
    {
      "From": 52,
      "To": 5
    },
    {
      "From": 42,
      "To": 6
    },
    {
      "From": 0,
      "To": 7
    },
    {
      "From": 40,
      "To": 8
    },
    {
      "From": 40,
      "To": 9
    },
    {
      "From": 0,
      "To": 10
    },
    {
      "From": 0,
      "To": 11
    },
    {
      "From": 0,
      "To": 12
    },
    {
      "From": 52,
      "To": 13
    },
    {
      "From": 42,
      "To": 14
    },
    {
      "From": 0,
      "To": 15
    },
    {
      "From": 40,
      "To": 16
    },
    {
      "From": 54,
      "To": 17
    },
    {
      "From": 9,
      "To": 18
    },
    {
      "From": 9,
      "To": 19
    },
    {
      "From": 0,
      "To": 20
    },
    {
      "From": 43,
      "To": 21
    },
    {
      "From": 43,
      "To": 22
    },
    {
      "From": 59,
      "To": 23
    },
    {
      "From": 42,
      "To": 24
    },
    {
      "From": 54,
      "To": 25
    },
    {
      "From": 1,
      "To": 26
    },
    {
      "From": 11,
      "To": 27
    },
    {
      "From": 29,
      "To": 28
    },
    {
      "From": 54,
      "To": 29
    },
    {
      "From": 59,
      "To": 30
    },
    {
      "From": 59,
      "To": 31
    },
    {
      "From": 12,
      "To": 32
    },
    {
      "From": 54,
      "To": 33
    },
    {
      "From": 28,
      "To": 34
    },
    {
      "From": 28,
      "To": 35
    },
    {
      "From": 29,
      "To": 36
    },
    {
      "From": 36,
      "To": 37
    },
    {
      "From": 14,
      "To": 38
    },
    {
      "From": 0,
      "To": 39
    },
    {
      "From": 12,
      "To": 40
    },
    {
      "From": 12,
      "To": 41
    },
    {
      "From": 28,
      "To": 42
    },
    {
      "From": 35,
      "To": 43
    },
    {
      "From": 40,
      "To": 44
    },
    {
      "From": 40,
      "To": 45
    },
    {
      "From": 0,
      "To": 46
    },
    {
      "From": 0,
      "To": 47
    },
    {
      "From": 0,
      "To": 48
    },
    {
      "From": 0,
      "To": 49
    },
    {
      "From": 0,
      "To": 50
    },
    {
      "From": 40,
      "To": 51
    },
    {
      "From": 40,
      "To": 52
    },
    {
      "From": 40,
      "To": 53
    },
    {
      "From": 6,
      "To": 54
    },
    {
      "From": 11,
      "To": 55
    },
    {
      "From": 0,
      "To": 56
    },
    {
      "From": 0,
      "To": 57
    },
    {
      "From": 0,
      "To": 58
    },
    {
      "From": 0,
      "To": 59
    },
    {
      "From": 10,
      "To": 60
    },
    {
      "From": 0,
      "To": 61
    },
    {
      "From": 6,
      "To": 62
    },
    {
      "From": 0,
      "To": 63
    }
  ],
  "OverworldCoordinates": {
    "Coneria": {
      "X": 161,
      "Y": 133
    },
    "ConeriaCastle1": {
      "X": 162,
      "Y": 132
    },
    "TempleOfFiends1": {
      "X": 85,
      "Y": 135
    },
    "Pravoka": {
      "X": 146,
      "Y": 144
    },
    "Gaia": {
      "X": 202,
      "Y": 215
    },
    "CastleOrdeals1": {
      "X": 27,
      "Y": 154
    },
    "TitansTunnelWest": {
      "X": 29,
      "Y": 38
    },
    "SardasCave": {
      "X": 26,
      "Y": 38
    },
    "EarthCave1": {
      "X": 19,
      "Y": 127
    },
    "MirageTower1": {
      "X": 199,
      "Y": 134
    },
    "Onrac": {
      "X": 101,
      "Y": 93
    },
    "TitansTunnelEast": {
      "X": 148,
      "Y": 174
    },
    "MatoyasCave": {
      "X": 138,
      "Y": 143
    },
    "DwarfCave": {
      "X": 136,
      "Y": 143
    },
    "Elfland": {
      "X": 191,
      "Y": 50
    },
    "ElflandCastle": {
      "X": 192,
      "Y": 49
    },
    "MarshCave1": {
      "X": 220,
      "Y": 105
    },
    "NorthwestCastle": {
      "X": 184,
      "Y": 80
    },
    "Melmond": {
      "X": 207,
      "Y": 34
    },
    "CrescentLake": {
      "X": 171,
      "Y": 113
    },
    "Lefein": {
      "X": 83,
      "Y": 88
    },
    "BahamutCave1": {
      "X": 46,
      "Y": 71
    },
    "Cardia1": {
      "X": 143,
      "Y": 229
    },
    "Cardia2": {
      "X": 118,
      "Y": 20
    },
    "Cardia4": {
      "X": 80,
      "Y": 21
    },
    "Cardia5": {
      "X": 234,
      "Y": 215
    },
    "Cardia6": {
      "X": 103,
      "Y": 120
    },
    "Waterfall": {
      "X": 82,
      "Y": 107
    },
    "IceCave1": {
      "X": 51,
      "Y": 106
    },
    "GurguVolcano1": {
      "X": 205,
      "Y": 113
    }
  }
}