﻿{
  "StartingLocation": {
    "X": 19,
    "Y": 108
  },
  "AirShipLocation": {
    "X": 88,
    "Y": 233
  },
  "BridgeLocation": {
    "X": 30,
    "Y": 122
  },
  "CanalLocation": {
    "X": 120,
    "Y": 170
  },
  "ShipLocations": [
    {
      "TeleporterIndex": 1,
      "X": 16,
      "Y": 86
    },
    {
      "TeleporterIndex": 9,
      "X": 16,
      "Y": 86
    },
    {
      "TeleporterIndex": 255,
      "X": 16,
      "Y": 86
    },
    {
      "TeleporterIndex": 13,
      "X": 16,
      "Y": 86
    },
    {
      "TeleporterIndex": 2,
      "X": 29,
      "Y": 129
    },
    {
      "TeleporterIndex": 7,
      "X": 21,
      "Y": 233
    },
    {
      "TeleporterIndex": 3,
      "X": 21,
      "Y": 233
    },
    {
      "TeleporterIndex": 10,
      "X": 21,
      "Y": 233
    },
    {
      "TeleporterIndex": 23,
      "X": 29,
      "Y": 129
    },
    {
      "TeleporterIndex": 11,
      "X": 153,
      "Y": 176
    },
    {
      "TeleporterIndex": 4,
      "X": 19,
      "Y": 141
    },
    {
      "TeleporterIndex": 5,
      "X": 193,
      "Y": 230
    }
  ],
  "TeleporterFixups": [
    {
      "Type": 1,
      "Index": 0,
      "From": null,
      "To": {
        "Map": 255,
        "X": 35,
        "Y": 218
      }
    },
    {
      "Type": 1,
      "Index": 1,
      "From": null,
      "To": {
        "Map": 255,
        "X": 64,
        "Y": 134
      }
    },
    {
      "Type": 1,
      "Index": 2,
      "From": null,
      "To": {
        "Map": 255,
        "X": 68,
        "Y": 191
      }
    },
    {
      "Type": 1,
      "Index": 3,
      "From": null,
      "To": {
        "Map": 255,
        "X": 55,
        "Y": 167
      }
    },
    {
      "Type": 1,
      "Index": 4,
      "From": null,
      "To": {
        "Map": 255,
        "X": 19,
        "Y": 106
      }
    },
    {
      "Type": 1,
      "Index": 5,
      "From": null,
      "To": {
        "Map": 255,
        "X": 106,
        "Y": 146
      }
    },
    {
      "Type": 1,
      "Index": 6,
      "From": null,
      "To": {
        "Map": 255,
        "X": 42,
        "Y": 187
      }
    },
    {
      "Type": 1,
      "Index": 7,
      "From": null,
      "To": {
        "Map": 255,
        "X": 46,
        "Y": 239
      }
    },
    {
      "Type": 1,
      "Index": 8,
      "From": null,
      "To": {
        "Map": 255,
        "X": 95,
        "Y": 168
      }
    }
  ],
  "DomainFixups": [],
  "DomainUpdates": [
    {
      "From": 0,
      "To": 0
    },
    {
      "From": 31,
      "To": 1
    },
    {
      "From": 10,
      "To": 2
    },
    {
      "From": 10,
      "To": 3
    },
    {
      "From": 0,
      "To": 4
    },
    {
      "From": 0,
      "To": 5
    },
    {
      "From": 10,
      "To": 6
    },
    {
      "From": 11,
      "To": 7
    },
    {
      "From": 0,
      "To": 8
    },
    {
      "From": 0,
      "To": 9
    },
    {
      "From": 0,
      "To": 10
    },
    {
      "From": 0,
      "To": 11
    },
    {
      "From": 0,
      "To": 12
    },
    {
      "From": 0,
      "To": 13
    },
    {
      "From": 0,
      "To": 14
    },
    {
      "From": 0,
      "To": 15
    },
    {
      "From": 28,
      "To": 16
    },
    {
      "From": 28,
      "To": 17
    },
    {
      "From": 0,
      "To": 18
    },
    {
      "From": 0,
      "To": 19
    },
    {
      "From": 0,
      "To": 20
    },
    {
      "From": 0,
      "To": 21
    },
    {
      "From": 0,
      "To": 22
    },
    {
      "From": 0,
      "To": 23
    },
    {
      "From": 36,
      "To": 24
    },
    {
      "From": 59,
      "To": 25
    },
    {
      "From": 29,
      "To": 26
    },
    {
      "From": 29,
      "To": 27
    },
    {
      "From": 0,
      "To": 28
    },
    {
      "From": 0,
      "To": 29
    },
    {
      "From": 0,
      "To": 30
    },
    {
      "From": 0,
      "To": 31
    },
    {
      "From": 42,
      "To": 32
    },
    {
      "From": 35,
      "To": 33
    },
    {
      "From": 12,
      "To": 34
    },
    {
      "From": 42,
      "To": 35
    },
    {
      "From": 0,
      "To": 36
    },
    {
      "From": 43,
      "To": 37
    },
    {
      "From": 43,
      "To": 38
    },
    {
      "From": 0,
      "To": 39
    },
    {
      "From": 42,
      "To": 40
    },
    {
      "From": 12,
      "To": 41
    },
    {
      "From": 11,
      "To": 42
    },
    {
      "From": 14,
      "To": 43
    },
    {
      "From": 43,
      "To": 44
    },
    {
      "From": 43,
      "To": 45
    },
    {
      "From": 43,
      "To": 46
    },
    {
      "From": 0,
      "To": 47
    },
    {
      "From": 52,
      "To": 48
    },
    {
      "From": 1,
      "To": 49
    },
    {
      "From": 54,
      "To": 50
    },
    {
      "From": 0,
      "To": 51
    },
    {
      "From": 43,
      "To": 52
    },
    {
      "From": 43,
      "To": 53
    },
    {
      "From": 11,
      "To": 54
    },
    {
      "From": 0,
      "To": 55
    },
    {
      "From": 52,
      "To": 56
    },
    {
      "From": 9,
      "To": 57
    },
    {
      "From": 1,
      "To": 58
    },
    {
      "From": 0,
      "To": 59
    },
    {
      "From": 54,
      "To": 60
    },
    {
      "From": 54,
      "To": 61
    },
    {
      "From": 6,
      "To": 62
    },
    {
      "From": 6,
      "To": 63
    }
  ],
  "OverworldCoordinates": {
    "Coneria": {
      "X": 18,
      "Y": 107
    },
    "ConeriaCastle1": {
      "X": 19,
      "Y": 106
    },
    "TempleOfFiends1": {
      "X": 31,
      "Y": 93
    },
    "Pravoka": {
      "X": 30,
      "Y": 125
    },
    "Gaia": {
      "X": 231,
      "Y": 236
    },
    "CastleOrdeals1": {
      "X": 55,
      "Y": 167
    },
    "TitansTunnelWest": {
      "X": 64,
      "Y": 134
    },
    "SardasCave": {
      "X": 69,
      "Y": 136
    },
    "EarthCave1": {
      "X": 106,
      "Y": 146
    },
    "MirageTower1": {
      "X": 95,
      "Y": 168
    },
    "Onrac": {
      "X": 46,
      "Y": 239
    },
    "TitansTunnelEast": {
      "X": 35,
      "Y": 218
    },
    "MatoyasCave": {
      "X": 71,
      "Y": 122
    },
    "DwarfCave": {
      "X": 36,
      "Y": 119
    },
    "Elfland": {
      "X": 13,
      "Y": 219
    },
    "ElflandCastle": {
      "X": 14,
      "Y": 218
    },
    "MarshCave1": {
      "X": 56,
      "Y": 110
    },
    "NorthwestCastle": {
      "X": 182,
      "Y": 172
    },
    "Melmond": {
      "X": 14,
      "Y": 172
    },
    "CrescentLake": {
      "X": 153,
      "Y": 240
    },
    "Lefein": {
      "X": 41,
      "Y": 25
    },
    "BahamutCave1": {
      "X": 231,
      "Y": 19
    },
    "Cardia1": {
      "X": 95,
      "Y": 22
    },
    "Cardia2": {
      "X": 130,
      "Y": 185
    },
    "Cardia4": {
      "X": 214,
      "Y": 12
    },
    "Cardia5": {
      "X": 205,
      "Y": 215
    },
    "Cardia6": {
      "X": 91,
      "Y": 183
    },
    "Waterfall": {
      "X": 52,
      "Y": 205
    },
    "IceCave1": {
      "X": 68,
      "Y": 191
    },
    "GurguVolcano1": {
      "X": 42,
      "Y": 187
    }
  }
}