﻿{
  "StartingLocation": {
    "X": 225,
    "Y": 116
  },
  "AirShipLocation": {
    "X": 41,
    "Y": 152
  },
  "BridgeLocation": {
    "X": 208,
    "Y": 83
  },
  "CanalLocation": {
    "X": 52,
    "Y": 89
  },
  "ShipLocations": [
    {
      "TeleporterIndex": 1,
      "X": 208,
      "Y": 120
    },
    {
      "TeleporterIndex": 9,
      "X": 236,
      "Y": 127
    },
    {
      "TeleporterIndex": 255,
      "X": 236,
      "Y": 127
    },
    {
      "TeleporterIndex": 13,
      "X": 208,
      "Y": 120
    },
    {
      "TeleporterIndex": 2,
      "X": 207,
      "Y": 90
    },
    {
      "TeleporterIndex": 24,
      "X": 202,
      "Y": 20
    },
    {
      "TeleporterIndex": 3,
      "X": 34,
      "Y": 124
    },
    {
      "TeleporterIndex": 10,
      "X": 34,
      "Y": 124
    },
    {
      "TeleporterIndex": 23,
      "X": 195,
      "Y": 223
    },
    {
      "TeleporterIndex": 11,
      "X": 223,
      "Y": 48
    },
    {
      "TeleporterIndex": 4,
      "X": 34,
      "Y": 124
    },
    {
      "TeleporterIndex": 5,
      "X": 207,
      "Y": 90
    }
  ],
  "TeleporterFixups": [
    {
      "Type": 1,
      "Index": 0,
      "From": null,
      "To": {
        "Map": 255,
        "X": 187,
        "Y": 113
      }
    },
    {
      "Type": 1,
      "Index": 1,
      "From": null,
      "To": {
        "Map": 255,
        "X": 57,
        "Y": 216
      }
    },
    {
      "Type": 1,
      "Index": 2,
      "From": null,
      "To": {
        "Map": 255,
        "X": 95,
        "Y": 75
      }
    },
    {
      "Type": 1,
      "Index": 3,
      "From": null,
      "To": {
        "Map": 255,
        "X": 161,
        "Y": 98
      }
    },
    {
      "Type": 1,
      "Index": 4,
      "From": null,
      "To": {
        "Map": 255,
        "X": 225,
        "Y": 114
      }
    },
    {
      "Type": 1,
      "Index": 5,
      "From": null,
      "To": {
        "Map": 255,
        "X": 93,
        "Y": 95
      }
    },
    {
      "Type": 1,
      "Index": 6,
      "From": null,
      "To": {
        "Map": 255,
        "X": 38,
        "Y": 49
      }
    },
    {
      "Type": 1,
      "Index": 7,
      "From": null,
      "To": {
        "Map": 255,
        "X": 96,
        "Y": 174
      }
    },
    {
      "Type": 1,
      "Index": 8,
      "From": null,
      "To": {
        "Map": 255,
        "X": 165,
        "Y": 55
      }
    }
  ],
  "DomainFixups": [],
  "DomainUpdates": [
    {
      "From": 0,
      "To": 0
    },
    {
      "From": 0,
      "To": 1
    },
    {
      "From": 11,
      "To": 2
    },
    {
      "From": 11,
      "To": 3
    },
    {
      "From": 0,
      "To": 4
    },
    {
      "From": 14,
      "To": 5
    },
    {
      "From": 35,
      "To": 6
    },
    {
      "From": 0,
      "To": 7
    },
    {
      "From": 54,
      "To": 8
    },
    {
      "From": 54,
      "To": 9
    },
    {
      "From": 11,
      "To": 10
    },
    {
      "From": 11,
      "To": 11
    },
    {
      "From": 11,
      "To": 12
    },
    {
      "From": 14,
      "To": 13
    },
    {
      "From": 35,
      "To": 14
    },
    {
      "From": 35,
      "To": 15
    },
    {
      "From": 54,
      "To": 16
    },
    {
      "From": 54,
      "To": 17
    },
    {
      "From": 42,
      "To": 18
    },
    {
      "From": 54,
      "To": 19
    },
    {
      "From": 11,
      "To": 20
    },
    {
      "From": 29,
      "To": 21
    },
    {
      "From": 29,
      "To": 22
    },
    {
      "From": 11,
      "To": 23
    },
    {
      "From": 52,
      "To": 24
    },
    {
      "From": 52,
      "To": 25
    },
    {
      "From": 42,
      "To": 26
    },
    {
      "From": 42,
      "To": 27
    },
    {
      "From": 12,
      "To": 28
    },
    {
      "From": 40,
      "To": 29
    },
    {
      "From": 36,
      "To": 30
    },
    {
      "From": 36,
      "To": 31
    },
    {
      "From": 52,
      "To": 32
    },
    {
      "From": 52,
      "To": 33
    },
    {
      "From": 11,
      "To": 34
    },
    {
      "From": 0,
      "To": 35
    },
    {
      "From": 0,
      "To": 36
    },
    {
      "From": 10,
      "To": 37
    },
    {
      "From": 36,
      "To": 38
    },
    {
      "From": 36,
      "To": 39
    },
    {
      "From": 42,
      "To": 40
    },
    {
      "From": 42,
      "To": 41
    },
    {
      "From": 9,
      "To": 42
    },
    {
      "From": 9,
      "To": 43
    },
    {
      "From": 10,
      "To": 44
    },
    {
      "From": 10,
      "To": 45
    },
    {
      "From": 0,
      "To": 46
    },
    {
      "From": 0,
      "To": 47
    },
    {
      "From": 40,
      "To": 48
    },
    {
      "From": 40,
      "To": 49
    },
    {
      "From": 40,
      "To": 50
    },
    {
      "From": 0,
      "To": 51
    },
    {
      "From": 10,
      "To": 52
    },
    {
      "From": 0,
      "To": 53
    },
    {
      "From": 59,
      "To": 54
    },
    {
      "From": 59,
      "To": 55
    },
    {
      "From": 40,
      "To": 56
    },
    {
      "From": 40,
      "To": 57
    },
    {
      "From": 40,
      "To": 58
    },
    {
      "From": 0,
      "To": 59
    },
    {
      "From": 0,
      "To": 60
    },
    {
      "From": 0,
      "To": 61
    },
    {
      "From": 59,
      "To": 62
    },
    {
      "From": 59,
      "To": 63
    }
  ],
  "OverworldCoordinates": {
    "Coneria": {
      "X": 224,
      "Y": 115
    },
    "ConeriaCastle1": {
      "X": 225,
      "Y": 114
    },
    "TempleOfFiends1": {
      "X": 186,
      "Y": 118
    },
    "Pravoka": {
      "X": 208,
      "Y": 86
    },
    "Gaia": {
      "X": 181,
      "Y": 13
    },
    "CastleOrdeals1": {
      "X": 161,
      "Y": 98
    },
    "TitansTunnelWest": {
      "X": 57,
      "Y": 216
    },
    "SardasCave": {
      "X": 33,
      "Y": 216
    },
    "EarthCave1": {
      "X": 93,
      "Y": 95
    },
    "MirageTower1": {
      "X": 165,
      "Y": 55
    },
    "Onrac": {
      "X": 96,
      "Y": 174
    },
    "TitansTunnelEast": {
      "X": 187,
      "Y": 113
    },
    "MatoyasCave": {
      "X": 188,
      "Y": 71
    },
    "DwarfCave": {
      "X": 193,
      "Y": 40
    },
    "Elfland": {
      "X": 21,
      "Y": 140
    },
    "ElflandCastle": {
      "X": 22,
      "Y": 139
    },
    "MarshCave1": {
      "X": 232,
      "Y": 223
    },
    "NorthwestCastle": {
      "X": 199,
      "Y": 56
    },
    "Melmond": {
      "X": 39,
      "Y": 172
    },
    "CrescentLake": {
      "X": 209,
      "Y": 99
    },
    "Lefein": {
      "X": 61,
      "Y": 124
    },
    "BahamutCave1": {
      "X": 231,
      "Y": 93
    },
    "Cardia1": {
      "X": 131,
      "Y": 189
    },
    "Cardia2": {
      "X": 74,
      "Y": 135
    },
    "Cardia4": {
      "X": 167,
      "Y": 163
    },
    "Cardia5": {
      "X": 64,
      "Y": 160
    },
    "Cardia6": {
      "X": 148,
      "Y": 62
    },
    "Waterfall": {
      "X": 153,
      "Y": 77
    },
    "IceCave1": {
      "X": 95,
      "Y": 75
    },
    "GurguVolcano1": {
      "X": 38,
      "Y": 49
    }
  }
}