﻿{
  "StartingLocation": {
    "X": 215,
    "Y": 194
  },
  "AirShipLocation": {
    "X": 169,
    "Y": 137
  },
  "BridgeLocation": {
    "X": 161,
    "Y": 227
  },
  "CanalLocation": {
    "X": 45,
    "Y": 196
  },
  "ShipLocations": [
    {
      "TeleporterIndex": 1,
      "X": 236,
      "Y": 188
    },
    {
      "TeleporterIndex": 9,
      "X": 236,
      "Y": 188
    },
    {
      "TeleporterIndex": 255,
      "X": 236,
      "Y": 188
    },
    {
      "TeleporterIndex": 13,
      "X": 160,
      "Y": 234
    },
    {
      "TeleporterIndex": 2,
      "X": 160,
      "Y": 234
    },
    {
      "TeleporterIndex": 24,
      "X": 215,
      "Y": 138
    },
    {
      "TeleporterIndex": 3,
      "X": 116,
      "Y": 189
    },
    {
      "TeleporterIndex": 10,
      "X": 116,
      "Y": 189
    },
    {
      "TeleporterIndex": 23,
      "X": 169,
      "Y": 209
    },
    {
      "TeleporterIndex": 11,
      "X": 116,
      "Y": 189
    },
    {
      "TeleporterIndex": 4,
      "X": 169,
      "Y": 209
    },
    {
      "TeleporterIndex": 5,
      "X": 68,
      "Y": 173
    },
    {
      "TeleporterIndex": 8,
      "X": 24,
      "Y": 128
    },
    {
      "TeleporterIndex": 28,
      "X": 236,
      "Y": 188
    }
  ],
  "TeleporterFixups": [
    {
      "Type": 1,
      "Index": 0,
      "From": null,
      "To": {
        "Map": 255,
        "X": 132,
        "Y": 159
      }
    },
    {
      "Type": 1,
      "Index": 1,
      "From": null,
      "To": {
        "Map": 255,
        "X": 37,
        "Y": 53
      }
    },
    {
      "Type": 1,
      "Index": 2,
      "From": null,
      "To": {
        "Map": 255,
        "X": 177,
        "Y": 173
      }
    },
    {
      "Type": 1,
      "Index": 3,
      "From": null,
      "To": {
        "Map": 255,
        "X": 21,
        "Y": 181
      }
    },
    {
      "Type": 1,
      "Index": 4,
      "From": null,
      "To": {
        "Map": 255,
        "X": 215,
        "Y": 192
      }
    },
    {
      "Type": 1,
      "Index": 5,
      "From": null,
      "To": {
        "Map": 255,
        "X": 35,
        "Y": 188
      }
    },
    {
      "Type": 1,
      "Index": 6,
      "From": null,
      "To": {
        "Map": 255,
        "X": 82,
        "Y": 189
      }
    },
    {
      "Type": 1,
      "Index": 7,
      "From": null,
      "To": {
        "Map": 255,
        "X": 170,
        "Y": 114
      }
    },
    {
      "Type": 1,
      "Index": 8,
      "From": null,
      "To": {
        "Map": 255,
        "X": 188,
        "Y": 142
      }
    }
  ],
  "DomainFixups": [],
  "DomainUpdates": [
    {
      "From": 0,
      "To": 0
    },
    {
      "From": 10,
      "To": 1
    },
    {
      "From": 0,
      "To": 2
    },
    {
      "From": 0,
      "To": 3
    },
    {
      "From": 0,
      "To": 4
    },
    {
      "From": 0,
      "To": 5
    },
    {
      "From": 11,
      "To": 6
    },
    {
      "From": 11,
      "To": 7
    },
    {
      "From": 40,
      "To": 8
    },
    {
      "From": 40,
      "To": 9
    },
    {
      "From": 0,
      "To": 10
    },
    {
      "From": 0,
      "To": 11
    },
    {
      "From": 0,
      "To": 12
    },
    {
      "From": 0,
      "To": 13
    },
    {
      "From": 0,
      "To": 14
    },
    {
      "From": 0,
      "To": 15
    },
    {
      "From": 0,
      "To": 16
    },
    {
      "From": 0,
      "To": 17
    },
    {
      "From": 0,
      "To": 18
    },
    {
      "From": 0,
      "To": 19
    },
    {
      "From": 0,
      "To": 20
    },
    {
      "From": 0,
      "To": 21
    },
    {
      "From": 0,
      "To": 22
    },
    {
      "From": 0,
      "To": 23
    },
    {
      "From": 35,
      "To": 24
    },
    {
      "From": 0,
      "To": 25
    },
    {
      "From": 35,
      "To": 26
    },
    {
      "From": 6,
      "To": 27
    },
    {
      "From": 43,
      "To": 28
    },
    {
      "From": 14,
      "To": 29
    },
    {
      "From": 14,
      "To": 30
    },
    {
      "From": 10,
      "To": 31
    },
    {
      "From": 35,
      "To": 32
    },
    {
      "From": 35,
      "To": 33
    },
    {
      "From": 35,
      "To": 34
    },
    {
      "From": 43,
      "To": 35
    },
    {
      "From": 52,
      "To": 36
    },
    {
      "From": 1,
      "To": 37
    },
    {
      "From": 14,
      "To": 38
    },
    {
      "From": 14,
      "To": 39
    },
    {
      "From": 12,
      "To": 40
    },
    {
      "From": 29,
      "To": 41
    },
    {
      "From": 54,
      "To": 42
    },
    {
      "From": 54,
      "To": 43
    },
    {
      "From": 40,
      "To": 44
    },
    {
      "From": 54,
      "To": 45
    },
    {
      "From": 11,
      "To": 46
    },
    {
      "From": 36,
      "To": 47
    },
    {
      "From": 42,
      "To": 48
    },
    {
      "From": 42,
      "To": 49
    },
    {
      "From": 54,
      "To": 50
    },
    {
      "From": 54,
      "To": 51
    },
    {
      "From": 54,
      "To": 52
    },
    {
      "From": 28,
      "To": 53
    },
    {
      "From": 36,
      "To": 54
    },
    {
      "From": 36,
      "To": 55
    },
    {
      "From": 0,
      "To": 56
    },
    {
      "From": 0,
      "To": 57
    },
    {
      "From": 0,
      "To": 58
    },
    {
      "From": 0,
      "To": 59
    },
    {
      "From": 28,
      "To": 60
    },
    {
      "From": 28,
      "To": 61
    },
    {
      "From": 42,
      "To": 62
    },
    {
      "From": 11,
      "To": 63
    }
  ],
  "OverworldCoordinates": {
    "Coneria": {
      "X": 214,
      "Y": 193
    },
    "ConeriaCastle1": {
      "X": 215,
      "Y": 192
    },
    "TempleOfFiends1": {
      "X": 192,
      "Y": 233
    },
    "Pravoka": {
      "X": 161,
      "Y": 230
    },
    "Gaia": {
      "X": 111,
      "Y": 126
    },
    "CastleOrdeals1": {
      "X": 21,
      "Y": 181
    },
    "TitansTunnelWest": {
      "X": 37,
      "Y": 53
    },
    "SardasCave": {
      "X": 40,
      "Y": 55
    },
    "EarthCave1": {
      "X": 35,
      "Y": 188
    },
    "MirageTower1": {
      "X": 188,
      "Y": 142
    },
    "Onrac": {
      "X": 170,
      "Y": 114
    },
    "TitansTunnelEast": {
      "X": 132,
      "Y": 159
    },
    "MatoyasCave": {
      "X": 46,
      "Y": 176
    },
    "DwarfCave": {
      "X": 71,
      "Y": 113
    },
    "Elfland": {
      "X": 146,
      "Y": 148
    },
    "ElflandCastle": {
      "X": 147,
      "Y": 147
    },
    "MarshCave1": {
      "X": 206,
      "Y": 218
    },
    "NorthwestCastle": {
      "X": 132,
      "Y": 128
    },
    "Melmond": {
      "X": 208,
      "Y": 236
    },
    "CrescentLake": {
      "X": 80,
      "Y": 177
    },
    "Lefein": {
      "X": 45,
      "Y": 136
    },
    "BahamutCave1": {
      "X": 233,
      "Y": 21
    },
    "Cardia1": {
      "X": 45,
      "Y": 11
    },
    "Cardia2": {
      "X": 11,
      "Y": 109
    },
    "Cardia4": {
      "X": 238,
      "Y": 111
    },
    "Cardia5": {
      "X": 221,
      "Y": 216
    },
    "Cardia6": {
      "X": 196,
      "Y": 183
    },
    "Waterfall": {
      "X": 182,
      "Y": 147
    },
    "IceCave1": {
      "X": 177,
      "Y": 173
    },
    "GurguVolcano1": {
      "X": 82,
      "Y": 189
    }
  }
}