﻿{
  "StartingLocation": {
    "X": 158,
    "Y": 93
  },
  "AirShipLocation": {
    "X": 82,
    "Y": 152
  },
  "BridgeLocation": {
    "X": 178,
    "Y": 95
  },
  "CanalLocation": {
    "X": 147,
    "Y": 184
  },
  "ShipLocations": [
    {
      "TeleporterIndex": 1,
      "X": 177,
      "Y": 102
    },
    {
      "TeleporterIndex": 9,
      "X": 177,
      "Y": 102
    },
    {
      "TeleporterIndex": 255,
      "X": 177,
      "Y": 102
    },
    {
      "TeleporterIndex": 13,
      "X": 177,
      "Y": 102
    },
    {
      "TeleporterIndex": 2,
      "X": 177,
      "Y": 102
    },
    {
      "TeleporterIndex": 24,
      "X": 69,
      "Y": 122
    },
    {
      "TeleporterIndex": 3,
      "X": 234,
      "Y": 102
    },
    {
      "TeleporterIndex": 10,
      "X": 234,
      "Y": 102
    },
    {
      "TeleporterIndex": 23,
      "X": 86,
      "Y": 70
    },
    {
      "TeleporterIndex": 11,
      "X": 74,
      "Y": 40
    },
    {
      "TeleporterIndex": 4,
      "X": 69,
      "Y": 122
    },
    {
      "TeleporterIndex": 5,
      "X": 43,
      "Y": 169
    }
  ],
  "TeleporterFixups": [
    {
      "Type": 1,
      "Index": 0,
      "From": null,
      "To": {
        "Map": 255,
        "X": 37,
        "Y": 42
      }
    },
    {
      "Type": 1,
      "Index": 1,
      "From": null,
      "To": {
        "Map": 255,
        "X": 52,
        "Y": 199
      }
    },
    {
      "Type": 1,
      "Index": 2,
      "From": null,
      "To": {
        "Map": 255,
        "X": 193,
        "Y": 84
      }
    },
    {
      "Type": 1,
      "Index": 3,
      "From": null,
      "To": {
        "Map": 255,
        "X": 206,
        "Y": 61
      }
    },
    {
      "Type": 1,
      "Index": 4,
      "From": null,
      "To": {
        "Map": 255,
        "X": 158,
        "Y": 91
      }
    },
    {
      "Type": 1,
      "Index": 5,
      "From": null,
      "To": {
        "Map": 255,
        "X": 213,
        "Y": 207
      }
    },
    {
      "Type": 1,
      "Index": 6,
      "From": null,
      "To": {
        "Map": 255,
        "X": 47,
        "Y": 130
      }
    },
    {
      "Type": 1,
      "Index": 7,
      "From": null,
      "To": {
        "Map": 255,
        "X": 70,
        "Y": 208
      }
    },
    {
      "Type": 1,
      "Index": 8,
      "From": null,
      "To": {
        "Map": 255,
        "X": 55,
        "Y": 105
      }
    }
  ],
  "DomainFixups": [],
  "DomainUpdates": [
    {
      "From": 35,
      "To": 0
    },
    {
      "From": 35,
      "To": 1
    },
    {
      "From": 43,
      "To": 2
    },
    {
      "From": 0,
      "To": 3
    },
    {
      "From": 0,
      "To": 4
    },
    {
      "From": 12,
      "To": 5
    },
    {
      "From": 12,
      "To": 6
    },
    {
      "From": 0,
      "To": 7
    },
    {
      "From": 35,
      "To": 8
    },
    {
      "From": 40,
      "To": 9
    },
    {
      "From": 59,
      "To": 10
    },
    {
      "From": 0,
      "To": 11
    },
    {
      "From": 0,
      "To": 12
    },
    {
      "From": 1,
      "To": 13
    },
    {
      "From": 12,
      "To": 14
    },
    {
      "From": 11,
      "To": 15
    },
    {
      "From": 0,
      "To": 16
    },
    {
      "From": 59,
      "To": 17
    },
    {
      "From": 59,
      "To": 18
    },
    {
      "From": 0,
      "To": 19
    },
    {
      "From": 36,
      "To": 20
    },
    {
      "From": 36,
      "To": 21
    },
    {
      "From": 12,
      "To": 22
    },
    {
      "From": 12,
      "To": 23
    },
    {
      "From": 0,
      "To": 24
    },
    {
      "From": 14,
      "To": 25
    },
    {
      "From": 42,
      "To": 26
    },
    {
      "From": 42,
      "To": 27
    },
    {
      "From": 28,
      "To": 28
    },
    {
      "From": 36,
      "To": 29
    },
    {
      "From": 52,
      "To": 30
    },
    {
      "From": 52,
      "To": 31
    },
    {
      "From": 54,
      "To": 32
    },
    {
      "From": 54,
      "To": 33
    },
    {
      "From": 29,
      "To": 34
    },
    {
      "From": 29,
      "To": 35
    },
    {
      "From": 0,
      "To": 36
    },
    {
      "From": 42,
      "To": 37
    },
    {
      "From": 10,
      "To": 38
    },
    {
      "From": 0,
      "To": 39
    },
    {
      "From": 54,
      "To": 40
    },
    {
      "From": 54,
      "To": 41
    },
    {
      "From": 54,
      "To": 42
    },
    {
      "From": 0,
      "To": 43
    },
    {
      "From": 42,
      "To": 44
    },
    {
      "From": 42,
      "To": 45
    },
    {
      "From": 42,
      "To": 46
    },
    {
      "From": 42,
      "To": 47
    },
    {
      "From": 10,
      "To": 48
    },
    {
      "From": 6,
      "To": 49
    },
    {
      "From": 9,
      "To": 50
    },
    {
      "From": 11,
      "To": 51
    },
    {
      "From": 42,
      "To": 52
    },
    {
      "From": 42,
      "To": 53
    },
    {
      "From": 42,
      "To": 54
    },
    {
      "From": 42,
      "To": 55
    },
    {
      "From": 10,
      "To": 56
    },
    {
      "From": 6,
      "To": 57
    },
    {
      "From": 40,
      "To": 58
    },
    {
      "From": 0,
      "To": 59
    },
    {
      "From": 0,
      "To": 60
    },
    {
      "From": 0,
      "To": 61
    },
    {
      "From": 31,
      "To": 62
    },
    {
      "From": 0,
      "To": 63
    }
  ],
  "OverworldCoordinates": {
    "Coneria": {
      "X": 157,
      "Y": 92
    },
    "ConeriaCastle1": {
      "X": 158,
      "Y": 91
    },
    "TempleOfFiends1": {
      "X": 155,
      "Y": 118
    },
    "Pravoka": {
      "X": 178,
      "Y": 98
    },
    "Gaia": {
      "X": 54,
      "Y": 205
    },
    "CastleOrdeals1": {
      "X": 206,
      "Y": 61
    },
    "TitansTunnelWest": {
      "X": 52,
      "Y": 199
    },
    "SardasCave": {
      "X": 59,
      "Y": 223
    },
    "EarthCave1": {
      "X": 213,
      "Y": 207
    },
    "MirageTower1": {
      "X": 55,
      "Y": 105
    },
    "Onrac": {
      "X": 70,
      "Y": 208
    },
    "TitansTunnelEast": {
      "X": 37,
      "Y": 42
    },
    "MatoyasCave": {
      "X": 67,
      "Y": 139
    },
    "DwarfCave": {
      "X": 32,
      "Y": 46
    },
    "Elfland": {
      "X": 207,
      "Y": 100
    },
    "ElflandCastle": {
      "X": 208,
      "Y": 99
    },
    "MarshCave1": {
      "X": 67,
      "Y": 78
    },
    "NorthwestCastle": {
      "X": 84,
      "Y": 21
    },
    "Melmond": {
      "X": 86,
      "Y": 116
    },
    "CrescentLake": {
      "X": 52,
      "Y": 156
    },
    "Lefein": {
      "X": 220,
      "Y": 236
    },
    "BahamutCave1": {
      "X": 223,
      "Y": 33
    },
    "Cardia1": {
      "X": 207,
      "Y": 148
    },
    "Cardia2": {
      "X": 28,
      "Y": 230
    },
    "Cardia4": {
      "X": 22,
      "Y": 205
    },
    "Cardia5": {
      "X": 95,
      "Y": 196
    },
    "Cardia6": {
      "X": 240,
      "Y": 214
    },
    "Waterfall": {
      "X": 180,
      "Y": 40
    },
    "IceCave1": {
      "X": 193,
      "Y": 84
    },
    "GurguVolcano1": {
      "X": 47,
      "Y": 130
    }
  }
}