﻿{
  "StartingLocation": {
    "X": 138,
    "Y": 135
  },
  "AirShipLocation": {
    "X": 190,
    "Y": 117
  },
  "BridgeLocation": {
    "X": 182,
    "Y": 130
  },
  "CanalLocation": {
    "X": 18,
    "Y": 238
  },
  "ShipLocations": [
    {
      "TeleporterIndex": 1,
      "X": 157,
      "Y": 125
    },
    {
      "TeleporterIndex": 9,
      "X": 157,
      "Y": 125
    },
    {
      "TeleporterIndex": 255,
      "X": 157,
      "Y": 125
    },
    {
      "TeleporterIndex": 13,
      "X": 157,
      "Y": 125
    },
    {
      "TeleporterIndex": 2,
      "X": 181,
      "Y": 137
    },
    {
      "TeleporterIndex": 3,
      "X": 50,
      "Y": 47
    },
    {
      "TeleporterIndex": 10,
      "X": 50,
      "Y": 47
    },
    {
      "TeleporterIndex": 23,
      "X": 244,
      "Y": 245
    },
    {
      "TeleporterIndex": 11,
      "X": 154,
      "Y": 40
    },
    {
      "TeleporterIndex": 4,
      "X": 242,
      "Y": 12
    },
    {
      "TeleporterIndex": 5,
      "X": 157,
      "Y": 125
    },
    {
      "TeleporterIndex": 29,
      "X": 181,
      "Y": 137
    }
  ],
  "TeleporterFixups": [
    {
      "Type": 1,
      "Index": 0,
      "From": null,
      "To": {
        "Map": 255,
        "X": 122,
        "Y": 203
      }
    },
    {
      "Type": 1,
      "Index": 1,
      "From": null,
      "To": {
        "Map": 255,
        "X": 79,
        "Y": 42
      }
    },
    {
      "Type": 1,
      "Index": 2,
      "From": null,
      "To": {
        "Map": 255,
        "X": 124,
        "Y": 168
      }
    },
    {
      "Type": 1,
      "Index": 3,
      "From": null,
      "To": {
        "Map": 255,
        "X": 138,
        "Y": 186
      }
    },
    {
      "Type": 1,
      "Index": 4,
      "From": null,
      "To": {
        "Map": 255,
        "X": 138,
        "Y": 133
      }
    },
    {
      "Type": 1,
      "Index": 5,
      "From": null,
      "To": {
        "Map": 255,
        "X": 34,
        "Y": 215
      }
    },
    {
      "Type": 1,
      "Index": 6,
      "From": null,
      "To": {
        "Map": 255,
        "X": 72,
        "Y": 196
      }
    },
    {
      "Type": 1,
      "Index": 7,
      "From": null,
      "To": {
        "Map": 255,
        "X": 239,
        "Y": 42
      }
    },
    {
      "Type": 1,
      "Index": 8,
      "From": null,
      "To": {
        "Map": 255,
        "X": 50,
        "Y": 235
      }
    }
  ],
  "DomainFixups": [],
  "DomainUpdates": [
    {
      "From": 52,
      "To": 0
    },
    {
      "From": 52,
      "To": 1
    },
    {
      "From": 40,
      "To": 2
    },
    {
      "From": 40,
      "To": 3
    },
    {
      "From": 43,
      "To": 4
    },
    {
      "From": 43,
      "To": 5
    },
    {
      "From": 42,
      "To": 6
    },
    {
      "From": 42,
      "To": 7
    },
    {
      "From": 52,
      "To": 8
    },
    {
      "From": 52,
      "To": 9
    },
    {
      "From": 40,
      "To": 10
    },
    {
      "From": 40,
      "To": 11
    },
    {
      "From": 43,
      "To": 12
    },
    {
      "From": 43,
      "To": 13
    },
    {
      "From": 10,
      "To": 14
    },
    {
      "From": 9,
      "To": 15
    },
    {
      "From": 6,
      "To": 16
    },
    {
      "From": 40,
      "To": 17
    },
    {
      "From": 40,
      "To": 18
    },
    {
      "From": 0,
      "To": 19
    },
    {
      "From": 0,
      "To": 20
    },
    {
      "From": 0,
      "To": 21
    },
    {
      "From": 10,
      "To": 22
    },
    {
      "From": 10,
      "To": 23
    },
    {
      "From": 6,
      "To": 24
    },
    {
      "From": 6,
      "To": 25
    },
    {
      "From": 0,
      "To": 26
    },
    {
      "From": 36,
      "To": 27
    },
    {
      "From": 36,
      "To": 28
    },
    {
      "From": 35,
      "To": 29
    },
    {
      "From": 35,
      "To": 30
    },
    {
      "From": 35,
      "To": 31
    },
    {
      "From": 11,
      "To": 32
    },
    {
      "From": 0,
      "To": 33
    },
    {
      "From": 0,
      "To": 34
    },
    {
      "From": 54,
      "To": 35
    },
    {
      "From": 36,
      "To": 36
    },
    {
      "From": 35,
      "To": 37
    },
    {
      "From": 35,
      "To": 38
    },
    {
      "From": 35,
      "To": 39
    },
    {
      "From": 11,
      "To": 40
    },
    {
      "From": 11,
      "To": 41
    },
    {
      "From": 1,
      "To": 42
    },
    {
      "From": 54,
      "To": 43
    },
    {
      "From": 12,
      "To": 44
    },
    {
      "From": 0,
      "To": 45
    },
    {
      "From": 0,
      "To": 46
    },
    {
      "From": 0,
      "To": 47
    },
    {
      "From": 42,
      "To": 48
    },
    {
      "From": 11,
      "To": 49
    },
    {
      "From": 10,
      "To": 50
    },
    {
      "From": 40,
      "To": 51
    },
    {
      "From": 29,
      "To": 52
    },
    {
      "From": 29,
      "To": 53
    },
    {
      "From": 0,
      "To": 54
    },
    {
      "From": 59,
      "To": 55
    },
    {
      "From": 42,
      "To": 56
    },
    {
      "From": 14,
      "To": 57
    },
    {
      "From": 14,
      "To": 58
    },
    {
      "From": 40,
      "To": 59
    },
    {
      "From": 29,
      "To": 60
    },
    {
      "From": 29,
      "To": 61
    },
    {
      "From": 0,
      "To": 62
    },
    {
      "From": 59,
      "To": 63
    }
  ],
  "OverworldCoordinates": {
    "Coneria": {
      "X": 137,
      "Y": 134
    },
    "ConeriaCastle1": {
      "X": 138,
      "Y": 133
    },
    "TempleOfFiends1": {
      "X": 136,
      "Y": 150
    },
    "Pravoka": {
      "X": 182,
      "Y": 133
    },
    "Gaia": {
      "X": 25,
      "Y": 94
    },
    "CastleOrdeals1": {
      "X": 138,
      "Y": 186
    },
    "TitansTunnelWest": {
      "X": 79,
      "Y": 42
    },
    "SardasCave": {
      "X": 81,
      "Y": 41
    },
    "EarthCave1": {
      "X": 34,
      "Y": 215
    },
    "MirageTower1": {
      "X": 50,
      "Y": 235
    },
    "Onrac": {
      "X": 239,
      "Y": 42
    },
    "TitansTunnelEast": {
      "X": 122,
      "Y": 203
    },
    "MatoyasCave": {
      "X": 143,
      "Y": 218
    },
    "DwarfCave": {
      "X": 194,
      "Y": 135
    },
    "Elfland": {
      "X": 20,
      "Y": 35
    },
    "ElflandCastle": {
      "X": 21,
      "Y": 34
    },
    "MarshCave1": {
      "X": 235,
      "Y": 224
    },
    "NorthwestCastle": {
      "X": 158,
      "Y": 20
    },
    "Melmond": {
      "X": 222,
      "Y": 14
    },
    "CrescentLake": {
      "X": 113,
      "Y": 150
    },
    "Lefein": {
      "X": 74,
      "Y": 231
    },
    "BahamutCave1": {
      "X": 20,
      "Y": 152
    },
    "Cardia1": {
      "X": 219,
      "Y": 64
    },
    "Cardia2": {
      "X": 70,
      "Y": 11
    },
    "Cardia4": {
      "X": 85,
      "Y": 211
    },
    "Cardia5": {
      "X": 53,
      "Y": 187
    },
    "Cardia6": {
      "X": 180,
      "Y": 146
    },
    "Waterfall": {
      "X": 72,
      "Y": 176
    },
    "IceCave1": {
      "X": 124,
      "Y": 168
    },
    "GurguVolcano1": {
      "X": 72,
      "Y": 196
    }
  }
}