﻿{
  "StartingLocation": {
    "X": 96,
    "Y": 82
  },
  "AirShipLocation": {
    "X": 115,
    "Y": 150
  },
  "BridgeLocation": {
    "X": 33,
    "Y": 133
  },
  "CanalLocation": {
    "X": 96,
    "Y": 168
  },
  "ShipLocations": [
    {
      "TeleporterIndex": 1,
      "X": 115,
      "Y": 48
    },
    {
      "TeleporterIndex": 9,
      "X": 115,
      "Y": 48
    },
    {
      "TeleporterIndex": 255,
      "X": 115,
      "Y": 48
    },
    {
      "TeleporterIndex": 13,
      "X": 115,
      "Y": 48
    },
    {
      "TeleporterIndex": 2,
      "X": 32,
      "Y": 140
    },
    {
      "TeleporterIndex": 3,
      "X": 189,
      "Y": 171
    },
    {
      "TeleporterIndex": 10,
      "X": 189,
      "Y": 171
    },
    {
      "TeleporterIndex": 23,
      "X": 55,
      "Y": 105
    },
    {
      "TeleporterIndex": 11,
      "X": 154,
      "Y": 207
    },
    {
      "TeleporterIndex": 4,
      "X": 154,
      "Y": 207
    },
    {
      "TeleporterIndex": 5,
      "X": 174,
      "Y": 212
    },
    {
      "TeleporterIndex": 8,
      "X": 115,
      "Y": 48
    }
  ],
  "TeleporterFixups": [
    {
      "Type": 1,
      "Index": 0,
      "From": null,
      "To": {
        "Map": 255,
        "X": 33,
        "Y": 95
      }
    },
    {
      "Type": 1,
      "Index": 1,
      "From": null,
      "To": {
        "Map": 255,
        "X": 207,
        "Y": 179
      }
    },
    {
      "Type": 1,
      "Index": 2,
      "From": null,
      "To": {
        "Map": 255,
        "X": 62,
        "Y": 170
      }
    },
    {
      "Type": 1,
      "Index": 3,
      "From": null,
      "To": {
        "Map": 255,
        "X": 219,
        "Y": 165
      }
    },
    {
      "Type": 1,
      "Index": 4,
      "From": null,
      "To": {
        "Map": 255,
        "X": 96,
        "Y": 80
      }
    },
    {
      "Type": 1,
      "Index": 5,
      "From": null,
      "To": {
        "Map": 255,
        "X": 87,
        "Y": 165
      }
    },
    {
      "Type": 1,
      "Index": 6,
      "From": null,
      "To": {
        "Map": 255,
        "X": 188,
        "Y": 184
      }
    },
    {
      "Type": 1,
      "Index": 7,
      "From": null,
      "To": {
        "Map": 255,
        "X": 134,
        "Y": 233
      }
    },
    {
      "Type": 1,
      "Index": 8,
      "From": null,
      "To": {
        "Map": 255,
        "X": 28,
        "Y": 55
      }
    }
  ],
  "DomainFixups": [],
  "DomainUpdates": [
    {
      "From": 11,
      "To": 0
    },
    {
      "From": 11,
      "To": 1
    },
    {
      "From": 6,
      "To": 2
    },
    {
      "From": 28,
      "To": 3
    },
    {
      "From": 28,
      "To": 4
    },
    {
      "From": 28,
      "To": 5
    },
    {
      "From": 0,
      "To": 6
    },
    {
      "From": 0,
      "To": 7
    },
    {
      "From": 14,
      "To": 8
    },
    {
      "From": 14,
      "To": 9
    },
    {
      "From": 28,
      "To": 10
    },
    {
      "From": 28,
      "To": 11
    },
    {
      "From": 36,
      "To": 12
    },
    {
      "From": 36,
      "To": 13
    },
    {
      "From": 0,
      "To": 14
    },
    {
      "From": 0,
      "To": 15
    },
    {
      "From": 59,
      "To": 16
    },
    {
      "From": 29,
      "To": 17
    },
    {
      "From": 36,
      "To": 18
    },
    {
      "From": 36,
      "To": 19
    },
    {
      "From": 36,
      "To": 20
    },
    {
      "From": 0,
      "To": 21
    },
    {
      "From": 0,
      "To": 22
    },
    {
      "From": 0,
      "To": 23
    },
    {
      "From": 40,
      "To": 24
    },
    {
      "From": 35,
      "To": 25
    },
    {
      "From": 1,
      "To": 26
    },
    {
      "From": 11,
      "To": 27
    },
    {
      "From": 0,
      "To": 28
    },
    {
      "From": 0,
      "To": 29
    },
    {
      "From": 10,
      "To": 30
    },
    {
      "From": 10,
      "To": 31
    },
    {
      "From": 35,
      "To": 32
    },
    {
      "From": 35,
      "To": 33
    },
    {
      "From": 1,
      "To": 34
    },
    {
      "From": 42,
      "To": 35
    },
    {
      "From": 42,
      "To": 36
    },
    {
      "From": 10,
      "To": 37
    },
    {
      "From": 0,
      "To": 38
    },
    {
      "From": 0,
      "To": 39
    },
    {
      "From": 0,
      "To": 40
    },
    {
      "From": 54,
      "To": 41
    },
    {
      "From": 42,
      "To": 42
    },
    {
      "From": 42,
      "To": 43
    },
    {
      "From": 43,
      "To": 44
    },
    {
      "From": 52,
      "To": 45
    },
    {
      "From": 12,
      "To": 46
    },
    {
      "From": 12,
      "To": 47
    },
    {
      "From": 0,
      "To": 48
    },
    {
      "From": 54,
      "To": 49
    },
    {
      "From": 42,
      "To": 50
    },
    {
      "From": 42,
      "To": 51
    },
    {
      "From": 43,
      "To": 52
    },
    {
      "From": 54,
      "To": 53
    },
    {
      "From": 54,
      "To": 54
    },
    {
      "From": 12,
      "To": 55
    },
    {
      "From": 0,
      "To": 56
    },
    {
      "From": 0,
      "To": 57
    },
    {
      "From": 0,
      "To": 58
    },
    {
      "From": 0,
      "To": 59
    },
    {
      "From": 9,
      "To": 60
    },
    {
      "From": 0,
      "To": 61
    },
    {
      "From": 0,
      "To": 62
    },
    {
      "From": 0,
      "To": 63
    }
  ],
  "OverworldCoordinates": {
    "Coneria": {
      "X": 95,
      "Y": 81
    },
    "ConeriaCastle1": {
      "X": 96,
      "Y": 80
    },
    "TempleOfFiends1": {
      "X": 79,
      "Y": 56
    },
    "Pravoka": {
      "X": 33,
      "Y": 136
    },
    "Gaia": {
      "X": 73,
      "Y": 20
    },
    "CastleOrdeals1": {
      "X": 219,
      "Y": 165
    },
    "TitansTunnelWest": {
      "X": 207,
      "Y": 179
    },
    "SardasCave": {
      "X": 211,
      "Y": 178
    },
    "EarthCave1": {
      "X": 87,
      "Y": 165
    },
    "MirageTower1": {
      "X": 28,
      "Y": 55
    },
    "Onrac": {
      "X": 134,
      "Y": 233
    },
    "TitansTunnelEast": {
      "X": 33,
      "Y": 95
    },
    "MatoyasCave": {
      "X": 44,
      "Y": 73
    },
    "DwarfCave": {
      "X": 39,
      "Y": 126
    },
    "Elfland": {
      "X": 172,
      "Y": 169
    },
    "ElflandCastle": {
      "X": 173,
      "Y": 168
    },
    "MarshCave1": {
      "X": 15,
      "Y": 97
    },
    "NorthwestCastle": {
      "X": 147,
      "Y": 188
    },
    "Melmond": {
      "X": 162,
      "Y": 181
    },
    "CrescentLake": {
      "X": 186,
      "Y": 214
    },
    "Lefein": {
      "X": 131,
      "Y": 31
    },
    "BahamutCave1": {
      "X": 85,
      "Y": 93
    },
    "Cardia1": {
      "X": 222,
      "Y": 122
    },
    "Cardia2": {
      "X": 167,
      "Y": 140
    },
    "Cardia4": {
      "X": 181,
      "Y": 17
    },
    "Cardia5": {
      "X": 109,
      "Y": 111
    },
    "Cardia6": {
      "X": 30,
      "Y": 28
    },
    "Waterfall": {
      "X": 70,
      "Y": 148
    },
    "IceCave1": {
      "X": 62,
      "Y": 170
    },
    "GurguVolcano1": {
      "X": 188,
      "Y": 184
    }
  }
}