﻿{
  "StartingLocation": {
    "X": 48,
    "Y": 225
  },
  "AirShipLocation": {
    "X": 191,
    "Y": 89
  },
  "BridgeLocation": {
    "X": 15,
    "Y": 205
  },
  "CanalLocation": {
    "X": 120,
    "Y": 38
  },
  "ShipLocations": [
    {
      "TeleporterIndex": 1,
      "X": 14,
      "Y": 212
    },
    {
      "TeleporterIndex": 9,
      "X": 14,
      "Y": 212
    },
    {
      "TeleporterIndex": 255,
      "X": 14,
      "Y": 212
    },
    {
      "TeleporterIndex": 13,
      "X": 14,
      "Y": 212
    },
    {
      "TeleporterIndex": 2,
      "X": 14,
      "Y": 212
    },
    {
      "TeleporterIndex": 7,
      "X": 14,
      "Y": 212
    },
    {
      "TeleporterIndex": 3,
      "X": 14,
      "Y": 212
    },
    {
      "TeleporterIndex": 10,
      "X": 14,
      "Y": 212
    },
    {
      "TeleporterIndex": 23,
      "X": 209,
      "Y": 90
    },
    {
      "TeleporterIndex": 11,
      "X": 195,
      "Y": 163
    },
    {
      "TeleporterIndex": 4,
      "X": 195,
      "Y": 163
    },
    {
      "TeleporterIndex": 5,
      "X": 243,
      "Y": 211
    }
  ],
  "TeleporterFixups": [
    {
      "Type": 1,
      "Index": 0,
      "From": null,
      "To": {
        "Map": 255,
        "X": 131,
        "Y": 98
      }
    },
    {
      "Type": 1,
      "Index": 1,
      "From": null,
      "To": {
        "Map": 255,
        "X": 145,
        "Y": 93
      }
    },
    {
      "Type": 1,
      "Index": 2,
      "From": null,
      "To": {
        "Map": 255,
        "X": 217,
        "Y": 108
      }
    },
    {
      "Type": 1,
      "Index": 3,
      "From": null,
      "To": {
        "Map": 255,
        "X": 154,
        "Y": 120
      }
    },
    {
      "Type": 1,
      "Index": 4,
      "From": null,
      "To": {
        "Map": 255,
        "X": 48,
        "Y": 223
      }
    },
    {
      "Type": 1,
      "Index": 5,
      "From": null,
      "To": {
        "Map": 255,
        "X": 138,
        "Y": 68
      }
    },
    {
      "Type": 1,
      "Index": 6,
      "From": null,
      "To": {
        "Map": 255,
        "X": 176,
        "Y": 99
      }
    },
    {
      "Type": 1,
      "Index": 7,
      "From": null,
      "To": {
        "Map": 255,
        "X": 102,
        "Y": 223
      }
    },
    {
      "Type": 1,
      "Index": 8,
      "From": null,
      "To": {
        "Map": 255,
        "X": 154,
        "Y": 55
      }
    }
  ],
  "DomainFixups": [],
  "DomainUpdates": [
    {
      "From": 6,
      "To": 0
    },
    {
      "From": 0,
      "To": 1
    },
    {
      "From": 0,
      "To": 2
    },
    {
      "From": 14,
      "To": 3
    },
    {
      "From": 14,
      "To": 4
    },
    {
      "From": 14,
      "To": 5
    },
    {
      "From": 14,
      "To": 6
    },
    {
      "From": 0,
      "To": 7
    },
    {
      "From": 11,
      "To": 8
    },
    {
      "From": 0,
      "To": 9
    },
    {
      "From": 0,
      "To": 10
    },
    {
      "From": 14,
      "To": 11
    },
    {
      "From": 14,
      "To": 12
    },
    {
      "From": 14,
      "To": 13
    },
    {
      "From": 14,
      "To": 14
    },
    {
      "From": 11,
      "To": 15
    },
    {
      "From": 11,
      "To": 16
    },
    {
      "From": 0,
      "To": 17
    },
    {
      "From": 0,
      "To": 18
    },
    {
      "From": 40,
      "To": 19
    },
    {
      "From": 42,
      "To": 20
    },
    {
      "From": 1,
      "To": 21
    },
    {
      "From": 59,
      "To": 22
    },
    {
      "From": 59,
      "To": 23
    },
    {
      "From": 0,
      "To": 24
    },
    {
      "From": 0,
      "To": 25
    },
    {
      "From": 0,
      "To": 26
    },
    {
      "From": 40,
      "To": 27
    },
    {
      "From": 12,
      "To": 28
    },
    {
      "From": 54,
      "To": 29
    },
    {
      "From": 54,
      "To": 30
    },
    {
      "From": 59,
      "To": 31
    },
    {
      "From": 0,
      "To": 32
    },
    {
      "From": 0,
      "To": 33
    },
    {
      "From": 0,
      "To": 34
    },
    {
      "From": 0,
      "To": 35
    },
    {
      "From": 12,
      "To": 36
    },
    {
      "From": 43,
      "To": 37
    },
    {
      "From": 43,
      "To": 38
    },
    {
      "From": 59,
      "To": 39
    },
    {
      "From": 10,
      "To": 40
    },
    {
      "From": 10,
      "To": 41
    },
    {
      "From": 0,
      "To": 42
    },
    {
      "From": 0,
      "To": 43
    },
    {
      "From": 0,
      "To": 44
    },
    {
      "From": 43,
      "To": 45
    },
    {
      "From": 43,
      "To": 46
    },
    {
      "From": 0,
      "To": 47
    },
    {
      "From": 52,
      "To": 48
    },
    {
      "From": 52,
      "To": 49
    },
    {
      "From": 28,
      "To": 50
    },
    {
      "From": 9,
      "To": 51
    },
    {
      "From": 0,
      "To": 52
    },
    {
      "From": 0,
      "To": 53
    },
    {
      "From": 54,
      "To": 54
    },
    {
      "From": 54,
      "To": 55
    },
    {
      "From": 36,
      "To": 56
    },
    {
      "From": 36,
      "To": 57
    },
    {
      "From": 10,
      "To": 58
    },
    {
      "From": 9,
      "To": 59
    },
    {
      "From": 0,
      "To": 60
    },
    {
      "From": 10,
      "To": 61
    },
    {
      "From": 54,
      "To": 62
    },
    {
      "From": 54,
      "To": 63
    }
  ],
  "OverworldCoordinates": {
    "Coneria": {
      "X": 47,
      "Y": 224
    },
    "ConeriaCastle1": {
      "X": 48,
      "Y": 223
    },
    "TempleOfFiends1": {
      "X": 67,
      "Y": 217
    },
    "Pravoka": {
      "X": 15,
      "Y": 208
    },
    "Gaia": {
      "X": 14,
      "Y": 15
    },
    "CastleOrdeals1": {
      "X": 154,
      "Y": 120
    },
    "TitansTunnelWest": {
      "X": 145,
      "Y": 93
    },
    "SardasCave": {
      "X": 143,
      "Y": 93
    },
    "EarthCave1": {
      "X": 138,
      "Y": 68
    },
    "MirageTower1": {
      "X": 154,
      "Y": 55
    },
    "Onrac": {
      "X": 102,
      "Y": 223
    },
    "TitansTunnelEast": {
      "X": 131,
      "Y": 98
    },
    "MatoyasCave": {
      "X": 175,
      "Y": 128
    },
    "DwarfCave": {
      "X": 136,
      "Y": 102
    },
    "Elfland": {
      "X": 55,
      "Y": 196
    },
    "ElflandCastle": {
      "X": 56,
      "Y": 195
    },
    "MarshCave1": {
      "X": 230,
      "Y": 97
    },
    "NorthwestCastle": {
      "X": 194,
      "Y": 143
    },
    "Melmond": {
      "X": 157,
      "Y": 135
    },
    "CrescentLake": {
      "X": 224,
      "Y": 217
    },
    "Lefein": {
      "X": 201,
      "Y": 37
    },
    "BahamutCave1": {
      "X": 19,
      "Y": 63
    },
    "Cardia1": {
      "X": 33,
      "Y": 180
    },
    "Cardia2": {
      "X": 175,
      "Y": 240
    },
    "Cardia4": {
      "X": 76,
      "Y": 242
    },
    "Cardia5": {
      "X": 240,
      "Y": 40
    },
    "Cardia6": {
      "X": 116,
      "Y": 12
    },
    "Waterfall": {
      "X": 161,
      "Y": 97
    },
    "IceCave1": {
      "X": 217,
      "Y": 108
    },
    "GurguVolcano1": {
      "X": 176,
      "Y": 99
    }
  }
}