﻿{
  "StartingLocation": {
    "X": 51,
    "Y": 210
  },
  "AirShipLocation": {
    "X": 217,
    "Y": 16
  },
  "BridgeLocation": {
    "X": 68,
    "Y": 213
  },
  "CanalLocation": {
    "X": 100,
    "Y": 119
  },
  "ShipLocations": [
    {
      "TeleporterIndex": 1,
      "X": 67,
      "Y": 220
    },
    {
      "TeleporterIndex": 9,
      "X": 67,
      "Y": 220
    },
    {
      "TeleporterIndex": 255,
      "X": 67,
      "Y": 220
    },
    {
      "TeleporterIndex": 13,
      "X": 43,
      "Y": 236
    },
    {
      "TeleporterIndex": 2,
      "X": 67,
      "Y": 220
    },
    {
      "TeleporterIndex": 24,
      "X": 222,
      "Y": 117
    },
    {
      "TeleporterIndex": 3,
      "X": 32,
      "Y": 65
    },
    {
      "TeleporterIndex": 10,
      "X": 32,
      "Y": 65
    },
    {
      "TeleporterIndex": 23,
      "X": 231,
      "Y": 44
    },
    {
      "TeleporterIndex": 11,
      "X": 24,
      "Y": 43
    },
    {
      "TeleporterIndex": 4,
      "X": 185,
      "Y": 20
    },
    {
      "TeleporterIndex": 5,
      "X": 16,
      "Y": 145
    },
    {
      "TeleporterIndex": 8,
      "X": 43,
      "Y": 236
    },
    {
      "TeleporterIndex": 28,
      "X": 95,
      "Y": 71
    }
  ],
  "TeleporterFixups": [
    {
      "Type": 1,
      "Index": 0,
      "From": null,
      "To": {
        "Map": 255,
        "X": 199,
        "Y": 107
      }
    },
    {
      "Type": 1,
      "Index": 1,
      "From": null,
      "To": {
        "Map": 255,
        "X": 198,
        "Y": 174
      }
    },
    {
      "Type": 1,
      "Index": 2,
      "From": null,
      "To": {
        "Map": 255,
        "X": 205,
        "Y": 63
      }
    },
    {
      "Type": 1,
      "Index": 3,
      "From": null,
      "To": {
        "Map": 255,
        "X": 231,
        "Y": 84
      }
    },
    {
      "Type": 1,
      "Index": 4,
      "From": null,
      "To": {
        "Map": 255,
        "X": 51,
        "Y": 208
      }
    },
    {
      "Type": 1,
      "Index": 5,
      "From": null,
      "To": {
        "Map": 255,
        "X": 97,
        "Y": 110
      }
    },
    {
      "Type": 1,
      "Index": 6,
      "From": null,
      "To": {
        "Map": 255,
        "X": 197,
        "Y": 77
      }
    },
    {
      "Type": 1,
      "Index": 7,
      "From": null,
      "To": {
        "Map": 255,
        "X": 149,
        "Y": 233
      }
    },
    {
      "Type": 1,
      "Index": 8,
      "From": null,
      "To": {
        "Map": 255,
        "X": 191,
        "Y": 107
      }
    }
  ],
  "DomainFixups": [],
  "DomainUpdates": [
    {
      "From": 43,
      "To": 0
    },
    {
      "From": 43,
      "To": 1
    },
    {
      "From": 11,
      "To": 2
    },
    {
      "From": 0,
      "To": 3
    },
    {
      "From": 0,
      "To": 4
    },
    {
      "From": 42,
      "To": 5
    },
    {
      "From": 59,
      "To": 6
    },
    {
      "From": 59,
      "To": 7
    },
    {
      "From": 43,
      "To": 8
    },
    {
      "From": 29,
      "To": 9
    },
    {
      "From": 29,
      "To": 10
    },
    {
      "From": 29,
      "To": 11
    },
    {
      "From": 0,
      "To": 12
    },
    {
      "From": 54,
      "To": 13
    },
    {
      "From": 54,
      "To": 14
    },
    {
      "From": 59,
      "To": 15
    },
    {
      "From": 52,
      "To": 16
    },
    {
      "From": 52,
      "To": 17
    },
    {
      "From": 29,
      "To": 18
    },
    {
      "From": 10,
      "To": 19
    },
    {
      "From": 0,
      "To": 20
    },
    {
      "From": 54,
      "To": 21
    },
    {
      "From": 54,
      "To": 22
    },
    {
      "From": 12,
      "To": 23
    },
    {
      "From": 52,
      "To": 24
    },
    {
      "From": 52,
      "To": 25
    },
    {
      "From": 42,
      "To": 26
    },
    {
      "From": 42,
      "To": 27
    },
    {
      "From": 0,
      "To": 28
    },
    {
      "From": 11,
      "To": 29
    },
    {
      "From": 40,
      "To": 30
    },
    {
      "From": 1,
      "To": 31
    },
    {
      "From": 54,
      "To": 32
    },
    {
      "From": 54,
      "To": 33
    },
    {
      "From": 0,
      "To": 34
    },
    {
      "From": 0,
      "To": 35
    },
    {
      "From": 0,
      "To": 36
    },
    {
      "From": 11,
      "To": 37
    },
    {
      "From": 40,
      "To": 38
    },
    {
      "From": 40,
      "To": 39
    },
    {
      "From": 0,
      "To": 40
    },
    {
      "From": 54,
      "To": 41
    },
    {
      "From": 0,
      "To": 42
    },
    {
      "From": 0,
      "To": 43
    },
    {
      "From": 0,
      "To": 44
    },
    {
      "From": 40,
      "To": 45
    },
    {
      "From": 40,
      "To": 46
    },
    {
      "From": 40,
      "To": 47
    },
    {
      "From": 28,
      "To": 48
    },
    {
      "From": 36,
      "To": 49
    },
    {
      "From": 35,
      "To": 50
    },
    {
      "From": 0,
      "To": 51
    },
    {
      "From": 9,
      "To": 52
    },
    {
      "From": 40,
      "To": 53
    },
    {
      "From": 40,
      "To": 54
    },
    {
      "From": 40,
      "To": 55
    },
    {
      "From": 36,
      "To": 56
    },
    {
      "From": 36,
      "To": 57
    },
    {
      "From": 35,
      "To": 58
    },
    {
      "From": 11,
      "To": 59
    },
    {
      "From": 9,
      "To": 60
    },
    {
      "From": 9,
      "To": 61
    },
    {
      "From": 0,
      "To": 62
    },
    {
      "From": 0,
      "To": 63
    }
  ],
  "OverworldCoordinates": {
    "Coneria": {
      "X": 50,
      "Y": 209
    },
    "ConeriaCastle1": {
      "X": 51,
      "Y": 208
    },
    "TempleOfFiends1": {
      "X": 17,
      "Y": 207
    },
    "Pravoka": {
      "X": 68,
      "Y": 216
    },
    "Gaia": {
      "X": 43,
      "Y": 45
    },
    "CastleOrdeals1": {
      "X": 231,
      "Y": 84
    },
    "TitansTunnelWest": {
      "X": 198,
      "Y": 174
    },
    "SardasCave": {
      "X": 199,
      "Y": 154
    },
    "EarthCave1": {
      "X": 97,
      "Y": 110
    },
    "MirageTower1": {
      "X": 191,
      "Y": 107
    },
    "Onrac": {
      "X": 149,
      "Y": 233
    },
    "TitansTunnelEast": {
      "X": 199,
      "Y": 107
    },
    "MatoyasCave": {
      "X": 68,
      "Y": 38
    },
    "DwarfCave": {
      "X": 72,
      "Y": 206
    },
    "Elfland": {
      "X": 21,
      "Y": 102
    },
    "ElflandCastle": {
      "X": 22,
      "Y": 101
    },
    "MarshCave1": {
      "X": 230,
      "Y": 18
    },
    "NorthwestCastle": {
      "X": 38,
      "Y": 23
    },
    "Melmond": {
      "X": 168,
      "Y": 19
    },
    "CrescentLake": {
      "X": 40,
      "Y": 159
    },
    "Lefein": {
      "X": 30,
      "Y": 213
    },
    "BahamutCave1": {
      "X": 101,
      "Y": 233
    },
    "Cardia1": {
      "X": 107,
      "Y": 83
    },
    "Cardia2": {
      "X": 179,
      "Y": 237
    },
    "Cardia4": {
      "X": 17,
      "Y": 225
    },
    "Cardia5": {
      "X": 62,
      "Y": 17
    },
    "Cardia6": {
      "X": 180,
      "Y": 129
    },
    "Waterfall": {
      "X": 228,
      "Y": 99
    },
    "IceCave1": {
      "X": 205,
      "Y": 63
    },
    "GurguVolcano1": {
      "X": 197,
      "Y": 77
    }
  }
}