﻿{
  "StartingLocation": {
    "X": 123,
    "Y": 109
  },
  "AirShipLocation": {
    "X": 149,
    "Y": 106
  },
  "BridgeLocation": {
    "X": 214,
    "Y": 73
  },
  "CanalLocation": {
    "X": 134,
    "Y": 26
  },
  "ShipLocations": [
    {
      "TeleporterIndex": 1,
      "X": 118,
      "Y": 123
    },
    {
      "TeleporterIndex": 9,
      "X": 118,
      "Y": 123
    },
    {
      "TeleporterIndex": 255,
      "X": 118,
      "Y": 123
    },
    {
      "TeleporterIndex": 13,
      "X": 229,
      "Y": 93
    },
    {
      "TeleporterIndex": 2,
      "X": 213,
      "Y": 80
    },
    {
      "TeleporterIndex": 3,
      "X": 102,
      "Y": 40
    },
    {
      "TeleporterIndex": 10,
      "X": 102,
      "Y": 40
    },
    {
      "TeleporterIndex": 23,
      "X": 41,
      "Y": 108
    },
    {
      "TeleporterIndex": 11,
      "X": 190,
      "Y": 187
    },
    {
      "TeleporterIndex": 4,
      "X": 213,
      "Y": 80
    },
    {
      "TeleporterIndex": 5,
      "X": 53,
      "Y": 84
    }
  ],
  "TeleporterFixups": [
    {
      "Type": 1,
      "Index": 0,
      "From": null,
      "To": {
        "Map": 255,
        "X": 106,
        "Y": 110
      }
    },
    {
      "Type": 1,
      "Index": 1,
      "From": null,
      "To": {
        "Map": 255,
        "X": 44,
        "Y": 216
      }
    },
    {
      "Type": 1,
      "Index": 2,
      "From": null,
      "To": {
        "Map": 255,
        "X": 92,
        "Y": 66
      }
    },
    {
      "Type": 1,
      "Index": 3,
      "From": null,
      "To": {
        "Map": 255,
        "X": 79,
        "Y": 89
      }
    },
    {
      "Type": 1,
      "Index": 4,
      "From": null,
      "To": {
        "Map": 255,
        "X": 123,
        "Y": 107
      }
    },
    {
      "Type": 1,
      "Index": 5,
      "From": null,
      "To": {
        "Map": 255,
        "X": 155,
        "Y": 36
      }
    },
    {
      "Type": 1,
      "Index": 6,
      "From": null,
      "To": {
        "Map": 255,
        "X": 151,
        "Y": 51
      }
    },
    {
      "Type": 1,
      "Index": 7,
      "From": null,
      "To": {
        "Map": 255,
        "X": 113,
        "Y": 237
      }
    },
    {
      "Type": 1,
      "Index": 8,
      "From": null,
      "To": {
        "Map": 255,
        "X": 148,
        "Y": 16
      }
    }
  ],
  "DomainFixups": [],
  "DomainUpdates": [
    {
      "From": 0,
      "To": 0
    },
    {
      "From": 0,
      "To": 1
    },
    {
      "From": 10,
      "To": 2
    },
    {
      "From": 0,
      "To": 3
    },
    {
      "From": 14,
      "To": 4
    },
    {
      "From": 42,
      "To": 5
    },
    {
      "From": 42,
      "To": 6
    },
    {
      "From": 0,
      "To": 7
    },
    {
      "From": 54,
      "To": 8
    },
    {
      "From": 54,
      "To": 9
    },
    {
      "From": 54,
      "To": 10
    },
    {
      "From": 52,
      "To": 11
    },
    {
      "From": 54,
      "To": 12
    },
    {
      "From": 42,
      "To": 13
    },
    {
      "From": 42,
      "To": 14
    },
    {
      "From": 0,
      "To": 15
    },
    {
      "From": 10,
      "To": 16
    },
    {
      "From": 54,
      "To": 17
    },
    {
      "From": 12,
      "To": 18
    },
    {
      "From": 52,
      "To": 19
    },
    {
      "From": 52,
      "To": 20
    },
    {
      "From": 35,
      "To": 21
    },
    {
      "From": 35,
      "To": 22
    },
    {
      "From": 28,
      "To": 23
    },
    {
      "From": 59,
      "To": 24
    },
    {
      "From": 59,
      "To": 25
    },
    {
      "From": 12,
      "To": 26
    },
    {
      "From": 36,
      "To": 27
    },
    {
      "From": 29,
      "To": 28
    },
    {
      "From": 29,
      "To": 29
    },
    {
      "From": 35,
      "To": 30
    },
    {
      "From": 28,
      "To": 31
    },
    {
      "From": 40,
      "To": 32
    },
    {
      "From": 40,
      "To": 33
    },
    {
      "From": 0,
      "To": 34
    },
    {
      "From": 0,
      "To": 35
    },
    {
      "From": 0,
      "To": 36
    },
    {
      "From": 0,
      "To": 37
    },
    {
      "From": 0,
      "To": 38
    },
    {
      "From": 0,
      "To": 39
    },
    {
      "From": 40,
      "To": 40
    },
    {
      "From": 40,
      "To": 41
    },
    {
      "From": 40,
      "To": 42
    },
    {
      "From": 0,
      "To": 43
    },
    {
      "From": 0,
      "To": 44
    },
    {
      "From": 43,
      "To": 45
    },
    {
      "From": 43,
      "To": 46
    },
    {
      "From": 10,
      "To": 47
    },
    {
      "From": 40,
      "To": 48
    },
    {
      "From": 40,
      "To": 49
    },
    {
      "From": 40,
      "To": 50
    },
    {
      "From": 11,
      "To": 51
    },
    {
      "From": 0,
      "To": 52
    },
    {
      "From": 0,
      "To": 53
    },
    {
      "From": 43,
      "To": 54
    },
    {
      "From": 43,
      "To": 55
    },
    {
      "From": 40,
      "To": 56
    },
    {
      "From": 40,
      "To": 57
    },
    {
      "From": 0,
      "To": 58
    },
    {
      "From": 9,
      "To": 59
    },
    {
      "From": 0,
      "To": 60
    },
    {
      "From": 11,
      "To": 61
    },
    {
      "From": 43,
      "To": 62
    },
    {
      "From": 43,
      "To": 63
    }
  ],
  "OverworldCoordinates": {
    "Coneria": {
      "X": 122,
      "Y": 108
    },
    "ConeriaCastle1": {
      "X": 123,
      "Y": 107
    },
    "TempleOfFiends1": {
      "X": 234,
      "Y": 77
    },
    "Pravoka": {
      "X": 214,
      "Y": 76
    },
    "Gaia": {
      "X": 29,
      "Y": 143
    },
    "CastleOrdeals1": {
      "X": 79,
      "Y": 89
    },
    "TitansTunnelWest": {
      "X": 44,
      "Y": 216
    },
    "SardasCave": {
      "X": 48,
      "Y": 211
    },
    "EarthCave1": {
      "X": 155,
      "Y": 36
    },
    "MirageTower1": {
      "X": 148,
      "Y": 16
    },
    "Onrac": {
      "X": 113,
      "Y": 237
    },
    "TitansTunnelEast": {
      "X": 106,
      "Y": 110
    },
    "MatoyasCave": {
      "X": 142,
      "Y": 104
    },
    "DwarfCave": {
      "X": 180,
      "Y": 69
    },
    "Elfland": {
      "X": 116,
      "Y": 53
    },
    "ElflandCastle": {
      "X": 117,
      "Y": 52
    },
    "MarshCave1": {
      "X": 18,
      "Y": 110
    },
    "NorthwestCastle": {
      "X": 220,
      "Y": 210
    },
    "Melmond": {
      "X": 202,
      "Y": 50
    },
    "CrescentLake": {
      "X": 36,
      "Y": 67
    },
    "Lefein": {
      "X": 32,
      "Y": 158
    },
    "BahamutCave1": {
      "X": 175,
      "Y": 240
    },
    "Cardia1": {
      "X": 22,
      "Y": 76
    },
    "Cardia2": {
      "X": 86,
      "Y": 23
    },
    "Cardia4": {
      "X": 233,
      "Y": 172
    },
    "Cardia5": {
      "X": 55,
      "Y": 150
    },
    "Cardia6": {
      "X": 104,
      "Y": 217
    },
    "Waterfall": {
      "X": 97,
      "Y": 87
    },
    "IceCave1": {
      "X": 92,
      "Y": 66
    },
    "GurguVolcano1": {
      "X": 151,
      "Y": 51
    }
  }
}