﻿{
  "StartingLocation": {
    "X": 86,
    "Y": 24
  },
  "AirShipLocation": {
    "X": 236,
    "Y": 152
  },
  "BridgeLocation": {
    "X": 47,
    "Y": 22
  },
  "CanalLocation": {
    "X": 55,
    "Y": 212
  },
  "ShipLocations": [
    {
      "TeleporterIndex": 1,
      "X": 46,
      "Y": 29
    },
    {
      "TeleporterIndex": 9,
      "X": 46,
      "Y": 29
    },
    {
      "TeleporterIndex": 255,
      "X": 46,
      "Y": 29
    },
    {
      "TeleporterIndex": 13,
      "X": 46,
      "Y": 29
    },
    {
      "TeleporterIndex": 2,
      "X": 46,
      "Y": 29
    },
    {
      "TeleporterIndex": 24,
      "X": 204,
      "Y": 214
    },
    {
      "TeleporterIndex": 3,
      "X": 204,
      "Y": 214
    },
    {
      "TeleporterIndex": 10,
      "X": 204,
      "Y": 214
    },
    {
      "TeleporterIndex": 23,
      "X": 104,
      "Y": 157
    },
    {
      "TeleporterIndex": 11,
      "X": 174,
      "Y": 155
    },
    {
      "TeleporterIndex": 4,
      "X": 104,
      "Y": 157
    },
    {
      "TeleporterIndex": 5,
      "X": 96,
      "Y": 111
    },
    {
      "TeleporterIndex": 8,
      "X": 49,
      "Y": 159
    }
  ],
  "TeleporterFixups": [
    {
      "Type": 1,
      "Index": 0,
      "From": null,
      "To": {
        "Map": 255,
        "X": 213,
        "Y": 178
      }
    },
    {
      "Type": 1,
      "Index": 1,
      "From": null,
      "To": {
        "Map": 255,
        "X": 191,
        "Y": 24
      }
    },
    {
      "Type": 1,
      "Index": 2,
      "From": null,
      "To": {
        "Map": 255,
        "X": 185,
        "Y": 163
      }
    },
    {
      "Type": 1,
      "Index": 3,
      "From": null,
      "To": {
        "Map": 255,
        "X": 77,
        "Y": 64
      }
    },
    {
      "Type": 1,
      "Index": 4,
      "From": null,
      "To": {
        "Map": 255,
        "X": 86,
        "Y": 22
      }
    },
    {
      "Type": 1,
      "Index": 5,
      "From": null,
      "To": {
        "Map": 255,
        "X": 59,
        "Y": 218
      }
    },
    {
      "Type": 1,
      "Index": 6,
      "From": null,
      "To": {
        "Map": 255,
        "X": 200,
        "Y": 146
      }
    },
    {
      "Type": 1,
      "Index": 7,
      "From": null,
      "To": {
        "Map": 255,
        "X": 222,
        "Y": 240
      }
    },
    {
      "Type": 1,
      "Index": 8,
      "From": null,
      "To": {
        "Map": 255,
        "X": 215,
        "Y": 193
      }
    }
  ],
  "DomainFixups": [],
  "DomainUpdates": [
    {
      "From": 36,
      "To": 0
    },
    {
      "From": 36,
      "To": 1
    },
    {
      "From": 36,
      "To": 2
    },
    {
      "From": 11,
      "To": 3
    },
    {
      "From": 0,
      "To": 4
    },
    {
      "From": 40,
      "To": 5
    },
    {
      "From": 40,
      "To": 6
    },
    {
      "From": 0,
      "To": 7
    },
    {
      "From": 11,
      "To": 8
    },
    {
      "From": 12,
      "To": 9
    },
    {
      "From": 28,
      "To": 10
    },
    {
      "From": 28,
      "To": 11
    },
    {
      "From": 0,
      "To": 12
    },
    {
      "From": 40,
      "To": 13
    },
    {
      "From": 40,
      "To": 14
    },
    {
      "From": 0,
      "To": 15
    },
    {
      "From": 12,
      "To": 16
    },
    {
      "From": 12,
      "To": 17
    },
    {
      "From": 12,
      "To": 18
    },
    {
      "From": 0,
      "To": 19
    },
    {
      "From": 0,
      "To": 20
    },
    {
      "From": 10,
      "To": 21
    },
    {
      "From": 10,
      "To": 22
    },
    {
      "From": 0,
      "To": 23
    },
    {
      "From": 12,
      "To": 24
    },
    {
      "From": 12,
      "To": 25
    },
    {
      "From": 42,
      "To": 26
    },
    {
      "From": 54,
      "To": 27
    },
    {
      "From": 0,
      "To": 28
    },
    {
      "From": 43,
      "To": 29
    },
    {
      "From": 43,
      "To": 30
    },
    {
      "From": 0,
      "To": 31
    },
    {
      "From": 11,
      "To": 32
    },
    {
      "From": 42,
      "To": 33
    },
    {
      "From": 42,
      "To": 34
    },
    {
      "From": 59,
      "To": 35
    },
    {
      "From": 0,
      "To": 36
    },
    {
      "From": 43,
      "To": 37
    },
    {
      "From": 54,
      "To": 38
    },
    {
      "From": 54,
      "To": 39
    },
    {
      "From": 0,
      "To": 40
    },
    {
      "From": 42,
      "To": 41
    },
    {
      "From": 42,
      "To": 42
    },
    {
      "From": 42,
      "To": 43
    },
    {
      "From": 54,
      "To": 44
    },
    {
      "From": 54,
      "To": 45
    },
    {
      "From": 40,
      "To": 46
    },
    {
      "From": 40,
      "To": 47
    },
    {
      "From": 0,
      "To": 48
    },
    {
      "From": 42,
      "To": 49
    },
    {
      "From": 42,
      "To": 50
    },
    {
      "From": 0,
      "To": 51
    },
    {
      "From": 0,
      "To": 52
    },
    {
      "From": 29,
      "To": 53
    },
    {
      "From": 14,
      "To": 54
    },
    {
      "From": 14,
      "To": 55
    },
    {
      "From": 0,
      "To": 56
    },
    {
      "From": 42,
      "To": 57
    },
    {
      "From": 42,
      "To": 58
    },
    {
      "From": 0,
      "To": 59
    },
    {
      "From": 0,
      "To": 60
    },
    {
      "From": 52,
      "To": 61
    },
    {
      "From": 52,
      "To": 62
    },
    {
      "From": 9,
      "To": 63
    }
  ],
  "OverworldCoordinates": {
    "Coneria": {
      "X": 85,
      "Y": 23
    },
    "ConeriaCastle1": {
      "X": 86,
      "Y": 22
    },
    "TempleOfFiends1": {
      "X": 87,
      "Y": 41
    },
    "Pravoka": {
      "X": 47,
      "Y": 25
    },
    "Gaia": {
      "X": 26,
      "Y": 77
    },
    "CastleOrdeals1": {
      "X": 77,
      "Y": 64
    },
    "TitansTunnelWest": {
      "X": 191,
      "Y": 24
    },
    "SardasCave": {
      "X": 189,
      "Y": 24
    },
    "EarthCave1": {
      "X": 59,
      "Y": 218
    },
    "MirageTower1": {
      "X": 215,
      "Y": 193
    },
    "Onrac": {
      "X": 222,
      "Y": 240
    },
    "TitansTunnelEast": {
      "X": 213,
      "Y": 178
    },
    "MatoyasCave": {
      "X": 200,
      "Y": 188
    },
    "DwarfCave": {
      "X": 208,
      "Y": 181
    },
    "Elfland": {
      "X": 199,
      "Y": 229
    },
    "ElflandCastle": {
      "X": 200,
      "Y": 228
    },
    "MarshCave1": {
      "X": 118,
      "Y": 141
    },
    "NorthwestCastle": {
      "X": 185,
      "Y": 114
    },
    "Melmond": {
      "X": 77,
      "Y": 148
    },
    "CrescentLake": {
      "X": 105,
      "Y": 128
    },
    "Lefein": {
      "X": 65,
      "Y": 133
    },
    "BahamutCave1": {
      "X": 103,
      "Y": 15
    },
    "Cardia1": {
      "X": 90,
      "Y": 242
    },
    "Cardia2": {
      "X": 187,
      "Y": 88
    },
    "Cardia4": {
      "X": 201,
      "Y": 65
    },
    "Cardia5": {
      "X": 19,
      "Y": 47
    },
    "Cardia6": {
      "X": 28,
      "Y": 152
    },
    "Waterfall": {
      "X": 203,
      "Y": 169
    },
    "IceCave1": {
      "X": 185,
      "Y": 163
    },
    "GurguVolcano1": {
      "X": 200,
      "Y": 146
    }
  }
}