﻿{
  "StartingLocation": {
    "X": 204,
    "Y": 231
  },
  "AirShipLocation": {
    "X": 65,
    "Y": 125
  },
  "BridgeLocation": {
    "X": 218,
    "Y": 232
  },
  "CanalLocation": {
    "X": 41,
    "Y": 120
  },
  "ShipLocations": [
    {
      "TeleporterIndex": 1,
      "X": 217,
      "Y": 239
    },
    {
      "TeleporterIndex": 9,
      "X": 217,
      "Y": 239
    },
    {
      "TeleporterIndex": 255,
      "X": 217,
      "Y": 239
    },
    {
      "TeleporterIndex": 13,
      "X": 217,
      "Y": 239
    },
    {
      "TeleporterIndex": 2,
      "X": 217,
      "Y": 239
    },
    {
      "TeleporterIndex": 24,
      "X": 65,
      "Y": 233
    },
    {
      "TeleporterIndex": 3,
      "X": 109,
      "Y": 17
    },
    {
      "TeleporterIndex": 10,
      "X": 109,
      "Y": 17
    },
    {
      "TeleporterIndex": 23,
      "X": 65,
      "Y": 233
    },
    {
      "TeleporterIndex": 11,
      "X": 65,
      "Y": 233
    },
    {
      "TeleporterIndex": 4,
      "X": 217,
      "Y": 239
    },
    {
      "TeleporterIndex": 5,
      "X": 221,
      "Y": 30
    },
    {
      "TeleporterIndex": 8,
      "X": 86,
      "Y": 224
    },
    {
      "TeleporterIndex": 28,
      "X": 217,
      "Y": 239
    },
    {
      "TeleporterIndex": 29,
      "X": 105,
      "Y": 51
    }
  ],
  "TeleporterFixups": [
    {
      "Type": 1,
      "Index": 0,
      "From": null,
      "To": {
        "Map": 255,
        "X": 108,
        "Y": 146
      }
    },
    {
      "Type": 1,
      "Index": 1,
      "From": null,
      "To": {
        "Map": 255,
        "X": 51,
        "Y": 167
      }
    },
    {
      "Type": 1,
      "Index": 2,
      "From": null,
      "To": {
        "Map": 255,
        "X": 128,
        "Y": 101
      }
    },
    {
      "Type": 1,
      "Index": 3,
      "From": null,
      "To": {
        "Map": 255,
        "X": 117,
        "Y": 141
      }
    },
    {
      "Type": 1,
      "Index": 4,
      "From": null,
      "To": {
        "Map": 255,
        "X": 204,
        "Y": 229
      }
    },
    {
      "Type": 1,
      "Index": 5,
      "From": null,
      "To": {
        "Map": 255,
        "X": 32,
        "Y": 148
      }
    },
    {
      "Type": 1,
      "Index": 6,
      "From": null,
      "To": {
        "Map": 255,
        "X": 40,
        "Y": 179
      }
    },
    {
      "Type": 1,
      "Index": 7,
      "From": null,
      "To": {
        "Map": 255,
        "X": 148,
        "Y": 233
      }
    },
    {
      "Type": 1,
      "Index": 8,
      "From": null,
      "To": {
        "Map": 255,
        "X": 49,
        "Y": 219
      }
    }
  ],
  "DomainFixups": [],
  "DomainUpdates": [
    {
      "From": 0,
      "To": 0
    },
    {
      "From": 0,
      "To": 1
    },
    {
      "From": 52,
      "To": 2
    },
    {
      "From": 52,
      "To": 3
    },
    {
      "From": 0,
      "To": 4
    },
    {
      "From": 54,
      "To": 5
    },
    {
      "From": 54,
      "To": 6
    },
    {
      "From": 54,
      "To": 7
    },
    {
      "From": 0,
      "To": 8
    },
    {
      "From": 0,
      "To": 9
    },
    {
      "From": 52,
      "To": 10
    },
    {
      "From": 35,
      "To": 11
    },
    {
      "From": 35,
      "To": 12
    },
    {
      "From": 0,
      "To": 13
    },
    {
      "From": 54,
      "To": 14
    },
    {
      "From": 54,
      "To": 15
    },
    {
      "From": 0,
      "To": 16
    },
    {
      "From": 0,
      "To": 17
    },
    {
      "From": 11,
      "To": 18
    },
    {
      "From": 11,
      "To": 19
    },
    {
      "From": 35,
      "To": 20
    },
    {
      "From": 0,
      "To": 21
    },
    {
      "From": 0,
      "To": 22
    },
    {
      "From": 0,
      "To": 23
    },
    {
      "From": 42,
      "To": 24
    },
    {
      "From": 42,
      "To": 25
    },
    {
      "From": 1,
      "To": 26
    },
    {
      "From": 11,
      "To": 27
    },
    {
      "From": 54,
      "To": 28
    },
    {
      "From": 0,
      "To": 29
    },
    {
      "From": 10,
      "To": 30
    },
    {
      "From": 0,
      "To": 31
    },
    {
      "From": 42,
      "To": 32
    },
    {
      "From": 42,
      "To": 33
    },
    {
      "From": 1,
      "To": 34
    },
    {
      "From": 40,
      "To": 35
    },
    {
      "From": 6,
      "To": 36
    },
    {
      "From": 0,
      "To": 37
    },
    {
      "From": 0,
      "To": 38
    },
    {
      "From": 0,
      "To": 39
    },
    {
      "From": 42,
      "To": 40
    },
    {
      "From": 40,
      "To": 41
    },
    {
      "From": 29,
      "To": 42
    },
    {
      "From": 29,
      "To": 43
    },
    {
      "From": 0,
      "To": 44
    },
    {
      "From": 0,
      "To": 45
    },
    {
      "From": 0,
      "To": 46
    },
    {
      "From": 0,
      "To": 47
    },
    {
      "From": 43,
      "To": 48
    },
    {
      "From": 59,
      "To": 49
    },
    {
      "From": 59,
      "To": 50
    },
    {
      "From": 29,
      "To": 51
    },
    {
      "From": 9,
      "To": 52
    },
    {
      "From": 9,
      "To": 53
    },
    {
      "From": 28,
      "To": 54
    },
    {
      "From": 28,
      "To": 55
    },
    {
      "From": 0,
      "To": 56
    },
    {
      "From": 10,
      "To": 57
    },
    {
      "From": 59,
      "To": 58
    },
    {
      "From": 11,
      "To": 59
    },
    {
      "From": 9,
      "To": 60
    },
    {
      "From": 9,
      "To": 61
    },
    {
      "From": 36,
      "To": 62
    },
    {
      "From": 42,
      "To": 63
    }
  ],
  "OverworldCoordinates": {
    "Coneria": {
      "X": 203,
      "Y": 230
    },
    "ConeriaCastle1": {
      "X": 204,
      "Y": 229
    },
    "TempleOfFiends1": {
      "X": 231,
      "Y": 208
    },
    "Pravoka": {
      "X": 218,
      "Y": 235
    },
    "Gaia": {
      "X": 130,
      "Y": 155
    },
    "CastleOrdeals1": {
      "X": 117,
      "Y": 141
    },
    "TitansTunnelWest": {
      "X": 51,
      "Y": 167
    },
    "SardasCave": {
      "X": 54,
      "Y": 170
    },
    "EarthCave1": {
      "X": 32,
      "Y": 148
    },
    "MirageTower1": {
      "X": 49,
      "Y": 219
    },
    "Onrac": {
      "X": 148,
      "Y": 233
    },
    "TitansTunnelEast": {
      "X": 108,
      "Y": 146
    },
    "MatoyasCave": {
      "X": 75,
      "Y": 187
    },
    "DwarfCave": {
      "X": 129,
      "Y": 65
    },
    "Elfland": {
      "X": 82,
      "Y": 28
    },
    "ElflandCastle": {
      "X": 83,
      "Y": 27
    },
    "MarshCave1": {
      "X": 65,
      "Y": 208
    },
    "NorthwestCastle": {
      "X": 40,
      "Y": 201
    },
    "Melmond": {
      "X": 237,
      "Y": 231
    },
    "CrescentLake": {
      "X": 194,
      "Y": 20
    },
    "Lefein": {
      "X": 89,
      "Y": 203
    },
    "BahamutCave1": {
      "X": 96,
      "Y": 231
    },
    "Cardia1": {
      "X": 42,
      "Y": 233
    },
    "Cardia2": {
      "X": 214,
      "Y": 120
    },
    "Cardia4": {
      "X": 208,
      "Y": 55
    },
    "Cardia5": {
      "X": 196,
      "Y": 242
    },
    "Cardia6": {
      "X": 101,
      "Y": 95
    },
    "Waterfall": {
      "X": 79,
      "Y": 145
    },
    "IceCave1": {
      "X": 128,
      "Y": 101
    },
    "GurguVolcano1": {
      "X": 40,
      "Y": 179
    }
  }
}