﻿{
  "StartingLocation": {
    "X": 161,
    "Y": 89
  },
  "AirShipLocation": {
    "X": 126,
    "Y": 73
  },
  "BridgeLocation": {
    "X": 131,
    "Y": 106
  },
  "CanalLocation": {
    "X": 239,
    "Y": 231
  },
  "ShipLocations": [
    {
      "TeleporterIndex": 1,
      "X": 142,
      "Y": 86
    },
    {
      "TeleporterIndex": 9,
      "X": 142,
      "Y": 86
    },
    {
      "TeleporterIndex": 255,
      "X": 142,
      "Y": 86
    },
    {
      "TeleporterIndex": 13,
      "X": 187,
      "Y": 129
    },
    {
      "TeleporterIndex": 2,
      "X": 130,
      "Y": 113
    },
    {
      "TeleporterIndex": 24,
      "X": 163,
      "Y": 39
    },
    {
      "TeleporterIndex": 3,
      "X": 163,
      "Y": 39
    },
    {
      "TeleporterIndex": 10,
      "X": 163,
      "Y": 39
    },
    {
      "TeleporterIndex": 23,
      "X": 187,
      "Y": 129
    },
    {
      "TeleporterIndex": 11,
      "X": 142,
      "Y": 86
    },
    {
      "TeleporterIndex": 4,
      "X": 115,
      "Y": 17
    },
    {
      "TeleporterIndex": 5,
      "X": 242,
      "Y": 151
    }
  ],
  "TeleporterFixups": [
    {
      "Type": 1,
      "Index": 0,
      "From": null,
      "To": {
        "Map": 255,
        "X": 128,
        "Y": 47
      }
    },
    {
      "Type": 1,
      "Index": 1,
      "From": null,
      "To": {
        "Map": 255,
        "X": 203,
        "Y": 173
      }
    },
    {
      "Type": 1,
      "Index": 2,
      "From": null,
      "To": {
        "Map": 255,
        "X": 171,
        "Y": 187
      }
    },
    {
      "Type": 1,
      "Index": 3,
      "From": null,
      "To": {
        "Map": 255,
        "X": 168,
        "Y": 159
      }
    },
    {
      "Type": 1,
      "Index": 4,
      "From": null,
      "To": {
        "Map": 255,
        "X": 161,
        "Y": 87
      }
    },
    {
      "Type": 1,
      "Index": 5,
      "From": null,
      "To": {
        "Map": 255,
        "X": 233,
        "Y": 230
      }
    },
    {
      "Type": 1,
      "Index": 6,
      "From": null,
      "To": {
        "Map": 255,
        "X": 184,
        "Y": 160
      }
    },
    {
      "Type": 1,
      "Index": 7,
      "From": null,
      "To": {
        "Map": 255,
        "X": 224,
        "Y": 161
      }
    },
    {
      "Type": 1,
      "Index": 8,
      "From": null,
      "To": {
        "Map": 255,
        "X": 188,
        "Y": 35
      }
    }
  ],
  "DomainFixups": [],
  "DomainUpdates": [
    {
      "From": 10,
      "To": 0
    },
    {
      "From": 1,
      "To": 1
    },
    {
      "From": 1,
      "To": 2
    },
    {
      "From": 42,
      "To": 3
    },
    {
      "From": 42,
      "To": 4
    },
    {
      "From": 14,
      "To": 5
    },
    {
      "From": 14,
      "To": 6
    },
    {
      "From": 0,
      "To": 7
    },
    {
      "From": 0,
      "To": 8
    },
    {
      "From": 1,
      "To": 9
    },
    {
      "From": 1,
      "To": 10
    },
    {
      "From": 1,
      "To": 11
    },
    {
      "From": 52,
      "To": 12
    },
    {
      "From": 14,
      "To": 13
    },
    {
      "From": 14,
      "To": 14
    },
    {
      "From": 0,
      "To": 15
    },
    {
      "From": 0,
      "To": 16
    },
    {
      "From": 0,
      "To": 17
    },
    {
      "From": 0,
      "To": 18
    },
    {
      "From": 35,
      "To": 19
    },
    {
      "From": 36,
      "To": 20
    },
    {
      "From": 36,
      "To": 21
    },
    {
      "From": 59,
      "To": 22
    },
    {
      "From": 0,
      "To": 23
    },
    {
      "From": 10,
      "To": 24
    },
    {
      "From": 0,
      "To": 25
    },
    {
      "From": 0,
      "To": 26
    },
    {
      "From": 36,
      "To": 27
    },
    {
      "From": 36,
      "To": 28
    },
    {
      "From": 28,
      "To": 29
    },
    {
      "From": 31,
      "To": 30
    },
    {
      "From": 54,
      "To": 31
    },
    {
      "From": 0,
      "To": 32
    },
    {
      "From": 0,
      "To": 33
    },
    {
      "From": 0,
      "To": 34
    },
    {
      "From": 36,
      "To": 35
    },
    {
      "From": 36,
      "To": 36
    },
    {
      "From": 28,
      "To": 37
    },
    {
      "From": 54,
      "To": 38
    },
    {
      "From": 54,
      "To": 39
    },
    {
      "From": 0,
      "To": 40
    },
    {
      "From": 6,
      "To": 41
    },
    {
      "From": 0,
      "To": 42
    },
    {
      "From": 0,
      "To": 43
    },
    {
      "From": 54,
      "To": 44
    },
    {
      "From": 54,
      "To": 45
    },
    {
      "From": 9,
      "To": 46
    },
    {
      "From": 9,
      "To": 47
    },
    {
      "From": 0,
      "To": 48
    },
    {
      "From": 6,
      "To": 49
    },
    {
      "From": 0,
      "To": 50
    },
    {
      "From": 0,
      "To": 51
    },
    {
      "From": 54,
      "To": 52
    },
    {
      "From": 54,
      "To": 53
    },
    {
      "From": 29,
      "To": 54
    },
    {
      "From": 0,
      "To": 55
    },
    {
      "From": 0,
      "To": 56
    },
    {
      "From": 0,
      "To": 57
    },
    {
      "From": 0,
      "To": 58
    },
    {
      "From": 11,
      "To": 59
    },
    {
      "From": 0,
      "To": 60
    },
    {
      "From": 29,
      "To": 61
    },
    {
      "From": 29,
      "To": 62
    },
    {
      "From": 42,
      "To": 63
    }
  ],
  "OverworldCoordinates": {
    "Coneria": {
      "X": 160,
      "Y": 88
    },
    "ConeriaCastle1": {
      "X": 161,
      "Y": 87
    },
    "TempleOfFiends1": {
      "X": 179,
      "Y": 103
    },
    "Pravoka": {
      "X": 131,
      "Y": 109
    },
    "Gaia": {
      "X": 36,
      "Y": 189
    },
    "CastleOrdeals1": {
      "X": 168,
      "Y": 159
    },
    "TitansTunnelWest": {
      "X": 203,
      "Y": 173
    },
    "SardasCave": {
      "X": 201,
      "Y": 173
    },
    "EarthCave1": {
      "X": 233,
      "Y": 230
    },
    "MirageTower1": {
      "X": 188,
      "Y": 35
    },
    "Onrac": {
      "X": 224,
      "Y": 161
    },
    "TitansTunnelEast": {
      "X": 128,
      "Y": 47
    },
    "MatoyasCave": {
      "X": 197,
      "Y": 223
    },
    "DwarfCave": {
      "X": 128,
      "Y": 61
    },
    "Elfland": {
      "X": 146,
      "Y": 37
    },
    "ElflandCastle": {
      "X": 147,
      "Y": 36
    },
    "MarshCave1": {
      "X": 189,
      "Y": 88
    },
    "NorthwestCastle": {
      "X": 145,
      "Y": 52
    },
    "Melmond": {
      "X": 135,
      "Y": 13
    },
    "CrescentLake": {
      "X": 233,
      "Y": 132
    },
    "Lefein": {
      "X": 200,
      "Y": 110
    },
    "BahamutCave1": {
      "X": 199,
      "Y": 56
    },
    "Cardia1": {
      "X": 200,
      "Y": 130
    },
    "Cardia2": {
      "X": 25,
      "Y": 112
    },
    "Cardia4": {
      "X": 11,
      "Y": 18
    },
    "Cardia5": {
      "X": 217,
      "Y": 61
    },
    "Cardia6": {
      "X": 120,
      "Y": 242
    },
    "Waterfall": {
      "X": 125,
      "Y": 45
    },
    "IceCave1": {
      "X": 171,
      "Y": 187
    },
    "GurguVolcano1": {
      "X": 184,
      "Y": 160
    }
  }
}