﻿{
  "StartingLocation": {
    "X": 110,
    "Y": 94
  },
  "AirShipLocation": {
    "X": 104,
    "Y": 30
  },
  "BridgeLocation": {
    "X": 169,
    "Y": 55
  },
  "CanalLocation": {
    "X": 74,
    "Y": 114
  },
  "ShipLocations": [
    {
      "TeleporterIndex": 1,
      "X": 148,
      "Y": 111
    },
    {
      "TeleporterIndex": 9,
      "X": 148,
      "Y": 111
    },
    {
      "TeleporterIndex": 255,
      "X": 148,
      "Y": 111
    },
    {
      "TeleporterIndex": 13,
      "X": 148,
      "Y": 111
    },
    {
      "TeleporterIndex": 2,
      "X": 168,
      "Y": 62
    },
    {
      "TeleporterIndex": 24,
      "X": 154,
      "Y": 176
    },
    {
      "TeleporterIndex": 3,
      "X": 148,
      "Y": 111
    },
    {
      "TeleporterIndex": 10,
      "X": 148,
      "Y": 111
    },
    {
      "TeleporterIndex": 23,
      "X": 225,
      "Y": 180
    },
    {
      "TeleporterIndex": 11,
      "X": 154,
      "Y": 176
    },
    {
      "TeleporterIndex": 4,
      "X": 225,
      "Y": 180
    },
    {
      "TeleporterIndex": 5,
      "X": 77,
      "Y": 200
    },
    {
      "TeleporterIndex": 17,
      "X": 148,
      "Y": 111
    },
    {
      "TeleporterIndex": 29,
      "X": 118,
      "Y": 29
    }
  ],
  "TeleporterFixups": [
    {
      "Type": 1,
      "Index": 0,
      "From": null,
      "To": {
        "Map": 255,
        "X": 146,
        "Y": 81
      }
    },
    {
      "Type": 1,
      "Index": 1,
      "From": null,
      "To": {
        "Map": 255,
        "X": 42,
        "Y": 135
      }
    },
    {
      "Type": 1,
      "Index": 2,
      "From": null,
      "To": {
        "Map": 255,
        "X": 147,
        "Y": 149
      }
    },
    {
      "Type": 1,
      "Index": 3,
      "From": null,
      "To": {
        "Map": 255,
        "X": 17,
        "Y": 163
      }
    },
    {
      "Type": 1,
      "Index": 4,
      "From": null,
      "To": {
        "Map": 255,
        "X": 110,
        "Y": 92
      }
    },
    {
      "Type": 1,
      "Index": 5,
      "From": null,
      "To": {
        "Map": 255,
        "X": 61,
        "Y": 127
      }
    },
    {
      "Type": 1,
      "Index": 6,
      "From": null,
      "To": {
        "Map": 255,
        "X": 123,
        "Y": 67
      }
    },
    {
      "Type": 1,
      "Index": 7,
      "From": null,
      "To": {
        "Map": 255,
        "X": 198,
        "Y": 119
      }
    },
    {
      "Type": 1,
      "Index": 8,
      "From": null,
      "To": {
        "Map": 255,
        "X": 175,
        "Y": 173
      }
    }
  ],
  "DomainFixups": [],
  "DomainUpdates": [
    {
      "From": 0,
      "To": 0
    },
    {
      "From": 0,
      "To": 1
    },
    {
      "From": 11,
      "To": 2
    },
    {
      "From": 54,
      "To": 3
    },
    {
      "From": 35,
      "To": 4
    },
    {
      "From": 35,
      "To": 5
    },
    {
      "From": 0,
      "To": 6
    },
    {
      "From": 0,
      "To": 7
    },
    {
      "From": 0,
      "To": 8
    },
    {
      "From": 0,
      "To": 9
    },
    {
      "From": 11,
      "To": 10
    },
    {
      "From": 54,
      "To": 11
    },
    {
      "From": 35,
      "To": 12
    },
    {
      "From": 35,
      "To": 13
    },
    {
      "From": 6,
      "To": 14
    },
    {
      "From": 0,
      "To": 15
    },
    {
      "From": 0,
      "To": 16
    },
    {
      "From": 0,
      "To": 17
    },
    {
      "From": 11,
      "To": 18
    },
    {
      "From": 54,
      "To": 19
    },
    {
      "From": 40,
      "To": 20
    },
    {
      "From": 1,
      "To": 21
    },
    {
      "From": 1,
      "To": 22
    },
    {
      "From": 0,
      "To": 23
    },
    {
      "From": 10,
      "To": 24
    },
    {
      "From": 42,
      "To": 25
    },
    {
      "From": 29,
      "To": 26
    },
    {
      "From": 28,
      "To": 27
    },
    {
      "From": 52,
      "To": 28
    },
    {
      "From": 10,
      "To": 29
    },
    {
      "From": 9,
      "To": 30
    },
    {
      "From": 0,
      "To": 31
    },
    {
      "From": 10,
      "To": 32
    },
    {
      "From": 42,
      "To": 33
    },
    {
      "From": 42,
      "To": 34
    },
    {
      "From": 0,
      "To": 35
    },
    {
      "From": 54,
      "To": 36
    },
    {
      "From": 43,
      "To": 37
    },
    {
      "From": 59,
      "To": 38
    },
    {
      "From": 42,
      "To": 39
    },
    {
      "From": 12,
      "To": 40
    },
    {
      "From": 42,
      "To": 41
    },
    {
      "From": 54,
      "To": 42
    },
    {
      "From": 10,
      "To": 43
    },
    {
      "From": 14,
      "To": 44
    },
    {
      "From": 14,
      "To": 45
    },
    {
      "From": 59,
      "To": 46
    },
    {
      "From": 42,
      "To": 47
    },
    {
      "From": 0,
      "To": 48
    },
    {
      "From": 0,
      "To": 49
    },
    {
      "From": 54,
      "To": 50
    },
    {
      "From": 54,
      "To": 51
    },
    {
      "From": 11,
      "To": 52
    },
    {
      "From": 11,
      "To": 53
    },
    {
      "From": 0,
      "To": 54
    },
    {
      "From": 0,
      "To": 55
    },
    {
      "From": 0,
      "To": 56
    },
    {
      "From": 0,
      "To": 57
    },
    {
      "From": 54,
      "To": 58
    },
    {
      "From": 54,
      "To": 59
    },
    {
      "From": 11,
      "To": 60
    },
    {
      "From": 0,
      "To": 61
    },
    {
      "From": 0,
      "To": 62
    },
    {
      "From": 0,
      "To": 63
    }
  ],
  "OverworldCoordinates": {
    "Coneria": {
      "X": 109,
      "Y": 93
    },
    "ConeriaCastle1": {
      "X": 110,
      "Y": 92
    },
    "TempleOfFiends1": {
      "X": 116,
      "Y": 113
    },
    "Pravoka": {
      "X": 169,
      "Y": 58
    },
    "Gaia": {
      "X": 205,
      "Y": 54
    },
    "CastleOrdeals1": {
      "X": 17,
      "Y": 163
    },
    "TitansTunnelWest": {
      "X": 42,
      "Y": 135
    },
    "SardasCave": {
      "X": 44,
      "Y": 135
    },
    "EarthCave1": {
      "X": 61,
      "Y": 127
    },
    "MirageTower1": {
      "X": 175,
      "Y": 173
    },
    "Onrac": {
      "X": 198,
      "Y": 119
    },
    "TitansTunnelEast": {
      "X": 146,
      "Y": 81
    },
    "MatoyasCave": {
      "X": 104,
      "Y": 111
    },
    "DwarfCave": {
      "X": 160,
      "Y": 39
    },
    "Elfland": {
      "X": 129,
      "Y": 96
    },
    "ElflandCastle": {
      "X": 130,
      "Y": 95
    },
    "MarshCave1": {
      "X": 214,
      "Y": 160
    },
    "NorthwestCastle": {
      "X": 186,
      "Y": 146
    },
    "Melmond": {
      "X": 229,
      "Y": 157
    },
    "CrescentLake": {
      "X": 101,
      "Y": 217
    },
    "Lefein": {
      "X": 89,
      "Y": 192
    },
    "BahamutCave1": {
      "X": 212,
      "Y": 106
    },
    "Cardia1": {
      "X": 104,
      "Y": 166
    },
    "Cardia2": {
      "X": 163,
      "Y": 112
    },
    "Cardia4": {
      "X": 23,
      "Y": 131
    },
    "Cardia5": {
      "X": 155,
      "Y": 194
    },
    "Cardia6": {
      "X": 91,
      "Y": 58
    },
    "Waterfall": {
      "X": 183,
      "Y": 99
    },
    "IceCave1": {
      "X": 147,
      "Y": 149
    },
    "GurguVolcano1": {
      "X": 123,
      "Y": 67
    }
  }
}