﻿{
  "StartingLocation": {
    "X": 165,
    "Y": 132
  },
  "AirShipLocation": {
    "X": 187,
    "Y": 120
  },
  "BridgeLocation": {
    "X": 197,
    "Y": 85
  },
  "CanalLocation": {
    "X": 81,
    "Y": 169
  },
  "ShipLocations": [
    {
      "TeleporterIndex": 1,
      "X": 205,
      "Y": 129
    },
    {
      "TeleporterIndex": 9,
      "X": 205,
      "Y": 129
    },
    {
      "TeleporterIndex": 255,
      "X": 205,
      "Y": 129
    },
    {
      "TeleporterIndex": 13,
      "X": 199,
      "Y": 105
    },
    {
      "TeleporterIndex": 2,
      "X": 196,
      "Y": 92
    },
    {
      "TeleporterIndex": 24,
      "X": 212,
      "Y": 215
    },
    {
      "TeleporterIndex": 7,
      "X": 205,
      "Y": 129
    },
    {
      "TeleporterIndex": 3,
      "X": 205,
      "Y": 129
    },
    {
      "TeleporterIndex": 10,
      "X": 205,
      "Y": 129
    },
    {
      "TeleporterIndex": 23,
      "X": 130,
      "Y": 161
    },
    {
      "TeleporterIndex": 11,
      "X": 45,
      "Y": 181
    },
    {
      "TeleporterIndex": 4,
      "X": 73,
      "Y": 230
    },
    {
      "TeleporterIndex": 5,
      "X": 196,
      "Y": 92
    },
    {
      "TeleporterIndex": 8,
      "X": 45,
      "Y": 181
    },
    {
      "TeleporterIndex": 28,
      "X": 130,
      "Y": 161
    }
  ],
  "TeleporterFixups": [
    {
      "Type": 1,
      "Index": 0,
      "From": null,
      "To": {
        "Map": 255,
        "X": 188,
        "Y": 227
      }
    },
    {
      "Type": 1,
      "Index": 1,
      "From": null,
      "To": {
        "Map": 255,
        "X": 154,
        "Y": 178
      }
    },
    {
      "Type": 1,
      "Index": 2,
      "From": null,
      "To": {
        "Map": 255,
        "X": 177,
        "Y": 161
      }
    },
    {
      "Type": 1,
      "Index": 3,
      "From": null,
      "To": {
        "Map": 255,
        "X": 195,
        "Y": 204
      }
    },
    {
      "Type": 1,
      "Index": 4,
      "From": null,
      "To": {
        "Map": 255,
        "X": 165,
        "Y": 130
      }
    },
    {
      "Type": 1,
      "Index": 5,
      "From": null,
      "To": {
        "Map": 255,
        "X": 67,
        "Y": 200
      }
    },
    {
      "Type": 1,
      "Index": 6,
      "From": null,
      "To": {
        "Map": 255,
        "X": 39,
        "Y": 201
      }
    },
    {
      "Type": 1,
      "Index": 7,
      "From": null,
      "To": {
        "Map": 255,
        "X": 221,
        "Y": 160
      }
    },
    {
      "Type": 1,
      "Index": 8,
      "From": null,
      "To": {
        "Map": 255,
        "X": 198,
        "Y": 237
      }
    }
  ],
  "DomainFixups": [],
  "DomainUpdates": [
    {
      "From": 0,
      "To": 0
    },
    {
      "From": 6,
      "To": 1
    },
    {
      "From": 6,
      "To": 2
    },
    {
      "From": 0,
      "To": 3
    },
    {
      "From": 0,
      "To": 4
    },
    {
      "From": 0,
      "To": 5
    },
    {
      "From": 0,
      "To": 6
    },
    {
      "From": 0,
      "To": 7
    },
    {
      "From": 0,
      "To": 8
    },
    {
      "From": 6,
      "To": 9
    },
    {
      "From": 6,
      "To": 10
    },
    {
      "From": 0,
      "To": 11
    },
    {
      "From": 0,
      "To": 12
    },
    {
      "From": 0,
      "To": 13
    },
    {
      "From": 0,
      "To": 14
    },
    {
      "From": 11,
      "To": 15
    },
    {
      "From": 0,
      "To": 16
    },
    {
      "From": 0,
      "To": 17
    },
    {
      "From": 0,
      "To": 18
    },
    {
      "From": 0,
      "To": 19
    },
    {
      "From": 28,
      "To": 20
    },
    {
      "From": 54,
      "To": 21
    },
    {
      "From": 54,
      "To": 22
    },
    {
      "From": 0,
      "To": 23
    },
    {
      "From": 0,
      "To": 24
    },
    {
      "From": 0,
      "To": 25
    },
    {
      "From": 0,
      "To": 26
    },
    {
      "From": 0,
      "To": 27
    },
    {
      "From": 11,
      "To": 28
    },
    {
      "From": 28,
      "To": 29
    },
    {
      "From": 9,
      "To": 30
    },
    {
      "From": 9,
      "To": 31
    },
    {
      "From": 0,
      "To": 32
    },
    {
      "From": 10,
      "To": 33
    },
    {
      "From": 10,
      "To": 34
    },
    {
      "From": 1,
      "To": 35
    },
    {
      "From": 11,
      "To": 36
    },
    {
      "From": 36,
      "To": 37
    },
    {
      "From": 9,
      "To": 38
    },
    {
      "From": 9,
      "To": 39
    },
    {
      "From": 43,
      "To": 40
    },
    {
      "From": 10,
      "To": 41
    },
    {
      "From": 10,
      "To": 42
    },
    {
      "From": 11,
      "To": 43
    },
    {
      "From": 1,
      "To": 44
    },
    {
      "From": 54,
      "To": 45
    },
    {
      "From": 52,
      "To": 46
    },
    {
      "From": 0,
      "To": 47
    },
    {
      "From": 43,
      "To": 48
    },
    {
      "From": 35,
      "To": 49
    },
    {
      "From": 42,
      "To": 50
    },
    {
      "From": 10,
      "To": 51
    },
    {
      "From": 29,
      "To": 52
    },
    {
      "From": 59,
      "To": 53
    },
    {
      "From": 12,
      "To": 54
    },
    {
      "From": 0,
      "To": 55
    },
    {
      "From": 35,
      "To": 56
    },
    {
      "From": 42,
      "To": 57
    },
    {
      "From": 10,
      "To": 58
    },
    {
      "From": 10,
      "To": 59
    },
    {
      "From": 10,
      "To": 60
    },
    {
      "From": 40,
      "To": 61
    },
    {
      "From": 14,
      "To": 62
    },
    {
      "From": 0,
      "To": 63
    }
  ],
  "OverworldCoordinates": {
    "Coneria": {
      "X": 164,
      "Y": 131
    },
    "ConeriaCastle1": {
      "X": 165,
      "Y": 130
    },
    "TempleOfFiends1": {
      "X": 159,
      "Y": 108
    },
    "Pravoka": {
      "X": 197,
      "Y": 88
    },
    "Gaia": {
      "X": 75,
      "Y": 43
    },
    "CastleOrdeals1": {
      "X": 195,
      "Y": 204
    },
    "TitansTunnelWest": {
      "X": 154,
      "Y": 178
    },
    "SardasCave": {
      "X": 152,
      "Y": 179
    },
    "EarthCave1": {
      "X": 67,
      "Y": 200
    },
    "MirageTower1": {
      "X": 198,
      "Y": 237
    },
    "Onrac": {
      "X": 221,
      "Y": 160
    },
    "TitansTunnelEast": {
      "X": 188,
      "Y": 227
    },
    "MatoyasCave": {
      "X": 143,
      "Y": 199
    },
    "DwarfCave": {
      "X": 37,
      "Y": 220
    },
    "Elfland": {
      "X": 210,
      "Y": 175
    },
    "ElflandCastle": {
      "X": 211,
      "Y": 174
    },
    "MarshCave1": {
      "X": 174,
      "Y": 208
    },
    "NorthwestCastle": {
      "X": 20,
      "Y": 184
    },
    "Melmond": {
      "X": 50,
      "Y": 234
    },
    "CrescentLake": {
      "X": 172,
      "Y": 92
    },
    "Lefein": {
      "X": 19,
      "Y": 200
    },
    "BahamutCave1": {
      "X": 230,
      "Y": 45
    },
    "Cardia1": {
      "X": 148,
      "Y": 238
    },
    "Cardia2": {
      "X": 111,
      "Y": 201
    },
    "Cardia4": {
      "X": 57,
      "Y": 179
    },
    "Cardia5": {
      "X": 141,
      "Y": 121
    },
    "Cardia6": {
      "X": 94,
      "Y": 192
    },
    "Waterfall": {
      "X": 158,
      "Y": 162
    },
    "IceCave1": {
      "X": 177,
      "Y": 161
    },
    "GurguVolcano1": {
      "X": 39,
      "Y": 201
    }
  }
}