﻿{
  "StartingLocation": {
    "X": 136,
    "Y": 53
  },
  "AirShipLocation": {
    "X": 131,
    "Y": 25
  },
  "BridgeLocation": {
    "X": 130,
    "Y": 77
  },
  "CanalLocation": {
    "X": 132,
    "Y": 237
  },
  "ShipLocations": [
    {
      "TeleporterIndex": 1,
      "X": 154,
      "Y": 33
    },
    {
      "TeleporterIndex": 9,
      "X": 154,
      "Y": 33
    },
    {
      "TeleporterIndex": 255,
      "X": 154,
      "Y": 33
    },
    {
      "TeleporterIndex": 13,
      "X": 154,
      "Y": 33
    },
    {
      "TeleporterIndex": 2,
      "X": 129,
      "Y": 84
    },
    {
      "TeleporterIndex": 24,
      "X": 129,
      "Y": 84
    },
    {
      "TeleporterIndex": 3,
      "X": 129,
      "Y": 84
    },
    {
      "TeleporterIndex": 10,
      "X": 129,
      "Y": 84
    },
    {
      "TeleporterIndex": 23,
      "X": 233,
      "Y": 185
    },
    {
      "TeleporterIndex": 11,
      "X": 129,
      "Y": 84
    },
    {
      "TeleporterIndex": 4,
      "X": 233,
      "Y": 185
    },
    {
      "TeleporterIndex": 5,
      "X": 52,
      "Y": 206
    },
    {
      "TeleporterIndex": 17,
      "X": 129,
      "Y": 84
    }
  ],
  "TeleporterFixups": [
    {
      "Type": 1,
      "Index": 0,
      "From": null,
      "To": {
        "Map": 255,
        "X": 127,
        "Y": 72
      }
    },
    {
      "Type": 1,
      "Index": 1,
      "From": null,
      "To": {
        "Map": 255,
        "X": 234,
        "Y": 45
      }
    },
    {
      "Type": 1,
      "Index": 2,
      "From": null,
      "To": {
        "Map": 255,
        "X": 30,
        "Y": 112
      }
    },
    {
      "Type": 1,
      "Index": 3,
      "From": null,
      "To": {
        "Map": 255,
        "X": 143,
        "Y": 196
      }
    },
    {
      "Type": 1,
      "Index": 4,
      "From": null,
      "To": {
        "Map": 255,
        "X": 136,
        "Y": 51
      }
    },
    {
      "Type": 1,
      "Index": 5,
      "From": null,
      "To": {
        "Map": 255,
        "X": 130,
        "Y": 227
      }
    },
    {
      "Type": 1,
      "Index": 6,
      "From": null,
      "To": {
        "Map": 255,
        "X": 91,
        "Y": 120
      }
    },
    {
      "Type": 1,
      "Index": 7,
      "From": null,
      "To": {
        "Map": 255,
        "X": 19,
        "Y": 52
      }
    },
    {
      "Type": 1,
      "Index": 8,
      "From": null,
      "To": {
        "Map": 255,
        "X": 141,
        "Y": 65
      }
    }
  ],
  "DomainFixups": [],
  "DomainUpdates": [
    {
      "From": 0,
      "To": 0
    },
    {
      "From": 0,
      "To": 1
    },
    {
      "From": 0,
      "To": 2
    },
    {
      "From": 36,
      "To": 3
    },
    {
      "From": 36,
      "To": 4
    },
    {
      "From": 28,
      "To": 5
    },
    {
      "From": 40,
      "To": 6
    },
    {
      "From": 40,
      "To": 7
    },
    {
      "From": 9,
      "To": 8
    },
    {
      "From": 9,
      "To": 9
    },
    {
      "From": 0,
      "To": 10
    },
    {
      "From": 36,
      "To": 11
    },
    {
      "From": 36,
      "To": 12
    },
    {
      "From": 28,
      "To": 13
    },
    {
      "From": 40,
      "To": 14
    },
    {
      "From": 40,
      "To": 15
    },
    {
      "From": 54,
      "To": 16
    },
    {
      "From": 11,
      "To": 17
    },
    {
      "From": 43,
      "To": 18
    },
    {
      "From": 43,
      "To": 19
    },
    {
      "From": 14,
      "To": 20
    },
    {
      "From": 52,
      "To": 21
    },
    {
      "From": 0,
      "To": 22
    },
    {
      "From": 0,
      "To": 23
    },
    {
      "From": 54,
      "To": 24
    },
    {
      "From": 11,
      "To": 25
    },
    {
      "From": 11,
      "To": 26
    },
    {
      "From": 10,
      "To": 27
    },
    {
      "From": 52,
      "To": 28
    },
    {
      "From": 52,
      "To": 29
    },
    {
      "From": 0,
      "To": 30
    },
    {
      "From": 0,
      "To": 31
    },
    {
      "From": 54,
      "To": 32
    },
    {
      "From": 54,
      "To": 33
    },
    {
      "From": 29,
      "To": 34
    },
    {
      "From": 10,
      "To": 35
    },
    {
      "From": 52,
      "To": 36
    },
    {
      "From": 52,
      "To": 37
    },
    {
      "From": 0,
      "To": 38
    },
    {
      "From": 0,
      "To": 39
    },
    {
      "From": 11,
      "To": 40
    },
    {
      "From": 11,
      "To": 41
    },
    {
      "From": 29,
      "To": 42
    },
    {
      "From": 35,
      "To": 43
    },
    {
      "From": 35,
      "To": 44
    },
    {
      "From": 0,
      "To": 45
    },
    {
      "From": 42,
      "To": 46
    },
    {
      "From": 42,
      "To": 47
    },
    {
      "From": 54,
      "To": 48
    },
    {
      "From": 54,
      "To": 49
    },
    {
      "From": 1,
      "To": 50
    },
    {
      "From": 1,
      "To": 51
    },
    {
      "From": 12,
      "To": 52
    },
    {
      "From": 6,
      "To": 53
    },
    {
      "From": 59,
      "To": 54
    },
    {
      "From": 42,
      "To": 55
    },
    {
      "From": 54,
      "To": 56
    },
    {
      "From": 54,
      "To": 57
    },
    {
      "From": 0,
      "To": 58
    },
    {
      "From": 42,
      "To": 59
    },
    {
      "From": 42,
      "To": 60
    },
    {
      "From": 0,
      "To": 61
    },
    {
      "From": 10,
      "To": 62
    },
    {
      "From": 0,
      "To": 63
    }
  ],
  "OverworldCoordinates": {
    "Coneria": {
      "X": 135,
      "Y": 52
    },
    "ConeriaCastle1": {
      "X": 136,
      "Y": 51
    },
    "TempleOfFiends1": {
      "X": 163,
      "Y": 61
    },
    "Pravoka": {
      "X": 130,
      "Y": 80
    },
    "Gaia": {
      "X": 177,
      "Y": 208
    },
    "CastleOrdeals1": {
      "X": 143,
      "Y": 196
    },
    "TitansTunnelWest": {
      "X": 234,
      "Y": 45
    },
    "SardasCave": {
      "X": 229,
      "Y": 41
    },
    "EarthCave1": {
      "X": 130,
      "Y": 227
    },
    "MirageTower1": {
      "X": 141,
      "Y": 65
    },
    "Onrac": {
      "X": 19,
      "Y": 52
    },
    "TitansTunnelEast": {
      "X": 127,
      "Y": 72
    },
    "MatoyasCave": {
      "X": 89,
      "Y": 158
    },
    "DwarfCave": {
      "X": 100,
      "Y": 164
    },
    "Elfland": {
      "X": 145,
      "Y": 93
    },
    "ElflandCastle": {
      "X": 146,
      "Y": 92
    },
    "MarshCave1": {
      "X": 207,
      "Y": 204
    },
    "NorthwestCastle": {
      "X": 100,
      "Y": 83
    },
    "Melmond": {
      "X": 210,
      "Y": 185
    },
    "CrescentLake": {
      "X": 29,
      "Y": 234
    },
    "Lefein": {
      "X": 90,
      "Y": 195
    },
    "BahamutCave1": {
      "X": 16,
      "Y": 187
    },
    "Cardia1": {
      "X": 219,
      "Y": 223
    },
    "Cardia2": {
      "X": 159,
      "Y": 81
    },
    "Cardia4": {
      "X": 113,
      "Y": 135
    },
    "Cardia5": {
      "X": 67,
      "Y": 125
    },
    "Cardia6": {
      "X": 44,
      "Y": 103
    },
    "Waterfall": {
      "X": 113,
      "Y": 197
    },
    "IceCave1": {
      "X": 30,
      "Y": 112
    },
    "GurguVolcano1": {
      "X": 91,
      "Y": 120
    }
  }
}