﻿{
  "StartingLocation": {
    "X": 128,
    "Y": 46
  },
  "AirShipLocation": {
    "X": 221,
    "Y": 177
  },
  "BridgeLocation": {
    "X": 90,
    "Y": 79
  },
  "CanalLocation": {
    "X": 224,
    "Y": 222
  },
  "ShipLocations": [
    {
      "TeleporterIndex": 1,
      "X": 144,
      "Y": 36
    },
    {
      "TeleporterIndex": 9,
      "X": 144,
      "Y": 36
    },
    {
      "TeleporterIndex": 255,
      "X": 144,
      "Y": 36
    },
    {
      "TeleporterIndex": 13,
      "X": 170,
      "Y": 44
    },
    {
      "TeleporterIndex": 2,
      "X": 89,
      "Y": 86
    },
    {
      "TeleporterIndex": 24,
      "X": 127,
      "Y": 175
    },
    {
      "TeleporterIndex": 7,
      "X": 130,
      "Y": 121
    },
    {
      "TeleporterIndex": 3,
      "X": 127,
      "Y": 175
    },
    {
      "TeleporterIndex": 10,
      "X": 127,
      "Y": 175
    },
    {
      "TeleporterIndex": 23,
      "X": 162,
      "Y": 203
    },
    {
      "TeleporterIndex": 11,
      "X": 89,
      "Y": 86
    },
    {
      "TeleporterIndex": 4,
      "X": 90,
      "Y": 18
    },
    {
      "TeleporterIndex": 5,
      "X": 90,
      "Y": 18
    }
  ],
  "TeleporterFixups": [
    {
      "Type": 1,
      "Index": 0,
      "From": null,
      "To": {
        "Map": 255,
        "X": 146,
        "Y": 59
      }
    },
    {
      "Type": 1,
      "Index": 1,
      "From": null,
      "To": {
        "Map": 255,
        "X": 139,
        "Y": 69
      }
    },
    {
      "Type": 1,
      "Index": 2,
      "From": null,
      "To": {
        "Map": 255,
        "X": 29,
        "Y": 48
      }
    },
    {
      "Type": 1,
      "Index": 3,
      "From": null,
      "To": {
        "Map": 255,
        "X": 91,
        "Y": 110
      }
    },
    {
      "Type": 1,
      "Index": 4,
      "From": null,
      "To": {
        "Map": 255,
        "X": 128,
        "Y": 44
      }
    },
    {
      "Type": 1,
      "Index": 5,
      "From": null,
      "To": {
        "Map": 255,
        "X": 210,
        "Y": 197
      }
    },
    {
      "Type": 1,
      "Index": 6,
      "From": null,
      "To": {
        "Map": 255,
        "X": 79,
        "Y": 48
      }
    },
    {
      "Type": 1,
      "Index": 7,
      "From": null,
      "To": {
        "Map": 255,
        "X": 131,
        "Y": 101
      }
    },
    {
      "Type": 1,
      "Index": 8,
      "From": null,
      "To": {
        "Map": 255,
        "X": 131,
        "Y": 153
      }
    }
  ],
  "DomainFixups": [],
  "DomainUpdates": [
    {
      "From": 54,
      "To": 0
    },
    {
      "From": 42,
      "To": 1
    },
    {
      "From": 42,
      "To": 2
    },
    {
      "From": 54,
      "To": 3
    },
    {
      "From": 28,
      "To": 4
    },
    {
      "From": 0,
      "To": 5
    },
    {
      "From": 0,
      "To": 6
    },
    {
      "From": 11,
      "To": 7
    },
    {
      "From": 54,
      "To": 8
    },
    {
      "From": 1,
      "To": 9
    },
    {
      "From": 54,
      "To": 10
    },
    {
      "From": 36,
      "To": 11
    },
    {
      "From": 28,
      "To": 12
    },
    {
      "From": 28,
      "To": 13
    },
    {
      "From": 0,
      "To": 14
    },
    {
      "From": 0,
      "To": 15
    },
    {
      "From": 0,
      "To": 16
    },
    {
      "From": 1,
      "To": 17
    },
    {
      "From": 43,
      "To": 18
    },
    {
      "From": 43,
      "To": 19
    },
    {
      "From": 29,
      "To": 20
    },
    {
      "From": 28,
      "To": 21
    },
    {
      "From": 0,
      "To": 22
    },
    {
      "From": 6,
      "To": 23
    },
    {
      "From": 0,
      "To": 24
    },
    {
      "From": 0,
      "To": 25
    },
    {
      "From": 12,
      "To": 26
    },
    {
      "From": 9,
      "To": 27
    },
    {
      "From": 9,
      "To": 28
    },
    {
      "From": 0,
      "To": 29
    },
    {
      "From": 10,
      "To": 30
    },
    {
      "From": 10,
      "To": 31
    },
    {
      "From": 0,
      "To": 32
    },
    {
      "From": 0,
      "To": 33
    },
    {
      "From": 0,
      "To": 34
    },
    {
      "From": 14,
      "To": 35
    },
    {
      "From": 14,
      "To": 36
    },
    {
      "From": 0,
      "To": 37
    },
    {
      "From": 0,
      "To": 38
    },
    {
      "From": 0,
      "To": 39
    },
    {
      "From": 10,
      "To": 40
    },
    {
      "From": 10,
      "To": 41
    },
    {
      "From": 0,
      "To": 42
    },
    {
      "From": 52,
      "To": 43
    },
    {
      "From": 59,
      "To": 44
    },
    {
      "From": 59,
      "To": 45
    },
    {
      "From": 42,
      "To": 46
    },
    {
      "From": 42,
      "To": 47
    },
    {
      "From": 10,
      "To": 48
    },
    {
      "From": 11,
      "To": 49
    },
    {
      "From": 0,
      "To": 50
    },
    {
      "From": 0,
      "To": 51
    },
    {
      "From": 59,
      "To": 52
    },
    {
      "From": 59,
      "To": 53
    },
    {
      "From": 42,
      "To": 54
    },
    {
      "From": 42,
      "To": 55
    },
    {
      "From": 11,
      "To": 56
    },
    {
      "From": 11,
      "To": 57
    },
    {
      "From": 0,
      "To": 58
    },
    {
      "From": 0,
      "To": 59
    },
    {
      "From": 11,
      "To": 60
    },
    {
      "From": 11,
      "To": 61
    },
    {
      "From": 42,
      "To": 62
    },
    {
      "From": 42,
      "To": 63
    }
  ],
  "OverworldCoordinates": {
    "Coneria": {
      "X": 127,
      "Y": 45
    },
    "ConeriaCastle1": {
      "X": 128,
      "Y": 44
    },
    "TempleOfFiends1": {
      "X": 155,
      "Y": 56
    },
    "Pravoka": {
      "X": 90,
      "Y": 82
    },
    "Gaia": {
      "X": 239,
      "Y": 81
    },
    "CastleOrdeals1": {
      "X": 91,
      "Y": 110
    },
    "TitansTunnelWest": {
      "X": 139,
      "Y": 69
    },
    "SardasCave": {
      "X": 135,
      "Y": 71
    },
    "EarthCave1": {
      "X": 210,
      "Y": 197
    },
    "MirageTower1": {
      "X": 131,
      "Y": 153
    },
    "Onrac": {
      "X": 131,
      "Y": 101
    },
    "TitansTunnelEast": {
      "X": 146,
      "Y": 59
    },
    "MatoyasCave": {
      "X": 132,
      "Y": 86
    },
    "DwarfCave": {
      "X": 111,
      "Y": 92
    },
    "Elfland": {
      "X": 108,
      "Y": 157
    },
    "ElflandCastle": {
      "X": 109,
      "Y": 156
    },
    "MarshCave1": {
      "X": 152,
      "Y": 182
    },
    "NorthwestCastle": {
      "X": 103,
      "Y": 63
    },
    "Melmond": {
      "X": 70,
      "Y": 25
    },
    "CrescentLake": {
      "X": 111,
      "Y": 30
    },
    "Lefein": {
      "X": 46,
      "Y": 33
    },
    "BahamutCave1": {
      "X": 164,
      "Y": 242
    },
    "Cardia1": {
      "X": 18,
      "Y": 187
    },
    "Cardia2": {
      "X": 141,
      "Y": 226
    },
    "Cardia4": {
      "X": 236,
      "Y": 115
    },
    "Cardia5": {
      "X": 50,
      "Y": 223
    },
    "Cardia6": {
      "X": 240,
      "Y": 14
    },
    "Waterfall": {
      "X": 55,
      "Y": 63
    },
    "IceCave1": {
      "X": 29,
      "Y": 48
    },
    "GurguVolcano1": {
      "X": 79,
      "Y": 48
    }
  }
}