﻿{
  "StartingLocation": {
    "X": 196,
    "Y": 209
  },
  "AirShipLocation": {
    "X": 133,
    "Y": 163
  },
  "BridgeLocation": {
    "X": 214,
    "Y": 215
  },
  "CanalLocation": {
    "X": 52,
    "Y": 38
  },
  "ShipLocations": [
    {
      "TeleporterIndex": 1,
      "X": 213,
      "Y": 222
    },
    {
      "TeleporterIndex": 9,
      "X": 213,
      "Y": 222
    },
    {
      "TeleporterIndex": 255,
      "X": 213,
      "Y": 222
    },
    {
      "TeleporterIndex": 13,
      "X": 212,
      "Y": 161
    },
    {
      "TeleporterIndex": 2,
      "X": 213,
      "Y": 222
    },
    {
      "TeleporterIndex": 24,
      "X": 111,
      "Y": 36
    },
    {
      "TeleporterIndex": 3,
      "X": 83,
      "Y": 36
    },
    {
      "TeleporterIndex": 10,
      "X": 83,
      "Y": 36
    },
    {
      "TeleporterIndex": 23,
      "X": 213,
      "Y": 222
    },
    {
      "TeleporterIndex": 11,
      "X": 60,
      "Y": 159
    },
    {
      "TeleporterIndex": 4,
      "X": 189,
      "Y": 54
    },
    {
      "TeleporterIndex": 5,
      "X": 60,
      "Y": 159
    },
    {
      "TeleporterIndex": 8,
      "X": 212,
      "Y": 161
    },
    {
      "TeleporterIndex": 17,
      "X": 60,
      "Y": 159
    },
    {
      "TeleporterIndex": 27,
      "X": 60,
      "Y": 159
    },
    {
      "TeleporterIndex": 28,
      "X": 213,
      "Y": 222
    },
    {
      "TeleporterIndex": 29,
      "X": 173,
      "Y": 77
    }
  ],
  "TeleporterFixups": [
    {
      "Type": 1,
      "Index": 0,
      "From": null,
      "To": {
        "Map": 255,
        "X": 122,
        "Y": 53
      }
    },
    {
      "Type": 1,
      "Index": 1,
      "From": null,
      "To": {
        "Map": 255,
        "X": 64,
        "Y": 74
      }
    },
    {
      "Type": 1,
      "Index": 2,
      "From": null,
      "To": {
        "Map": 255,
        "X": 61,
        "Y": 53
      }
    },
    {
      "Type": 1,
      "Index": 3,
      "From": null,
      "To": {
        "Map": 255,
        "X": 132,
        "Y": 25
      }
    },
    {
      "Type": 1,
      "Index": 4,
      "From": null,
      "To": {
        "Map": 255,
        "X": 196,
        "Y": 207
      }
    },
    {
      "Type": 1,
      "Index": 5,
      "From": null,
      "To": {
        "Map": 255,
        "X": 63,
        "Y": 29
      }
    },
    {
      "Type": 1,
      "Index": 6,
      "From": null,
      "To": {
        "Map": 255,
        "X": 113,
        "Y": 184
      }
    },
    {
      "Type": 1,
      "Index": 7,
      "From": null,
      "To": {
        "Map": 255,
        "X": 159,
        "Y": 208
      }
    },
    {
      "Type": 1,
      "Index": 8,
      "From": null,
      "To": {
        "Map": 255,
        "X": 103,
        "Y": 64
      }
    }
  ],
  "DomainFixups": [],
  "DomainUpdates": [
    {
      "From": 0,
      "To": 0
    },
    {
      "From": 42,
      "To": 1
    },
    {
      "From": 42,
      "To": 2
    },
    {
      "From": 40,
      "To": 3
    },
    {
      "From": 12,
      "To": 4
    },
    {
      "From": 0,
      "To": 5
    },
    {
      "From": 0,
      "To": 6
    },
    {
      "From": 0,
      "To": 7
    },
    {
      "From": 0,
      "To": 8
    },
    {
      "From": 54,
      "To": 9
    },
    {
      "From": 11,
      "To": 10
    },
    {
      "From": 40,
      "To": 11
    },
    {
      "From": 12,
      "To": 12
    },
    {
      "From": 42,
      "To": 13
    },
    {
      "From": 42,
      "To": 14
    },
    {
      "From": 42,
      "To": 15
    },
    {
      "From": 0,
      "To": 16
    },
    {
      "From": 40,
      "To": 17
    },
    {
      "From": 52,
      "To": 18
    },
    {
      "From": 14,
      "To": 19
    },
    {
      "From": 11,
      "To": 20
    },
    {
      "From": 35,
      "To": 21
    },
    {
      "From": 35,
      "To": 22
    },
    {
      "From": 35,
      "To": 23
    },
    {
      "From": 0,
      "To": 24
    },
    {
      "From": 6,
      "To": 25
    },
    {
      "From": 6,
      "To": 26
    },
    {
      "From": 0,
      "To": 27
    },
    {
      "From": 0,
      "To": 28
    },
    {
      "From": 0,
      "To": 29
    },
    {
      "From": 0,
      "To": 30
    },
    {
      "From": 0,
      "To": 31
    },
    {
      "From": 0,
      "To": 32
    },
    {
      "From": 54,
      "To": 33
    },
    {
      "From": 54,
      "To": 34
    },
    {
      "From": 43,
      "To": 35
    },
    {
      "From": 43,
      "To": 36
    },
    {
      "From": 0,
      "To": 37
    },
    {
      "From": 28,
      "To": 38
    },
    {
      "From": 0,
      "To": 39
    },
    {
      "From": 0,
      "To": 40
    },
    {
      "From": 54,
      "To": 41
    },
    {
      "From": 54,
      "To": 42
    },
    {
      "From": 54,
      "To": 43
    },
    {
      "From": 10,
      "To": 44
    },
    {
      "From": 10,
      "To": 45
    },
    {
      "From": 28,
      "To": 46
    },
    {
      "From": 0,
      "To": 47
    },
    {
      "From": 0,
      "To": 48
    },
    {
      "From": 10,
      "To": 49
    },
    {
      "From": 10,
      "To": 50
    },
    {
      "From": 1,
      "To": 51
    },
    {
      "From": 1,
      "To": 52
    },
    {
      "From": 59,
      "To": 53
    },
    {
      "From": 36,
      "To": 54
    },
    {
      "From": 36,
      "To": 55
    },
    {
      "From": 0,
      "To": 56
    },
    {
      "From": 0,
      "To": 57
    },
    {
      "From": 10,
      "To": 58
    },
    {
      "From": 10,
      "To": 59
    },
    {
      "From": 0,
      "To": 60
    },
    {
      "From": 0,
      "To": 61
    },
    {
      "From": 36,
      "To": 62
    },
    {
      "From": 36,
      "To": 63
    }
  ],
  "OverworldCoordinates": {
    "Coneria": {
      "X": 195,
      "Y": 208
    },
    "ConeriaCastle1": {
      "X": 196,
      "Y": 207
    },
    "TempleOfFiends1": {
      "X": 201,
      "Y": 181
    },
    "Pravoka": {
      "X": 214,
      "Y": 218
    },
    "Gaia": {
      "X": 71,
      "Y": 95
    },
    "CastleOrdeals1": {
      "X": 132,
      "Y": 25
    },
    "TitansTunnelWest": {
      "X": 64,
      "Y": 74
    },
    "SardasCave": {
      "X": 62,
      "Y": 84
    },
    "EarthCave1": {
      "X": 63,
      "Y": 29
    },
    "MirageTower1": {
      "X": 103,
      "Y": 64
    },
    "Onrac": {
      "X": 159,
      "Y": 208
    },
    "TitansTunnelEast": {
      "X": 122,
      "Y": 53
    },
    "MatoyasCave": {
      "X": 133,
      "Y": 71
    },
    "DwarfCave": {
      "X": 211,
      "Y": 83
    },
    "Elfland": {
      "X": 92,
      "Y": 79
    },
    "ElflandCastle": {
      "X": 93,
      "Y": 78
    },
    "MarshCave1": {
      "X": 182,
      "Y": 217
    },
    "NorthwestCastle": {
      "X": 120,
      "Y": 138
    },
    "Melmond": {
      "X": 218,
      "Y": 50
    },
    "CrescentLake": {
      "X": 64,
      "Y": 174
    },
    "Lefein": {
      "X": 177,
      "Y": 173
    },
    "BahamutCave1": {
      "X": 78,
      "Y": 48
    },
    "Cardia1": {
      "X": 149,
      "Y": 167
    },
    "Cardia2": {
      "X": 54,
      "Y": 202
    },
    "Cardia4": {
      "X": 80,
      "Y": 191
    },
    "Cardia5": {
      "X": 209,
      "Y": 193
    },
    "Cardia6": {
      "X": 146,
      "Y": 83
    },
    "Waterfall": {
      "X": 142,
      "Y": 176
    },
    "IceCave1": {
      "X": 61,
      "Y": 53
    },
    "GurguVolcano1": {
      "X": 113,
      "Y": 184
    }
  }
}