﻿{
  "StartingLocation": {
    "X": 111,
    "Y": 121
  },
  "AirShipLocation": {
    "X": 48,
    "Y": 118
  },
  "BridgeLocation": {
    "X": 147,
    "Y": 141
  },
  "CanalLocation": {
    "X": 120,
    "Y": 238
  },
  "ShipLocations": [
    {
      "TeleporterIndex": 1,
      "X": 133,
      "Y": 112
    },
    {
      "TeleporterIndex": 9,
      "X": 133,
      "Y": 112
    },
    {
      "TeleporterIndex": 255,
      "X": 133,
      "Y": 112
    },
    {
      "TeleporterIndex": 13,
      "X": 208,
      "Y": 94
    },
    {
      "TeleporterIndex": 2,
      "X": 146,
      "Y": 148
    },
    {
      "TeleporterIndex": 24,
      "X": 150,
      "Y": 53
    },
    {
      "TeleporterIndex": 3,
      "X": 216,
      "Y": 241
    },
    {
      "TeleporterIndex": 10,
      "X": 216,
      "Y": 241
    },
    {
      "TeleporterIndex": 23,
      "X": 150,
      "Y": 53
    },
    {
      "TeleporterIndex": 11,
      "X": 133,
      "Y": 112
    },
    {
      "TeleporterIndex": 4,
      "X": 150,
      "Y": 53
    },
    {
      "TeleporterIndex": 5,
      "X": 16,
      "Y": 107
    }
  ],
  "TeleporterFixups": [
    {
      "Type": 1,
      "Index": 0,
      "From": null,
      "To": {
        "Map": 255,
        "X": 75,
        "Y": 122
      }
    },
    {
      "Type": 1,
      "Index": 1,
      "From": null,
      "To": {
        "Map": 255,
        "X": 213,
        "Y": 161
      }
    },
    {
      "Type": 1,
      "Index": 2,
      "From": null,
      "To": {
        "Map": 255,
        "X": 205,
        "Y": 185
      }
    },
    {
      "Type": 1,
      "Index": 3,
      "From": null,
      "To": {
        "Map": 255,
        "X": 193,
        "Y": 163
      }
    },
    {
      "Type": 1,
      "Index": 4,
      "From": null,
      "To": {
        "Map": 255,
        "X": 111,
        "Y": 119
      }
    },
    {
      "Type": 1,
      "Index": 5,
      "From": null,
      "To": {
        "Map": 255,
        "X": 150,
        "Y": 188
      }
    },
    {
      "Type": 1,
      "Index": 6,
      "From": null,
      "To": {
        "Map": 255,
        "X": 178,
        "Y": 173
      }
    },
    {
      "Type": 1,
      "Index": 7,
      "From": null,
      "To": {
        "Map": 255,
        "X": 187,
        "Y": 26
      }
    },
    {
      "Type": 1,
      "Index": 8,
      "From": null,
      "To": {
        "Map": 255,
        "X": 179,
        "Y": 62
      }
    }
  ],
  "DomainFixups": [],
  "DomainUpdates": [
    {
      "From": 11,
      "To": 0
    },
    {
      "From": 0,
      "To": 1
    },
    {
      "From": 11,
      "To": 2
    },
    {
      "From": 0,
      "To": 3
    },
    {
      "From": 0,
      "To": 4
    },
    {
      "From": 9,
      "To": 5
    },
    {
      "From": 9,
      "To": 6
    },
    {
      "From": 0,
      "To": 7
    },
    {
      "From": 11,
      "To": 8
    },
    {
      "From": 0,
      "To": 9
    },
    {
      "From": 0,
      "To": 10
    },
    {
      "From": 0,
      "To": 11
    },
    {
      "From": 42,
      "To": 12
    },
    {
      "From": 59,
      "To": 13
    },
    {
      "From": 59,
      "To": 14
    },
    {
      "From": 0,
      "To": 15
    },
    {
      "From": 54,
      "To": 16
    },
    {
      "From": 54,
      "To": 17
    },
    {
      "From": 0,
      "To": 18
    },
    {
      "From": 42,
      "To": 19
    },
    {
      "From": 42,
      "To": 20
    },
    {
      "From": 28,
      "To": 21
    },
    {
      "From": 28,
      "To": 22
    },
    {
      "From": 0,
      "To": 23
    },
    {
      "From": 54,
      "To": 24
    },
    {
      "From": 54,
      "To": 25
    },
    {
      "From": 40,
      "To": 26
    },
    {
      "From": 36,
      "To": 27
    },
    {
      "From": 1,
      "To": 28
    },
    {
      "From": 1,
      "To": 29
    },
    {
      "From": 1,
      "To": 30
    },
    {
      "From": 0,
      "To": 31
    },
    {
      "From": 0,
      "To": 32
    },
    {
      "From": 54,
      "To": 33
    },
    {
      "From": 29,
      "To": 34
    },
    {
      "From": 43,
      "To": 35
    },
    {
      "From": 35,
      "To": 36
    },
    {
      "From": 35,
      "To": 37
    },
    {
      "From": 12,
      "To": 38
    },
    {
      "From": 12,
      "To": 39
    },
    {
      "From": 0,
      "To": 40
    },
    {
      "From": 10,
      "To": 41
    },
    {
      "From": 0,
      "To": 42
    },
    {
      "From": 42,
      "To": 43
    },
    {
      "From": 54,
      "To": 44
    },
    {
      "From": 54,
      "To": 45
    },
    {
      "From": 52,
      "To": 46
    },
    {
      "From": 52,
      "To": 47
    },
    {
      "From": 0,
      "To": 48
    },
    {
      "From": 0,
      "To": 49
    },
    {
      "From": 0,
      "To": 50
    },
    {
      "From": 42,
      "To": 51
    },
    {
      "From": 42,
      "To": 52
    },
    {
      "From": 10,
      "To": 53
    },
    {
      "From": 54,
      "To": 54
    },
    {
      "From": 52,
      "To": 55
    },
    {
      "From": 11,
      "To": 56
    },
    {
      "From": 11,
      "To": 57
    },
    {
      "From": 0,
      "To": 58
    },
    {
      "From": 42,
      "To": 59
    },
    {
      "From": 42,
      "To": 60
    },
    {
      "From": 0,
      "To": 61
    },
    {
      "From": 52,
      "To": 62
    },
    {
      "From": 52,
      "To": 63
    }
  ],
  "OverworldCoordinates": {
    "Coneria": {
      "X": 110,
      "Y": 120
    },
    "ConeriaCastle1": {
      "X": 111,
      "Y": 119
    },
    "TempleOfFiends1": {
      "X": 197,
      "Y": 80
    },
    "Pravoka": {
      "X": 147,
      "Y": 144
    },
    "Gaia": {
      "X": 175,
      "Y": 148
    },
    "CastleOrdeals1": {
      "X": 193,
      "Y": 163
    },
    "TitansTunnelWest": {
      "X": 213,
      "Y": 161
    },
    "SardasCave": {
      "X": 210,
      "Y": 161
    },
    "EarthCave1": {
      "X": 150,
      "Y": 188
    },
    "MirageTower1": {
      "X": 179,
      "Y": 62
    },
    "Onrac": {
      "X": 187,
      "Y": 26
    },
    "TitansTunnelEast": {
      "X": 75,
      "Y": 122
    },
    "MatoyasCave": {
      "X": 79,
      "Y": 123
    },
    "DwarfCave": {
      "X": 154,
      "Y": 136
    },
    "Elfland": {
      "X": 233,
      "Y": 211
    },
    "ElflandCastle": {
      "X": 234,
      "Y": 210
    },
    "MarshCave1": {
      "X": 179,
      "Y": 41
    },
    "NorthwestCastle": {
      "X": 120,
      "Y": 134
    },
    "Melmond": {
      "X": 159,
      "Y": 72
    },
    "CrescentLake": {
      "X": 30,
      "Y": 102
    },
    "Lefein": {
      "X": 178,
      "Y": 113
    },
    "BahamutCave1": {
      "X": 17,
      "Y": 29
    },
    "Cardia1": {
      "X": 185,
      "Y": 217
    },
    "Cardia2": {
      "X": 105,
      "Y": 200
    },
    "Cardia4": {
      "X": 35,
      "Y": 189
    },
    "Cardia5": {
      "X": 68,
      "Y": 18
    },
    "Cardia6": {
      "X": 33,
      "Y": 233
    },
    "Waterfall": {
      "X": 153,
      "Y": 89
    },
    "IceCave1": {
      "X": 205,
      "Y": 185
    },
    "GurguVolcano1": {
      "X": 178,
      "Y": 173
    }
  }
}