﻿{
  "StartingLocation": {
    "X": 102,
    "Y": 131
  },
  "AirShipLocation": {
    "X": 173,
    "Y": 192
  },
  "BridgeLocation": {
    "X": 115,
    "Y": 112
  },
  "CanalLocation": {
    "X": 206,
    "Y": 214
  },
  "ShipLocations": [
    {
      "TeleporterIndex": 1,
      "X": 114,
      "Y": 119
    },
    {
      "TeleporterIndex": 9,
      "X": 114,
      "Y": 119
    },
    {
      "TeleporterIndex": 255,
      "X": 114,
      "Y": 119
    },
    {
      "TeleporterIndex": 13,
      "X": 114,
      "Y": 119
    },
    {
      "TeleporterIndex": 2,
      "X": 114,
      "Y": 119
    },
    {
      "TeleporterIndex": 24,
      "X": 168,
      "Y": 44
    },
    {
      "TeleporterIndex": 3,
      "X": 219,
      "Y": 178
    },
    {
      "TeleporterIndex": 10,
      "X": 219,
      "Y": 178
    },
    {
      "TeleporterIndex": 23,
      "X": 85,
      "Y": 153
    },
    {
      "TeleporterIndex": 11,
      "X": 39,
      "Y": 54
    },
    {
      "TeleporterIndex": 4,
      "X": 160,
      "Y": 137
    },
    {
      "TeleporterIndex": 5,
      "X": 41,
      "Y": 232
    },
    {
      "TeleporterIndex": 8,
      "X": 114,
      "Y": 119
    }
  ],
  "TeleporterFixups": [
    {
      "Type": 1,
      "Index": 0,
      "From": null,
      "To": {
        "Map": 255,
        "X": 211,
        "Y": 46
      }
    },
    {
      "Type": 1,
      "Index": 1,
      "From": null,
      "To": {
        "Map": 255,
        "X": 161,
        "Y": 24
      }
    },
    {
      "Type": 1,
      "Index": 2,
      "From": null,
      "To": {
        "Map": 255,
        "X": 137,
        "Y": 155
      }
    },
    {
      "Type": 1,
      "Index": 3,
      "From": null,
      "To": {
        "Map": 255,
        "X": 126,
        "Y": 132
      }
    },
    {
      "Type": 1,
      "Index": 4,
      "From": null,
      "To": {
        "Map": 255,
        "X": 102,
        "Y": 129
      }
    },
    {
      "Type": 1,
      "Index": 5,
      "From": null,
      "To": {
        "Map": 255,
        "X": 107,
        "Y": 226
      }
    },
    {
      "Type": 1,
      "Index": 6,
      "From": null,
      "To": {
        "Map": 255,
        "X": 123,
        "Y": 187
      }
    },
    {
      "Type": 1,
      "Index": 7,
      "From": null,
      "To": {
        "Map": 255,
        "X": 228,
        "Y": 219
      }
    },
    {
      "Type": 1,
      "Index": 8,
      "From": null,
      "To": {
        "Map": 255,
        "X": 189,
        "Y": 31
      }
    }
  ],
  "DomainFixups": [],
  "DomainUpdates": [
    {
      "From": 43,
      "To": 0
    },
    {
      "From": 43,
      "To": 1
    },
    {
      "From": 0,
      "To": 2
    },
    {
      "From": 0,
      "To": 3
    },
    {
      "From": 40,
      "To": 4
    },
    {
      "From": 14,
      "To": 5
    },
    {
      "From": 40,
      "To": 6
    },
    {
      "From": 40,
      "To": 7
    },
    {
      "From": 43,
      "To": 8
    },
    {
      "From": 43,
      "To": 9
    },
    {
      "From": 11,
      "To": 10
    },
    {
      "From": 28,
      "To": 11
    },
    {
      "From": 40,
      "To": 12
    },
    {
      "From": 29,
      "To": 13
    },
    {
      "From": 40,
      "To": 14
    },
    {
      "From": 40,
      "To": 15
    },
    {
      "From": 0,
      "To": 16
    },
    {
      "From": 0,
      "To": 17
    },
    {
      "From": 28,
      "To": 18
    },
    {
      "From": 28,
      "To": 19
    },
    {
      "From": 28,
      "To": 20
    },
    {
      "From": 0,
      "To": 21
    },
    {
      "From": 0,
      "To": 22
    },
    {
      "From": 10,
      "To": 23
    },
    {
      "From": 6,
      "To": 24
    },
    {
      "From": 10,
      "To": 25
    },
    {
      "From": 11,
      "To": 26
    },
    {
      "From": 36,
      "To": 27
    },
    {
      "From": 28,
      "To": 28
    },
    {
      "From": 11,
      "To": 29
    },
    {
      "From": 0,
      "To": 30
    },
    {
      "From": 0,
      "To": 31
    },
    {
      "From": 6,
      "To": 32
    },
    {
      "From": 10,
      "To": 33
    },
    {
      "From": 36,
      "To": 34
    },
    {
      "From": 36,
      "To": 35
    },
    {
      "From": 54,
      "To": 36
    },
    {
      "From": 42,
      "To": 37
    },
    {
      "From": 52,
      "To": 38
    },
    {
      "From": 52,
      "To": 39
    },
    {
      "From": 54,
      "To": 40
    },
    {
      "From": 0,
      "To": 41
    },
    {
      "From": 36,
      "To": 42
    },
    {
      "From": 1,
      "To": 43
    },
    {
      "From": 54,
      "To": 44
    },
    {
      "From": 54,
      "To": 45
    },
    {
      "From": 52,
      "To": 46
    },
    {
      "From": 52,
      "To": 47
    },
    {
      "From": 54,
      "To": 48
    },
    {
      "From": 54,
      "To": 49
    },
    {
      "From": 42,
      "To": 50
    },
    {
      "From": 42,
      "To": 51
    },
    {
      "From": 54,
      "To": 52
    },
    {
      "From": 54,
      "To": 53
    },
    {
      "From": 54,
      "To": 54
    },
    {
      "From": 9,
      "To": 55
    },
    {
      "From": 54,
      "To": 56
    },
    {
      "From": 54,
      "To": 57
    },
    {
      "From": 42,
      "To": 58
    },
    {
      "From": 42,
      "To": 59
    },
    {
      "From": 42,
      "To": 60
    },
    {
      "From": 54,
      "To": 61
    },
    {
      "From": 54,
      "To": 62
    },
    {
      "From": 0,
      "To": 63
    }
  ],
  "OverworldCoordinates": {
    "Coneria": {
      "X": 101,
      "Y": 130
    },
    "ConeriaCastle1": {
      "X": 102,
      "Y": 129
    },
    "TempleOfFiends1": {
      "X": 153,
      "Y": 98
    },
    "Pravoka": {
      "X": 115,
      "Y": 115
    },
    "Gaia": {
      "X": 19,
      "Y": 124
    },
    "CastleOrdeals1": {
      "X": 126,
      "Y": 132
    },
    "TitansTunnelWest": {
      "X": 161,
      "Y": 24
    },
    "SardasCave": {
      "X": 164,
      "Y": 24
    },
    "EarthCave1": {
      "X": 107,
      "Y": 226
    },
    "MirageTower1": {
      "X": 189,
      "Y": 31
    },
    "Onrac": {
      "X": 228,
      "Y": 219
    },
    "TitansTunnelEast": {
      "X": 211,
      "Y": 46
    },
    "MatoyasCave": {
      "X": 191,
      "Y": 39
    },
    "DwarfCave": {
      "X": 199,
      "Y": 38
    },
    "Elfland": {
      "X": 222,
      "Y": 160
    },
    "ElflandCastle": {
      "X": 223,
      "Y": 159
    },
    "MarshCave1": {
      "X": 109,
      "Y": 145
    },
    "NorthwestCastle": {
      "X": 19,
      "Y": 35
    },
    "Melmond": {
      "X": 162,
      "Y": 167
    },
    "CrescentLake": {
      "X": 22,
      "Y": 217
    },
    "Lefein": {
      "X": 118,
      "Y": 95
    },
    "BahamutCave1": {
      "X": 158,
      "Y": 114
    },
    "Cardia1": {
      "X": 233,
      "Y": 139
    },
    "Cardia2": {
      "X": 241,
      "Y": 76
    },
    "Cardia4": {
      "X": 46,
      "Y": 122
    },
    "Cardia5": {
      "X": 81,
      "Y": 128
    },
    "Cardia6": {
      "X": 57,
      "Y": 53
    },
    "Waterfall": {
      "X": 112,
      "Y": 167
    },
    "IceCave1": {
      "X": 137,
      "Y": 155
    },
    "GurguVolcano1": {
      "X": 123,
      "Y": 187
    }
  }
}