﻿{
  "StartingLocation": {
    "X": 30,
    "Y": 131
  },
  "AirShipLocation": {
    "X": 62,
    "Y": 113
  },
  "BridgeLocation": {
    "X": 19,
    "Y": 139
  },
  "CanalLocation": {
    "X": 233,
    "Y": 51
  },
  "ShipLocations": [
    {
      "TeleporterIndex": 1,
      "X": 18,
      "Y": 146
    },
    {
      "TeleporterIndex": 9,
      "X": 18,
      "Y": 146
    },
    {
      "TeleporterIndex": 255,
      "X": 18,
      "Y": 146
    },
    {
      "TeleporterIndex": 13,
      "X": 18,
      "Y": 146
    },
    {
      "TeleporterIndex": 2,
      "X": 18,
      "Y": 146
    },
    {
      "TeleporterIndex": 3,
      "X": 83,
      "Y": 33
    },
    {
      "TeleporterIndex": 10,
      "X": 83,
      "Y": 33
    },
    {
      "TeleporterIndex": 23,
      "X": 18,
      "Y": 146
    },
    {
      "TeleporterIndex": 11,
      "X": 88,
      "Y": 146
    },
    {
      "TeleporterIndex": 4,
      "X": 73,
      "Y": 183
    },
    {
      "TeleporterIndex": 5,
      "X": 196,
      "Y": 67
    }
  ],
  "TeleporterFixups": [
    {
      "Type": 1,
      "Index": 0,
      "From": null,
      "To": {
        "Map": 255,
        "X": 46,
        "Y": 83
      }
    },
    {
      "Type": 1,
      "Index": 1,
      "From": null,
      "To": {
        "Map": 255,
        "X": 217,
        "Y": 78
      }
    },
    {
      "Type": 1,
      "Index": 2,
      "From": null,
      "To": {
        "Map": 255,
        "X": 61,
        "Y": 43
      }
    },
    {
      "Type": 1,
      "Index": 3,
      "From": null,
      "To": {
        "Map": 255,
        "X": 110,
        "Y": 89
      }
    },
    {
      "Type": 1,
      "Index": 4,
      "From": null,
      "To": {
        "Map": 255,
        "X": 30,
        "Y": 129
      }
    },
    {
      "Type": 1,
      "Index": 5,
      "From": null,
      "To": {
        "Map": 255,
        "X": 225,
        "Y": 90
      }
    },
    {
      "Type": 1,
      "Index": 6,
      "From": null,
      "To": {
        "Map": 255,
        "X": 78,
        "Y": 46
      }
    },
    {
      "Type": 1,
      "Index": 7,
      "From": null,
      "To": {
        "Map": 255,
        "X": 118,
        "Y": 18
      }
    },
    {
      "Type": 1,
      "Index": 8,
      "From": null,
      "To": {
        "Map": 255,
        "X": 75,
        "Y": 93
      }
    }
  ],
  "DomainFixups": [],
  "DomainUpdates": [
    {
      "From": 11,
      "To": 0
    },
    {
      "From": 52,
      "To": 1
    },
    {
      "From": 52,
      "To": 2
    },
    {
      "From": 9,
      "To": 3
    },
    {
      "From": 0,
      "To": 4
    },
    {
      "From": 11,
      "To": 5
    },
    {
      "From": 0,
      "To": 6
    },
    {
      "From": 10,
      "To": 7
    },
    {
      "From": 1,
      "To": 8
    },
    {
      "From": 1,
      "To": 9
    },
    {
      "From": 54,
      "To": 10
    },
    {
      "From": 0,
      "To": 11
    },
    {
      "From": 0,
      "To": 12
    },
    {
      "From": 54,
      "To": 13
    },
    {
      "From": 40,
      "To": 14
    },
    {
      "From": 40,
      "To": 15
    },
    {
      "From": 40,
      "To": 16
    },
    {
      "From": 40,
      "To": 17
    },
    {
      "From": 14,
      "To": 18
    },
    {
      "From": 12,
      "To": 19
    },
    {
      "From": 6,
      "To": 20
    },
    {
      "From": 54,
      "To": 21
    },
    {
      "From": 40,
      "To": 22
    },
    {
      "From": 42,
      "To": 23
    },
    {
      "From": 59,
      "To": 24
    },
    {
      "From": 59,
      "To": 25
    },
    {
      "From": 14,
      "To": 26
    },
    {
      "From": 12,
      "To": 27
    },
    {
      "From": 0,
      "To": 28
    },
    {
      "From": 0,
      "To": 29
    },
    {
      "From": 42,
      "To": 30
    },
    {
      "From": 42,
      "To": 31
    },
    {
      "From": 36,
      "To": 32
    },
    {
      "From": 43,
      "To": 33
    },
    {
      "From": 43,
      "To": 34
    },
    {
      "From": 43,
      "To": 35
    },
    {
      "From": 0,
      "To": 36
    },
    {
      "From": 10,
      "To": 37
    },
    {
      "From": 0,
      "To": 38
    },
    {
      "From": 10,
      "To": 39
    },
    {
      "From": 42,
      "To": 40
    },
    {
      "From": 42,
      "To": 41
    },
    {
      "From": 43,
      "To": 42
    },
    {
      "From": 43,
      "To": 43
    },
    {
      "From": 0,
      "To": 44
    },
    {
      "From": 0,
      "To": 45
    },
    {
      "From": 0,
      "To": 46
    },
    {
      "From": 11,
      "To": 47
    },
    {
      "From": 29,
      "To": 48
    },
    {
      "From": 29,
      "To": 49
    },
    {
      "From": 0,
      "To": 50
    },
    {
      "From": 0,
      "To": 51
    },
    {
      "From": 0,
      "To": 52
    },
    {
      "From": 0,
      "To": 53
    },
    {
      "From": 0,
      "To": 54
    },
    {
      "From": 0,
      "To": 55
    },
    {
      "From": 29,
      "To": 56
    },
    {
      "From": 29,
      "To": 57
    },
    {
      "From": 0,
      "To": 58
    },
    {
      "From": 0,
      "To": 59
    },
    {
      "From": 0,
      "To": 60
    },
    {
      "From": 0,
      "To": 61
    },
    {
      "From": 0,
      "To": 62
    },
    {
      "From": 0,
      "To": 63
    }
  ],
  "OverworldCoordinates": {
    "Coneria": {
      "X": 29,
      "Y": 130
    },
    "ConeriaCastle1": {
      "X": 30,
      "Y": 129
    },
    "TempleOfFiends1": {
      "X": 43,
      "Y": 154
    },
    "Pravoka": {
      "X": 19,
      "Y": 142
    },
    "Gaia": {
      "X": 160,
      "Y": 84
    },
    "CastleOrdeals1": {
      "X": 110,
      "Y": 89
    },
    "TitansTunnelWest": {
      "X": 217,
      "Y": 78
    },
    "SardasCave": {
      "X": 217,
      "Y": 65
    },
    "EarthCave1": {
      "X": 225,
      "Y": 90
    },
    "MirageTower1": {
      "X": 75,
      "Y": 93
    },
    "Onrac": {
      "X": 118,
      "Y": 18
    },
    "TitansTunnelEast": {
      "X": 46,
      "Y": 83
    },
    "MatoyasCave": {
      "X": 20,
      "Y": 207
    },
    "DwarfCave": {
      "X": 49,
      "Y": 83
    },
    "Elfland": {
      "X": 57,
      "Y": 24
    },
    "ElflandCastle": {
      "X": 58,
      "Y": 23
    },
    "MarshCave1": {
      "X": 36,
      "Y": 111
    },
    "NorthwestCastle": {
      "X": 65,
      "Y": 142
    },
    "Melmond": {
      "X": 39,
      "Y": 181
    },
    "CrescentLake": {
      "X": 177,
      "Y": 65
    },
    "Lefein": {
      "X": 205,
      "Y": 50
    },
    "BahamutCave1": {
      "X": 237,
      "Y": 166
    },
    "Cardia1": {
      "X": 233,
      "Y": 148
    },
    "Cardia2": {
      "X": 170,
      "Y": 155
    },
    "Cardia4": {
      "X": 232,
      "Y": 17
    },
    "Cardia5": {
      "X": 12,
      "Y": 22
    },
    "Cardia6": {
      "X": 180,
      "Y": 11
    },
    "Waterfall": {
      "X": 52,
      "Y": 62
    },
    "IceCave1": {
      "X": 61,
      "Y": 43
    },
    "GurguVolcano1": {
      "X": 78,
      "Y": 46
    }
  }
}