﻿{
  "StartingLocation": {
    "X": 27,
    "Y": 219
  },
  "AirShipLocation": {
    "X": 231,
    "Y": 105
  },
  "BridgeLocation": {
    "X": 40,
    "Y": 206
  },
  "CanalLocation": {
    "X": 23,
    "Y": 114
  },
  "ShipLocations": [
    {
      "TeleporterIndex": 1,
      "X": 39,
      "Y": 213
    },
    {
      "TeleporterIndex": 9,
      "X": 39,
      "Y": 213
    },
    {
      "TeleporterIndex": 255,
      "X": 39,
      "Y": 213
    },
    {
      "TeleporterIndex": 13,
      "X": 39,
      "Y": 213
    },
    {
      "TeleporterIndex": 2,
      "X": 39,
      "Y": 213
    },
    {
      "TeleporterIndex": 3,
      "X": 189,
      "Y": 140
    },
    {
      "TeleporterIndex": 10,
      "X": 189,
      "Y": 140
    },
    {
      "TeleporterIndex": 23,
      "X": 52,
      "Y": 190
    },
    {
      "TeleporterIndex": 11,
      "X": 84,
      "Y": 104
    },
    {
      "TeleporterIndex": 4,
      "X": 189,
      "Y": 140
    },
    {
      "TeleporterIndex": 5,
      "X": 181,
      "Y": 84
    },
    {
      "TeleporterIndex": 8,
      "X": 52,
      "Y": 190
    }
  ],
  "TeleporterFixups": [
    {
      "Type": 1,
      "Index": 0,
      "From": null,
      "To": {
        "Map": 255,
        "X": 115,
        "Y": 59
      }
    },
    {
      "Type": 1,
      "Index": 1,
      "From": null,
      "To": {
        "Map": 255,
        "X": 25,
        "Y": 99
      }
    },
    {
      "Type": 1,
      "Index": 2,
      "From": null,
      "To": {
        "Map": 255,
        "X": 121,
        "Y": 37
      }
    },
    {
      "Type": 1,
      "Index": 3,
      "From": null,
      "To": {
        "Map": 255,
        "X": 109,
        "Y": 27
      }
    },
    {
      "Type": 1,
      "Index": 4,
      "From": null,
      "To": {
        "Map": 255,
        "X": 27,
        "Y": 217
      }
    },
    {
      "Type": 1,
      "Index": 5,
      "From": null,
      "To": {
        "Map": 255,
        "X": 26,
        "Y": 123
      }
    },
    {
      "Type": 1,
      "Index": 6,
      "From": null,
      "To": {
        "Map": 255,
        "X": 143,
        "Y": 39
      }
    },
    {
      "Type": 1,
      "Index": 7,
      "From": null,
      "To": {
        "Map": 255,
        "X": 112,
        "Y": 231
      }
    },
    {
      "Type": 1,
      "Index": 8,
      "From": null,
      "To": {
        "Map": 255,
        "X": 230,
        "Y": 128
      }
    }
  ],
  "DomainFixups": [],
  "DomainUpdates": [
    {
      "From": 0,
      "To": 0
    },
    {
      "From": 10,
      "To": 1
    },
    {
      "From": 0,
      "To": 2
    },
    {
      "From": 12,
      "To": 3
    },
    {
      "From": 1,
      "To": 4
    },
    {
      "From": 0,
      "To": 5
    },
    {
      "From": 0,
      "To": 6
    },
    {
      "From": 0,
      "To": 7
    },
    {
      "From": 0,
      "To": 8
    },
    {
      "From": 10,
      "To": 9
    },
    {
      "From": 10,
      "To": 10
    },
    {
      "From": 12,
      "To": 11
    },
    {
      "From": 54,
      "To": 12
    },
    {
      "From": 54,
      "To": 13
    },
    {
      "From": 0,
      "To": 14
    },
    {
      "From": 0,
      "To": 15
    },
    {
      "From": 11,
      "To": 16
    },
    {
      "From": 11,
      "To": 17
    },
    {
      "From": 43,
      "To": 18
    },
    {
      "From": 40,
      "To": 19
    },
    {
      "From": 54,
      "To": 20
    },
    {
      "From": 54,
      "To": 21
    },
    {
      "From": 54,
      "To": 22
    },
    {
      "From": 54,
      "To": 23
    },
    {
      "From": 42,
      "To": 24
    },
    {
      "From": 10,
      "To": 25
    },
    {
      "From": 10,
      "To": 26
    },
    {
      "From": 43,
      "To": 27
    },
    {
      "From": 35,
      "To": 28
    },
    {
      "From": 35,
      "To": 29
    },
    {
      "From": 11,
      "To": 30
    },
    {
      "From": 14,
      "To": 31
    },
    {
      "From": 42,
      "To": 32
    },
    {
      "From": 42,
      "To": 33
    },
    {
      "From": 59,
      "To": 34
    },
    {
      "From": 0,
      "To": 35
    },
    {
      "From": 0,
      "To": 36
    },
    {
      "From": 52,
      "To": 37
    },
    {
      "From": 42,
      "To": 38
    },
    {
      "From": 14,
      "To": 39
    },
    {
      "From": 36,
      "To": 40
    },
    {
      "From": 59,
      "To": 41
    },
    {
      "From": 59,
      "To": 42
    },
    {
      "From": 6,
      "To": 43
    },
    {
      "From": 29,
      "To": 44
    },
    {
      "From": 52,
      "To": 45
    },
    {
      "From": 52,
      "To": 46
    },
    {
      "From": 0,
      "To": 47
    },
    {
      "From": 36,
      "To": 48
    },
    {
      "From": 36,
      "To": 49
    },
    {
      "From": 6,
      "To": 50
    },
    {
      "From": 29,
      "To": 51
    },
    {
      "From": 29,
      "To": 52
    },
    {
      "From": 0,
      "To": 53
    },
    {
      "From": 0,
      "To": 54
    },
    {
      "From": 0,
      "To": 55
    },
    {
      "From": 36,
      "To": 56
    },
    {
      "From": 28,
      "To": 57
    },
    {
      "From": 0,
      "To": 58
    },
    {
      "From": 9,
      "To": 59
    },
    {
      "From": 29,
      "To": 60
    },
    {
      "From": 0,
      "To": 61
    },
    {
      "From": 0,
      "To": 62
    },
    {
      "From": 10,
      "To": 63
    }
  ],
  "OverworldCoordinates": {
    "Coneria": {
      "X": 26,
      "Y": 218
    },
    "ConeriaCastle1": {
      "X": 27,
      "Y": 217
    },
    "TempleOfFiends1": {
      "X": 47,
      "Y": 229
    },
    "Pravoka": {
      "X": 40,
      "Y": 209
    },
    "Gaia": {
      "X": 102,
      "Y": 184
    },
    "CastleOrdeals1": {
      "X": 109,
      "Y": 27
    },
    "TitansTunnelWest": {
      "X": 25,
      "Y": 99
    },
    "SardasCave": {
      "X": 27,
      "Y": 99
    },
    "EarthCave1": {
      "X": 26,
      "Y": 123
    },
    "MirageTower1": {
      "X": 230,
      "Y": 128
    },
    "Onrac": {
      "X": 112,
      "Y": 231
    },
    "TitansTunnelEast": {
      "X": 115,
      "Y": 59
    },
    "MatoyasCave": {
      "X": 127,
      "Y": 218
    },
    "DwarfCave": {
      "X": 182,
      "Y": 101
    },
    "Elfland": {
      "X": 198,
      "Y": 158
    },
    "ElflandCastle": {
      "X": 199,
      "Y": 157
    },
    "MarshCave1": {
      "X": 80,
      "Y": 157
    },
    "NorthwestCastle": {
      "X": 88,
      "Y": 74
    },
    "Melmond": {
      "X": 210,
      "Y": 143
    },
    "CrescentLake": {
      "X": 197,
      "Y": 83
    },
    "Lefein": {
      "X": 61,
      "Y": 171
    },
    "BahamutCave1": {
      "X": 127,
      "Y": 177
    },
    "Cardia1": {
      "X": 61,
      "Y": 33
    },
    "Cardia2": {
      "X": 230,
      "Y": 227
    },
    "Cardia4": {
      "X": 61,
      "Y": 101
    },
    "Cardia5": {
      "X": 44,
      "Y": 93
    },
    "Cardia6": {
      "X": 214,
      "Y": 114
    },
    "Waterfall": {
      "X": 130,
      "Y": 22
    },
    "IceCave1": {
      "X": 121,
      "Y": 37
    },
    "GurguVolcano1": {
      "X": 143,
      "Y": 39
    }
  }
}