﻿{
  "StartingLocation": {
    "X": 187,
    "Y": 29
  },
  "AirShipLocation": {
    "X": 198,
    "Y": 64
  },
  "BridgeLocation": {
    "X": 215,
    "Y": 86
  },
  "CanalLocation": {
    "X": 156,
    "Y": 202
  },
  "ShipLocations": [
    {
      "TeleporterIndex": 1,
      "X": 202,
      "Y": 15
    },
    {
      "TeleporterIndex": 9,
      "X": 202,
      "Y": 15
    },
    {
      "TeleporterIndex": 255,
      "X": 202,
      "Y": 15
    },
    {
      "TeleporterIndex": 13,
      "X": 129,
      "Y": 98
    },
    {
      "TeleporterIndex": 2,
      "X": 214,
      "Y": 93
    },
    {
      "TeleporterIndex": 7,
      "X": 202,
      "Y": 15
    },
    {
      "TeleporterIndex": 3,
      "X": 139,
      "Y": 137
    },
    {
      "TeleporterIndex": 10,
      "X": 139,
      "Y": 137
    },
    {
      "TeleporterIndex": 23,
      "X": 206,
      "Y": 109
    },
    {
      "TeleporterIndex": 11,
      "X": 133,
      "Y": 78
    },
    {
      "TeleporterIndex": 4,
      "X": 139,
      "Y": 137
    },
    {
      "TeleporterIndex": 5,
      "X": 231,
      "Y": 31
    },
    {
      "TeleporterIndex": 8,
      "X": 133,
      "Y": 78
    },
    {
      "TeleporterIndex": 29,
      "X": 133,
      "Y": 78
    }
  ],
  "TeleporterFixups": [
    {
      "Type": 1,
      "Index": 0,
      "From": null,
      "To": {
        "Map": 255,
        "X": 188,
        "Y": 38
      }
    },
    {
      "Type": 1,
      "Index": 1,
      "From": null,
      "To": {
        "Map": 255,
        "X": 183,
        "Y": 131
      }
    },
    {
      "Type": 1,
      "Index": 2,
      "From": null,
      "To": {
        "Map": 255,
        "X": 157,
        "Y": 66
      }
    },
    {
      "Type": 1,
      "Index": 3,
      "From": null,
      "To": {
        "Map": 255,
        "X": 105,
        "Y": 193
      }
    },
    {
      "Type": 1,
      "Index": 4,
      "From": null,
      "To": {
        "Map": 255,
        "X": 187,
        "Y": 27
      }
    },
    {
      "Type": 1,
      "Index": 5,
      "From": null,
      "To": {
        "Map": 255,
        "X": 132,
        "Y": 189
      }
    },
    {
      "Type": 1,
      "Index": 6,
      "From": null,
      "To": {
        "Map": 255,
        "X": 177,
        "Y": 55
      }
    },
    {
      "Type": 1,
      "Index": 7,
      "From": null,
      "To": {
        "Map": 255,
        "X": 211,
        "Y": 30
      }
    },
    {
      "Type": 1,
      "Index": 8,
      "From": null,
      "To": {
        "Map": 255,
        "X": 97,
        "Y": 176
      }
    }
  ],
  "DomainFixups": [],
  "DomainUpdates": [
    {
      "From": 0,
      "To": 0
    },
    {
      "From": 0,
      "To": 1
    },
    {
      "From": 0,
      "To": 2
    },
    {
      "From": 11,
      "To": 3
    },
    {
      "From": 11,
      "To": 4
    },
    {
      "From": 36,
      "To": 5
    },
    {
      "From": 9,
      "To": 6
    },
    {
      "From": 54,
      "To": 7
    },
    {
      "From": 0,
      "To": 8
    },
    {
      "From": 0,
      "To": 9
    },
    {
      "From": 11,
      "To": 10
    },
    {
      "From": 43,
      "To": 11
    },
    {
      "From": 43,
      "To": 12
    },
    {
      "From": 40,
      "To": 13
    },
    {
      "From": 9,
      "To": 14
    },
    {
      "From": 54,
      "To": 15
    },
    {
      "From": 0,
      "To": 16
    },
    {
      "From": 0,
      "To": 17
    },
    {
      "From": 11,
      "To": 18
    },
    {
      "From": 28,
      "To": 19
    },
    {
      "From": 28,
      "To": 20
    },
    {
      "From": 54,
      "To": 21
    },
    {
      "From": 35,
      "To": 22
    },
    {
      "From": 35,
      "To": 23
    },
    {
      "From": 0,
      "To": 24
    },
    {
      "From": 0,
      "To": 25
    },
    {
      "From": 0,
      "To": 26
    },
    {
      "From": 28,
      "To": 27
    },
    {
      "From": 28,
      "To": 28
    },
    {
      "From": 28,
      "To": 29
    },
    {
      "From": 35,
      "To": 30
    },
    {
      "From": 0,
      "To": 31
    },
    {
      "From": 0,
      "To": 32
    },
    {
      "From": 0,
      "To": 33
    },
    {
      "From": 0,
      "To": 34
    },
    {
      "From": 0,
      "To": 35
    },
    {
      "From": 42,
      "To": 36
    },
    {
      "From": 59,
      "To": 37
    },
    {
      "From": 59,
      "To": 38
    },
    {
      "From": 0,
      "To": 39
    },
    {
      "From": 0,
      "To": 40
    },
    {
      "From": 0,
      "To": 41
    },
    {
      "From": 6,
      "To": 42
    },
    {
      "From": 14,
      "To": 43
    },
    {
      "From": 42,
      "To": 44
    },
    {
      "From": 29,
      "To": 45
    },
    {
      "From": 11,
      "To": 46
    },
    {
      "From": 11,
      "To": 47
    },
    {
      "From": 0,
      "To": 48
    },
    {
      "From": 0,
      "To": 49
    },
    {
      "From": 0,
      "To": 50
    },
    {
      "From": 12,
      "To": 51
    },
    {
      "From": 42,
      "To": 52
    },
    {
      "From": 0,
      "To": 53
    },
    {
      "From": 11,
      "To": 54
    },
    {
      "From": 11,
      "To": 55
    },
    {
      "From": 0,
      "To": 56
    },
    {
      "From": 0,
      "To": 57
    },
    {
      "From": 0,
      "To": 58
    },
    {
      "From": 10,
      "To": 59
    },
    {
      "From": 10,
      "To": 60
    },
    {
      "From": 0,
      "To": 61
    },
    {
      "From": 0,
      "To": 62
    },
    {
      "From": 0,
      "To": 63
    }
  ],
  "OverworldCoordinates": {
    "Coneria": {
      "X": 186,
      "Y": 28
    },
    "ConeriaCastle1": {
      "X": 187,
      "Y": 27
    },
    "TempleOfFiends1": {
      "X": 157,
      "Y": 105
    },
    "Pravoka": {
      "X": 215,
      "Y": 89
    },
    "Gaia": {
      "X": 82,
      "Y": 177
    },
    "CastleOrdeals1": {
      "X": 105,
      "Y": 193
    },
    "TitansTunnelWest": {
      "X": 183,
      "Y": 131
    },
    "SardasCave": {
      "X": 179,
      "Y": 129
    },
    "EarthCave1": {
      "X": 132,
      "Y": 189
    },
    "MirageTower1": {
      "X": 97,
      "Y": 176
    },
    "Onrac": {
      "X": 211,
      "Y": 30
    },
    "TitansTunnelEast": {
      "X": 188,
      "Y": 38
    },
    "MatoyasCave": {
      "X": 161,
      "Y": 158
    },
    "DwarfCave": {
      "X": 201,
      "Y": 98
    },
    "Elfland": {
      "X": 148,
      "Y": 173
    },
    "ElflandCastle": {
      "X": 149,
      "Y": 172
    },
    "MarshCave1": {
      "X": 186,
      "Y": 149
    },
    "NorthwestCastle": {
      "X": 130,
      "Y": 48
    },
    "Melmond": {
      "X": 164,
      "Y": 141
    },
    "CrescentLake": {
      "X": 236,
      "Y": 18
    },
    "Lefein": {
      "X": 148,
      "Y": 43
    },
    "BahamutCave1": {
      "X": 91,
      "Y": 67
    },
    "Cardia1": {
      "X": 153,
      "Y": 233
    },
    "Cardia2": {
      "X": 104,
      "Y": 20
    },
    "Cardia4": {
      "X": 119,
      "Y": 238
    },
    "Cardia5": {
      "X": 226,
      "Y": 192
    },
    "Cardia6": {
      "X": 133,
      "Y": 27
    },
    "Waterfall": {
      "X": 112,
      "Y": 189
    },
    "IceCave1": {
      "X": 157,
      "Y": 66
    },
    "GurguVolcano1": {
      "X": 177,
      "Y": 55
    }
  }
}